[2026-03-18 12:40:04] [FLEET] [aria] cecilia: UP temp=40C mem=1550MB disk=34%
[2026-03-18 12:40:05] [FLEET] [aria] gematria: UP temp=C mem=5575MB disk=69%
[2026-03-18 12:40:06] [FLEET] [aria] lucidia: PING OK but SSH failed
[2026-03-18 12:40:08] [FLEET] [aria] anastasia: DOWN (no ping response)
[2026-03-18 12:41:01] [BEAT] [aria] load=0.04 mem=6876/8059MB temp=50.7C disk=82%
[2026-03-18 12:42:01] [BEAT] [aria] load=0.01 mem=6871/8059MB temp=51.8C disk=82%
[2026-03-18 12:43:01] [BEAT] [aria] load=0.00 mem=6875/8059MB temp=50.1C disk=82%
[2026-03-18 12:44:01] [BEAT] [aria] load=0.13 mem=6872/8059MB temp=51.8C disk=82%
[2026-03-18 12:45:01] [BEAT] [aria] load=0.16 mem=6841/8059MB temp=51.2C disk=82%
[2026-03-18 12:45:46] [DIAL] [aria] Switchboard unreachable
[2026-03-18 12:46:01] [BEAT] [aria] load=0.06 mem=6870/8059MB temp=50.7C disk=82%
[2026-03-18 12:47:01] [BEAT] [aria] load=0.02 mem=6869/8059MB temp=50.1C disk=82%
[2026-03-18 12:48:01] [BEAT] [aria] load=0.00 mem=6873/8059MB temp=49.6C disk=82%
[2026-03-18 12:49:01] [BEAT] [aria] load=0.04 mem=6870/8059MB temp=50.1C disk=82%
[2026-03-18 12:50:01] [FLEET] [aria] Starting cross-node health check
[2026-03-18 12:50:01] [BEAT] [aria] load=0.66 mem=6903/8059MB temp=51.2C disk=82%
[2026-03-18 12:50:01] [FLEET] [aria] alice: UP temp=33C mem=3140MB disk=85%
[2026-03-18 12:50:03] [FLEET] [aria] octavia: DOWN (no ping response)
[2026-03-18 12:50:04] [FLEET] [aria] cecilia: UP temp=49C mem=1467MB disk=34%
[2026-03-18 12:50:06] [FLEET] [aria] gematria: UP temp=C mem=5545MB disk=69%
[2026-03-18 12:50:07] [FLEET] [aria] lucidia: PING OK but SSH failed
[2026-03-18 12:50:09] [FLEET] [aria] anastasia: DOWN (no ping response)
[2026-03-18 12:51:01] [BEAT] [aria] load=0.71 mem=6938/8059MB temp=50.7C disk=82%
[2026-03-18 12:52:01] [BEAT] [aria] load=0.26 mem=6934/8059MB temp=50.1C disk=82%
[2026-03-18 12:53:01] [BEAT] [aria] load=0.09 mem=6929/8059MB temp=49.0C disk=82%
[2026-03-18 12:54:01] [BEAT] [aria] load=0.10 mem=6926/8059MB temp=50.1C disk=82%
[2026-03-18 12:55:01] [BEAT] [aria] load=0.03 mem=6899/8059MB temp=49.0C disk=82%
[2026-03-18 12:56:01] [BEAT] [aria] load=0.06 mem=6925/8059MB temp=49.6C disk=82%
[2026-03-18 12:57:01] [BEAT] [aria] load=0.02 mem=6926/8059MB temp=49.0C disk=82%
[2026-03-18 12:58:01] [BEAT] [aria] load=0.01 mem=6928/8059MB temp=48.5C disk=82%
[2026-03-18 12:59:01] [BEAT] [aria] load=0.00 mem=6924/8059MB temp=48.0C disk=82%
[2026-03-18 13:00:01] [FLEET] [aria] Starting cross-node health check
[2026-03-18 13:00:01] [BEAT] [aria] load=0.03 mem=6885/8059MB temp=49.0C disk=82%
[2026-03-18 13:00:01] [FLEET] [aria] alice: UP temp=32C mem=3138MB disk=85%
[2026-03-18 13:00:03] [FLEET] [aria] octavia: DOWN (no ping response)
[2026-03-18 13:00:04] [FLEET] [aria] cecilia: UP temp=54C mem=1480MB disk=34%
[2026-03-18 13:00:05] [FLEET] [aria] gematria: UP temp=C mem=5562MB disk=69%
[2026-03-18 13:00:05] [FLEET] [aria] lucidia: PING OK but SSH failed
[2026-03-18 13:00:07] [FLEET] [aria] anastasia: DOWN (no ping response)
[2026-03-18 13:00:46] [DIAL] [aria] Switchboard unreachable
[2026-03-18 13:01:01] [BEAT] [aria] load=0.21 mem=6927/8059MB temp=48.0C disk=82%
[2026-03-18 13:02:01] [BEAT] [aria] load=0.08 mem=6929/8059MB temp=48.5C disk=82%
[2026-03-18 13:03:01] [BEAT] [aria] load=0.03 mem=6922/8059MB temp=49.0C disk=82%
[2026-03-18 13:04:01] [BEAT] [aria] load=0.16 mem=6925/8059MB temp=49.0C disk=82%
[2026-03-18 13:05:01] [BEAT] [aria] load=0.10 mem=6886/8059MB temp=49.6C disk=82%
[2026-03-18 13:06:01] [BEAT] [aria] load=0.04 mem=6928/8059MB temp=49.0C disk=82%
[2026-03-18 13:07:01] [BEAT] [aria] load=0.05 mem=6929/8059MB temp=49.0C disk=82%
[2026-03-18 13:08:01] [BEAT] [aria] load=0.02 mem=6931/8059MB temp=49.0C disk=82%
[2026-03-18 13:09:01] [BEAT] [aria] load=0.00 mem=6926/8059MB temp=50.1C disk=82%
[2026-03-18 13:10:01] [FLEET] [aria] Starting cross-node health check
[2026-03-18 13:10:01] [BEAT] [aria] load=0.20 mem=6897/8059MB temp=49.6C disk=82%
[2026-03-18 13:10:02] [FLEET] [aria] alice: UP temp=33C mem=3144MB disk=85%
[2026-03-18 13:10:04] [FLEET] [aria] octavia: DOWN (no ping response)
[2026-03-18 13:10:05] [FLEET] [aria] cecilia: UP temp=40C mem=1570MB disk=34%
[2026-03-18 13:10:06] [FLEET] [aria] gematria: UP temp=C mem=5550MB disk=69%
[2026-03-18 13:10:06] [FLEET] [aria] lucidia: PING OK but SSH failed
[2026-03-18 13:10:09] [FLEET] [aria] anastasia: DOWN (no ping response)
[2026-03-18 13:11:02] [BEAT] [aria] load=0.79 mem=6927/8059MB temp=49.6C disk=82%
[2026-03-18 13:12:01] [BEAT] [aria] load=0.70 mem=6927/8059MB temp=51.2C disk=82%
[2026-03-18 13:13:01] [BEAT] [aria] load=0.25 mem=6924/8059MB temp=49.6C disk=82%
[2026-03-18 13:14:01] [BEAT] [aria] load=0.17 mem=6928/8059MB temp=50.1C disk=82%
[2026-03-18 13:15:01] [BEAT] [aria] load=0.19 mem=6895/8059MB temp=50.1C disk=82%
[2026-03-18 13:15:46] [DIAL] [aria] Switchboard unreachable
[2026-03-18 13:16:01] [BEAT] [aria] load=0.18 mem=6930/8059MB temp=49.6C disk=82%
[2026-03-18 13:17:01] [BEAT] [aria] load=0.07 mem=6928/8059MB temp=49.6C disk=82%
[2026-03-18 13:18:01] [BEAT] [aria] load=0.02 mem=6924/8059MB temp=51.8C disk=82%
[2026-03-18 13:19:01] [BEAT] [aria] load=0.20 mem=6923/8059MB temp=50.7C disk=82%
[2026-03-18 13:20:01] [FLEET] [aria] Starting cross-node health check
[2026-03-18 13:20:01] [BEAT] [aria] load=0.07 mem=6896/8059MB temp=50.7C disk=82%
[2026-03-18 13:20:02] [FLEET] [aria] alice: UP temp=34C mem=3137MB disk=85%
[2026-03-18 13:20:04] [FLEET] [aria] octavia: DOWN (no ping response)
[2026-03-18 13:20:04] [FLEET] [aria] cecilia: UP temp=37C mem=1510MB disk=34%
[2026-03-18 13:20:06] [FLEET] [aria] gematria: UP temp=C mem=5545MB disk=69%
[2026-03-18 13:20:06] [FLEET] [aria] lucidia: PING OK but SSH failed
[2026-03-18 13:20:08] [FLEET] [aria] anastasia: DOWN (no ping response)
[2026-03-18 13:21:01] [BEAT] [aria] load=0.11 mem=6929/8059MB temp=49.6C disk=82%
[2026-03-18 13:22:01] [BEAT] [aria] load=0.04 mem=6927/8059MB temp=49.0C disk=82%
[2026-03-18 13:23:01] [BEAT] [aria] load=0.05 mem=6926/8059MB temp=51.8C disk=82%
[2026-03-18 13:24:01] [BEAT] [aria] load=0.25 mem=6926/8059MB temp=50.1C disk=82%
[2026-03-18 13:25:01] [BEAT] [aria] load=0.09 mem=6901/8059MB temp=50.1C disk=82%
[2026-03-18 13:26:01] [BEAT] [aria] load=0.20 mem=6924/8059MB temp=50.1C disk=82%
[2026-03-18 13:27:01] [BEAT] [aria] load=0.07 mem=6928/8059MB temp=50.1C disk=82%
[2026-03-18 13:28:01] [BEAT] [aria] load=0.02 mem=6926/8059MB temp=49.6C disk=82%
[2026-03-18 13:29:01] [BEAT] [aria] load=0.01 mem=6920/8059MB temp=50.1C disk=82%
[2026-03-18 13:30:01] [FLEET] [aria] Starting cross-node health check
[2026-03-18 13:30:01] [BEAT] [aria] load=0.14 mem=6887/8059MB temp=50.7C disk=82%
[2026-03-18 13:30:02] [FLEET] [aria] alice: UP temp=35C mem=3136MB disk=85%
[2026-03-18 13:30:04] [FLEET] [aria] octavia: DOWN (no ping response)
[2026-03-18 13:30:04] [FLEET] [aria] cecilia: UP temp=37C mem=1571MB disk=34%
[2026-03-18 13:30:06] [FLEET] [aria] gematria: UP temp=C mem=5542MB disk=69%
[2026-03-18 13:30:06] [FLEET] [aria] lucidia: PING OK but SSH failed
[2026-03-18 13:30:08] [FLEET] [aria] anastasia: DOWN (no ping response)
[2026-03-18 13:30:46] [DIAL] [aria] Switchboard unreachable
[2026-03-18 13:31:01] [BEAT] [aria] load=0.44 mem=6925/8059MB temp=50.1C disk=82%
[2026-03-18 13:32:01] [BEAT] [aria] load=0.97 mem=6925/8059MB temp=50.1C disk=82%
[2026-03-18 13:33:01] [BEAT] [aria] load=0.56 mem=6924/8059MB temp=50.7C disk=82%
[2026-03-18 13:34:01] [BEAT] [aria] load=0.28 mem=6911/8059MB temp=51.2C disk=82%
[2026-03-18 13:35:01] [BEAT] [aria] load=0.16 mem=6897/8059MB temp=50.7C disk=82%
[2026-03-18 13:36:01] [BEAT] [aria] load=0.14 mem=6927/8059MB temp=51.2C disk=82%
[2026-03-18 13:37:01] [BEAT] [aria] load=0.25 mem=6923/8059MB temp=51.2C disk=82%
[2026-03-18 13:38:01] [BEAT] [aria] load=0.09 mem=6923/8059MB temp=50.1C disk=82%
[2026-03-18 13:39:01] [BEAT] [aria] load=0.19 mem=6916/8059MB temp=51.2C disk=82%
[2026-03-18 13:40:01] [FLEET] [aria] Starting cross-node health check
[2026-03-18 13:40:02] [BEAT] [aria] load=0.20 mem=6896/8059MB temp=50.1C disk=82%
[2026-03-18 13:40:02] [FLEET] [aria] alice: UP temp=35C mem=3142MB disk=85%
[2026-03-18 13:40:04] [FLEET] [aria] octavia: DOWN (no ping response)
[2026-03-18 13:40:04] [FLEET] [aria] cecilia: UP temp=37C mem=1579MB disk=34%
[2026-03-18 13:40:06] [FLEET] [aria] gematria: UP temp=C mem=5540MB disk=69%
[2026-03-18 13:40:06] [FLEET] [aria] lucidia: PING OK but SSH failed
[2026-03-18 13:40:08] [FLEET] [aria] anastasia: DOWN (no ping response)
[2026-03-18 13:41:01] [BEAT] [aria] load=0.07 mem=6925/8059MB temp=50.1C disk=82%
[2026-03-18 13:42:01] [BEAT] [aria] load=0.13 mem=6928/8059MB temp=50.7C disk=82%
[2026-03-18 13:43:01] [BEAT] [aria] load=0.12 mem=6926/8059MB temp=50.1C disk=82%
[2026-03-18 13:44:01] [BEAT] [aria] load=0.12 mem=6916/8059MB temp=51.2C disk=82%
[2026-03-18 13:45:01] [BEAT] [aria] load=0.04 mem=6899/8059MB temp=51.2C disk=82%
[2026-03-18 13:45:46] [DIAL] [aria] Switchboard unreachable
[2026-03-18 13:46:01] [BEAT] [aria] load=0.05 mem=6927/8059MB temp=51.2C disk=82%
[2026-03-18 13:47:01] [BEAT] [aria] load=0.02 mem=6927/8059MB temp=50.7C disk=82%
[2026-03-18 13:48:01] [BEAT] [aria] load=0.04 mem=6926/8059MB temp=50.1C disk=82%
[2026-03-18 13:49:01] [BEAT] [aria] load=0.17 mem=6912/8059MB temp=50.1C disk=82%
[2026-03-18 13:50:01] [FLEET] [aria] Starting cross-node health check
[2026-03-18 13:50:01] [BEAT] [aria] load=0.06 mem=6899/8059MB temp=51.2C disk=82%
[2026-03-18 13:50:01] [FLEET] [aria] alice: UP temp=35C mem=3146MB disk=85%
[2026-03-18 13:50:03] [FLEET] [aria] octavia: DOWN (no ping response)
[2026-03-18 13:50:03] [FLEET] [aria] cecilia: UP temp=37C mem=1529MB disk=34%
[2026-03-18 13:50:05] [FLEET] [aria] gematria: UP temp=C mem=5565MB disk=69%
[2026-03-18 13:50:05] [FLEET] [aria] lucidia: PING OK but SSH failed
[2026-03-18 13:50:07] [FLEET] [aria] anastasia: DOWN (no ping response)
[2026-03-18 13:51:01] [BEAT] [aria] load=0.08 mem=6926/8059MB temp=50.1C disk=82%
[2026-03-18 13:52:01] [BEAT] [aria] load=0.44 mem=6930/8059MB temp=50.7C disk=82%
[2026-03-18 13:53:01] [BEAT] [aria] load=1.10 mem=6926/8059MB temp=50.1C disk=82%
[2026-03-18 13:54:01] [BEAT] [aria] load=0.59 mem=6905/8059MB temp=50.1C disk=82%
[2026-03-18 13:55:02] [BEAT] [aria] load=0.22 mem=6902/8059MB temp=49.6C disk=82%
[2026-03-18 13:56:01] [BEAT] [aria] load=0.26 mem=6928/8059MB temp=49.6C disk=82%
[2026-03-18 13:57:01] [BEAT] [aria] load=0.09 mem=6928/8059MB temp=48.5C disk=82%
[2026-03-18 13:58:01] [BEAT] [aria] load=0.16 mem=6927/8059MB temp=47.4C disk=82%
[2026-03-18 13:59:01] [BEAT] [aria] load=0.06 mem=6918/8059MB temp=48.5C disk=82%
[2026-03-18 14:00:01] [FLEET] [aria] Starting cross-node health check
[2026-03-18 14:00:01] [BEAT] [aria] load=0.02 mem=6893/8059MB temp=49.0C disk=82%
[2026-03-18 14:00:01] [FLEET] [aria] alice: UP temp=35C mem=3134MB disk=85%
[2026-03-18 14:00:04] [FLEET] [aria] octavia: DOWN (no ping response)
[2026-03-18 14:00:04] [FLEET] [aria] cecilia: UP temp=36C mem=1525MB disk=34%
[2026-03-18 14:00:05] [FLEET] [aria] gematria: UP temp=C mem=5549MB disk=69%
[2026-03-18 14:00:46] [DIAL] [aria] Switchboard unreachable
[2026-03-18 14:00:48] [FLEET] [aria] lucidia: PING OK but SSH failed
[2026-03-18 14:00:50] [FLEET] [aria] anastasia: DOWN (no ping response)
[2026-03-18 14:01:01] [BEAT] [aria] load=0.12 mem=6920/8059MB temp=49.6C disk=82%
[2026-03-18 14:02:01] [BEAT] [aria] load=0.09 mem=6925/8059MB temp=49.6C disk=82%
[2026-03-18 14:03:01] [BEAT] [aria] load=0.03 mem=6929/8059MB temp=48.5C disk=82%
[2026-03-18 14:04:01] [BEAT] [aria] load=0.13 mem=6926/8059MB temp=49.6C disk=82%
[2026-03-18 14:05:01] [BEAT] [aria] load=0.12 mem=6891/8059MB temp=49.0C disk=82%
[2026-03-18 14:06:01] [BEAT] [aria] load=0.04 mem=6906/8059MB temp=49.0C disk=82%
[2026-03-18 14:07:01] [BEAT] [aria] load=0.08 mem=6908/8059MB temp=49.0C disk=82%
[2026-03-18 14:08:01] [BEAT] [aria] load=0.03 mem=6909/8059MB temp=50.1C disk=82%
[2026-03-18 14:09:01] [BEAT] [aria] load=0.06 mem=6909/8059MB temp=49.6C disk=82%
[2026-03-18 14:10:01] [FLEET] [aria] Starting cross-node health check
[2026-03-18 14:10:01] [BEAT] [aria] load=0.02 mem=6885/8059MB temp=50.1C disk=82%
[2026-03-18 14:10:02] [FLEET] [aria] alice: UP temp=34C mem=3140MB disk=85%
[2026-03-18 14:10:04] [FLEET] [aria] octavia: DOWN (no ping response)
[2026-03-18 14:10:04] [FLEET] [aria] cecilia: UP temp=38C mem=1528MB disk=34%
[2026-03-18 14:10:05] [FLEET] [aria] gematria: UP temp=C mem=5570MB disk=69%
[2026-03-18 14:10:06] [FLEET] [aria] lucidia: PING OK but SSH failed
[2026-03-18 14:10:08] [FLEET] [aria] anastasia: DOWN (no ping response)
[2026-03-18 14:11:01] [BEAT] [aria] load=0.13 mem=6910/8059MB temp=49.6C disk=82%
[2026-03-18 14:12:01] [BEAT] [aria] load=0.05 mem=6911/8059MB temp=49.6C disk=82%
[2026-03-18 14:13:01] [BEAT] [aria] load=0.51 mem=6905/8059MB temp=50.1C disk=82%
[2026-03-18 14:14:01] [BEAT] [aria] load=1.07 mem=6909/8059MB temp=49.6C disk=82%
[2026-03-18 14:15:01] [BEAT] [aria] load=0.50 mem=6872/8059MB temp=50.1C disk=82%
[2026-03-18 14:15:46] [DIAL] [aria] Switchboard unreachable
[2026-03-18 14:16:01] [BEAT] [aria] load=0.18 mem=6906/8059MB temp=50.7C disk=82%
[2026-03-18 14:17:01] [BEAT] [aria] load=0.07 mem=6909/8059MB temp=49.6C disk=82%
[2026-03-18 14:18:01] [BEAT] [aria] load=0.07 mem=6908/8059MB temp=50.7C disk=82%
[2026-03-18 14:19:01] [BEAT] [aria] load=0.06 mem=6910/8059MB temp=50.1C disk=82%
[2026-03-18 14:20:01] [FLEET] [aria] Starting cross-node health check
[2026-03-18 14:20:01] [BEAT] [aria] load=0.09 mem=6879/8059MB temp=50.1C disk=82%
[2026-03-18 14:20:02] [FLEET] [aria] alice: UP temp=34C mem=3140MB disk=85%
[2026-03-18 14:20:04] [FLEET] [aria] octavia: DOWN (no ping response)
[2026-03-18 14:20:04] [FLEET] [aria] cecilia: UP temp=36C mem=1524MB disk=34%
[2026-03-18 14:20:05] [FLEET] [aria] gematria: UP temp=C mem=5562MB disk=69%
[2026-03-18 14:20:06] [FLEET] [aria] lucidia: PING OK but SSH failed
[2026-03-18 14:20:08] [FLEET] [aria] anastasia: DOWN (no ping response)
[2026-03-18 14:21:01] [BEAT] [aria] load=0.03 mem=6906/8059MB temp=49.6C disk=82%
[2026-03-18 14:22:01] [BEAT] [aria] load=0.08 mem=6906/8059MB temp=50.1C disk=82%
[2026-03-18 14:23:01] [BEAT] [aria] load=0.09 mem=6888/8059MB temp=50.1C disk=82%
[2026-03-18 14:24:01] [BEAT] [aria] load=0.03 mem=6889/8059MB temp=50.7C disk=82%
[2026-03-18 14:25:01] [BEAT] [aria] load=0.16 mem=6879/8059MB temp=49.6C disk=82%
[2026-03-18 14:26:01] [BEAT] [aria] load=0.13 mem=6898/8059MB temp=49.6C disk=82%
[2026-03-18 14:27:01] [BEAT] [aria] load=0.13 mem=6897/8059MB temp=50.1C disk=82%
[2026-03-18 14:28:01] [BEAT] [aria] load=0.05 mem=6899/8059MB temp=51.2C disk=82%
[2026-03-18 14:29:01] [BEAT] [aria] load=0.05 mem=6899/8059MB temp=50.7C disk=82%
[2026-03-18 14:30:01] [FLEET] [aria] Starting cross-node health check
[2026-03-18 14:30:01] [BEAT] [aria] load=0.02 mem=6862/8059MB temp=52.4C disk=82%
[2026-03-18 14:30:02] [FLEET] [aria] alice: UP temp=35C mem=3138MB disk=85%
[2026-03-18 14:30:04] [FLEET] [aria] octavia: DOWN (no ping response)
[2026-03-18 14:30:04] [FLEET] [aria] cecilia: UP temp=35C mem=1575MB disk=34%
[2026-03-18 14:30:06] [FLEET] [aria] gematria: UP temp=C mem=5546MB disk=69%
[2026-03-18 14:30:18] [FLEET] [aria] lucidia: PING OK but SSH failed
[2026-03-18 14:30:20] [FLEET] [aria] anastasia: DOWN (no ping response)
[2026-03-18 14:30:47] [DIAL] [aria] Switchboard unreachable
[2026-03-18 14:31:01] [BEAT] [aria] load=0.04 mem=6900/8059MB temp=50.1C disk=82%
[2026-03-18 14:32:01] [BEAT] [aria] load=0.13 mem=6901/8059MB temp=50.7C disk=82%
[2026-03-18 14:33:01] [BEAT] [aria] load=0.04 mem=6900/8059MB temp=50.1C disk=82%
[2026-03-18 14:34:01] [BEAT] [aria] load=0.55 mem=6902/8059MB temp=50.7C disk=82%
[2026-03-18 14:35:01] [BEAT] [aria] load=0.90 mem=6872/8059MB temp=50.1C disk=82%
[2026-03-18 14:36:01] [BEAT] [aria] load=0.44 mem=6896/8059MB temp=50.7C disk=82%
[2026-03-18 14:37:01] [BEAT] [aria] load=0.37 mem=6901/8059MB temp=50.1C disk=82%
[2026-03-18 14:38:01] [BEAT] [aria] load=0.20 mem=6899/8059MB temp=50.1C disk=82%
[2026-03-18 14:39:01] [BEAT] [aria] load=0.13 mem=6902/8059MB temp=50.7C disk=82%
[2026-03-18 14:40:01] [FLEET] [aria] Starting cross-node health check
[2026-03-18 14:40:01] [BEAT] [aria] load=0.09 mem=6874/8059MB temp=51.2C disk=82%
[2026-03-18 14:40:02] [FLEET] [aria] alice: UP temp=34C mem=3140MB disk=85%
[2026-03-18 14:40:04] [FLEET] [aria] octavia: DOWN (no ping response)
[2026-03-18 14:40:04] [FLEET] [aria] cecilia: UP temp=36C mem=1573MB disk=34%
[2026-03-18 14:40:05] [FLEET] [aria] gematria: UP temp=C mem=5558MB disk=69%
[2026-03-18 14:40:06] [FLEET] [aria] lucidia: PING OK but SSH failed
[2026-03-18 14:40:08] [FLEET] [aria] anastasia: DOWN (no ping response)
[2026-03-18 14:41:01] [BEAT] [aria] load=0.03 mem=6897/8059MB temp=49.6C disk=82%
[2026-03-18 14:42:01] [BEAT] [aria] load=0.11 mem=6901/8059MB temp=50.7C disk=82%
[2026-03-18 14:43:01] [BEAT] [aria] load=0.12 mem=6904/8059MB temp=50.1C disk=82%
[2026-03-18 14:44:01] [BEAT] [aria] load=0.04 mem=6900/8059MB temp=50.1C disk=82%
[2026-03-18 14:45:01] [BEAT] [aria] load=0.08 mem=6853/8059MB temp=51.8C disk=82%
[2026-03-18 14:45:46] [DIAL] [aria] Switchboard unreachable
[2026-03-18 14:46:01] [BEAT] [aria] load=0.03 mem=6899/8059MB temp=51.2C disk=82%
[2026-03-18 14:47:01] [BEAT] [aria] load=0.01 mem=6897/8059MB temp=51.8C disk=82%
[2026-03-18 14:48:01] [BEAT] [aria] load=0.06 mem=6900/8059MB temp=51.8C disk=82%
[2026-03-18 14:49:01] [BEAT] [aria] load=0.02 mem=6901/8059MB temp=51.2C disk=82%
[2026-03-18 14:50:01] [FLEET] [aria] Starting cross-node health check
[2026-03-18 14:50:01] [BEAT] [aria] load=0.35 mem=6863/8059MB temp=51.2C disk=82%
[2026-03-18 14:50:02] [FLEET] [aria] alice: UP temp=33C mem=3145MB disk=85%
[2026-03-18 14:50:04] [FLEET] [aria] octavia: DOWN (no ping response)
[2026-03-18 14:50:04] [FLEET] [aria] cecilia: UP temp=37C mem=1548MB disk=34%
[2026-03-18 14:50:05] [FLEET] [aria] gematria: UP temp=C mem=5617MB disk=69%
[2026-03-18 14:50:06] [FLEET] [aria] lucidia: PING OK but SSH failed
[2026-03-18 14:50:08] [FLEET] [aria] anastasia: DOWN (no ping response)
[2026-03-18 14:51:01] [BEAT] [aria] load=0.13 mem=6899/8059MB temp=51.2C disk=82%
[2026-03-18 14:52:01] [BEAT] [aria] load=0.05 mem=6900/8059MB temp=50.7C disk=82%
[2026-03-18 14:53:01] [BEAT] [aria] load=0.10 mem=6902/8059MB temp=50.1C disk=82%
[2026-03-18 14:54:01] [BEAT] [aria] load=0.03 mem=6897/8059MB temp=50.1C disk=82%
[2026-03-18 14:55:01] [BEAT] [aria] load=0.77 mem=6870/8059MB temp=49.6C disk=82%
[2026-03-18 14:56:01] [BEAT] [aria] load=0.72 mem=6902/8059MB temp=49.0C disk=82%
[2026-03-18 14:57:01] [BEAT] [aria] load=0.26 mem=6900/8059MB temp=50.1C disk=82%
[2026-03-18 14:58:01] [BEAT] [aria] load=0.23 mem=6900/8059MB temp=50.7C disk=82%
[2026-03-18 14:59:01] [BEAT] [aria] load=0.27 mem=6901/8059MB temp=49.0C disk=82%
[2026-03-18 15:00:01] [FLEET] [aria] Starting cross-node health check
[2026-03-18 15:00:01] [BEAT] [aria] load=0.10 mem=6862/8059MB temp=49.6C disk=82%
[2026-03-18 15:00:02] [FLEET] [aria] alice: UP temp=34C mem=3140MB disk=85%
[2026-03-18 15:00:04] [FLEET] [aria] octavia: DOWN (no ping response)
[2026-03-18 15:00:04] [FLEET] [aria] cecilia: UP temp=38C mem=1552MB disk=34%
[2026-03-18 15:00:06] [FLEET] [aria] gematria: UP temp=C mem=5568MB disk=69%
[2026-03-18 15:00:07] [FLEET] [aria] lucidia: PING OK but SSH failed
[2026-03-18 15:00:09] [FLEET] [aria] anastasia: DOWN (no ping response)
[2026-03-18 15:00:46] [DIAL] [aria] Switchboard unreachable
[2026-03-18 15:01:01] [BEAT] [aria] load=0.07 mem=6899/8059MB temp=48.0C disk=82%
[2026-03-18 15:02:01] [BEAT] [aria] load=0.02 mem=6899/8059MB temp=48.5C disk=82%
[2026-03-18 15:03:01] [BEAT] [aria] load=0.23 mem=6901/8059MB temp=49.0C disk=82%
[2026-03-18 15:04:01] [BEAT] [aria] load=0.22 mem=6896/8059MB temp=49.0C disk=82%
[2026-03-18 15:05:01] [BEAT] [aria] load=0.13 mem=6868/8059MB temp=49.6C disk=82%
[2026-03-18 15:06:01] [BEAT] [aria] load=0.09 mem=6890/8059MB temp=50.7C disk=82%
[2026-03-18 15:07:01] [BEAT] [aria] load=0.03 mem=6898/8059MB temp=49.6C disk=82%
[2026-03-18 15:08:01] [BEAT] [aria] load=0.01 mem=6901/8059MB temp=49.6C disk=82%
[2026-03-18 15:09:01] [BEAT] [aria] load=0.08 mem=6902/8059MB temp=49.6C disk=82%
[2026-03-18 15:10:01] [FLEET] [aria] Starting cross-node health check
[2026-03-18 15:10:01] [BEAT] [aria] load=0.07 mem=6811/8059MB temp=50.1C disk=82%
[2026-03-18 15:10:02] [FLEET] [aria] alice: UP temp=33C mem=3144MB disk=85%
[2026-03-18 15:10:04] [FLEET] [aria] octavia: DOWN (no ping response)
[2026-03-18 15:10:04] [FLEET] [aria] cecilia: UP temp=36C mem=1556MB disk=34%
[2026-03-18 15:10:06] [FLEET] [aria] gematria: UP temp=C mem=5555MB disk=69%
[2026-03-18 15:10:06] [FLEET] [aria] lucidia: PING OK but SSH failed
[2026-03-18 15:10:08] [FLEET] [aria] anastasia: DOWN (no ping response)
[2026-03-18 15:11:01] [BEAT] [aria] load=0.09 mem=6859/8059MB temp=50.1C disk=82%
[2026-03-18 15:12:01] [BEAT] [aria] load=0.03 mem=6861/8059MB temp=49.6C disk=82%
[2026-03-18 15:13:01] [BEAT] [aria] load=0.01 mem=6938/8059MB temp=51.2C disk=82%
[2026-03-18 15:14:02] [BEAT] [aria] load=0.00 mem=6937/8059MB temp=49.0C disk=82%
[2026-03-18 15:15:01] [BEAT] [aria] load=0.15 mem=6907/8059MB temp=50.7C disk=82%
[2026-03-18 15:15:46] [DIAL] [aria] Switchboard unreachable
[2026-03-18 15:16:01] [BEAT] [aria] load=0.76 mem=6936/8059MB temp=49.6C disk=82%
[2026-03-18 15:17:01] [BEAT] [aria] load=0.64 mem=6934/8059MB temp=50.1C disk=82%
[2026-03-18 15:18:01] [BEAT] [aria] load=0.23 mem=6931/8059MB temp=51.2C disk=82%
[2026-03-18 15:19:01] [BEAT] [aria] load=0.08 mem=6959/8059MB temp=50.1C disk=82%
[2026-03-18 15:20:01] [FLEET] [aria] Starting cross-node health check
[2026-03-18 15:20:01] [BEAT] [aria] load=0.22 mem=6913/8059MB temp=50.7C disk=82%
[2026-03-18 15:20:02] [FLEET] [aria] alice: UP temp=33C mem=3143MB disk=85%
[2026-03-18 15:20:04] [FLEET] [aria] octavia: DOWN (no ping response)
[2026-03-18 15:20:04] [FLEET] [aria] cecilia: UP temp=38C mem=1506MB disk=34%
[2026-03-18 15:20:06] [FLEET] [aria] gematria: UP temp=C mem=5554MB disk=70%
[2026-03-18 15:20:06] [FLEET] [aria] lucidia: PING OK but SSH failed
[2026-03-18 15:20:08] [FLEET] [aria] anastasia: DOWN (no ping response)
[2026-03-18 15:21:01] [BEAT] [aria] load=0.08 mem=7006/8059MB temp=50.1C disk=82%
[2026-03-18 15:22:01] [BEAT] [aria] load=0.12 mem=7007/8059MB temp=50.1C disk=82%
[2026-03-18 15:23:01] [BEAT] [aria] load=0.04 mem=7011/8059MB temp=51.8C disk=82%
[2026-03-18 15:24:01] [BEAT] [aria] load=0.01 mem=7009/8059MB temp=51.2C disk=82%
[2026-03-18 15:25:01] [BEAT] [aria] load=0.08 mem=6974/8059MB temp=51.2C disk=82%
[2026-03-18 15:26:01] [BEAT] [aria] load=0.06 mem=7008/8059MB temp=50.1C disk=82%
[2026-03-18 15:27:01] [BEAT] [aria] load=0.08 mem=7006/8059MB temp=51.2C disk=82%
[2026-03-18 15:28:01] [BEAT] [aria] load=0.03 mem=7008/8059MB temp=50.7C disk=82%
[2026-03-18 15:29:01] [BEAT] [aria] load=0.01 mem=7008/8059MB temp=49.6C disk=82%
[2026-03-18 15:30:02] [FLEET] [aria] Starting cross-node health check
[2026-03-18 15:30:02] [BEAT] [aria] load=0.23 mem=6976/8059MB temp=51.2C disk=82%
[2026-03-18 15:30:02] [FLEET] [aria] alice: UP temp=34C mem=3137MB disk=85%
[2026-03-18 15:30:04] [FLEET] [aria] octavia: DOWN (no ping response)
[2026-03-18 15:30:04] [FLEET] [aria] cecilia: UP temp=38C mem=1529MB disk=34%
[2026-03-18 15:30:06] [FLEET] [aria] gematria: UP temp=C mem=5558MB disk=70%
[2026-03-18 15:30:06] [FLEET] [aria] lucidia: PING OK but SSH failed
[2026-03-18 15:30:08] [FLEET] [aria] anastasia: DOWN (no ping response)
[2026-03-18 15:30:47] [DIAL] [aria] Switchboard unreachable
[2026-03-18 15:31:01] [BEAT] [aria] load=0.12 mem=7007/8059MB temp=50.1C disk=82%
[2026-03-18 15:32:01] [BEAT] [aria] load=0.04 mem=7008/8059MB temp=50.7C disk=82%
[2026-03-18 15:33:01] [BEAT] [aria] load=0.08 mem=7006/8059MB temp=50.7C disk=82%
[2026-03-18 15:34:01] [BEAT] [aria] load=0.03 mem=6998/8059MB temp=51.2C disk=82%
[2026-03-18 15:35:01] [BEAT] [aria] load=0.06 mem=6977/8059MB temp=51.2C disk=82%
[2026-03-18 15:36:01] [BEAT] [aria] load=0.36 mem=7008/8059MB temp=50.1C disk=82%
[2026-03-18 15:37:01] [BEAT] [aria] load=0.83 mem=7008/8059MB temp=50.1C disk=82%
[2026-03-18 15:38:01] [BEAT] [aria] load=0.57 mem=7008/8059MB temp=50.7C disk=82%
[2026-03-18 15:39:01] [BEAT] [aria] load=0.21 mem=7008/8059MB temp=51.2C disk=82%
[2026-03-18 15:40:01] [FLEET] [aria] Starting cross-node health check
[2026-03-18 15:40:01] [BEAT] [aria] load=0.24 mem=6976/8059MB temp=51.2C disk=82%
[2026-03-18 15:40:02] [FLEET] [aria] alice: UP temp=34C mem=3141MB disk=86%
[2026-03-18 15:40:04] [FLEET] [aria] octavia: DOWN (no ping response)
[2026-03-18 15:40:04] [FLEET] [aria] cecilia: UP temp=38C mem=1590MB disk=34%
[2026-03-18 15:40:06] [FLEET] [aria] gematria: UP temp=C mem=5545MB disk=70%
[2026-03-18 15:40:06] [FLEET] [aria] lucidia: PING OK but SSH failed
[2026-03-18 15:40:08] [FLEET] [aria] anastasia: DOWN (no ping response)
[2026-03-18 15:41:01] [BEAT] [aria] load=0.20 mem=7007/8059MB temp=50.7C disk=82%
[2026-03-18 15:42:01] [BEAT] [aria] load=0.07 mem=7008/8059MB temp=50.7C disk=82%
[2026-03-18 15:43:01] [BEAT] [aria] load=0.06 mem=7001/8059MB temp=52.4C disk=82%
[2026-03-18 15:44:01] [BEAT] [aria] load=0.02 mem=6995/8059MB temp=50.1C disk=82%
[2026-03-18 15:45:01] [BEAT] [aria] load=0.11 mem=6968/8059MB temp=52.4C disk=82%
[2026-03-18 15:45:46] [DIAL] [aria] Switchboard unreachable
[2026-03-18 15:46:01] [BEAT] [aria] load=0.04 mem=7001/8059MB temp=50.7C disk=82%
[2026-03-18 15:47:01] [BEAT] [aria] load=0.05 mem=7000/8059MB temp=49.0C disk=82%
[2026-03-18 15:48:01] [BEAT] [aria] load=0.02 mem=7004/8059MB temp=50.7C disk=82%
[2026-03-18 15:49:01] [BEAT] [aria] load=0.07 mem=7005/8059MB temp=50.7C disk=82%
[2026-03-18 15:50:01] [FLEET] [aria] Starting cross-node health check
[2026-03-18 15:50:01] [BEAT] [aria] load=0.30 mem=6977/8059MB temp=51.2C disk=82%
[2026-03-18 15:50:02] [FLEET] [aria] alice: UP temp=34C mem=3145MB disk=86%
[2026-03-18 15:50:04] [FLEET] [aria] octavia: DOWN (no ping response)
[2026-03-18 15:50:04] [FLEET] [aria] cecilia: UP temp=35C mem=1537MB disk=34%
[2026-03-18 15:50:05] [FLEET] [aria] gematria: UP temp=C mem=5539MB disk=70%
[2026-03-18 15:50:06] [FLEET] [aria] lucidia: PING OK but SSH failed
[2026-03-18 15:50:08] [FLEET] [aria] anastasia: DOWN (no ping response)
[2026-03-18 15:51:01] [BEAT] [aria] load=0.12 mem=6996/8059MB temp=51.2C disk=82%
[2026-03-18 15:52:01] [BEAT] [aria] load=0.10 mem=7002/8059MB temp=51.8C disk=82%
[2026-03-18 15:53:01] [BEAT] [aria] load=0.04 mem=7002/8059MB temp=50.1C disk=82%
[2026-03-18 15:54:01] [BEAT] [aria] load=0.06 mem=6996/8059MB temp=49.6C disk=82%
[2026-03-18 15:55:01] [BEAT] [aria] load=0.08 mem=6976/8059MB temp=50.7C disk=82%
[2026-03-18 15:56:01] [BEAT] [aria] load=0.17 mem=7004/8059MB temp=49.6C disk=82%
[2026-03-18 15:57:01] [BEAT] [aria] load=0.58 mem=7000/8059MB temp=49.0C disk=82%
[2026-03-18 15:58:01] [BEAT] [aria] load=1.00 mem=6999/8059MB temp=49.6C disk=82%
[2026-03-18 15:59:01] [BEAT] [aria] load=0.57 mem=7004/8059MB temp=49.0C disk=82%
[2026-03-18 16:00:01] [FLEET] [aria] Starting cross-node health check
[2026-03-18 16:00:01] [BEAT] [aria] load=0.21 mem=6967/8059MB temp=49.6C disk=82%
[2026-03-18 16:00:02] [FLEET] [aria] alice: UP temp=32C mem=3140MB disk=85%
[2026-03-18 16:00:04] [FLEET] [aria] octavia: DOWN (no ping response)
[2026-03-18 16:00:04] [FLEET] [aria] cecilia: UP temp=37C mem=1496MB disk=34%
[2026-03-18 16:00:06] [FLEET] [aria] gematria: UP temp=C mem=5539MB disk=70%
[2026-03-18 16:00:07] [FLEET] [aria] lucidia: PING OK but SSH failed
[2026-03-18 16:00:09] [FLEET] [aria] anastasia: DOWN (no ping response)
[2026-03-18 16:00:47] [DIAL] [aria] Switchboard unreachable
[2026-03-18 16:01:01] [BEAT] [aria] load=0.17 mem=6999/8059MB temp=50.7C disk=82%
[2026-03-18 16:02:01] [BEAT] [aria] load=0.06 mem=7002/8059MB temp=49.0C disk=82%
[2026-03-18 16:03:01] [BEAT] [aria] load=0.13 mem=7000/8059MB temp=49.0C disk=82%
[2026-03-18 16:04:01] [BEAT] [aria] load=0.05 mem=6999/8059MB temp=49.0C disk=82%
[2026-03-18 16:05:01] [BEAT] [aria] load=0.08 mem=6976/8059MB temp=50.1C disk=82%
[2026-03-18 16:06:01] [BEAT] [aria] load=0.11 mem=6999/8059MB temp=49.6C disk=82%
[2026-03-18 16:07:01] [BEAT] [aria] load=0.08 mem=6997/8059MB temp=50.7C disk=82%
[2026-03-18 16:08:01] [BEAT] [aria] load=0.09 mem=6998/8059MB temp=49.6C disk=82%
[2026-03-18 16:09:01] [BEAT] [aria] load=0.08 mem=6991/8059MB temp=49.6C disk=82%
[2026-03-18 16:10:01] [FLEET] [aria] Starting cross-node health check
[2026-03-18 16:10:01] [BEAT] [aria] load=0.15 mem=6949/8059MB temp=50.1C disk=82%
[2026-03-18 16:10:02] [FLEET] [aria] alice: UP temp=34C mem=3139MB disk=85%
[2026-03-18 16:10:04] [FLEET] [aria] octavia: DOWN (no ping response)
[2026-03-18 16:10:04] [FLEET] [aria] cecilia: UP temp=38C mem=1537MB disk=34%
[2026-03-18 16:10:06] [FLEET] [aria] gematria: UP temp=C mem=5578MB disk=70%
[2026-03-18 16:10:06] [FLEET] [aria] lucidia: PING OK but SSH failed
[2026-03-18 16:10:08] [FLEET] [aria] anastasia: DOWN (no ping response)
[2026-03-18 16:11:01] [BEAT] [aria] load=0.10 mem=6991/8059MB temp=49.6C disk=82%
[2026-03-18 16:12:01] [BEAT] [aria] load=0.07 mem=6983/8059MB temp=51.2C disk=82%
[2026-03-18 16:13:01] [BEAT] [aria] load=0.02 mem=6990/8059MB temp=49.6C disk=82%
[2026-03-18 16:14:01] [BEAT] [aria] load=0.12 mem=6991/8059MB temp=49.6C disk=82%
[2026-03-18 16:15:02] [BEAT] [aria] load=0.04 mem=6961/8059MB temp=50.1C disk=82%
[2026-03-18 16:15:47] [DIAL] [aria] Switchboard unreachable
[2026-03-18 16:16:01] [BEAT] [aria] load=0.01 mem=6991/8059MB temp=49.6C disk=82%
[2026-03-18 16:17:01] [BEAT] [aria] load=0.10 mem=6987/8059MB temp=49.0C disk=82%
[2026-03-18 16:18:01] [BEAT] [aria] load=0.44 mem=6987/8059MB temp=50.1C disk=82%
[2026-03-18 16:19:01] [BEAT] [aria] load=0.85 mem=6986/8059MB temp=50.7C disk=82%
[2026-03-18 16:20:01] [FLEET] [aria] Starting cross-node health check
[2026-03-18 16:20:01] [BEAT] [aria] load=0.46 mem=6960/8059MB temp=51.8C disk=82%
[2026-03-18 16:20:01] [FLEET] [aria] alice: UP temp=34C mem=3144MB disk=85%
[2026-03-18 16:20:03] [FLEET] [aria] octavia: DOWN (no ping response)
[2026-03-18 16:20:04] [FLEET] [aria] cecilia: UP temp=37C mem=1508MB disk=34%
[2026-03-18 16:20:05] [FLEET] [aria] gematria: UP temp=C mem=5555MB disk=70%
[2026-03-18 16:20:05] [FLEET] [aria] lucidia: PING OK but SSH failed
[2026-03-18 16:20:07] [FLEET] [aria] anastasia: DOWN (no ping response)
[2026-03-18 16:21:01] [BEAT] [aria] load=0.16 mem=6989/8059MB temp=51.8C disk=82%
[2026-03-18 16:22:01] [BEAT] [aria] load=0.19 mem=6988/8059MB temp=51.8C disk=82%
[2026-03-18 16:23:02] [BEAT] [aria] load=0.16 mem=6992/8059MB temp=50.7C disk=82%
[2026-03-18 16:24:01] [BEAT] [aria] load=0.12 mem=6993/8059MB temp=50.1C disk=82%
[2026-03-18 16:25:01] [BEAT] [aria] load=0.04 mem=6961/8059MB temp=51.2C disk=82%
[2026-03-18 16:26:01] [BEAT] [aria] load=0.15 mem=6991/8059MB temp=51.2C disk=82%
[2026-03-18 16:27:01] [BEAT] [aria] load=0.05 mem=6989/8059MB temp=50.7C disk=82%
[2026-03-18 16:28:01] [BEAT] [aria] load=0.06 mem=6991/8059MB temp=51.2C disk=82%
[2026-03-18 16:29:01] [BEAT] [aria] load=0.02 mem=6990/8059MB temp=50.7C disk=82%
[2026-03-18 16:30:01] [FLEET] [aria] Starting cross-node health check
[2026-03-18 16:30:01] [BEAT] [aria] load=0.12 mem=6961/8059MB temp=51.8C disk=82%
[2026-03-18 16:30:02] [FLEET] [aria] alice: UP temp=35C mem=3135MB disk=85%
[2026-03-18 16:30:04] [FLEET] [aria] octavia: DOWN (no ping response)
[2026-03-18 16:30:04] [FLEET] [aria] cecilia: UP temp=38C mem=1498MB disk=34%
[2026-03-18 16:30:05] [FLEET] [aria] gematria: UP temp=C mem=5557MB disk=70%
[2026-03-18 16:30:06] [FLEET] [aria] lucidia: PING OK but SSH failed
[2026-03-18 16:30:08] [FLEET] [aria] anastasia: DOWN (no ping response)
[2026-03-18 16:30:46] [DIAL] [aria] Switchboard unreachable
[2026-03-18 16:31:01] [BEAT] [aria] load=0.07 mem=6991/8059MB temp=51.8C disk=82%
[2026-03-18 16:32:01] [BEAT] [aria] load=0.02 mem=6987/8059MB temp=50.1C disk=82%
[2026-03-18 16:33:01] [BEAT] [aria] load=0.10 mem=6988/8059MB temp=50.1C disk=82%
[2026-03-18 16:34:01] [BEAT] [aria] load=0.04 mem=6988/8059MB temp=52.4C disk=82%
[2026-03-18 16:35:01] [BEAT] [aria] load=0.06 mem=6953/8059MB temp=51.2C disk=82%
[2026-03-18 16:36:01] [BEAT] [aria] load=0.02 mem=6986/8059MB temp=51.2C disk=82%
[2026-03-18 16:37:01] [BEAT] [aria] load=0.15 mem=6985/8059MB temp=51.2C disk=82%
[2026-03-18 16:38:01] [BEAT] [aria] load=0.17 mem=6986/8059MB temp=50.7C disk=82%
[2026-03-18 16:39:01] [BEAT] [aria] load=0.56 mem=6983/8059MB temp=50.7C disk=82%
[2026-03-18 16:40:01] [FLEET] [aria] Starting cross-node health check
[2026-03-18 16:40:01] [BEAT] [aria] load=1.10 mem=6954/8059MB temp=52.9C disk=82%
[2026-03-18 16:40:02] [FLEET] [aria] alice: UP temp=35C mem=3135MB disk=85%
[2026-03-18 16:40:04] [FLEET] [aria] octavia: DOWN (no ping response)
[2026-03-18 16:40:04] [FLEET] [aria] cecilia: UP temp=37C mem=1539MB disk=34%
[2026-03-18 16:40:06] [FLEET] [aria] gematria: UP temp=C mem=5544MB disk=70%
[2026-03-18 16:40:57] [FLEET] [aria] lucidia: PING OK but SSH failed
[2026-03-18 16:40:59] [FLEET] [aria] anastasia: DOWN (no ping response)
[2026-03-18 16:41:01] [BEAT] [aria] load=0.54 mem=6980/8059MB temp=50.7C disk=82%
[2026-03-18 16:42:01] [BEAT] [aria] load=0.20 mem=6986/8059MB temp=50.7C disk=82%
[2026-03-18 16:43:01] [BEAT] [aria] load=0.07 mem=6986/8059MB temp=51.8C disk=82%
[2026-03-18 16:44:01] [BEAT] [aria] load=0.11 mem=6989/8059MB temp=50.7C disk=82%
[2026-03-18 16:45:01] [BEAT] [aria] load=0.08 mem=6945/8059MB temp=51.2C disk=82%
[2026-03-18 16:45:46] [DIAL] [aria] Switchboard unreachable
[2026-03-18 16:46:01] [BEAT] [aria] load=0.06 mem=6984/8059MB temp=50.7C disk=82%
[2026-03-18 16:47:01] [BEAT] [aria] load=0.09 mem=6985/8059MB temp=51.8C disk=82%
[2026-03-18 16:48:01] [BEAT] [aria] load=0.03 mem=6983/8059MB temp=52.4C disk=82%
[2026-03-18 16:49:01] [BEAT] [aria] load=0.07 mem=6982/8059MB temp=50.7C disk=82%
[2026-03-18 16:50:01] [FLEET] [aria] Starting cross-node health check
[2026-03-18 16:50:01] [BEAT] [aria] load=0.02 mem=6958/8059MB temp=52.9C disk=82%
[2026-03-18 16:50:01] [FLEET] [aria] alice: UP temp=36C mem=3146MB disk=85%
[2026-03-18 16:50:03] [FLEET] [aria] octavia: DOWN (no ping response)
[2026-03-18 16:50:05] [FLEET] [aria] cecilia: UP temp=51C mem=1572MB disk=34%
[2026-03-18 16:50:06] [FLEET] [aria] gematria: UP temp=C mem=5543MB disk=70%
[2026-03-18 16:50:07] [FLEET] [aria] lucidia: PING OK but SSH failed
[2026-03-18 16:50:09] [FLEET] [aria] anastasia: DOWN (no ping response)
[2026-03-18 16:51:01] [BEAT] [aria] load=0.10 mem=6975/8059MB temp=50.7C disk=82%
[2026-03-18 16:52:01] [BEAT] [aria] load=0.03 mem=6987/8059MB temp=51.8C disk=82%
[2026-03-18 16:53:01] [BEAT] [aria] load=0.13 mem=6986/8059MB temp=52.4C disk=82%
[2026-03-18 16:54:01] [BEAT] [aria] load=0.13 mem=6985/8059MB temp=51.8C disk=82%
[2026-03-18 16:55:01] [BEAT] [aria] load=0.12 mem=6940/8059MB temp=50.7C disk=82%
[2026-03-18 16:56:01] [BEAT] [aria] load=0.04 mem=6986/8059MB temp=50.1C disk=82%
[2026-03-18 16:57:01] [BEAT] [aria] load=0.01 mem=6968/8059MB temp=49.6C disk=82%
[2026-03-18 16:58:01] [BEAT] [aria] load=0.20 mem=6967/8059MB temp=49.6C disk=82%
[2026-03-18 16:59:01] [BEAT] [aria] load=0.44 mem=6973/8059MB temp=49.0C disk=82%
[2026-03-18 17:00:01] [FLEET] [aria] Starting cross-node health check
[2026-03-18 17:00:01] [BEAT] [aria] load=0.83 mem=6926/8059MB temp=49.6C disk=82%
[2026-03-18 17:00:02] [FLEET] [aria] alice: UP temp=36C mem=3139MB disk=85%
[2026-03-18 17:00:04] [FLEET] [aria] octavia: DOWN (no ping response)
[2026-03-18 17:00:04] [FLEET] [aria] cecilia: UP temp=38C mem=1539MB disk=34%
[2026-03-18 17:00:06] [FLEET] [aria] gematria: UP temp=C mem=5556MB disk=70%
[2026-03-18 17:00:07] [FLEET] [aria] lucidia: PING OK but SSH failed
[2026-03-18 17:00:09] [FLEET] [aria] anastasia: DOWN (no ping response)
[2026-03-18 17:00:47] [DIAL] [aria] Switchboard unreachable
[2026-03-18 17:01:01] [BEAT] [aria] load=0.89 mem=6969/8059MB temp=49.6C disk=82%
[2026-03-18 17:02:01] [BEAT] [aria] load=0.37 mem=6970/8059MB temp=49.0C disk=82%
[2026-03-18 17:03:01] [BEAT] [aria] load=0.28 mem=6972/8059MB temp=50.1C disk=82%
[2026-03-18 17:04:01] [BEAT] [aria] load=0.14 mem=6967/8059MB temp=49.6C disk=82%
[2026-03-18 17:05:01] [BEAT] [aria] load=0.11 mem=6941/8059MB temp=49.6C disk=82%
[2026-03-18 17:06:01] [BEAT] [aria] load=0.10 mem=6974/8059MB temp=49.0C disk=82%
[2026-03-18 17:07:01] [BEAT] [aria] load=0.04 mem=6968/8059MB temp=49.6C disk=82%
[2026-03-18 17:08:01] [BEAT] [aria] load=0.01 mem=6968/8059MB temp=49.6C disk=82%
[2026-03-18 17:09:01] [BEAT] [aria] load=0.08 mem=6970/8059MB temp=49.6C disk=82%
[2026-03-18 17:10:01] [FLEET] [aria] Starting cross-node health check
[2026-03-18 17:10:01] [BEAT] [aria] load=0.11 mem=6947/8059MB temp=50.7C disk=82%
[2026-03-18 17:10:02] [FLEET] [aria] alice: UP temp=35C mem=3140MB disk=85%
[2026-03-18 17:10:04] [FLEET] [aria] octavia: DOWN (no ping response)
[2026-03-18 17:10:04] [FLEET] [aria] cecilia: UP temp=36C mem=1524MB disk=34%
[2026-03-18 17:10:05] [FLEET] [aria] gematria: UP temp=C mem=5570MB disk=70%
[2026-03-18 17:10:06] [FLEET] [aria] lucidia: PING OK but SSH failed
[2026-03-18 17:10:08] [FLEET] [aria] anastasia: DOWN (no ping response)
[2026-03-18 17:11:01] [BEAT] [aria] load=0.09 mem=6970/8059MB temp=49.6C disk=82%
[2026-03-18 17:12:01] [BEAT] [aria] load=0.03 mem=6961/8059MB temp=49.6C disk=82%
[2026-03-18 17:13:01] [BEAT] [aria] load=0.01 mem=6973/8059MB temp=49.6C disk=82%
[2026-03-18 17:14:01] [BEAT] [aria] load=0.11 mem=6970/8059MB temp=50.7C disk=82%
[2026-03-18 17:15:01] [BEAT] [aria] load=0.04 mem=6946/8059MB temp=50.7C disk=82%
[2026-03-18 17:15:46] [DIAL] [aria] Switchboard unreachable
[2026-03-18 17:16:01] [BEAT] [aria] load=0.12 mem=6967/8059MB temp=50.7C disk=82%
[2026-03-18 17:17:01] [BEAT] [aria] load=0.22 mem=6969/8059MB temp=50.1C disk=82%
[2026-03-18 17:18:01] [BEAT] [aria] load=0.14 mem=6968/8059MB temp=50.7C disk=82%
[2026-03-18 17:19:01] [BEAT] [aria] load=0.34 mem=6971/8059MB temp=50.7C disk=82%
[2026-03-18 17:20:01] [FLEET] [aria] Starting cross-node health check
[2026-03-18 17:20:01] [BEAT] [aria] load=0.12 mem=6946/8059MB temp=51.2C disk=82%
[2026-03-18 17:20:02] [FLEET] [aria] alice: UP temp=35C mem=3141MB disk=85%
[2026-03-18 17:20:04] [FLEET] [aria] octavia: DOWN (no ping response)
[2026-03-18 17:20:04] [FLEET] [aria] cecilia: UP temp=37C mem=1539MB disk=34%
[2026-03-18 17:20:06] [FLEET] [aria] gematria: UP temp=C mem=5550MB disk=69%
[2026-03-18 17:20:06] [FLEET] [aria] lucidia: PING OK but SSH failed
[2026-03-18 17:20:08] [FLEET] [aria] anastasia: DOWN (no ping response)
[2026-03-18 17:21:01] [BEAT] [aria] load=0.80 mem=6971/8059MB temp=51.2C disk=82%
[2026-03-18 17:22:01] [BEAT] [aria] load=0.99 mem=6976/8059MB temp=48.5C disk=82%
[2026-03-18 17:23:01] [BEAT] [aria] load=0.36 mem=6971/8059MB temp=51.2C disk=82%
[2026-03-18 17:24:01] [BEAT] [aria] load=0.13 mem=6971/8059MB temp=50.7C disk=82%
[2026-03-18 17:25:01] [BEAT] [aria] load=0.08 mem=6935/8059MB temp=52.4C disk=82%
[2026-03-18 17:26:01] [BEAT] [aria] load=0.11 mem=6969/8059MB temp=50.1C disk=82%
[2026-03-18 17:27:01] [BEAT] [aria] load=0.04 mem=6970/8059MB temp=50.1C disk=82%
[2026-03-18 17:28:02] [BEAT] [aria] load=0.01 mem=6969/8059MB temp=50.1C disk=82%
[2026-03-18 17:29:01] [BEAT] [aria] load=0.00 mem=6971/8059MB temp=51.2C disk=82%
[2026-03-18 17:30:01] [FLEET] [aria] Starting cross-node health check
[2026-03-18 17:30:01] [BEAT] [aria] load=0.11 mem=6933/8059MB temp=51.2C disk=82%
[2026-03-18 17:30:01] [FLEET] [aria] alice: UP temp=37C mem=3138MB disk=85%
[2026-03-18 17:30:03] [FLEET] [aria] octavia: DOWN (no ping response)
[2026-03-18 17:30:03] [FLEET] [aria] cecilia: UP temp=38C mem=1521MB disk=34%
[2026-03-18 17:30:05] [FLEET] [aria] gematria: UP temp=C mem=5557MB disk=69%
[2026-03-18 17:30:05] [FLEET] [aria] lucidia: PING OK but SSH failed
[2026-03-18 17:30:07] [FLEET] [aria] anastasia: DOWN (no ping response)
[2026-03-18 17:30:46] [DIAL] [aria] Switchboard unreachable
[2026-03-18 17:31:01] [BEAT] [aria] load=0.04 mem=6969/8059MB temp=51.2C disk=82%
[2026-03-18 17:32:01] [BEAT] [aria] load=0.06 mem=6965/8059MB temp=51.2C disk=82%
[2026-03-18 17:33:01] [BEAT] [aria] load=0.02 mem=6961/8059MB temp=49.6C disk=82%
[2026-03-18 17:34:01] [BEAT] [aria] load=0.00 mem=6970/8059MB temp=51.2C disk=82%
[2026-03-18 17:35:01] [BEAT] [aria] load=0.16 mem=6941/8059MB temp=51.2C disk=82%
[2026-03-18 17:36:01] [BEAT] [aria] load=0.06 mem=6964/8059MB temp=51.2C disk=82%
[2026-03-18 17:37:01] [BEAT] [aria] load=0.08 mem=6963/8059MB temp=50.7C disk=82%
[2026-03-18 17:38:01] [BEAT] [aria] load=0.10 mem=6966/8059MB temp=51.8C disk=82%
[2026-03-18 17:39:01] [BEAT] [aria] load=0.04 mem=6964/8059MB temp=51.2C disk=82%
[2026-03-18 17:40:01] [FLEET] [aria] Starting cross-node health check
[2026-03-18 17:40:01] [BEAT] [aria] load=0.05 mem=6934/8059MB temp=51.2C disk=82%
[2026-03-18 17:40:02] [FLEET] [aria] alice: UP temp=34C mem=3141MB disk=85%
[2026-03-18 17:40:04] [FLEET] [aria] octavia: DOWN (no ping response)
[2026-03-18 17:40:04] [FLEET] [aria] cecilia: UP temp=36C mem=1601MB disk=34%
[2026-03-18 17:40:05] [FLEET] [aria] gematria: UP temp=C mem=5552MB disk=69%
[2026-03-18 17:40:06] [FLEET] [aria] lucidia: PING OK but SSH failed
[2026-03-18 17:40:08] [FLEET] [aria] anastasia: DOWN (no ping response)
[2026-03-18 17:41:01] [BEAT] [aria] load=0.12 mem=6964/8059MB temp=51.8C disk=82%
[2026-03-18 17:42:01] [BEAT] [aria] load=0.76 mem=6962/8059MB temp=50.1C disk=82%
[2026-03-18 17:43:01] [BEAT] [aria] load=0.62 mem=6963/8059MB temp=50.7C disk=82%
[2026-03-18 17:44:01] [BEAT] [aria] load=0.22 mem=6966/8059MB temp=51.8C disk=82%
[2026-03-18 17:45:01] [BEAT] [aria] load=0.20 mem=6932/8059MB temp=52.9C disk=82%
[2026-03-18 17:45:46] [DIAL] [aria] Switchboard unreachable
[2026-03-18 17:46:01] [BEAT] [aria] load=0.17 mem=6961/8059MB temp=51.8C disk=82%
[2026-03-18 17:47:01] [BEAT] [aria] load=0.06 mem=6962/8059MB temp=51.2C disk=82%
[2026-03-18 17:48:01] [BEAT] [aria] load=0.07 mem=6966/8059MB temp=50.1C disk=82%
[2026-03-18 17:49:01] [BEAT] [aria] load=0.02 mem=6962/8059MB temp=50.7C disk=82%
[2026-03-18 17:50:01] [FLEET] [aria] Starting cross-node health check
[2026-03-18 17:50:01] [BEAT] [aria] load=0.05 mem=6918/8059MB temp=51.2C disk=82%
[2026-03-18 17:50:02] [FLEET] [aria] alice: UP temp=34C mem=3142MB disk=85%
[2026-03-18 17:50:04] [FLEET] [aria] octavia: DOWN (no ping response)
[2026-03-18 17:50:04] [FLEET] [aria] cecilia: UP temp=39C mem=1561MB disk=34%
[2026-03-18 17:50:05] [FLEET] [aria] gematria: UP temp=C mem=5544MB disk=69%
[2026-03-18 17:50:06] [FLEET] [aria] lucidia: PING OK but SSH failed
[2026-03-18 17:50:08] [FLEET] [aria] anastasia: DOWN (no ping response)
[2026-03-18 17:51:01] [BEAT] [aria] load=0.26 mem=6965/8059MB temp=50.7C disk=82%
[2026-03-18 17:52:01] [BEAT] [aria] load=0.17 mem=6961/8059MB temp=50.1C disk=82%
[2026-03-18 17:53:01] [BEAT] [aria] load=0.12 mem=6962/8059MB temp=50.7C disk=82%
[2026-03-18 17:54:01] [BEAT] [aria] load=0.12 mem=6957/8059MB temp=50.7C disk=82%
[2026-03-18 17:55:01] [BEAT] [aria] load=0.04 mem=6945/8059MB temp=50.7C disk=82%
[2026-03-18 17:56:01] [BEAT] [aria] load=0.06 mem=6961/8059MB temp=49.6C disk=82%
[2026-03-18 17:57:01] [BEAT] [aria] load=0.06 mem=6964/8059MB temp=50.7C disk=82%
[2026-03-18 17:58:01] [BEAT] [aria] load=0.02 mem=6965/8059MB temp=49.0C disk=82%
[2026-03-18 17:59:01] [BEAT] [aria] load=0.06 mem=6966/8059MB temp=49.6C disk=82%
[2026-03-18 18:00:01] [FLEET] [aria] Starting cross-node health check
[2026-03-18 18:00:01] [BEAT] [aria] load=0.06 mem=6927/8059MB temp=49.6C disk=82%
[2026-03-18 18:00:02] [FLEET] [aria] alice: UP temp=34C mem=3131MB disk=85%
[2026-03-18 18:00:04] [FLEET] [aria] octavia: DOWN (no ping response)
[2026-03-18 18:00:05] [FLEET] [aria] cecilia: UP temp=38C mem=1539MB disk=34%
[2026-03-18 18:00:06] [FLEET] [aria] gematria: UP temp=C mem=5553MB disk=69%
[2026-03-18 18:00:07] [FLEET] [aria] lucidia: PING OK but SSH failed
[2026-03-18 18:00:09] [FLEET] [aria] anastasia: DOWN (no ping response)
[2026-03-18 18:00:47] [DIAL] [aria] Switchboard unreachable
[2026-03-18 18:01:01] [BEAT] [aria] load=0.02 mem=6938/8059MB temp=49.0C disk=82%
[2026-03-18 18:02:01] [BEAT] [aria] load=0.22 mem=6938/8059MB temp=49.6C disk=82%
[2026-03-18 18:03:01] [BEAT] [aria] load=0.93 mem=6932/8059MB temp=48.0C disk=82%
[2026-03-18 18:04:01] [BEAT] [aria] load=0.74 mem=6928/8059MB temp=49.6C disk=82%
[2026-03-18 18:05:01] [BEAT] [aria] load=0.39 mem=6898/8059MB temp=50.1C disk=82%
[2026-03-18 18:06:01] [BEAT] [aria] load=0.22 mem=6926/8059MB temp=49.6C disk=82%
[2026-03-18 18:07:01] [BEAT] [aria] load=0.16 mem=6921/8059MB temp=50.7C disk=82%
[2026-03-18 18:08:01] [BEAT] [aria] load=0.13 mem=6920/8059MB temp=49.6C disk=82%
[2026-03-18 18:09:01] [BEAT] [aria] load=0.05 mem=6899/8059MB temp=51.2C disk=82%
[2026-03-18 18:10:01] [FLEET] [aria] Starting cross-node health check
[2026-03-18 18:10:01] [BEAT] [aria] load=0.02 mem=6858/8059MB temp=51.2C disk=82%
[2026-03-18 18:10:02] [FLEET] [aria] alice: UP temp=33C mem=3140MB disk=85%
[2026-03-18 18:10:04] [FLEET] [aria] octavia: DOWN (no ping response)
[2026-03-18 18:10:05] [FLEET] [aria] cecilia: UP temp=44C mem=1534MB disk=34%
[2026-03-18 18:10:06] [FLEET] [aria] gematria: UP temp=C mem=5618MB disk=70%
[2026-03-18 18:10:07] [FLEET] [aria] lucidia: PING OK but SSH failed
[2026-03-18 18:10:09] [FLEET] [aria] anastasia: DOWN (no ping response)
[2026-03-18 18:11:01] [BEAT] [aria] load=0.24 mem=6902/8059MB temp=50.7C disk=82%
[2026-03-18 18:12:01] [BEAT] [aria] load=0.21 mem=6903/8059MB temp=51.2C disk=82%
[2026-03-18 18:13:01] [BEAT] [aria] load=0.12 mem=6901/8059MB temp=52.4C disk=82%
[2026-03-18 18:14:01] [BEAT] [aria] load=0.04 mem=6904/8059MB temp=51.2C disk=82%
[2026-03-18 18:15:01] [BEAT] [aria] load=0.01 mem=6866/8059MB temp=52.4C disk=82%
[2026-03-18 18:15:46] [DIAL] [aria] Switchboard unreachable
[2026-03-18 18:16:01] [BEAT] [aria] load=0.15 mem=6898/8059MB temp=51.2C disk=82%
[2026-03-18 18:17:01] [BEAT] [aria] load=0.05 mem=6899/8059MB temp=50.1C disk=82%
[2026-03-18 18:18:01] [BEAT] [aria] load=0.08 mem=6898/8059MB temp=50.7C disk=82%
[2026-03-18 18:19:01] [BEAT] [aria] load=0.07 mem=6900/8059MB temp=52.9C disk=82%
[2026-03-18 18:20:01] [FLEET] [aria] Starting cross-node health check
[2026-03-18 18:20:01] [BEAT] [aria] load=0.09 mem=6871/8059MB temp=51.2C disk=82%
[2026-03-18 18:20:02] [FLEET] [aria] alice: UP temp=32C mem=3141MB disk=85%
[2026-03-18 18:20:04] [FLEET] [aria] octavia: DOWN (no ping response)
[2026-03-18 18:20:04] [FLEET] [aria] cecilia: UP temp=56C mem=1539MB disk=34%
[2026-03-18 18:20:05] [FLEET] [aria] gematria: UP temp=C mem=5577MB disk=70%
[2026-03-18 18:20:06] [FLEET] [aria] lucidia: PING OK but SSH failed
[2026-03-18 18:20:08] [FLEET] [aria] anastasia: DOWN (no ping response)
[2026-03-18 18:21:01] [BEAT] [aria] load=0.15 mem=6901/8059MB temp=51.8C disk=82%
[2026-03-18 18:22:01] [BEAT] [aria] load=0.09 mem=6888/8059MB temp=50.7C disk=82%
[2026-03-18 18:23:01] [BEAT] [aria] load=0.48 mem=6895/8059MB temp=50.7C disk=82%
[2026-03-18 18:24:01] [BEAT] [aria] load=0.85 mem=6897/8059MB temp=52.4C disk=82%
[2026-03-18 18:25:01] [BEAT] [aria] load=0.39 mem=6869/8059MB temp=51.2C disk=82%
[2026-03-18 18:26:01] [BEAT] [aria] load=0.14 mem=6896/8059MB temp=51.2C disk=82%
[2026-03-18 18:27:01] [BEAT] [aria] load=0.10 mem=6891/8059MB temp=51.2C disk=82%
[2026-03-18 18:28:01] [BEAT] [aria] load=0.04 mem=6896/8059MB temp=51.2C disk=82%
[2026-03-18 18:29:01] [BEAT] [aria] load=0.05 mem=6899/8059MB temp=51.2C disk=82%
[2026-03-18 18:30:01] [FLEET] [aria] Starting cross-node health check
[2026-03-18 18:30:01] [BEAT] [aria] load=0.02 mem=6861/8059MB temp=51.8C disk=82%
[2026-03-18 18:30:02] [FLEET] [aria] alice: UP temp=35C mem=3122MB disk=85%
[2026-03-18 18:30:04] [FLEET] [aria] octavia: DOWN (no ping response)
[2026-03-18 18:30:04] [FLEET] [aria] cecilia: UP temp=44C mem=1483MB disk=34%
[2026-03-18 18:30:06] [FLEET] [aria] gematria: UP temp=C mem=5553MB disk=70%
[2026-03-18 18:30:06] [FLEET] [aria] lucidia: PING OK but SSH failed
[2026-03-18 18:30:08] [FLEET] [aria] anastasia: DOWN (no ping response)
[2026-03-18 18:30:46] [DIAL] [aria] Switchboard unreachable
[2026-03-18 18:31:01] [BEAT] [aria] load=0.00 mem=6891/8059MB temp=50.7C disk=82%
[2026-03-18 18:32:02] [BEAT] [aria] load=0.11 mem=6891/8059MB temp=51.2C disk=82%
[2026-03-18 18:33:02] [BEAT] [aria] load=0.20 mem=6894/8059MB temp=51.2C disk=82%
[2026-03-18 18:34:01] [BEAT] [aria] load=0.25 mem=6892/8059MB temp=51.2C disk=82%
[2026-03-18 18:35:01] [BEAT] [aria] load=0.12 mem=6858/8059MB temp=51.8C disk=82%
[2026-03-18 18:36:01] [BEAT] [aria] load=0.15 mem=6887/8059MB temp=50.7C disk=82%
[2026-03-18 18:37:01] [BEAT] [aria] load=0.20 mem=6889/8059MB temp=51.2C disk=82%
[2026-03-18 18:38:01] [BEAT] [aria] load=0.15 mem=6887/8059MB temp=50.7C disk=82%
[2026-03-18 18:39:01] [BEAT] [aria] load=0.21 mem=6887/8059MB temp=50.7C disk=82%
[2026-03-18 18:40:01] [FLEET] [aria] Starting cross-node health check
[2026-03-18 18:40:01] [BEAT] [aria] load=0.08 mem=6857/8059MB temp=51.8C disk=82%
[2026-03-18 18:40:02] [FLEET] [aria] alice: UP temp=34C mem=3146MB disk=85%
[2026-03-18 18:40:04] [FLEET] [aria] octavia: DOWN (no ping response)
[2026-03-18 18:40:04] [FLEET] [aria] cecilia: UP temp=39C mem=1580MB disk=34%
[2026-03-18 18:40:06] [FLEET] [aria] gematria: UP temp=C mem=5546MB disk=70%
[2026-03-18 18:40:06] [FLEET] [aria] lucidia: PING OK but SSH failed
[2026-03-18 18:40:08] [FLEET] [aria] anastasia: DOWN (no ping response)
[2026-03-18 18:41:01] [BEAT] [aria] load=0.03 mem=6888/8059MB temp=52.9C disk=82%
[2026-03-18 18:42:01] [BEAT] [aria] load=0.01 mem=6886/8059MB temp=51.2C disk=82%
[2026-03-18 18:43:01] [BEAT] [aria] load=0.25 mem=6888/8059MB temp=51.2C disk=82%
[2026-03-18 18:44:01] [BEAT] [aria] load=0.73 mem=6885/8059MB temp=50.7C disk=82%
[2026-03-18 18:45:01] [BEAT] [aria] load=1.01 mem=6839/8059MB temp=50.7C disk=82%
[2026-03-18 18:45:46] [DIAL] [aria] Switchboard unreachable
[2026-03-18 18:46:02] [BEAT] [aria] load=0.60 mem=6883/8059MB temp=51.8C disk=82%
[2026-03-18 18:47:01] [BEAT] [aria] load=0.22 mem=6881/8059MB temp=49.6C disk=82%
[2026-03-18 18:48:01] [BEAT] [aria] load=0.15 mem=6882/8059MB temp=49.6C disk=82%
[2026-03-18 18:49:01] [BEAT] [aria] load=0.21 mem=6881/8059MB temp=51.2C disk=82%
[2026-03-18 18:50:01] [FLEET] [aria] Starting cross-node health check
[2026-03-18 18:50:01] [BEAT] [aria] load=0.13 mem=6854/8059MB temp=50.7C disk=82%
[2026-03-18 18:50:01] [FLEET] [aria] alice: UP temp=34C mem=3147MB disk=85%
[2026-03-18 18:50:03] [FLEET] [aria] octavia: DOWN (no ping response)
[2026-03-18 18:50:03] [FLEET] [aria] cecilia: UP temp=52C mem=1515MB disk=34%
[2026-03-18 18:50:05] [FLEET] [aria] gematria: UP temp=C mem=5556MB disk=70%
[2026-03-18 18:50:05] [FLEET] [aria] lucidia: PING OK but SSH failed
[2026-03-18 18:50:07] [FLEET] [aria] anastasia: DOWN (no ping response)
[2026-03-18 18:51:01] [BEAT] [aria] load=0.11 mem=6882/8059MB temp=51.8C disk=82%
[2026-03-18 18:52:01] [BEAT] [aria] load=0.09 mem=6879/8059MB temp=50.7C disk=82%
[2026-03-18 18:53:01] [BEAT] [aria] load=0.10 mem=6878/8059MB temp=51.2C disk=82%
[2026-03-18 18:54:01] [BEAT] [aria] load=0.07 mem=6873/8059MB temp=51.2C disk=82%
[2026-03-18 18:55:01] [BEAT] [aria] load=0.11 mem=6847/8059MB temp=51.8C disk=82%
[2026-03-18 18:56:01] [BEAT] [aria] load=0.15 mem=6940/8059MB temp=50.1C disk=82%
[2026-03-18 18:57:01] [BEAT] [aria] load=0.15 mem=6932/8059MB temp=49.6C disk=82%
[2026-03-18 18:58:01] [BEAT] [aria] load=0.05 mem=6943/8059MB temp=49.0C disk=82%
[2026-03-18 18:59:01] [BEAT] [aria] load=0.19 mem=6939/8059MB temp=48.5C disk=82%
[2026-03-18 19:00:01] [FLEET] [aria] Starting cross-node health check
[2026-03-18 19:00:01] [BEAT] [aria] load=0.07 mem=6908/8059MB temp=49.6C disk=82%
[2026-03-18 19:00:02] [FLEET] [aria] alice: UP temp=34C mem=3139MB disk=85%
[2026-03-18 19:00:05] [FLEET] [aria] octavia: DOWN (no ping response)
[2026-03-18 19:00:06] [FLEET] [aria] cecilia: UP temp=42C mem=1556MB disk=34%
[2026-03-18 19:00:07] [FLEET] [aria] gematria: UP temp=C mem=5557MB disk=70%
[2026-03-18 19:00:08] [FLEET] [aria] lucidia: PING OK but SSH failed
[2026-03-18 19:00:10] [FLEET] [aria] anastasia: DOWN (no ping response)
[2026-03-18 19:00:46] [DIAL] [aria] Switchboard unreachable
[2026-03-18 19:01:01] [BEAT] [aria] load=0.23 mem=6935/8059MB temp=49.0C disk=82%
[2026-03-18 19:02:01] [BEAT] [aria] load=0.08 mem=6937/8059MB temp=49.6C disk=82%
[2026-03-18 19:03:01] [BEAT] [aria] load=0.03 mem=6941/8059MB temp=49.0C disk=82%
[2026-03-18 19:04:01] [BEAT] [aria] load=0.12 mem=6938/8059MB temp=49.6C disk=82%
[2026-03-18 19:05:01] [BEAT] [aria] load=0.58 mem=6918/8059MB temp=51.8C disk=82%
[2026-03-18 19:06:01] [BEAT] [aria] load=0.86 mem=6935/8059MB temp=49.6C disk=82%
[2026-03-18 19:07:01] [BEAT] [aria] load=0.31 mem=6939/8059MB temp=50.7C disk=82%
[2026-03-18 19:08:01] [BEAT] [aria] load=0.11 mem=6939/8059MB temp=49.6C disk=82%
[2026-03-18 19:09:01] [BEAT] [aria] load=0.15 mem=6928/8059MB temp=50.1C disk=82%
[2026-03-18 19:10:01] [FLEET] [aria] Starting cross-node health check
[2026-03-18 19:10:01] [BEAT] [aria] load=0.09 mem=6903/8059MB temp=50.7C disk=82%
[2026-03-18 19:10:01] [FLEET] [aria] alice: UP temp=34C mem=3138MB disk=85%
[2026-03-18 19:10:03] [FLEET] [aria] octavia: DOWN (no ping response)
[2026-03-18 19:10:04] [FLEET] [aria] cecilia: UP temp=38C mem=1537MB disk=34%
[2026-03-18 19:10:07] [FLEET] [aria] gematria: UP temp=C mem=5555MB disk=70%
[2026-03-18 19:10:08] [FLEET] [aria] lucidia: PING OK but SSH failed
[2026-03-18 19:10:10] [FLEET] [aria] anastasia: DOWN (no ping response)
[2026-03-18 19:11:01] [BEAT] [aria] load=0.09 mem=6932/8059MB temp=50.1C disk=82%
[2026-03-18 19:12:01] [BEAT] [aria] load=0.06 mem=6938/8059MB temp=50.1C disk=82%
[2026-03-18 19:13:01] [BEAT] [aria] load=0.02 mem=6960/8059MB temp=49.6C disk=82%
[2026-03-18 19:14:01] [BEAT] [aria] load=0.04 mem=6960/8059MB temp=50.1C disk=82%
[2026-03-18 19:15:01] [BEAT] [aria] load=0.12 mem=6939/8059MB temp=51.2C disk=82%
[2026-03-18 19:15:46] [DIAL] [aria] Switchboard unreachable
[2026-03-18 19:16:01] [BEAT] [aria] load=0.04 mem=6960/8059MB temp=50.7C disk=82%
[2026-03-18 19:17:01] [BEAT] [aria] load=0.06 mem=6964/8059MB temp=50.1C disk=82%
[2026-03-18 19:18:01] [BEAT] [aria] load=0.10 mem=6951/8059MB temp=50.1C disk=82%
[2026-03-18 19:19:01] [BEAT] [aria] load=0.21 mem=6962/8059MB temp=50.1C disk=82%
[2026-03-18 19:20:01] [FLEET] [aria] Starting cross-node health check
[2026-03-18 19:20:01] [BEAT] [aria] load=0.15 mem=6924/8059MB temp=51.2C disk=82%
[2026-03-18 19:20:01] [FLEET] [aria] alice: UP temp=33C mem=3148MB disk=85%
[2026-03-18 19:20:03] [FLEET] [aria] octavia: DOWN (no ping response)
[2026-03-18 19:20:04] [FLEET] [aria] cecilia: UP temp=37C mem=1527MB disk=34%
[2026-03-18 19:20:05] [FLEET] [aria] gematria: UP temp=C mem=5573MB disk=70%
[2026-03-18 19:20:05] [FLEET] [aria] lucidia: PING OK but SSH failed
[2026-03-18 19:20:07] [FLEET] [aria] anastasia: DOWN (no ping response)
[2026-03-18 19:21:01] [BEAT] [aria] load=0.27 mem=6960/8059MB temp=50.7C disk=82%
[2026-03-18 19:22:01] [BEAT] [aria] load=0.10 mem=6960/8059MB temp=50.7C disk=82%
[2026-03-18 19:23:01] [BEAT] [aria] load=0.04 mem=6963/8059MB temp=50.7C disk=82%
[2026-03-18 19:24:01] [BEAT] [aria] load=0.12 mem=6962/8059MB temp=50.7C disk=82%
[2026-03-18 19:25:02] [BEAT] [aria] load=0.07 mem=6935/8059MB temp=51.8C disk=82%
[2026-03-18 19:26:01] [BEAT] [aria] load=1.05 mem=6957/8059MB temp=49.0C disk=82%
[2026-03-18 19:27:01] [BEAT] [aria] load=1.02 mem=6961/8059MB temp=51.8C disk=82%
[2026-03-18 19:28:01] [BEAT] [aria] load=0.44 mem=6962/8059MB temp=51.2C disk=82%
[2026-03-18 19:29:01] [BEAT] [aria] load=0.35 mem=6961/8059MB temp=51.2C disk=82%
[2026-03-18 19:30:01] [FLEET] [aria] Starting cross-node health check
[2026-03-18 19:30:01] [BEAT] [aria] load=0.23 mem=6929/8059MB temp=51.2C disk=82%
[2026-03-18 19:30:01] [FLEET] [aria] alice: UP temp=35C mem=3131MB disk=85%
[2026-03-18 19:30:03] [FLEET] [aria] octavia: DOWN (no ping response)
[2026-03-18 19:30:04] [FLEET] [aria] cecilia: UP temp=38C mem=1520MB disk=34%
[2026-03-18 19:30:05] [FLEET] [aria] gematria: UP temp=C mem=5564MB disk=70%
[2026-03-18 19:30:06] [FLEET] [aria] lucidia: PING OK but SSH failed
[2026-03-18 19:30:08] [FLEET] [aria] anastasia: DOWN (no ping response)
[2026-03-18 19:30:46] [DIAL] [aria] Switchboard unreachable
[2026-03-18 19:31:01] [BEAT] [aria] load=0.14 mem=6947/8059MB temp=51.2C disk=82%
[2026-03-18 19:32:01] [BEAT] [aria] load=0.22 mem=6966/8059MB temp=51.8C disk=82%
[2026-03-18 19:33:01] [BEAT] [aria] load=0.12 mem=6964/8059MB temp=51.2C disk=82%
[2026-03-18 19:34:01] [BEAT] [aria] load=0.04 mem=6961/8059MB temp=51.2C disk=82%
[2026-03-18 19:35:01] [BEAT] [aria] load=0.05 mem=6937/8059MB temp=51.8C disk=82%
[2026-03-18 19:36:01] [BEAT] [aria] load=0.10 mem=6943/8059MB temp=51.2C disk=82%
[2026-03-18 19:37:01] [BEAT] [aria] load=0.03 mem=6960/8059MB temp=51.2C disk=82%
[2026-03-18 19:38:01] [BEAT] [aria] load=0.01 mem=6950/8059MB temp=51.2C disk=82%
[2026-03-18 19:39:01] [BEAT] [aria] load=0.08 mem=6964/8059MB temp=50.7C disk=82%
[2026-03-18 19:40:01] [FLEET] [aria] Starting cross-node health check
[2026-03-18 19:40:01] [BEAT] [aria] load=0.08 mem=6915/8059MB temp=51.2C disk=82%
[2026-03-18 19:40:01] [FLEET] [aria] alice: UP temp=34C mem=3143MB disk=85%
[2026-03-18 19:40:03] [FLEET] [aria] octavia: DOWN (no ping response)
[2026-03-18 19:40:04] [FLEET] [aria] cecilia: UP temp=37C mem=1593MB disk=34%
[2026-03-18 19:40:05] [FLEET] [aria] gematria: UP temp=C mem=5553MB disk=70%
[2026-03-18 19:40:06] [FLEET] [aria] lucidia: PING OK but SSH failed
[2026-03-18 19:40:08] [FLEET] [aria] anastasia: DOWN (no ping response)
[2026-03-18 19:41:01] [BEAT] [aria] load=0.03 mem=6940/8059MB temp=51.8C disk=82%
[2026-03-18 19:42:01] [BEAT] [aria] load=0.08 mem=6965/8059MB temp=51.8C disk=82%
[2026-03-18 19:43:01] [BEAT] [aria] load=0.03 mem=6961/8059MB temp=52.4C disk=82%
[2026-03-18 19:44:01] [BEAT] [aria] load=0.01 mem=6961/8059MB temp=51.2C disk=82%
[2026-03-18 19:45:01] [BEAT] [aria] load=0.16 mem=6935/8059MB temp=51.2C disk=82%
[2026-03-18 19:45:46] [DIAL] [aria] Switchboard unreachable
[2026-03-18 19:46:01] [BEAT] [aria] load=0.06 mem=6959/8059MB temp=51.8C disk=82%
[2026-03-18 19:47:01] [BEAT] [aria] load=0.82 mem=6962/8059MB temp=51.2C disk=82%
[2026-03-18 19:48:01] [BEAT] [aria] load=0.91 mem=6961/8059MB temp=52.4C disk=82%
[2026-03-18 19:49:01] [BEAT] [aria] load=0.33 mem=6963/8059MB temp=51.2C disk=82%
[2026-03-18 19:50:01] [FLEET] [aria] Starting cross-node health check
[2026-03-18 19:50:01] [BEAT] [aria] load=0.12 mem=6929/8059MB temp=51.8C disk=82%
[2026-03-18 19:50:02] [FLEET] [aria] alice: UP temp=33C mem=3138MB disk=85%
[2026-03-18 19:50:04] [FLEET] [aria] octavia: DOWN (no ping response)
[2026-03-18 19:50:04] [FLEET] [aria] cecilia: UP temp=37C mem=1557MB disk=34%
[2026-03-18 19:50:06] [FLEET] [aria] gematria: UP temp=C mem=5557MB disk=70%
[2026-03-18 19:50:06] [FLEET] [aria] lucidia: PING OK but SSH failed
[2026-03-18 19:50:08] [FLEET] [aria] anastasia: DOWN (no ping response)
[2026-03-18 19:51:01] [BEAT] [aria] load=0.08 mem=6951/8059MB temp=51.2C disk=82%
[2026-03-18 19:52:01] [BEAT] [aria] load=0.24 mem=6950/8059MB temp=51.2C disk=82%
[2026-03-18 19:53:01] [BEAT] [aria] load=0.09 mem=6956/8059MB temp=50.7C disk=82%
[2026-03-18 19:54:01] [BEAT] [aria] load=0.11 mem=6956/8059MB temp=50.1C disk=82%
[2026-03-18 19:55:01] [BEAT] [aria] load=0.04 mem=6921/8059MB temp=50.1C disk=82%
[2026-03-18 19:56:02] [BEAT] [aria] load=0.28 mem=6952/8059MB temp=49.0C disk=82%
[2026-03-18 19:57:01] [BEAT] [aria] load=0.10 mem=6953/8059MB temp=49.0C disk=82%
[2026-03-18 19:58:01] [BEAT] [aria] load=0.08 mem=6955/8059MB temp=49.0C disk=82%
[2026-03-18 19:59:01] [BEAT] [aria] load=0.03 mem=6954/8059MB temp=50.1C disk=82%
[2026-03-18 20:00:01] [FLEET] [aria] Starting cross-node health check
[2026-03-18 20:00:01] [BEAT] [aria] load=0.01 mem=6918/8059MB temp=48.0C disk=82%
[2026-03-18 20:00:01] [FLEET] [aria] alice: UP temp=33C mem=3148MB disk=85%
[2026-03-18 20:00:03] [FLEET] [aria] octavia: DOWN (no ping response)
[2026-03-18 20:00:03] [FLEET] [aria] cecilia: UP temp=35C mem=1546MB disk=34%
[2026-03-18 20:00:05] [FLEET] [aria] gematria: UP temp=C mem=5552MB disk=70%
[2026-03-18 20:00:06] [FLEET] [aria] lucidia: PING OK but SSH failed
[2026-03-18 20:00:08] [FLEET] [aria] anastasia: DOWN (no ping response)
[2026-03-18 20:00:46] [DIAL] [aria] Switchboard unreachable
[2026-03-18 20:01:01] [BEAT] [aria] load=0.08 mem=6956/8059MB temp=50.1C disk=82%
[2026-03-18 20:02:01] [BEAT] [aria] load=0.11 mem=6955/8059MB temp=49.0C disk=82%
[2026-03-18 20:03:01] [BEAT] [aria] load=0.09 mem=6953/8059MB temp=49.6C disk=82%
[2026-03-18 20:04:01] [BEAT] [aria] load=0.03 mem=6952/8059MB temp=49.0C disk=82%
[2026-03-18 20:05:01] [BEAT] [aria] load=0.01 mem=6924/8059MB temp=51.2C disk=82%
[2026-03-18 20:06:01] [BEAT] [aria] load=0.00 mem=6955/8059MB temp=49.0C disk=82%
[2026-03-18 20:07:01] [BEAT] [aria] load=0.15 mem=6955/8059MB temp=49.6C disk=82%
[2026-03-18 20:08:01] [BEAT] [aria] load=0.83 mem=6952/8059MB temp=50.1C disk=82%
[2026-03-18 20:09:01] [BEAT] [aria] load=0.56 mem=6953/8059MB temp=49.6C disk=82%
[2026-03-18 20:10:01] [FLEET] [aria] Starting cross-node health check
[2026-03-18 20:10:01] [BEAT] [aria] load=0.20 mem=6924/8059MB temp=50.1C disk=82%
[2026-03-18 20:10:02] [FLEET] [aria] alice: UP temp=34C mem=3133MB disk=85%
[2026-03-18 20:10:04] [FLEET] [aria] octavia: DOWN (no ping response)
[2026-03-18 20:10:04] [FLEET] [aria] cecilia: UP temp=38C mem=1524MB disk=34%
[2026-03-18 20:10:06] [FLEET] [aria] gematria: UP temp=C mem=5535MB disk=70%
[2026-03-18 20:10:06] [FLEET] [aria] lucidia: PING OK but SSH failed
[2026-03-18 20:10:08] [FLEET] [aria] anastasia: DOWN (no ping response)
[2026-03-18 20:11:01] [BEAT] [aria] load=0.17 mem=6953/8059MB temp=49.6C disk=82%
[2026-03-18 20:12:01] [BEAT] [aria] load=0.15 mem=6955/8059MB temp=50.7C disk=82%
[2026-03-18 20:13:01] [BEAT] [aria] load=0.05 mem=6954/8059MB temp=50.1C disk=82%
[2026-03-18 20:14:01] [BEAT] [aria] load=0.10 mem=6958/8059MB temp=50.1C disk=82%
[2026-03-18 20:15:01] [BEAT] [aria] load=0.04 mem=6919/8059MB temp=51.8C disk=82%
[2026-03-18 20:15:47] [DIAL] [aria] Switchboard unreachable
[2026-03-18 20:16:01] [BEAT] [aria] load=0.01 mem=6954/8059MB temp=51.2C disk=82%
[2026-03-18 20:17:01] [BEAT] [aria] load=0.18 mem=6940/8059MB temp=50.1C disk=82%
[2026-03-18 20:18:01] [BEAT] [aria] load=0.13 mem=6939/8059MB temp=50.1C disk=82%
[2026-03-18 20:19:01] [BEAT] [aria] load=0.10 mem=6939/8059MB temp=51.2C disk=82%
[2026-03-18 20:20:01] [FLEET] [aria] Starting cross-node health check
[2026-03-18 20:20:01] [BEAT] [aria] load=0.04 mem=6921/8059MB temp=50.7C disk=82%
[2026-03-18 20:20:01] [FLEET] [aria] alice: UP temp=33C mem=3145MB disk=85%
[2026-03-18 20:20:03] [FLEET] [aria] octavia: DOWN (no ping response)
[2026-03-18 20:20:03] [FLEET] [aria] cecilia: UP temp=36C mem=1550MB disk=34%
[2026-03-18 20:20:05] [FLEET] [aria] gematria: UP temp=C mem=5560MB disk=70%
[2026-03-18 20:20:05] [FLEET] [aria] lucidia: PING OK but SSH failed
[2026-03-18 20:20:07] [FLEET] [aria] anastasia: DOWN (no ping response)
[2026-03-18 20:21:01] [BEAT] [aria] load=0.01 mem=6949/8059MB temp=50.1C disk=82%
[2026-03-18 20:22:01] [BEAT] [aria] load=0.09 mem=6952/8059MB temp=50.7C disk=82%
[2026-03-18 20:23:01] [BEAT] [aria] load=0.07 mem=6949/8059MB temp=51.2C disk=82%
[2026-03-18 20:24:01] [BEAT] [aria] load=0.10 mem=6948/8059MB temp=50.1C disk=82%
[2026-03-18 20:25:01] [BEAT] [aria] load=0.10 mem=6919/8059MB temp=52.4C disk=82%
[2026-03-18 20:26:01] [BEAT] [aria] load=0.03 mem=6951/8059MB temp=50.1C disk=82%
[2026-03-18 20:27:01] [BEAT] [aria] load=0.15 mem=6953/8059MB temp=51.8C disk=82%
[2026-03-18 20:28:01] [BEAT] [aria] load=0.55 mem=6951/8059MB temp=51.8C disk=82%
[2026-03-18 20:29:01] [BEAT] [aria] load=0.92 mem=6951/8059MB temp=50.1C disk=82%
[2026-03-18 20:30:01] [FLEET] [aria] Starting cross-node health check
[2026-03-18 20:30:01] [BEAT] [aria] load=0.68 mem=6916/8059MB temp=51.2C disk=82%
[2026-03-18 20:30:01] [FLEET] [aria] alice: UP temp=33C mem=3143MB disk=85%
[2026-03-18 20:30:03] [FLEET] [aria] octavia: DOWN (no ping response)
[2026-03-18 20:30:03] [FLEET] [aria] cecilia: UP temp=38C mem=1509MB disk=34%
[2026-03-18 20:30:05] [FLEET] [aria] gematria: UP temp=C mem=5564MB disk=70%
[2026-03-18 20:30:05] [FLEET] [aria] lucidia: PING OK but SSH failed
[2026-03-18 20:30:07] [FLEET] [aria] anastasia: DOWN (no ping response)
[2026-03-18 20:30:46] [DIAL] [aria] Switchboard unreachable
[2026-03-18 20:31:01] [BEAT] [aria] load=0.25 mem=6948/8059MB temp=51.2C disk=82%
[2026-03-18 20:32:01] [BEAT] [aria] load=0.24 mem=6945/8059MB temp=50.1C disk=82%
[2026-03-18 20:33:01] [BEAT] [aria] load=0.32 mem=6945/8059MB temp=50.7C disk=82%
[2026-03-18 20:34:01] [BEAT] [aria] load=0.20 mem=6951/8059MB temp=50.7C disk=82%
[2026-03-18 20:35:01] [BEAT] [aria] load=0.13 mem=6915/8059MB temp=49.6C disk=82%
[2026-03-18 20:36:01] [BEAT] [aria] load=0.08 mem=6953/8059MB temp=51.2C disk=82%
[2026-03-18 20:37:01] [BEAT] [aria] load=0.27 mem=6948/8059MB temp=51.8C disk=82%
[2026-03-18 20:38:01] [BEAT] [aria] load=0.20 mem=6951/8059MB temp=50.7C disk=82%
[2026-03-18 20:39:01] [BEAT] [aria] load=0.17 mem=6941/8059MB temp=51.2C disk=82%
[2026-03-18 20:40:01] [FLEET] [aria] Starting cross-node health check
[2026-03-18 20:40:01] [BEAT] [aria] load=0.20 mem=6913/8059MB temp=51.8C disk=82%
[2026-03-18 20:40:02] [FLEET] [aria] alice: UP temp=36C mem=3140MB disk=85%
[2026-03-18 20:40:04] [FLEET] [aria] octavia: DOWN (no ping response)
[2026-03-18 20:40:04] [FLEET] [aria] cecilia: UP temp=37C mem=1538MB disk=34%
[2026-03-18 20:40:06] [FLEET] [aria] gematria: UP temp=C mem=5555MB disk=70%
[2026-03-18 20:40:06] [FLEET] [aria] lucidia: PING OK but SSH failed
[2026-03-18 20:40:08] [FLEET] [aria] anastasia: DOWN (no ping response)
[2026-03-18 20:41:01] [BEAT] [aria] load=0.10 mem=6942/8059MB temp=51.2C disk=82%
[2026-03-18 20:42:01] [BEAT] [aria] load=0.22 mem=6941/8059MB temp=51.8C disk=82%
[2026-03-18 20:43:01] [BEAT] [aria] load=0.08 mem=6941/8059MB temp=50.1C disk=82%
[2026-03-18 20:44:01] [BEAT] [aria] load=0.15 mem=6940/8059MB temp=50.1C disk=82%
[2026-03-18 20:45:01] [BEAT] [aria] load=0.10 mem=6920/8059MB temp=51.2C disk=82%
[2026-03-18 20:45:46] [DIAL] [aria] Switchboard unreachable
[2026-03-18 20:46:01] [BEAT] [aria] load=0.04 mem=6943/8059MB temp=50.7C disk=82%
[2026-03-18 20:47:01] [BEAT] [aria] load=0.06 mem=6938/8059MB temp=51.2C disk=82%
[2026-03-18 20:48:01] [BEAT] [aria] load=0.06 mem=6940/8059MB temp=50.7C disk=82%
[2026-03-18 20:49:01] [BEAT] [aria] load=0.80 mem=6941/8059MB temp=50.7C disk=82%
[2026-03-18 20:50:01] [FLEET] [aria] Starting cross-node health check
[2026-03-18 20:50:01] [BEAT] [aria] load=0.97 mem=6917/8059MB temp=50.7C disk=82%
[2026-03-18 20:50:02] [FLEET] [aria] alice: UP temp=36C mem=3133MB disk=86%
[2026-03-18 20:50:04] [FLEET] [aria] octavia: DOWN (no ping response)
[2026-03-18 20:50:04] [FLEET] [aria] cecilia: UP temp=51C mem=1525MB disk=34%
[2026-03-18 20:50:06] [FLEET] [aria] gematria: UP temp=C mem=5558MB disk=70%
[2026-03-18 20:50:06] [FLEET] [aria] lucidia: PING OK but SSH failed
[2026-03-18 20:50:08] [FLEET] [aria] anastasia: DOWN (no ping response)
[2026-03-18 20:51:01] [BEAT] [aria] load=0.42 mem=6946/8059MB temp=50.7C disk=82%
[2026-03-18 20:52:01] [BEAT] [aria] load=0.15 mem=6940/8059MB temp=51.8C disk=82%
[2026-03-18 20:53:01] [BEAT] [aria] load=0.10 mem=6940/8059MB temp=50.7C disk=82%
[2026-03-18 20:54:01] [BEAT] [aria] load=0.04 mem=6942/8059MB temp=50.1C disk=82%
[2026-03-18 20:55:01] [BEAT] [aria] load=0.12 mem=6916/8059MB temp=49.6C disk=82%
[2026-03-18 20:56:01] [BEAT] [aria] load=0.05 mem=6942/8059MB temp=50.1C disk=82%
[2026-03-18 20:57:01] [BEAT] [aria] load=0.11 mem=6939/8059MB temp=49.6C disk=82%
[2026-03-18 20:58:01] [BEAT] [aria] load=0.11 mem=6942/8059MB temp=49.6C disk=82%
[2026-03-18 20:59:01] [BEAT] [aria] load=0.04 mem=6944/8059MB temp=49.6C disk=82%
[2026-03-18 21:00:01] [FLEET] [aria] Starting cross-node health check
[2026-03-18 21:00:01] [BEAT] [aria] load=0.12 mem=6907/8059MB temp=50.1C disk=82%
[2026-03-18 21:00:01] [FLEET] [aria] alice: UP temp=35C mem=3123MB disk=86%
[2026-03-18 21:00:03] [FLEET] [aria] octavia: DOWN (no ping response)
[2026-03-18 21:00:04] [FLEET] [aria] cecilia: UP temp=37C mem=1519MB disk=34%
[2026-03-18 21:00:05] [FLEET] [aria] gematria: UP temp=C mem=5565MB disk=70%
[2026-03-18 21:00:06] [FLEET] [aria] lucidia: PING OK but SSH failed
[2026-03-18 21:00:08] [FLEET] [aria] anastasia: DOWN (no ping response)
[2026-03-18 21:00:46] [DIAL] [aria] Switchboard unreachable
[2026-03-18 21:01:01] [BEAT] [aria] load=0.04 mem=6941/8059MB temp=48.5C disk=82%
[2026-03-18 21:02:01] [BEAT] [aria] load=0.01 mem=6939/8059MB temp=49.0C disk=82%
[2026-03-18 21:03:01] [BEAT] [aria] load=0.11 mem=6940/8059MB temp=49.0C disk=82%
[2026-03-18 21:04:01] [BEAT] [aria] load=0.16 mem=6940/8059MB temp=48.5C disk=82%
[2026-03-18 21:05:01] [BEAT] [aria] load=0.14 mem=6908/8059MB temp=50.7C disk=82%
[2026-03-18 21:06:01] [BEAT] [aria] load=0.05 mem=6940/8059MB temp=49.6C disk=82%
[2026-03-18 21:07:01] [BEAT] [aria] load=0.02 mem=6940/8059MB temp=49.6C disk=82%
[2026-03-18 21:08:01] [BEAT] [aria] load=0.00 mem=6941/8059MB temp=49.6C disk=82%
[2026-03-18 21:09:01] [BEAT] [aria] load=0.10 mem=6943/8059MB temp=49.6C disk=82%
[2026-03-18 21:10:01] [FLEET] [aria] Starting cross-node health check
[2026-03-18 21:10:01] [BEAT] [aria] load=0.54 mem=6919/8059MB temp=49.0C disk=82%
[2026-03-18 21:10:02] [FLEET] [aria] alice: UP temp=35C mem=3137MB disk=86%
[2026-03-18 21:10:04] [FLEET] [aria] octavia: DOWN (no ping response)
[2026-03-18 21:10:04] [FLEET] [aria] cecilia: UP temp=37C mem=1507MB disk=34%
[2026-03-18 21:10:05] [FLEET] [aria] gematria: UP temp=C mem=5538MB disk=70%
[2026-03-18 21:10:06] [FLEET] [aria] lucidia: PING OK but SSH failed
[2026-03-18 21:10:08] [FLEET] [aria] anastasia: DOWN (no ping response)
[2026-03-18 21:11:01] [BEAT] [aria] load=0.86 mem=6942/8059MB temp=50.1C disk=82%
[2026-03-18 21:12:01] [BEAT] [aria] load=0.32 mem=6940/8059MB temp=50.1C disk=82%
[2026-03-18 21:13:01] [BEAT] [aria] load=0.11 mem=6939/8059MB temp=50.7C disk=82%
[2026-03-18 21:14:01] [BEAT] [aria] load=0.11 mem=6940/8059MB temp=49.6C disk=82%
[2026-03-18 21:15:01] [BEAT] [aria] load=0.04 mem=6917/8059MB temp=50.7C disk=82%
[2026-03-18 21:15:46] [DIAL] [aria] Switchboard unreachable
[2026-03-18 21:16:01] [BEAT] [aria] load=0.07 mem=6940/8059MB temp=49.6C disk=82%
[2026-03-18 21:17:01] [BEAT] [aria] load=0.02 mem=6940/8059MB temp=49.6C disk=82%
[2026-03-18 21:18:01] [BEAT] [aria] load=0.01 mem=6943/8059MB temp=51.2C disk=82%
[2026-03-18 21:19:01] [BEAT] [aria] load=0.00 mem=6939/8059MB temp=49.6C disk=82%
[2026-03-18 21:20:01] [FLEET] [aria] Starting cross-node health check
[2026-03-18 21:20:01] [BEAT] [aria] load=0.04 mem=6918/8059MB temp=49.6C disk=82%
[2026-03-18 21:20:02] [FLEET] [aria] alice: UP temp=35C mem=3127MB disk=86%
[2026-03-18 21:20:04] [FLEET] [aria] octavia: DOWN (no ping response)
[2026-03-18 21:20:04] [FLEET] [aria] cecilia: UP temp=37C mem=1480MB disk=34%
[2026-03-18 21:20:06] [FLEET] [aria] gematria: UP temp=C mem=5538MB disk=70%
[2026-03-18 21:20:07] [FLEET] [aria] lucidia: PING OK but SSH failed
[2026-03-18 21:20:09] [FLEET] [aria] anastasia: DOWN (no ping response)
[2026-03-18 21:21:01] [BEAT] [aria] load=0.09 mem=6938/8059MB temp=50.1C disk=82%
[2026-03-18 21:22:01] [BEAT] [aria] load=0.07 mem=6937/8059MB temp=50.7C disk=82%
[2026-03-18 21:23:01] [BEAT] [aria] load=0.02 mem=6940/8059MB temp=49.6C disk=82%
[2026-03-18 21:24:01] [BEAT] [aria] load=0.01 mem=6945/8059MB temp=49.6C disk=82%
[2026-03-18 21:25:01] [BEAT] [aria] load=0.13 mem=6915/8059MB temp=51.2C disk=82%
[2026-03-18 21:26:01] [BEAT] [aria] load=0.18 mem=6943/8059MB temp=50.1C disk=82%
[2026-03-18 21:27:01] [BEAT] [aria] load=0.17 mem=6941/8059MB temp=51.8C disk=82%
[2026-03-18 21:28:01] [BEAT] [aria] load=0.06 mem=6941/8059MB temp=51.2C disk=82%
[2026-03-18 21:29:01] [BEAT] [aria] load=0.14 mem=6939/8059MB temp=51.8C disk=82%
[2026-03-18 21:30:02] [FLEET] [aria] Starting cross-node health check
[2026-03-18 21:30:02] [BEAT] [aria] load=0.12 mem=6908/8059MB temp=51.2C disk=82%
[2026-03-18 21:30:02] [FLEET] [aria] alice: UP temp=35C mem=3133MB disk=86%
[2026-03-18 21:30:04] [FLEET] [aria] octavia: DOWN (no ping response)
[2026-03-18 21:30:04] [FLEET] [aria] cecilia: UP temp=37C mem=1522MB disk=34%
[2026-03-18 21:30:06] [FLEET] [aria] gematria: UP temp=C mem=5576MB disk=70%
[2026-03-18 21:30:08] [FLEET] [aria] lucidia: PING OK but SSH failed
[2026-03-18 21:30:10] [FLEET] [aria] anastasia: DOWN (no ping response)
[2026-03-18 21:30:47] [DIAL] [aria] Switchboard unreachable
[2026-03-18 21:31:01] [BEAT] [aria] load=0.64 mem=6942/8059MB temp=50.1C disk=82%
[2026-03-18 21:32:01] [BEAT] [aria] load=1.06 mem=6942/8059MB temp=50.7C disk=82%
[2026-03-18 21:33:01] [BEAT] [aria] load=0.45 mem=6941/8059MB temp=51.2C disk=82%
[2026-03-18 21:34:01] [BEAT] [aria] load=0.16 mem=6940/8059MB temp=51.2C disk=82%
[2026-03-18 21:35:01] [BEAT] [aria] load=0.06 mem=6912/8059MB temp=50.1C disk=82%
[2026-03-18 21:36:01] [BEAT] [aria] load=0.09 mem=6942/8059MB temp=50.7C disk=82%
[2026-03-18 21:37:01] [BEAT] [aria] load=0.11 mem=6941/8059MB temp=50.7C disk=82%
[2026-03-18 21:38:01] [BEAT] [aria] load=0.04 mem=6940/8059MB temp=50.7C disk=82%
[2026-03-18 21:39:01] [BEAT] [aria] load=0.01 mem=6942/8059MB temp=50.7C disk=82%
[2026-03-18 21:40:01] [FLEET] [aria] Starting cross-node health check
[2026-03-18 21:40:01] [BEAT] [aria] load=0.07 mem=6905/8059MB temp=51.2C disk=82%
[2026-03-18 21:40:02] [FLEET] [aria] alice: UP temp=34C mem=3135MB disk=86%
[2026-03-18 21:40:04] [FLEET] [aria] octavia: DOWN (no ping response)
[2026-03-18 21:40:04] [FLEET] [aria] cecilia: UP temp=37C mem=1535MB disk=34%
[2026-03-18 21:40:05] [FLEET] [aria] gematria: UP temp=C mem=5570MB disk=70%
[2026-03-18 21:40:06] [FLEET] [aria] lucidia: PING OK but SSH failed
[2026-03-18 21:40:08] [FLEET] [aria] anastasia: DOWN (no ping response)
[2026-03-18 21:41:01] [BEAT] [aria] load=0.08 mem=6940/8059MB temp=51.2C disk=82%
[2026-03-18 21:42:01] [BEAT] [aria] load=0.06 mem=6913/8059MB temp=51.2C disk=82%
[2026-03-18 21:43:01] [BEAT] [aria] load=0.13 mem=6924/8059MB temp=50.1C disk=82%
[2026-03-18 21:44:01] [BEAT] [aria] load=0.05 mem=6922/8059MB temp=50.1C disk=82%
[2026-03-18 21:45:01] [BEAT] [aria] load=0.08 mem=6885/8059MB temp=54.0C disk=82%
[2026-03-18 21:45:46] [DIAL] [aria] Switchboard unreachable
[2026-03-18 21:46:01] [BEAT] [aria] load=0.21 mem=6929/8059MB temp=50.7C disk=82%
[2026-03-18 21:47:01] [BEAT] [aria] load=0.14 mem=6921/8059MB temp=51.8C disk=82%
[2026-03-18 21:48:01] [BEAT] [aria] load=0.09 mem=6926/8059MB temp=51.2C disk=82%
[2026-03-18 21:49:01] [BEAT] [aria] load=0.03 mem=6930/8059MB temp=51.2C disk=82%
[2026-03-18 21:50:01] [FLEET] [aria] Starting cross-node health check
[2026-03-18 21:50:01] [BEAT] [aria] load=0.11 mem=6904/8059MB temp=52.4C disk=82%
[2026-03-18 21:50:02] [FLEET] [aria] alice: UP temp=34C mem=3134MB disk=86%
[2026-03-18 21:50:04] [FLEET] [aria] octavia: DOWN (no ping response)
[2026-03-18 21:50:04] [FLEET] [aria] cecilia: UP temp=37C mem=1548MB disk=34%
[2026-03-18 21:50:05] [FLEET] [aria] gematria: UP temp=C mem=5549MB disk=70%
[2026-03-18 21:50:06] [FLEET] [aria] lucidia: PING OK but SSH failed
[2026-03-18 21:50:08] [FLEET] [aria] anastasia: DOWN (no ping response)
[2026-03-18 21:51:01] [BEAT] [aria] load=0.04 mem=6915/8059MB temp=50.7C disk=82%
[2026-03-18 21:52:01] [BEAT] [aria] load=0.75 mem=6908/8059MB temp=51.8C disk=82%
[2026-03-18 21:53:01] [BEAT] [aria] load=0.96 mem=6917/8059MB temp=49.0C disk=82%
[2026-03-18 21:54:01] [BEAT] [aria] load=0.35 mem=6919/8059MB temp=50.1C disk=82%
[2026-03-18 21:55:01] [BEAT] [aria] load=0.37 mem=6896/8059MB temp=50.1C disk=82%
[2026-03-18 21:56:02] [BEAT] [aria] load=0.13 mem=6918/8059MB temp=49.6C disk=82%
[2026-03-18 21:57:01] [BEAT] [aria] load=0.10 mem=6917/8059MB temp=50.1C disk=82%
[2026-03-18 21:58:01] [BEAT] [aria] load=0.04 mem=6918/8059MB temp=48.5C disk=82%
[2026-03-18 21:59:01] [BEAT] [aria] load=0.18 mem=6919/8059MB temp=49.6C disk=82%
[2026-03-18 22:00:01] [FLEET] [aria] Starting cross-node health check
[2026-03-18 22:00:01] [BEAT] [aria] load=0.06 mem=6867/8059MB temp=49.6C disk=82%
[2026-03-18 22:00:01] [FLEET] [aria] alice: UP temp=32C mem=3145MB disk=86%
[2026-03-18 22:00:03] [FLEET] [aria] octavia: DOWN (no ping response)
[2026-03-18 22:00:03] [FLEET] [aria] cecilia: UP temp=36C mem=1513MB disk=34%
[2026-03-18 22:00:05] [FLEET] [aria] gematria: UP temp=C mem=5548MB disk=70%
[2026-03-18 22:00:06] [FLEET] [aria] lucidia: PING OK but SSH failed
[2026-03-18 22:00:08] [FLEET] [aria] anastasia: DOWN (no ping response)
[2026-03-18 22:00:46] [DIAL] [aria] Switchboard unreachable
[2026-03-18 22:01:01] [BEAT] [aria] load=0.12 mem=6915/8059MB temp=49.0C disk=82%
[2026-03-18 22:02:01] [BEAT] [aria] load=0.12 mem=6910/8059MB temp=49.6C disk=82%
[2026-03-18 22:03:01] [BEAT] [aria] load=0.14 mem=6918/8059MB temp=48.5C disk=82%
[2026-03-18 22:04:01] [BEAT] [aria] load=0.05 mem=6914/8059MB temp=49.0C disk=82%
[2026-03-18 22:05:01] [BEAT] [aria] load=0.02 mem=6884/8059MB temp=49.6C disk=82%
[2026-03-18 22:06:01] [BEAT] [aria] load=0.05 mem=6914/8059MB temp=49.0C disk=82%
[2026-03-18 22:07:01] [BEAT] [aria] load=0.02 mem=6912/8059MB temp=49.6C disk=82%
[2026-03-18 22:08:01] [BEAT] [aria] load=0.04 mem=6918/8059MB temp=50.1C disk=82%
[2026-03-18 22:09:01] [BEAT] [aria] load=0.01 mem=6918/8059MB temp=48.5C disk=82%
[2026-03-18 22:10:01] [FLEET] [aria] Starting cross-node health check
[2026-03-18 22:10:01] [BEAT] [aria] load=0.06 mem=6888/8059MB temp=49.0C disk=82%
[2026-03-18 22:10:02] [FLEET] [aria] alice: UP temp=32C mem=3140MB disk=86%
[2026-03-18 22:10:04] [FLEET] [aria] octavia: DOWN (no ping response)
[2026-03-18 22:10:04] [FLEET] [aria] cecilia: UP temp=35C mem=1512MB disk=34%
[2026-03-18 22:10:06] [FLEET] [aria] gematria: UP temp=C mem=5560MB disk=70%
[2026-03-18 22:10:06] [FLEET] [aria] lucidia: PING OK but SSH failed
[2026-03-18 22:10:08] [FLEET] [aria] anastasia: DOWN (no ping response)
[2026-03-18 22:11:01] [BEAT] [aria] load=0.09 mem=6919/8059MB temp=50.1C disk=82%
[2026-03-18 22:12:01] [BEAT] [aria] load=0.34 mem=6907/8059MB temp=50.1C disk=82%
[2026-03-18 22:13:01] [BEAT] [aria] load=0.89 mem=6913/8059MB temp=49.6C disk=82%
[2026-03-18 22:14:01] [BEAT] [aria] load=0.61 mem=6917/8059MB temp=49.6C disk=82%
[2026-03-18 22:15:01] [BEAT] [aria] load=0.22 mem=6887/8059MB temp=50.1C disk=82%
[2026-03-18 22:15:46] [DIAL] [aria] Switchboard unreachable
[2026-03-18 22:16:01] [BEAT] [aria] load=0.11 mem=6915/8059MB temp=50.7C disk=82%
[2026-03-18 22:17:01] [BEAT] [aria] load=0.15 mem=6901/8059MB temp=50.7C disk=82%
[2026-03-18 22:18:01] [BEAT] [aria] load=0.13 mem=6917/8059MB temp=50.1C disk=82%
[2026-03-18 22:19:01] [BEAT] [aria] load=0.05 mem=6919/8059MB temp=50.1C disk=82%
[2026-03-18 22:20:01] [FLEET] [aria] Starting cross-node health check
[2026-03-18 22:20:01] [BEAT] [aria] load=0.02 mem=6877/8059MB temp=51.2C disk=82%
[2026-03-18 22:20:02] [FLEET] [aria] alice: UP temp=32C mem=3131MB disk=86%
[2026-03-18 22:20:04] [FLEET] [aria] octavia: DOWN (no ping response)
[2026-03-18 22:20:04] [FLEET] [aria] cecilia: UP temp=37C mem=1500MB disk=34%
[2026-03-18 22:20:05] [FLEET] [aria] gematria: UP temp=C mem=5545MB disk=70%
[2026-03-18 22:20:06] [FLEET] [aria] lucidia: PING OK but SSH failed
[2026-03-18 22:20:08] [FLEET] [aria] anastasia: DOWN (no ping response)
[2026-03-18 22:21:01] [BEAT] [aria] load=0.39 mem=6918/8059MB temp=50.1C disk=82%
[2026-03-18 22:22:01] [BEAT] [aria] load=0.19 mem=6919/8059MB temp=50.7C disk=82%
[2026-03-18 22:23:01] [BEAT] [aria] load=0.07 mem=6914/8059MB temp=50.1C disk=82%
[2026-03-18 22:24:01] [BEAT] [aria] load=0.14 mem=6918/8059MB temp=50.1C disk=82%
[2026-03-18 22:25:01] [BEAT] [aria] load=0.05 mem=6896/8059MB temp=51.2C disk=82%
[2026-03-18 22:26:01] [BEAT] [aria] load=0.09 mem=6919/8059MB temp=50.1C disk=82%
[2026-03-18 22:27:01] [BEAT] [aria] load=0.10 mem=6920/8059MB temp=49.0C disk=82%
[2026-03-18 22:28:01] [BEAT] [aria] load=0.17 mem=6915/8059MB temp=51.8C disk=82%
[2026-03-18 22:29:01] [BEAT] [aria] load=0.11 mem=6916/8059MB temp=49.6C disk=82%
[2026-03-18 22:30:01] [FLEET] [aria] Starting cross-node health check
[2026-03-18 22:30:01] [BEAT] [aria] load=0.04 mem=6880/8059MB temp=52.9C disk=82%
[2026-03-18 22:30:02] [FLEET] [aria] alice: UP temp=34C mem=3132MB disk=86%
[2026-03-18 22:30:04] [FLEET] [aria] octavia: DOWN (no ping response)
[2026-03-18 22:30:04] [FLEET] [aria] cecilia: UP temp=36C mem=1484MB disk=34%
[2026-03-18 22:30:06] [FLEET] [aria] gematria: UP temp=C mem=5546MB disk=69%
[2026-03-18 22:30:06] [FLEET] [aria] lucidia: PING OK but SSH failed
[2026-03-18 22:30:08] [FLEET] [aria] anastasia: DOWN (no ping response)
[2026-03-18 22:30:46] [DIAL] [aria] Switchboard unreachable
[2026-03-18 22:31:02] [BEAT] [aria] load=0.01 mem=6918/8059MB temp=50.7C disk=82%
[2026-03-18 22:32:01] [BEAT] [aria] load=0.07 mem=6919/8059MB temp=51.2C disk=82%
[2026-03-18 22:33:01] [BEAT] [aria] load=0.22 mem=6918/8059MB temp=50.7C disk=82%
[2026-03-18 22:34:01] [BEAT] [aria] load=0.83 mem=6917/8059MB temp=50.7C disk=82%
[2026-03-18 22:35:01] [BEAT] [aria] load=0.55 mem=6887/8059MB temp=51.2C disk=82%
[2026-03-18 22:36:01] [BEAT] [aria] load=0.43 mem=6918/8059MB temp=51.2C disk=82%
[2026-03-18 22:37:01] [BEAT] [aria] load=0.15 mem=6918/8059MB temp=51.2C disk=82%
[2026-03-18 22:38:01] [BEAT] [aria] load=0.11 mem=6920/8059MB temp=51.8C disk=82%
[2026-03-18 22:39:01] [BEAT] [aria] load=0.04 mem=6918/8059MB temp=51.8C disk=82%
[2026-03-18 22:40:01] [FLEET] [aria] Starting cross-node health check
[2026-03-18 22:40:01] [BEAT] [aria] load=0.05 mem=6885/8059MB temp=51.2C disk=82%
[2026-03-18 22:40:01] [FLEET] [aria] alice: UP temp=34C mem=3134MB disk=86%
[2026-03-18 22:40:03] [FLEET] [aria] octavia: DOWN (no ping response)
[2026-03-18 22:40:03] [FLEET] [aria] cecilia: UP temp=38C mem=1479MB disk=34%
[2026-03-18 22:40:05] [FLEET] [aria] gematria: UP temp=C mem=5584MB disk=69%
[2026-03-18 22:40:05] [FLEET] [aria] lucidia: PING OK but SSH failed
[2026-03-18 22:40:07] [FLEET] [aria] anastasia: DOWN (no ping response)
[2026-03-18 22:41:01] [BEAT] [aria] load=0.10 mem=6920/8059MB temp=50.7C disk=82%
[2026-03-18 22:42:01] [BEAT] [aria] load=0.03 mem=6917/8059MB temp=51.2C disk=82%
[2026-03-18 22:43:01] [BEAT] [aria] load=0.08 mem=6917/8059MB temp=50.7C disk=82%
[2026-03-18 22:44:01] [BEAT] [aria] load=0.07 mem=6921/8059MB temp=50.1C disk=82%
[2026-03-18 22:45:01] [BEAT] [aria] load=0.13 mem=6888/8059MB temp=52.9C disk=82%
[2026-03-18 22:45:46] [DIAL] [aria] Switchboard unreachable
[2026-03-18 22:46:01] [BEAT] [aria] load=0.05 mem=6913/8059MB temp=50.7C disk=82%
[2026-03-18 22:47:01] [BEAT] [aria] load=0.16 mem=6914/8059MB temp=50.1C disk=82%
[2026-03-18 22:48:02] [BEAT] [aria] load=0.06 mem=6914/8059MB temp=49.0C disk=82%
[2026-03-18 22:49:01] [BEAT] [aria] load=0.06 mem=6918/8059MB temp=51.2C disk=82%
[2026-03-18 22:50:01] [FLEET] [aria] Starting cross-node health check
[2026-03-18 22:50:01] [BEAT] [aria] load=0.26 mem=6890/8059MB temp=51.2C disk=82%
[2026-03-18 22:50:01] [FLEET] [aria] alice: UP temp=34C mem=3120MB disk=86%
[2026-03-18 22:50:03] [FLEET] [aria] octavia: DOWN (no ping response)
[2026-03-18 22:50:03] [FLEET] [aria] cecilia: UP temp=38C mem=1478MB disk=34%
[2026-03-18 22:50:05] [FLEET] [aria] gematria: UP temp=C mem=5566MB disk=69%
[2026-03-18 22:50:05] [FLEET] [aria] lucidia: PING OK but SSH failed
[2026-03-18 22:50:07] [FLEET] [aria] anastasia: DOWN (no ping response)
[2026-03-18 22:51:01] [BEAT] [aria] load=0.13 mem=6922/8059MB temp=50.1C disk=82%
[2026-03-18 22:52:01] [BEAT] [aria] load=0.05 mem=6916/8059MB temp=52.4C disk=82%
[2026-03-18 22:53:01] [BEAT] [aria] load=0.06 mem=6915/8059MB temp=51.8C disk=82%
[2026-03-18 22:54:01] [BEAT] [aria] load=0.44 mem=6919/8059MB temp=49.6C disk=82%
[2026-03-18 22:55:01] [BEAT] [aria] load=0.86 mem=6896/8059MB temp=50.7C disk=82%
[2026-03-18 22:56:01] [BEAT] [aria] load=0.70 mem=6918/8059MB temp=49.0C disk=82%
[2026-03-18 22:57:01] [BEAT] [aria] load=0.33 mem=6915/8059MB temp=48.5C disk=82%
[2026-03-18 22:58:01] [BEAT] [aria] load=0.19 mem=6912/8059MB temp=50.1C disk=82%
[2026-03-18 22:59:01] [BEAT] [aria] load=0.14 mem=6921/8059MB temp=48.5C disk=82%
[2026-03-18 23:00:01] [FLEET] [aria] Starting cross-node health check
[2026-03-18 23:00:01] [BEAT] [aria] load=0.05 mem=6882/8059MB temp=49.6C disk=82%
[2026-03-18 23:00:01] [FLEET] [aria] alice: UP temp=33C mem=3134MB disk=86%
[2026-03-18 23:00:03] [FLEET] [aria] octavia: DOWN (no ping response)
[2026-03-18 23:00:04] [FLEET] [aria] cecilia: UP temp=36C mem=1521MB disk=34%
[2026-03-18 23:00:06] [FLEET] [aria] gematria: UP temp=C mem=5567MB disk=69%
[2026-03-18 23:00:07] [FLEET] [aria] lucidia: PING OK but SSH failed
[2026-03-18 23:00:09] [FLEET] [aria] anastasia: DOWN (no ping response)
[2026-03-18 23:00:46] [DIAL] [aria] Switchboard unreachable
[2026-03-18 23:01:01] [BEAT] [aria] load=0.05 mem=6919/8059MB temp=49.0C disk=82%
[2026-03-18 23:02:01] [BEAT] [aria] load=0.02 mem=6918/8059MB temp=48.0C disk=82%
[2026-03-18 23:03:01] [BEAT] [aria] load=0.16 mem=6916/8059MB temp=48.5C disk=82%
[2026-03-18 23:04:01] [BEAT] [aria] load=0.06 mem=6919/8059MB temp=49.0C disk=82%
[2026-03-18 23:05:01] [BEAT] [aria] load=0.06 mem=6887/8059MB temp=49.0C disk=82%
[2026-03-18 23:06:01] [BEAT] [aria] load=0.02 mem=6939/8059MB temp=48.5C disk=82%
[2026-03-18 23:07:01] [BEAT] [aria] load=0.06 mem=6939/8059MB temp=49.6C disk=82%
[2026-03-18 23:08:01] [BEAT] [aria] load=0.16 mem=6939/8059MB temp=49.0C disk=82%
[2026-03-18 23:09:01] [BEAT] [aria] load=0.06 mem=6938/8059MB temp=49.6C disk=82%
[2026-03-18 23:10:01] [FLEET] [aria] Starting cross-node health check
[2026-03-18 23:10:01] [BEAT] [aria] load=0.07 mem=6836/8059MB temp=50.1C disk=82%
[2026-03-18 23:10:02] [FLEET] [aria] alice: UP temp=35C mem=3135MB disk=86%
[2026-03-18 23:10:04] [FLEET] [aria] octavia: DOWN (no ping response)
[2026-03-18 23:10:04] [FLEET] [aria] cecilia: UP temp=37C mem=1414MB disk=34%
[2026-03-18 23:10:07] [FLEET] [aria] gematria: UP temp=C mem=5558MB disk=69%
[2026-03-18 23:10:08] [FLEET] [aria] lucidia: PING OK but SSH failed
[2026-03-18 23:10:10] [FLEET] [aria] anastasia: DOWN (no ping response)
[2026-03-18 23:11:01] [BEAT] [aria] load=0.02 mem=6874/8059MB temp=49.6C disk=82%
[2026-03-18 23:12:01] [BEAT] [aria] load=0.06 mem=6936/8059MB temp=48.5C disk=82%
[2026-03-18 23:13:01] [BEAT] [aria] load=0.20 mem=6939/8059MB temp=50.1C disk=82%
[2026-03-18 23:14:01] [BEAT] [aria] load=0.14 mem=6941/8059MB temp=49.6C disk=82%
[2026-03-18 23:15:01] [BEAT] [aria] load=0.61 mem=6917/8059MB temp=50.1C disk=82%
[2026-03-18 23:15:46] [DIAL] [aria] Switchboard unreachable
[2026-03-18 23:16:01] [BEAT] [aria] load=0.94 mem=6935/8059MB temp=49.6C disk=82%
[2026-03-18 23:17:01] [BEAT] [aria] load=0.57 mem=6942/8059MB temp=50.1C disk=82%
[2026-03-18 23:18:01] [BEAT] [aria] load=0.26 mem=6938/8059MB temp=50.1C disk=82%
[2026-03-18 23:19:01] [BEAT] [aria] load=0.14 mem=6937/8059MB temp=49.6C disk=82%
[2026-03-18 23:20:01] [FLEET] [aria] Starting cross-node health check
[2026-03-18 23:20:01] [BEAT] [aria] load=0.05 mem=6904/8059MB temp=51.2C disk=82%
[2026-03-18 23:20:01] [FLEET] [aria] alice: UP temp=32C mem=3140MB disk=86%
[2026-03-18 23:20:03] [FLEET] [aria] octavia: DOWN (no ping response)
[2026-03-18 23:20:04] [FLEET] [aria] cecilia: UP temp=39C mem=1492MB disk=34%
[2026-03-18 23:20:05] [FLEET] [aria] gematria: UP temp=C mem=5542MB disk=69%
[2026-03-18 23:20:06] [FLEET] [aria] lucidia: PING OK but SSH failed
[2026-03-18 23:20:08] [FLEET] [aria] anastasia: DOWN (no ping response)
[2026-03-18 23:21:01] [BEAT] [aria] load=0.17 mem=6944/8059MB temp=50.1C disk=82%
[2026-03-18 23:22:01] [BEAT] [aria] load=0.06 mem=6940/8059MB temp=50.7C disk=82%
[2026-03-18 23:23:01] [BEAT] [aria] load=0.02 mem=6938/8059MB temp=50.1C disk=82%
[2026-03-18 23:24:01] [BEAT] [aria] load=0.14 mem=6943/8059MB temp=50.7C disk=82%
[2026-03-18 23:25:01] [BEAT] [aria] load=0.12 mem=6892/8059MB temp=50.1C disk=82%
[2026-03-18 23:26:01] [BEAT] [aria] load=0.10 mem=6919/8059MB temp=50.1C disk=82%
[2026-03-18 23:27:01] [BEAT] [aria] load=0.03 mem=6916/8059MB temp=51.2C disk=82%
[2026-03-18 23:28:01] [BEAT] [aria] load=0.01 mem=6922/8059MB temp=50.7C disk=82%
[2026-03-18 23:29:01] [BEAT] [aria] load=0.00 mem=6919/8059MB temp=51.2C disk=82%
[2026-03-18 23:30:01] [FLEET] [aria] Starting cross-node health check
[2026-03-18 23:30:01] [BEAT] [aria] load=0.03 mem=6885/8059MB temp=52.4C disk=82%
[2026-03-18 23:30:01] [FLEET] [aria] alice: UP temp=34C mem=3118MB disk=86%
[2026-03-18 23:30:03] [FLEET] [aria] octavia: DOWN (no ping response)
[2026-03-18 23:30:04] [FLEET] [aria] cecilia: UP temp=38C mem=1429MB disk=34%
[2026-03-18 23:30:05] [FLEET] [aria] gematria: UP temp=C mem=5537MB disk=69%
[2026-03-18 23:30:05] [FLEET] [aria] lucidia: PING OK but SSH failed
[2026-03-18 23:30:07] [FLEET] [aria] anastasia: DOWN (no ping response)
[2026-03-18 23:30:46] [DIAL] [aria] Switchboard unreachable
[2026-03-18 23:31:01] [BEAT] [aria] load=0.08 mem=6926/8059MB temp=50.7C disk=82%
[2026-03-18 23:32:01] [BEAT] [aria] load=0.03 mem=6928/8059MB temp=50.7C disk=82%
[2026-03-18 23:33:00] [BEAT] [aria] load=0.05 mem=6913/8059MB temp=51.8C disk=82%
[2026-03-18 23:34:01] [BEAT] [aria] load=0.02 mem=6929/8059MB temp=50.1C disk=82%
[2026-03-18 23:35:01] [BEAT] [aria] load=0.05 mem=6908/8059MB temp=50.7C disk=82%
[2026-03-18 23:36:01] [BEAT] [aria] load=0.46 mem=6922/8059MB temp=50.7C disk=82%
[2026-03-18 23:37:01] [BEAT] [aria] load=0.88 mem=6925/8059MB temp=50.1C disk=82%
[2026-03-18 23:38:01] [BEAT] [aria] load=0.45 mem=6926/8059MB temp=50.7C disk=82%
[2026-03-18 23:39:01] [BEAT] [aria] load=0.33 mem=6928/8059MB temp=51.2C disk=82%
[2026-03-18 23:40:01] [FLEET] [aria] Starting cross-node health check
[2026-03-18 23:40:01] [BEAT] [aria] load=0.24 mem=6908/8059MB temp=50.7C disk=82%
[2026-03-18 23:40:02] [FLEET] [aria] alice: UP temp=33C mem=3135MB disk=86%
[2026-03-18 23:40:04] [FLEET] [aria] octavia: DOWN (no ping response)
[2026-03-18 23:40:04] [FLEET] [aria] cecilia: UP temp=39C mem=1460MB disk=34%
[2026-03-18 23:40:05] [FLEET] [aria] gematria: UP temp=C mem=5548MB disk=69%
[2026-03-18 23:40:06] [FLEET] [aria] lucidia: PING OK but SSH failed
[2026-03-18 23:40:08] [FLEET] [aria] anastasia: DOWN (no ping response)
[2026-03-18 23:41:01] [BEAT] [aria] load=0.23 mem=6930/8059MB temp=50.1C disk=82%
[2026-03-18 23:42:01] [BEAT] [aria] load=0.13 mem=6924/8059MB temp=50.1C disk=82%
[2026-03-18 23:43:01] [BEAT] [aria] load=0.05 mem=6925/8059MB temp=50.7C disk=82%
[2026-03-18 23:44:01] [BEAT] [aria] load=0.02 mem=6931/8059MB temp=49.0C disk=82%
[2026-03-18 23:45:01] [BEAT] [aria] load=0.00 mem=6903/8059MB temp=51.2C disk=82%
[2026-03-18 23:45:46] [DIAL] [aria] Switchboard unreachable
[2026-03-18 23:46:01] [BEAT] [aria] load=0.03 mem=6926/8059MB temp=50.7C disk=82%
[2026-03-18 23:47:01] [BEAT] [aria] load=0.13 mem=6929/8059MB temp=49.6C disk=82%
[2026-03-18 23:48:01] [BEAT] [aria] load=0.11 mem=6925/8059MB temp=50.7C disk=82%
[2026-03-18 23:49:01] [BEAT] [aria] load=0.04 mem=6928/8059MB temp=50.1C disk=82%
[2026-03-18 23:50:01] [FLEET] [aria] Starting cross-node health check
[2026-03-18 23:50:01] [BEAT] [aria] load=0.01 mem=6904/8059MB temp=51.2C disk=82%
[2026-03-18 23:50:02] [FLEET] [aria] alice: UP temp=34C mem=3131MB disk=86%
[2026-03-18 23:50:04] [FLEET] [aria] octavia: DOWN (no ping response)
[2026-03-18 23:50:04] [FLEET] [aria] cecilia: UP temp=38C mem=1502MB disk=34%
[2026-03-18 23:50:06] [FLEET] [aria] gematria: UP temp=C mem=5557MB disk=69%
[2026-03-18 23:50:06] [FLEET] [aria] lucidia: PING OK but SSH failed
[2026-03-18 23:50:08] [FLEET] [aria] anastasia: DOWN (no ping response)
[2026-03-18 23:51:01] [BEAT] [aria] load=0.05 mem=6929/8059MB temp=51.2C disk=82%
[2026-03-18 23:52:01] [BEAT] [aria] load=0.02 mem=6924/8059MB temp=51.2C disk=82%
[2026-03-18 23:53:01] [BEAT] [aria] load=0.04 mem=6927/8059MB temp=50.7C disk=82%
[2026-03-18 23:54:01] [BEAT] [aria] load=0.01 mem=6922/8059MB temp=50.1C disk=82%
[2026-03-18 23:55:01] [BEAT] [aria] load=0.00 mem=6896/8059MB temp=50.1C disk=82%
[2026-03-18 23:56:01] [BEAT] [aria] load=0.29 mem=6921/8059MB temp=50.1C disk=82%
[2026-03-18 23:57:01] [BEAT] [aria] load=0.64 mem=6923/8059MB temp=49.6C disk=82%
[2026-03-18 23:58:01] [BEAT] [aria] load=0.79 mem=6920/8059MB temp=49.6C disk=82%
[2026-03-18 23:59:01] [BEAT] [aria] load=0.29 mem=6920/8059MB temp=48.0C disk=82%
[2026-03-19 00:00:01] [FLEET] [aria] Starting cross-node health check
[2026-03-19 00:00:01] [BEAT] [aria] load=0.10 mem=6880/8059MB temp=49.6C disk=82%
[2026-03-19 00:00:02] [FLEET] [aria] alice: UP temp=34C mem=3131MB disk=86%
[2026-03-19 00:00:04] [FLEET] [aria] octavia: DOWN (no ping response)
[2026-03-19 00:00:04] [FLEET] [aria] cecilia: UP temp=39C mem=1523MB disk=34%
[2026-03-19 00:00:06] [FLEET] [aria] gematria: UP temp=C mem=5551MB disk=69%
[2026-03-19 00:00:07] [FLEET] [aria] lucidia: PING OK but SSH failed
[2026-03-19 00:00:09] [FLEET] [aria] anastasia: DOWN (no ping response)
[2026-03-19 00:00:47] [DIAL] [aria] Switchboard unreachable
[2026-03-19 00:01:01] [BEAT] [aria] load=0.16 mem=6902/8059MB temp=48.5C disk=82%
[2026-03-19 00:02:01] [BEAT] [aria] load=0.12 mem=6895/8059MB temp=49.0C disk=82%
[2026-03-19 00:03:01] [BEAT] [aria] load=0.16 mem=6888/8059MB temp=49.0C disk=82%
[2026-03-19 00:04:01] [BEAT] [aria] load=0.06 mem=6893/8059MB temp=49.6C disk=82%
[2026-03-19 00:05:01] [BEAT] [aria] load=0.02 mem=6872/8059MB temp=49.0C disk=82%
[2026-03-19 00:06:01] [BEAT] [aria] load=0.14 mem=6885/8059MB temp=49.0C disk=82%
[2026-03-19 00:07:01] [BEAT] [aria] load=0.13 mem=6887/8059MB temp=50.1C disk=82%
[2026-03-19 00:08:01] [BEAT] [aria] load=0.05 mem=6887/8059MB temp=49.0C disk=82%
[2026-03-19 00:09:01] [BEAT] [aria] load=0.05 mem=6882/8059MB temp=49.6C disk=82%
[2026-03-19 00:10:01] [FLEET] [aria] Starting cross-node health check
[2026-03-19 00:10:01] [BEAT] [aria] load=0.05 mem=6849/8059MB temp=50.7C disk=82%
[2026-03-19 00:10:02] [FLEET] [aria] alice: UP temp=33C mem=3130MB disk=85%
[2026-03-19 00:10:04] [FLEET] [aria] octavia: DOWN (no ping response)
[2026-03-19 00:10:04] [FLEET] [aria] cecilia: UP temp=56C mem=1510MB disk=34%
[2026-03-19 00:10:06] [FLEET] [aria] gematria: UP temp=C mem=5556MB disk=69%
[2026-03-19 00:11:01] [BEAT] [aria] load=0.05 mem=6878/8059MB temp=49.6C disk=82%
[2026-03-19 00:11:07] [FLEET] [aria] lucidia: PING OK but SSH failed
[2026-03-19 00:11:09] [FLEET] [aria] anastasia: DOWN (no ping response)
[2026-03-19 00:12:01] [BEAT] [aria] load=0.08 mem=6883/8059MB temp=49.6C disk=82%
[2026-03-19 00:13:01] [BEAT] [aria] load=0.09 mem=6880/8059MB temp=49.6C disk=82%
[2026-03-19 00:14:01] [BEAT] [aria] load=0.03 mem=6878/8059MB temp=49.0C disk=82%
[2026-03-19 00:15:02] [BEAT] [aria] load=0.01 mem=6853/8059MB temp=50.1C disk=82%
[2026-03-19 00:15:47] [DIAL] [aria] Switchboard unreachable
[2026-03-19 00:16:01] [BEAT] [aria] load=0.08 mem=6879/8059MB temp=50.1C disk=82%
[2026-03-19 00:17:01] [BEAT] [aria] load=0.03 mem=6874/8059MB temp=50.1C disk=82%
[2026-03-19 00:18:01] [BEAT] [aria] load=0.80 mem=6872/8059MB temp=50.7C disk=82%
[2026-03-19 00:19:01] [BEAT] [aria] load=0.60 mem=6878/8059MB temp=49.6C disk=82%
[2026-03-19 00:20:01] [FLEET] [aria] Starting cross-node health check
[2026-03-19 00:20:01] [BEAT] [aria] load=0.22 mem=6843/8059MB temp=50.7C disk=82%
[2026-03-19 00:20:01] [FLEET] [aria] alice: UP temp=32C mem=3135MB disk=85%
[2026-03-19 00:20:03] [FLEET] [aria] octavia: DOWN (no ping response)
[2026-03-19 00:20:04] [FLEET] [aria] cecilia: UP temp=56C mem=1455MB disk=34%
[2026-03-19 00:20:05] [FLEET] [aria] gematria: UP temp=C mem=5540MB disk=70%
[2026-03-19 00:20:05] [FLEET] [aria] lucidia: PING OK but SSH failed
[2026-03-19 00:20:07] [FLEET] [aria] anastasia: DOWN (no ping response)
[2026-03-19 00:21:01] [BEAT] [aria] load=0.25 mem=6878/8059MB temp=49.6C disk=82%
[2026-03-19 00:22:01] [BEAT] [aria] load=0.09 mem=6877/8059MB temp=50.7C disk=82%
[2026-03-19 00:23:01] [BEAT] [aria] load=0.16 mem=6869/8059MB temp=50.1C disk=82%
[2026-03-19 00:24:01] [BEAT] [aria] load=0.06 mem=6871/8059MB temp=50.1C disk=82%
[2026-03-19 00:25:01] [BEAT] [aria] load=0.15 mem=6847/8059MB temp=51.2C disk=82%
[2026-03-19 00:26:01] [BEAT] [aria] load=0.06 mem=6874/8059MB temp=50.1C disk=82%
[2026-03-19 00:27:01] [BEAT] [aria] load=0.08 mem=6876/8059MB temp=51.2C disk=82%
[2026-03-19 00:28:01] [BEAT] [aria] load=0.28 mem=6869/8059MB temp=50.1C disk=82%
[2026-03-19 00:29:01] [BEAT] [aria] load=0.10 mem=6872/8059MB temp=50.1C disk=82%
[2026-03-19 00:30:01] [FLEET] [aria] Starting cross-node health check
[2026-03-19 00:30:01] [BEAT] [aria] load=0.04 mem=6841/8059MB temp=52.4C disk=82%
[2026-03-19 00:30:01] [FLEET] [aria] alice: UP temp=34C mem=3130MB disk=85%
[2026-03-19 00:30:03] [FLEET] [aria] octavia: DOWN (no ping response)
[2026-03-19 00:30:04] [FLEET] [aria] cecilia: UP temp=47C mem=1506MB disk=34%
[2026-03-19 00:30:05] [FLEET] [aria] gematria: UP temp=C mem=5538MB disk=70%
[2026-03-19 00:30:05] [FLEET] [aria] lucidia: PING OK but SSH failed
[2026-03-19 00:30:07] [FLEET] [aria] anastasia: DOWN (no ping response)
[2026-03-19 00:30:46] [DIAL] [aria] Switchboard unreachable
[2026-03-19 00:31:01] [BEAT] [aria] load=0.08 mem=6873/8059MB temp=50.7C disk=82%
[2026-03-19 00:32:01] [BEAT] [aria] load=0.16 mem=6874/8059MB temp=51.8C disk=82%
[2026-03-19 00:33:01] [BEAT] [aria] load=0.14 mem=6854/8059MB temp=51.2C disk=82%
[2026-03-19 00:34:01] [BEAT] [aria] load=0.12 mem=6868/8059MB temp=51.2C disk=82%
[2026-03-19 00:35:01] [BEAT] [aria] load=0.19 mem=6834/8059MB temp=51.2C disk=82%
[2026-03-19 00:36:01] [BEAT] [aria] load=0.10 mem=6872/8059MB temp=50.7C disk=82%
[2026-03-19 00:37:01] [BEAT] [aria] load=0.16 mem=6863/8059MB temp=50.1C disk=82%
[2026-03-19 00:38:01] [BEAT] [aria] load=0.06 mem=6856/8059MB temp=51.8C disk=82%
[2026-03-19 00:39:01] [BEAT] [aria] load=0.76 mem=6864/8059MB temp=50.1C disk=82%
[2026-03-19 00:40:01] [FLEET] [aria] Starting cross-node health check
[2026-03-19 00:40:01] [BEAT] [aria] load=0.56 mem=6841/8059MB temp=50.1C disk=82%
[2026-03-19 00:40:01] [FLEET] [aria] alice: UP temp=34C mem=3130MB disk=85%
[2026-03-19 00:40:03] [FLEET] [aria] octavia: DOWN (no ping response)
[2026-03-19 00:40:04] [FLEET] [aria] cecilia: UP temp=42C mem=1612MB disk=34%
[2026-03-19 00:40:05] [FLEET] [aria] gematria: UP temp=C mem=5533MB disk=70%
[2026-03-19 00:40:05] [FLEET] [aria] lucidia: PING OK but SSH failed
[2026-03-19 00:40:07] [FLEET] [aria] anastasia: DOWN (no ping response)
[2026-03-19 00:41:01] [BEAT] [aria] load=0.33 mem=6865/8059MB temp=51.8C disk=82%
[2026-03-19 00:42:01] [BEAT] [aria] load=0.12 mem=6860/8059MB temp=50.7C disk=82%
[2026-03-19 00:43:01] [BEAT] [aria] load=0.21 mem=6847/8059MB temp=51.2C disk=82%
[2026-03-19 00:44:02] [BEAT] [aria] load=0.33 mem=6855/8059MB temp=50.7C disk=82%
[2026-03-19 00:45:01] [BEAT] [aria] load=0.12 mem=6824/8059MB temp=52.9C disk=82%
[2026-03-19 00:45:46] [DIAL] [aria] Switchboard unreachable
[2026-03-19 00:46:01] [BEAT] [aria] load=0.26 mem=6854/8059MB temp=50.7C disk=82%
[2026-03-19 00:47:01] [BEAT] [aria] load=0.24 mem=6853/8059MB temp=49.0C disk=82%
[2026-03-19 00:48:01] [BEAT] [aria] load=0.13 mem=6833/8059MB temp=51.8C disk=82%
[2026-03-19 00:49:01] [BEAT] [aria] load=0.13 mem=6852/8059MB temp=51.2C disk=82%
[2026-03-19 00:50:01] [FLEET] [aria] Starting cross-node health check
[2026-03-19 00:50:01] [BEAT] [aria] load=0.08 mem=6828/8059MB temp=52.4C disk=82%
[2026-03-19 00:50:01] [FLEET] [aria] alice: UP temp=32C mem=3140MB disk=85%
[2026-03-19 00:50:03] [FLEET] [aria] octavia: DOWN (no ping response)
[2026-03-19 00:50:04] [FLEET] [aria] cecilia: UP temp=50C mem=1516MB disk=34%
[2026-03-19 00:50:05] [FLEET] [aria] gematria: UP temp=C mem=5564MB disk=70%
[2026-03-19 00:50:05] [FLEET] [aria] lucidia: PING OK but SSH failed
[2026-03-19 00:50:07] [FLEET] [aria] anastasia: DOWN (no ping response)
[2026-03-19 00:51:01] [BEAT] [aria] load=0.03 mem=6910/8059MB temp=51.2C disk=82%
[2026-03-19 00:52:01] [BEAT] [aria] load=0.01 mem=6909/8059MB temp=50.7C disk=82%
[2026-03-19 00:53:01] [BEAT] [aria] load=0.06 mem=6902/8059MB temp=50.7C disk=82%
[2026-03-19 00:54:01] [BEAT] [aria] load=0.06 mem=6903/8059MB temp=51.8C disk=82%
[2026-03-19 00:55:01] [BEAT] [aria] load=0.26 mem=6890/8059MB temp=50.1C disk=82%
[2026-03-19 00:56:01] [BEAT] [aria] load=0.09 mem=6916/8059MB temp=48.5C disk=82%
[2026-03-19 00:57:01] [BEAT] [aria] load=0.03 mem=6916/8059MB temp=49.0C disk=82%
[2026-03-19 00:58:01] [BEAT] [aria] load=0.01 mem=6918/8059MB temp=49.0C disk=82%
[2026-03-19 00:59:02] [BEAT] [aria] load=0.28 mem=6920/8059MB temp=48.5C disk=82%
[2026-03-19 01:00:01] [FLEET] [aria] Starting cross-node health check
[2026-03-19 01:00:01] [BEAT] [aria] load=0.81 mem=6872/8059MB temp=49.6C disk=82%
[2026-03-19 01:00:01] [FLEET] [aria] alice: UP temp=33C mem=3126MB disk=85%
[2026-03-19 01:00:03] [FLEET] [aria] octavia: DOWN (no ping response)
[2026-03-19 01:00:03] [FLEET] [aria] cecilia: UP temp=52C mem=1545MB disk=34%
[2026-03-19 01:00:05] [FLEET] [aria] gematria: UP temp=C mem=5555MB disk=70%
[2026-03-19 01:00:05] [FLEET] [aria] lucidia: PING OK but SSH failed
[2026-03-19 01:00:07] [FLEET] [aria] anastasia: DOWN (no ping response)
[2026-03-19 01:00:46] [DIAL] [aria] Switchboard unreachable
[2026-03-19 01:01:01] [BEAT] [aria] load=0.48 mem=6913/8059MB temp=48.5C disk=82%
[2026-03-19 01:02:01] [BEAT] [aria] load=0.17 mem=6916/8059MB temp=48.5C disk=82%
[2026-03-19 01:03:01] [BEAT] [aria] load=0.15 mem=6916/8059MB temp=48.5C disk=82%
[2026-03-19 01:04:01] [BEAT] [aria] load=0.16 mem=6916/8059MB temp=49.0C disk=82%
[2026-03-19 01:05:01] [BEAT] [aria] load=0.06 mem=6892/8059MB temp=48.5C disk=82%
[2026-03-19 01:06:01] [BEAT] [aria] load=0.09 mem=6913/8059MB temp=49.6C disk=82%
[2026-03-19 01:07:01] [BEAT] [aria] load=0.11 mem=6912/8059MB temp=49.0C disk=82%
[2026-03-19 01:08:01] [BEAT] [aria] load=0.04 mem=6914/8059MB temp=49.6C disk=82%
[2026-03-19 01:09:01] [BEAT] [aria] load=0.11 mem=6918/8059MB temp=49.6C disk=82%
[2026-03-19 01:10:01] [FLEET] [aria] Starting cross-node health check
[2026-03-19 01:10:01] [BEAT] [aria] load=0.10 mem=6876/8059MB temp=50.1C disk=82%
[2026-03-19 01:10:01] [FLEET] [aria] alice: UP temp=34C mem=3129MB disk=85%
[2026-03-19 01:10:03] [FLEET] [aria] octavia: DOWN (no ping response)
[2026-03-19 01:10:04] [FLEET] [aria] cecilia: UP temp=42C mem=1567MB disk=34%
[2026-03-19 01:10:05] [FLEET] [aria] gematria: UP temp=C mem=5555MB disk=70%
[2026-03-19 01:10:05] [FLEET] [aria] lucidia: PING OK but SSH failed
[2026-03-19 01:10:07] [FLEET] [aria] anastasia: DOWN (no ping response)
[2026-03-19 01:11:01] [BEAT] [aria] load=0.08 mem=6913/8059MB temp=49.0C disk=82%
[2026-03-19 01:12:01] [BEAT] [aria] load=0.03 mem=6909/8059MB temp=49.6C disk=82%
[2026-03-19 01:13:01] [BEAT] [aria] load=0.07 mem=6910/8059MB temp=49.6C disk=82%
[2026-03-19 01:14:01] [BEAT] [aria] load=0.12 mem=6911/8059MB temp=49.6C disk=82%
[2026-03-19 01:15:02] [BEAT] [aria] load=0.11 mem=6887/8059MB temp=52.4C disk=82%
[2026-03-19 01:15:47] [DIAL] [aria] Switchboard unreachable
[2026-03-19 01:16:01] [BEAT] [aria] load=0.11 mem=6916/8059MB temp=50.7C disk=82%
[2026-03-19 01:17:01] [BEAT] [aria] load=0.04 mem=6918/8059MB temp=50.7C disk=82%
[2026-03-19 01:18:01] [BEAT] [aria] load=0.01 mem=6917/8059MB temp=49.6C disk=82%
[2026-03-19 01:19:01] [BEAT] [aria] load=0.06 mem=6914/8059MB temp=50.1C disk=82%
[2026-03-19 01:20:01] [FLEET] [aria] Starting cross-node health check
[2026-03-19 01:20:01] [BEAT] [aria] load=0.42 mem=6890/8059MB temp=50.7C disk=82%
[2026-03-19 01:20:01] [FLEET] [aria] alice: UP temp=36C mem=3124MB disk=85%
[2026-03-19 01:20:03] [FLEET] [aria] octavia: DOWN (no ping response)
[2026-03-19 01:20:04] [FLEET] [aria] cecilia: UP temp=38C mem=1591MB disk=34%
[2026-03-19 01:20:05] [FLEET] [aria] gematria: UP temp=C mem=5552MB disk=70%
[2026-03-19 01:20:05] [FLEET] [aria] lucidia: PING OK but SSH failed
[2026-03-19 01:20:07] [FLEET] [aria] anastasia: DOWN (no ping response)
[2026-03-19 01:21:01] [BEAT] [aria] load=0.88 mem=6918/8059MB temp=50.1C disk=82%
[2026-03-19 01:22:01] [BEAT] [aria] load=0.42 mem=6914/8059MB temp=51.2C disk=82%
[2026-03-19 01:23:02] [BEAT] [aria] load=0.15 mem=6916/8059MB temp=51.2C disk=82%
[2026-03-19 01:24:02] [BEAT] [aria] load=0.09 mem=6918/8059MB temp=50.1C disk=82%
[2026-03-19 01:25:01] [BEAT] [aria] load=0.09 mem=6893/8059MB temp=50.7C disk=82%
[2026-03-19 01:26:01] [BEAT] [aria] load=0.11 mem=6915/8059MB temp=51.2C disk=82%
[2026-03-19 01:27:01] [BEAT] [aria] load=0.09 mem=6916/8059MB temp=50.1C disk=82%
[2026-03-19 01:28:01] [BEAT] [aria] load=0.03 mem=6915/8059MB temp=50.1C disk=82%
[2026-03-19 01:29:01] [BEAT] [aria] load=0.19 mem=6915/8059MB temp=50.7C disk=82%
[2026-03-19 01:30:01] [FLEET] [aria] Starting cross-node health check
[2026-03-19 01:30:01] [BEAT] [aria] load=0.07 mem=6884/8059MB temp=51.8C disk=82%
[2026-03-19 01:30:02] [FLEET] [aria] alice: UP temp=36C mem=3121MB disk=85%
[2026-03-19 01:30:04] [FLEET] [aria] octavia: DOWN (no ping response)
[2026-03-19 01:30:04] [FLEET] [aria] cecilia: UP temp=38C mem=1510MB disk=34%
[2026-03-19 01:30:06] [FLEET] [aria] gematria: UP temp=C mem=5555MB disk=70%
[2026-03-19 01:30:06] [FLEET] [aria] lucidia: PING OK but SSH failed
[2026-03-19 01:30:08] [FLEET] [aria] anastasia: DOWN (no ping response)
[2026-03-19 01:30:46] [DIAL] [aria] Switchboard unreachable
[2026-03-19 01:31:01] [BEAT] [aria] load=0.09 mem=6916/8059MB temp=50.7C disk=82%
[2026-03-19 01:32:01] [BEAT] [aria] load=0.17 mem=6918/8059MB temp=50.1C disk=82%
[2026-03-19 01:33:01] [BEAT] [aria] load=0.06 mem=6890/8059MB temp=51.8C disk=82%
[2026-03-19 01:34:01] [BEAT] [aria] load=0.20 mem=6893/8059MB temp=50.1C disk=82%
[2026-03-19 01:35:01] [BEAT] [aria] load=0.19 mem=6871/8059MB temp=50.7C disk=82%
[2026-03-19 01:36:01] [BEAT] [aria] load=0.11 mem=6890/8059MB temp=50.7C disk=82%
[2026-03-19 01:37:01] [BEAT] [aria] load=0.07 mem=6900/8059MB temp=50.1C disk=82%
[2026-03-19 01:38:01] [BEAT] [aria] load=0.03 mem=6905/8059MB temp=50.7C disk=82%
[2026-03-19 01:39:01] [BEAT] [aria] load=0.24 mem=6906/8059MB temp=50.1C disk=82%
[2026-03-19 01:40:01] [FLEET] [aria] Starting cross-node health check
[2026-03-19 01:40:01] [BEAT] [aria] load=0.17 mem=6868/8059MB temp=50.7C disk=82%
[2026-03-19 01:40:02] [FLEET] [aria] alice: UP temp=36C mem=3128MB disk=85%
[2026-03-19 01:40:04] [FLEET] [aria] octavia: DOWN (no ping response)
[2026-03-19 01:40:04] [FLEET] [aria] cecilia: UP temp=36C mem=1518MB disk=34%
[2026-03-19 01:40:05] [FLEET] [aria] gematria: UP temp=C mem=5557MB disk=70%
[2026-03-19 01:40:06] [FLEET] [aria] lucidia: PING OK but SSH failed
[2026-03-19 01:40:08] [FLEET] [aria] anastasia: DOWN (no ping response)
[2026-03-19 01:41:01] [BEAT] [aria] load=0.59 mem=6901/8059MB temp=51.2C disk=82%
[2026-03-19 01:42:01] [BEAT] [aria] load=1.23 mem=6910/8059MB temp=50.7C disk=82%
[2026-03-19 01:43:01] [BEAT] [aria] load=0.52 mem=6904/8059MB temp=50.7C disk=82%
[2026-03-19 01:44:01] [BEAT] [aria] load=0.19 mem=6902/8059MB temp=51.8C disk=82%
[2026-03-19 01:45:01] [BEAT] [aria] load=0.11 mem=6869/8059MB temp=52.4C disk=82%
[2026-03-19 01:45:46] [DIAL] [aria] Switchboard unreachable
[2026-03-19 01:46:01] [BEAT] [aria] load=0.04 mem=6909/8059MB temp=50.7C disk=82%
[2026-03-19 01:47:01] [BEAT] [aria] load=0.04 mem=6904/8059MB temp=50.7C disk=82%
[2026-03-19 01:48:01] [BEAT] [aria] load=0.01 mem=6907/8059MB temp=50.1C disk=82%
[2026-03-19 01:49:01] [BEAT] [aria] load=0.00 mem=6905/8059MB temp=50.1C disk=82%
[2026-03-19 01:50:01] [FLEET] [aria] Starting cross-node health check
[2026-03-19 01:50:01] [BEAT] [aria] load=0.06 mem=6868/8059MB temp=52.4C disk=82%
[2026-03-19 01:50:02] [FLEET] [aria] alice: UP temp=34C mem=3128MB disk=85%
[2026-03-19 01:50:04] [FLEET] [aria] octavia: DOWN (no ping response)
[2026-03-19 01:50:04] [FLEET] [aria] cecilia: UP temp=36C mem=1553MB disk=34%
[2026-03-19 01:50:06] [FLEET] [aria] gematria: UP temp=C mem=5552MB disk=70%
[2026-03-19 01:50:06] [FLEET] [aria] lucidia: PING OK but SSH failed
[2026-03-19 01:50:08] [FLEET] [aria] anastasia: DOWN (no ping response)
[2026-03-19 01:51:01] [BEAT] [aria] load=0.05 mem=6899/8059MB temp=50.1C disk=82%
[2026-03-19 01:52:01] [BEAT] [aria] load=0.11 mem=6908/8059MB temp=49.6C disk=82%
[2026-03-19 01:53:01] [BEAT] [aria] load=0.04 mem=6906/8059MB temp=50.1C disk=82%
[2026-03-19 01:54:01] [BEAT] [aria] load=0.01 mem=6890/8059MB temp=50.1C disk=82%
[2026-03-19 01:55:01] [BEAT] [aria] load=0.21 mem=6864/8059MB temp=49.6C disk=82%
[2026-03-19 01:56:01] [BEAT] [aria] load=0.07 mem=6889/8059MB temp=49.0C disk=82%
[2026-03-19 01:57:01] [BEAT] [aria] load=0.09 mem=6890/8059MB temp=48.5C disk=82%
[2026-03-19 01:58:01] [BEAT] [aria] load=0.11 mem=6891/8059MB temp=48.0C disk=82%
[2026-03-19 01:59:01] [BEAT] [aria] load=0.09 mem=6891/8059MB temp=49.6C disk=82%
[2026-03-19 02:00:01] [FLEET] [aria] Starting cross-node health check
[2026-03-19 02:00:01] [BEAT] [aria] load=0.11 mem=6855/8059MB temp=50.1C disk=82%
[2026-03-19 02:00:02] [FLEET] [aria] alice: UP temp=34C mem=3125MB disk=85%
[2026-03-19 02:00:04] [FLEET] [aria] octavia: DOWN (no ping response)
[2026-03-19 02:00:04] [FLEET] [aria] cecilia: UP temp=36C mem=1545MB disk=34%
[2026-03-19 02:00:06] [FLEET] [aria] gematria: UP temp=C mem=5564MB disk=70%
[2026-03-19 02:00:06] [FLEET] [aria] lucidia: PING OK but SSH failed
[2026-03-19 02:00:08] [FLEET] [aria] anastasia: DOWN (no ping response)
[2026-03-19 02:00:46] [DIAL] [aria] Switchboard unreachable
[2026-03-19 02:01:01] [BEAT] [aria] load=0.08 mem=6889/8059MB temp=48.5C disk=82%
[2026-03-19 02:02:01] [BEAT] [aria] load=0.67 mem=6890/8059MB temp=48.5C disk=82%
[2026-03-19 02:03:01] [BEAT] [aria] load=1.16 mem=6892/8059MB temp=48.5C disk=82%
[2026-03-19 02:04:01] [BEAT] [aria] load=0.42 mem=6892/8059MB temp=48.5C disk=82%
[2026-03-19 02:05:01] [BEAT] [aria] load=0.20 mem=6871/8059MB temp=49.6C disk=82%
[2026-03-19 02:06:01] [BEAT] [aria] load=0.16 mem=6890/8059MB temp=48.5C disk=82%
[2026-03-19 02:07:01] [BEAT] [aria] load=0.06 mem=6889/8059MB temp=49.6C disk=82%
[2026-03-19 02:08:01] [BEAT] [aria] load=0.06 mem=6891/8059MB temp=49.0C disk=82%
[2026-03-19 02:09:01] [BEAT] [aria] load=0.02 mem=6892/8059MB temp=49.0C disk=82%
[2026-03-19 02:10:01] [FLEET] [aria] Starting cross-node health check
[2026-03-19 02:10:01] [BEAT] [aria] load=0.01 mem=6859/8059MB temp=50.7C disk=82%
[2026-03-19 02:10:02] [FLEET] [aria] alice: UP temp=35C mem=3128MB disk=85%
[2026-03-19 02:10:04] [FLEET] [aria] octavia: DOWN (no ping response)
[2026-03-19 02:10:04] [FLEET] [aria] cecilia: UP temp=36C mem=1552MB disk=34%
[2026-03-19 02:10:06] [FLEET] [aria] gematria: UP temp=C mem=5558MB disk=70%
[2026-03-19 02:10:06] [FLEET] [aria] lucidia: PING OK but SSH failed
[2026-03-19 02:10:08] [FLEET] [aria] anastasia: DOWN (no ping response)
[2026-03-19 02:11:01] [BEAT] [aria] load=0.00 mem=6885/8059MB temp=48.0C disk=82%
[2026-03-19 02:12:01] [BEAT] [aria] load=0.06 mem=6892/8059MB temp=50.1C disk=82%
[2026-03-19 02:13:01] [BEAT] [aria] load=0.12 mem=6893/8059MB temp=49.6C disk=82%
[2026-03-19 02:14:01] [BEAT] [aria] load=0.10 mem=6885/8059MB temp=49.6C disk=82%
[2026-03-19 02:15:01] [BEAT] [aria] load=0.04 mem=6865/8059MB temp=49.6C disk=82%
[2026-03-19 02:15:46] [DIAL] [aria] Switchboard unreachable
[2026-03-19 02:16:01] [BEAT] [aria] load=0.10 mem=6889/8059MB temp=49.6C disk=82%
[2026-03-19 02:17:01] [BEAT] [aria] load=0.15 mem=6892/8059MB temp=50.1C disk=82%
[2026-03-19 02:18:01] [BEAT] [aria] load=0.09 mem=6891/8059MB temp=50.1C disk=82%
[2026-03-19 02:19:01] [BEAT] [aria] load=0.10 mem=6886/8059MB temp=50.1C disk=82%
[2026-03-19 02:20:01] [FLEET] [aria] Starting cross-node health check
[2026-03-19 02:20:01] [BEAT] [aria] load=0.14 mem=6824/8059MB temp=50.1C disk=82%
[2026-03-19 02:20:02] [FLEET] [aria] alice: UP temp=36C mem=3127MB disk=85%
[2026-03-19 02:20:04] [FLEET] [aria] octavia: DOWN (no ping response)
[2026-03-19 02:20:04] [FLEET] [aria] cecilia: UP temp=37C mem=1555MB disk=34%
[2026-03-19 02:20:06] [FLEET] [aria] gematria: UP temp=C mem=5555MB disk=70%
[2026-03-19 02:20:06] [FLEET] [aria] lucidia: PING OK but SSH failed
[2026-03-19 02:20:08] [FLEET] [aria] anastasia: DOWN (no ping response)
[2026-03-19 02:21:01] [BEAT] [aria] load=0.35 mem=6849/8059MB temp=51.2C disk=82%
[2026-03-19 02:22:01] [BEAT] [aria] load=0.19 mem=6853/8059MB temp=49.6C disk=82%
[2026-03-19 02:23:01] [BEAT] [aria] load=0.60 mem=6934/8059MB temp=50.1C disk=82%
[2026-03-19 02:24:01] [BEAT] [aria] load=0.95 mem=6931/8059MB temp=50.1C disk=82%
[2026-03-19 02:25:01] [BEAT] [aria] load=0.35 mem=6896/8059MB temp=50.1C disk=82%
[2026-03-19 02:26:01] [BEAT] [aria] load=0.20 mem=6936/8059MB temp=50.1C disk=82%
[2026-03-19 02:27:01] [BEAT] [aria] load=0.11 mem=6929/8059MB temp=50.1C disk=82%
[2026-03-19 02:28:01] [BEAT] [aria] load=0.07 mem=6933/8059MB temp=50.1C disk=82%
[2026-03-19 02:29:01] [BEAT] [aria] load=0.14 mem=6931/8059MB temp=50.1C disk=82%
[2026-03-19 02:30:02] [FLEET] [aria] Starting cross-node health check
[2026-03-19 02:30:02] [BEAT] [aria] load=0.05 mem=6907/8059MB temp=50.1C disk=82%
[2026-03-19 02:30:02] [FLEET] [aria] alice: UP temp=34C mem=3126MB disk=85%
[2026-03-19 02:30:04] [FLEET] [aria] octavia: DOWN (no ping response)
[2026-03-19 02:30:04] [FLEET] [aria] cecilia: UP temp=38C mem=1500MB disk=34%
[2026-03-19 02:30:06] [FLEET] [aria] gematria: UP temp=C mem=5530MB disk=70%
[2026-03-19 02:30:06] [FLEET] [aria] lucidia: PING OK but SSH failed
[2026-03-19 02:30:08] [FLEET] [aria] anastasia: DOWN (no ping response)
[2026-03-19 02:30:47] [DIAL] [aria] Switchboard unreachable
[2026-03-19 02:31:01] [BEAT] [aria] load=0.05 mem=6931/8059MB temp=50.1C disk=82%
[2026-03-19 02:32:01] [BEAT] [aria] load=0.02 mem=6933/8059MB temp=50.1C disk=82%
[2026-03-19 02:33:01] [BEAT] [aria] load=0.05 mem=6934/8059MB temp=49.6C disk=82%
[2026-03-19 02:34:01] [BEAT] [aria] load=0.02 mem=6933/8059MB temp=50.1C disk=82%
[2026-03-19 02:35:01] [BEAT] [aria] load=0.04 mem=6912/8059MB temp=51.2C disk=82%
[2026-03-19 02:36:01] [BEAT] [aria] load=0.01 mem=6931/8059MB temp=50.7C disk=82%
[2026-03-19 02:37:01] [BEAT] [aria] load=0.15 mem=6936/8059MB temp=50.7C disk=82%
[2026-03-19 02:38:01] [BEAT] [aria] load=0.12 mem=6934/8059MB temp=50.1C disk=82%
[2026-03-19 02:39:01] [BEAT] [aria] load=0.11 mem=6931/8059MB temp=50.1C disk=82%
[2026-03-19 02:40:01] [FLEET] [aria] Starting cross-node health check
[2026-03-19 02:40:01] [BEAT] [aria] load=0.09 mem=6907/8059MB temp=51.2C disk=82%
[2026-03-19 02:40:01] [FLEET] [aria] alice: UP temp=34C mem=3128MB disk=85%
[2026-03-19 02:40:03] [FLEET] [aria] octavia: DOWN (no ping response)
[2026-03-19 02:40:04] [FLEET] [aria] cecilia: UP temp=37C mem=1603MB disk=34%
[2026-03-19 02:40:05] [FLEET] [aria] gematria: UP temp=C mem=5547MB disk=70%
[2026-03-19 02:40:05] [FLEET] [aria] lucidia: PING OK but SSH failed
[2026-03-19 02:40:07] [FLEET] [aria] anastasia: DOWN (no ping response)
[2026-03-19 02:41:01] [BEAT] [aria] load=0.03 mem=6934/8059MB temp=50.7C disk=82%
[2026-03-19 02:42:01] [BEAT] [aria] load=0.17 mem=6932/8059MB temp=50.1C disk=82%
[2026-03-19 02:43:01] [BEAT] [aria] load=0.06 mem=6935/8059MB temp=50.1C disk=82%
[2026-03-19 02:44:01] [BEAT] [aria] load=0.78 mem=6931/8059MB temp=50.7C disk=82%
[2026-03-19 02:45:01] [BEAT] [aria] load=0.73 mem=6898/8059MB temp=50.7C disk=82%
[2026-03-19 02:45:47] [DIAL] [aria] Switchboard unreachable
[2026-03-19 02:46:01] [BEAT] [aria] load=0.31 mem=6926/8059MB temp=50.7C disk=82%
[2026-03-19 02:47:01] [BEAT] [aria] load=0.23 mem=6927/8059MB temp=50.1C disk=82%
[2026-03-19 02:48:01] [BEAT] [aria] load=0.08 mem=6933/8059MB temp=50.7C disk=82%
[2026-03-19 02:49:01] [BEAT] [aria] load=0.12 mem=6925/8059MB temp=51.8C disk=82%
[2026-03-19 02:50:01] [FLEET] [aria] Starting cross-node health check
[2026-03-19 02:50:01] [BEAT] [aria] load=0.04 mem=6913/8059MB temp=51.2C disk=82%
[2026-03-19 02:50:01] [FLEET] [aria] alice: UP temp=35C mem=3125MB disk=85%
[2026-03-19 02:50:03] [FLEET] [aria] octavia: DOWN (no ping response)
[2026-03-19 02:50:04] [FLEET] [aria] cecilia: UP temp=39C mem=1552MB disk=34%
[2026-03-19 02:50:05] [FLEET] [aria] gematria: UP temp=C mem=5544MB disk=70%
[2026-03-19 02:50:05] [FLEET] [aria] lucidia: PING OK but SSH failed
[2026-03-19 02:50:07] [FLEET] [aria] anastasia: DOWN (no ping response)
[2026-03-19 02:51:01] [BEAT] [aria] load=0.01 mem=6932/8059MB temp=50.7C disk=82%
[2026-03-19 02:52:01] [BEAT] [aria] load=0.16 mem=6932/8059MB temp=50.7C disk=82%
[2026-03-19 02:53:01] [BEAT] [aria] load=0.06 mem=6935/8059MB temp=51.8C disk=82%
[2026-03-19 02:54:01] [BEAT] [aria] load=0.08 mem=6934/8059MB temp=49.6C disk=82%
[2026-03-19 02:55:01] [BEAT] [aria] load=0.11 mem=6907/8059MB temp=50.1C disk=82%
[2026-03-19 02:56:01] [BEAT] [aria] load=0.04 mem=6933/8059MB temp=49.0C disk=82%
[2026-03-19 02:57:01] [BEAT] [aria] load=0.01 mem=6933/8059MB temp=48.0C disk=82%
[2026-03-19 02:58:01] [BEAT] [aria] load=0.08 mem=6936/8059MB temp=49.0C disk=82%
[2026-03-19 02:59:01] [BEAT] [aria] load=0.10 mem=6929/8059MB temp=48.0C disk=82%
[2026-03-19 03:00:01] [FLEET] [aria] Starting cross-node health check
[2026-03-19 03:00:01] [BEAT] [aria] load=0.10 mem=6892/8059MB temp=48.5C disk=82%
[2026-03-19 03:00:01] [FLEET] [aria] alice: UP temp=32C mem=3116MB disk=85%
[2026-03-19 03:00:03] [FLEET] [aria] octavia: DOWN (no ping response)
[2026-03-19 03:00:04] [FLEET] [aria] cecilia: UP temp=37C mem=1520MB disk=34%
[2026-03-19 03:00:05] [FLEET] [aria] gematria: UP temp=C mem=5614MB disk=70%
[2026-03-19 03:00:06] [FLEET] [aria] lucidia: PING OK but SSH failed
[2026-03-19 03:00:08] [FLEET] [aria] anastasia: DOWN (no ping response)
[2026-03-19 03:00:46] [DIAL] [aria] Switchboard unreachable
[2026-03-19 03:01:01] [BEAT] [aria] load=0.03 mem=6931/8059MB temp=48.0C disk=82%
[2026-03-19 03:02:01] [BEAT] [aria] load=0.01 mem=6929/8059MB temp=49.0C disk=82%
[2026-03-19 03:03:01] [BEAT] [aria] load=0.13 mem=6930/8059MB temp=50.1C disk=82%
[2026-03-19 03:04:01] [BEAT] [aria] load=0.13 mem=6918/8059MB temp=49.6C disk=82%
[2026-03-19 03:05:01] [BEAT] [aria] load=0.80 mem=6906/8059MB temp=49.6C disk=82%
[2026-03-19 03:06:01] [BEAT] [aria] load=0.70 mem=6932/8059MB temp=49.6C disk=82%
[2026-03-19 03:07:01] [BEAT] [aria] load=0.26 mem=6965/8059MB temp=50.1C disk=82%
[2026-03-19 03:08:01] [BEAT] [aria] load=0.27 mem=6964/8059MB temp=50.7C disk=82%
[2026-03-19 03:09:01] [BEAT] [aria] load=0.10 mem=6982/8059MB temp=51.8C disk=82%
[2026-03-19 03:10:01] [FLEET] [aria] Starting cross-node health check
[2026-03-19 03:10:01] [BEAT] [aria] load=0.52 mem=6961/8059MB temp=51.8C disk=82%
[2026-03-19 03:10:01] [FLEET] [aria] alice: UP temp=36C mem=3128MB disk=85%
[2026-03-19 03:10:03] [FLEET] [aria] octavia: DOWN (no ping response)
[2026-03-19 03:10:04] [FLEET] [aria] cecilia: UP temp=41C mem=1535MB disk=34%
[2026-03-19 03:10:06] [FLEET] [aria] gematria: UP temp=C mem=5566MB disk=70%
[2026-03-19 03:10:07] [FLEET] [aria] lucidia: PING OK but SSH failed
[2026-03-19 03:10:09] [FLEET] [aria] anastasia: DOWN (no ping response)
[2026-03-19 03:11:01] [BEAT] [aria] load=0.24 mem=6988/8059MB temp=52.4C disk=82%
[2026-03-19 03:12:01] [BEAT] [aria] load=0.08 mem=6985/8059MB temp=52.4C disk=82%
[2026-03-19 03:13:01] [BEAT] [aria] load=0.03 mem=6991/8059MB temp=52.4C disk=82%
[2026-03-19 03:14:01] [BEAT] [aria] load=0.11 mem=6971/8059MB temp=52.4C disk=82%
[2026-03-19 03:15:01] [BEAT] [aria] load=0.04 mem=6959/8059MB temp=54.0C disk=82%
[2026-03-19 03:15:46] [DIAL] [aria] Switchboard unreachable
[2026-03-19 03:16:01] [BEAT] [aria] load=0.04 mem=6988/8059MB temp=52.9C disk=82%
[2026-03-19 03:17:01] [BEAT] [aria] load=0.08 mem=6993/8059MB temp=54.0C disk=82%
[2026-03-19 03:18:01] [BEAT] [aria] load=0.03 mem=6989/8059MB temp=54.0C disk=82%
[2026-03-19 03:19:01] [BEAT] [aria] load=0.07 mem=6978/8059MB temp=54.0C disk=82%
[2026-03-19 03:20:01] [FLEET] [aria] Starting cross-node health check
[2026-03-19 03:20:01] [BEAT] [aria] load=0.02 mem=6956/8059MB temp=55.1C disk=82%
[2026-03-19 03:20:01] [FLEET] [aria] alice: UP temp=37C mem=3128MB disk=86%
[2026-03-19 03:20:03] [FLEET] [aria] octavia: DOWN (no ping response)
[2026-03-19 03:20:04] [FLEET] [aria] cecilia: UP temp=44C mem=1543MB disk=34%
[2026-03-19 03:20:05] [FLEET] [aria] gematria: UP temp=C mem=5557MB disk=70%
[2026-03-19 03:20:06] [FLEET] [aria] lucidia: PING OK but SSH failed
[2026-03-19 03:20:08] [FLEET] [aria] anastasia: DOWN (no ping response)
[2026-03-19 03:21:01] [BEAT] [aria] load=0.12 mem=6983/8059MB temp=54.5C disk=82%
[2026-03-19 03:22:01] [BEAT] [aria] load=0.04 mem=6983/8059MB temp=56.2C disk=82%
[2026-03-19 03:23:01] [BEAT] [aria] load=0.01 mem=6987/8059MB temp=54.5C disk=82%
[2026-03-19 03:24:01] [BEAT] [aria] load=0.08 mem=6974/8059MB temp=56.8C disk=82%
[2026-03-19 03:25:01] [BEAT] [aria] load=0.47 mem=6948/8059MB temp=55.6C disk=82%
[2026-03-19 03:26:01] [BEAT] [aria] load=0.94 mem=6985/8059MB temp=55.1C disk=82%
[2026-03-19 03:27:01] [BEAT] [aria] load=0.52 mem=6988/8059MB temp=55.1C disk=82%
[2026-03-19 03:28:01] [BEAT] [aria] load=0.19 mem=6978/8059MB temp=55.1C disk=82%
[2026-03-19 03:29:01] [BEAT] [aria] load=0.26 mem=6980/8059MB temp=53.5C disk=82%
[2026-03-19 03:30:01] [FLEET] [aria] Starting cross-node health check
[2026-03-19 03:30:01] [BEAT] [aria] load=0.36 mem=6949/8059MB temp=57.3C disk=82%
[2026-03-19 03:30:01] [FLEET] [aria] alice: UP temp=37C mem=3136MB disk=85%
[2026-03-19 03:30:03] [FLEET] [aria] octavia: DOWN (no ping response)
[2026-03-19 03:30:04] [FLEET] [aria] cecilia: UP temp=41C mem=1499MB disk=34%
[2026-03-19 03:30:05] [FLEET] [aria] gematria: UP temp=C mem=5558MB disk=70%
[2026-03-19 03:30:06] [FLEET] [aria] lucidia: PING OK but SSH failed
[2026-03-19 03:30:08] [FLEET] [aria] anastasia: DOWN (no ping response)
[2026-03-19 03:30:46] [DIAL] [aria] Switchboard unreachable
[2026-03-19 03:31:01] [BEAT] [aria] load=0.16 mem=6982/8059MB temp=55.1C disk=82%
[2026-03-19 03:32:01] [BEAT] [aria] load=0.09 mem=6981/8059MB temp=55.1C disk=82%
[2026-03-19 03:33:01] [BEAT] [aria] load=0.03 mem=6981/8059MB temp=56.2C disk=82%
[2026-03-19 03:34:01] [BEAT] [aria] load=0.09 mem=6975/8059MB temp=55.1C disk=82%
[2026-03-19 03:35:01] [BEAT] [aria] load=0.16 mem=6955/8059MB temp=55.1C disk=82%
[2026-03-19 03:36:01] [BEAT] [aria] load=0.06 mem=6982/8059MB temp=55.1C disk=82%
[2026-03-19 03:37:01] [BEAT] [aria] load=0.02 mem=6985/8059MB temp=55.1C disk=82%
[2026-03-19 03:38:01] [BEAT] [aria] load=0.00 mem=6983/8059MB temp=54.5C disk=82%
[2026-03-19 03:39:01] [BEAT] [aria] load=0.00 mem=6978/8059MB temp=54.0C disk=82%
[2026-03-19 03:40:01] [FLEET] [aria] Starting cross-node health check
[2026-03-19 03:40:01] [BEAT] [aria] load=0.08 mem=6955/8059MB temp=55.1C disk=82%
[2026-03-19 03:40:01] [FLEET] [aria] alice: UP temp=36C mem=3130MB disk=85%
[2026-03-19 03:40:03] [FLEET] [aria] octavia: DOWN (no ping response)
[2026-03-19 03:40:04] [FLEET] [aria] cecilia: UP temp=40C mem=1566MB disk=34%
[2026-03-19 03:40:05] [FLEET] [aria] gematria: UP temp=C mem=5546MB disk=70%
[2026-03-19 03:40:05] [FLEET] [aria] lucidia: PING OK but SSH failed
[2026-03-19 03:40:07] [FLEET] [aria] anastasia: DOWN (no ping response)
[2026-03-19 03:41:01] [BEAT] [aria] load=0.08 mem=6981/8059MB temp=54.5C disk=82%
[2026-03-19 03:42:01] [BEAT] [aria] load=0.09 mem=6978/8059MB temp=55.1C disk=82%
[2026-03-19 03:43:01] [BEAT] [aria] load=0.03 mem=6983/8059MB temp=53.5C disk=82%
[2026-03-19 03:44:01] [BEAT] [aria] load=0.11 mem=6983/8059MB temp=54.0C disk=82%
[2026-03-19 03:45:02] [BEAT] [aria] load=0.04 mem=6934/8059MB temp=55.1C disk=82%
[2026-03-19 03:45:47] [DIAL] [aria] Switchboard unreachable
[2026-03-19 03:46:01] [BEAT] [aria] load=0.46 mem=6981/8059MB temp=54.0C disk=82%
[2026-03-19 03:47:01] [BEAT] [aria] load=0.78 mem=6982/8059MB temp=55.1C disk=82%
[2026-03-19 03:48:01] [BEAT] [aria] load=0.32 mem=6980/8059MB temp=54.0C disk=82%
[2026-03-19 03:49:01] [BEAT] [aria] load=0.11 mem=6984/8059MB temp=54.0C disk=82%
[2026-03-19 03:50:01] [FLEET] [aria] Starting cross-node health check
[2026-03-19 03:50:01] [BEAT] [aria] load=0.04 mem=6950/8059MB temp=55.1C disk=82%
[2026-03-19 03:50:02] [FLEET] [aria] alice: UP temp=36C mem=3125MB disk=85%
[2026-03-19 03:50:04] [FLEET] [aria] octavia: DOWN (no ping response)
[2026-03-19 03:50:04] [FLEET] [aria] cecilia: UP temp=39C mem=1501MB disk=34%
[2026-03-19 03:50:06] [FLEET] [aria] gematria: UP temp=C mem=5545MB disk=70%
[2026-03-19 03:50:06] [FLEET] [aria] lucidia: PING OK but SSH failed
[2026-03-19 03:50:08] [FLEET] [aria] anastasia: DOWN (no ping response)
[2026-03-19 03:51:01] [BEAT] [aria] load=0.18 mem=6984/8059MB temp=54.0C disk=82%
[2026-03-19 03:52:01] [BEAT] [aria] load=0.07 mem=6983/8059MB temp=53.5C disk=82%
[2026-03-19 03:53:01] [BEAT] [aria] load=0.02 mem=6982/8059MB temp=54.0C disk=82%
[2026-03-19 03:54:01] [BEAT] [aria] load=0.01 mem=6983/8059MB temp=53.5C disk=82%
[2026-03-19 03:55:01] [BEAT] [aria] load=0.23 mem=6945/8059MB temp=54.0C disk=82%
[2026-03-19 03:56:01] [BEAT] [aria] load=0.43 mem=6982/8059MB temp=52.4C disk=82%
[2026-03-19 03:57:01] [BEAT] [aria] load=0.16 mem=6975/8059MB temp=52.4C disk=82%
[2026-03-19 03:58:01] [BEAT] [aria] load=0.06 mem=6978/8059MB temp=51.8C disk=82%
[2026-03-19 03:59:01] [BEAT] [aria] load=0.02 mem=6966/8059MB temp=51.2C disk=82%
[2026-03-19 04:00:01] [FLEET] [aria] Starting cross-node health check
[2026-03-19 04:00:01] [BEAT] [aria] load=0.11 mem=6936/8059MB temp=52.4C disk=82%
[2026-03-19 04:00:02] [FLEET] [aria] alice: UP temp=36C mem=3125MB disk=85%
[2026-03-19 04:00:04] [FLEET] [aria] octavia: DOWN (no ping response)
[2026-03-19 04:00:05] [FLEET] [aria] cecilia: UP temp=37C mem=1535MB disk=34%
[2026-03-19 04:00:07] [FLEET] [aria] gematria: UP temp=C mem=5543MB disk=70%
[2026-03-19 04:00:07] [FLEET] [aria] lucidia: PING OK but SSH failed
[2026-03-19 04:00:09] [FLEET] [aria] anastasia: DOWN (no ping response)
[2026-03-19 04:00:47] [DIAL] [aria] Switchboard unreachable
[2026-03-19 04:01:01] [BEAT] [aria] load=0.04 mem=6975/8059MB temp=51.2C disk=82%
[2026-03-19 04:02:01] [BEAT] [aria] load=0.20 mem=6975/8059MB temp=51.2C disk=82%
[2026-03-19 04:03:01] [BEAT] [aria] load=0.18 mem=6975/8059MB temp=52.4C disk=82%
[2026-03-19 04:04:01] [BEAT] [aria] load=0.21 mem=6974/8059MB temp=50.7C disk=82%
[2026-03-19 04:05:01] [BEAT] [aria] load=0.35 mem=6950/8059MB temp=52.4C disk=82%
[2026-03-19 04:06:01] [BEAT] [aria] load=0.16 mem=6977/8059MB temp=51.2C disk=82%
[2026-03-19 04:07:01] [BEAT] [aria] load=0.52 mem=6975/8059MB temp=51.8C disk=82%
[2026-03-19 04:08:01] [BEAT] [aria] load=0.98 mem=6979/8059MB temp=52.4C disk=82%
[2026-03-19 04:09:01] [BEAT] [aria] load=0.50 mem=6976/8059MB temp=51.8C disk=82%
[2026-03-19 04:10:01] [FLEET] [aria] Starting cross-node health check
[2026-03-19 04:10:01] [BEAT] [aria] load=0.24 mem=6936/8059MB temp=52.9C disk=82%
[2026-03-19 04:10:02] [FLEET] [aria] alice: UP temp=35C mem=3130MB disk=85%
[2026-03-19 04:10:04] [FLEET] [aria] octavia: DOWN (no ping response)
[2026-03-19 04:10:04] [FLEET] [aria] cecilia: UP temp=37C mem=1507MB disk=34%
[2026-03-19 04:10:05] [FLEET] [aria] gematria: UP temp=C mem=5562MB disk=70%
[2026-03-19 04:10:06] [FLEET] [aria] lucidia: PING OK but SSH failed
[2026-03-19 04:10:08] [FLEET] [aria] anastasia: DOWN (no ping response)
[2026-03-19 04:11:01] [BEAT] [aria] load=0.17 mem=6971/8059MB temp=52.4C disk=82%
[2026-03-19 04:12:01] [BEAT] [aria] load=0.06 mem=6971/8059MB temp=51.8C disk=82%
[2026-03-19 04:13:01] [BEAT] [aria] load=0.05 mem=6976/8059MB temp=52.4C disk=82%
[2026-03-19 04:14:01] [BEAT] [aria] load=0.05 mem=6975/8059MB temp=52.4C disk=82%
[2026-03-19 04:15:01] [BEAT] [aria] load=0.06 mem=6947/8059MB temp=52.9C disk=82%
[2026-03-19 04:15:46] [DIAL] [aria] Switchboard unreachable
[2026-03-19 04:16:01] [BEAT] [aria] load=0.08 mem=6973/8059MB temp=52.9C disk=82%
[2026-03-19 04:17:01] [BEAT] [aria] load=0.08 mem=6971/8059MB temp=51.8C disk=82%
[2026-03-19 04:18:01] [BEAT] [aria] load=0.07 mem=6974/8059MB temp=53.5C disk=82%
[2026-03-19 04:19:01] [BEAT] [aria] load=0.03 mem=6975/8059MB temp=53.5C disk=82%
[2026-03-19 04:20:01] [FLEET] [aria] Starting cross-node health check
[2026-03-19 04:20:01] [BEAT] [aria] load=0.01 mem=6949/8059MB temp=52.9C disk=82%
[2026-03-19 04:20:02] [FLEET] [aria] alice: UP temp=36C mem=3125MB disk=85%
[2026-03-19 04:20:04] [FLEET] [aria] octavia: DOWN (no ping response)
[2026-03-19 04:20:04] [FLEET] [aria] cecilia: UP temp=38C mem=1527MB disk=34%
[2026-03-19 04:20:05] [FLEET] [aria] gematria: UP temp=C mem=5561MB disk=70%
[2026-03-19 04:20:06] [FLEET] [aria] lucidia: PING OK but SSH failed
[2026-03-19 04:20:08] [FLEET] [aria] anastasia: DOWN (no ping response)
[2026-03-19 04:21:01] [BEAT] [aria] load=0.14 mem=6971/8059MB temp=53.5C disk=82%
[2026-03-19 04:22:01] [BEAT] [aria] load=0.09 mem=6967/8059MB temp=52.9C disk=82%
[2026-03-19 04:23:01] [BEAT] [aria] load=0.09 mem=6973/8059MB temp=52.4C disk=82%
[2026-03-19 04:24:01] [BEAT] [aria] load=0.03 mem=6971/8059MB temp=52.9C disk=82%
[2026-03-19 04:25:01] [BEAT] [aria] load=0.01 mem=6940/8059MB temp=53.5C disk=82%
[2026-03-19 04:26:01] [BEAT] [aria] load=0.07 mem=6973/8059MB temp=52.4C disk=82%
[2026-03-19 04:27:01] [BEAT] [aria] load=0.07 mem=6971/8059MB temp=51.8C disk=82%
[2026-03-19 04:28:01] [BEAT] [aria] load=0.56 mem=6969/8059MB temp=52.9C disk=82%
[2026-03-19 04:29:01] [BEAT] [aria] load=0.75 mem=6973/8059MB temp=51.8C disk=82%
[2026-03-19 04:30:01] [FLEET] [aria] Starting cross-node health check
[2026-03-19 04:30:01] [BEAT] [aria] load=0.37 mem=6937/8059MB temp=52.9C disk=82%
[2026-03-19 04:30:02] [FLEET] [aria] alice: UP temp=37C mem=3117MB disk=85%
[2026-03-19 04:30:04] [FLEET] [aria] octavia: DOWN (no ping response)
[2026-03-19 04:30:04] [FLEET] [aria] cecilia: UP temp=38C mem=1506MB disk=34%
[2026-03-19 04:30:05] [FLEET] [aria] gematria: UP temp=C mem=5574MB disk=70%
[2026-03-19 04:30:06] [FLEET] [aria] lucidia: PING OK but SSH failed
[2026-03-19 04:30:08] [FLEET] [aria] anastasia: DOWN (no ping response)
[2026-03-19 04:30:46] [DIAL] [aria] Switchboard unreachable
[2026-03-19 04:31:01] [BEAT] [aria] load=0.20 mem=6973/8059MB temp=52.4C disk=82%
[2026-03-19 04:32:01] [BEAT] [aria] load=0.13 mem=6970/8059MB temp=52.4C disk=82%
[2026-03-19 04:33:01] [BEAT] [aria] load=0.11 mem=6974/8059MB temp=52.4C disk=82%
[2026-03-19 04:34:02] [BEAT] [aria] load=0.13 mem=6969/8059MB temp=53.5C disk=82%
[2026-03-19 04:35:01] [BEAT] [aria] load=0.09 mem=6941/8059MB temp=53.5C disk=82%
[2026-03-19 04:36:01] [BEAT] [aria] load=0.03 mem=6970/8059MB temp=51.8C disk=82%
[2026-03-19 04:37:01] [BEAT] [aria] load=0.09 mem=6968/8059MB temp=52.4C disk=82%
[2026-03-19 04:38:01] [BEAT] [aria] load=0.13 mem=6965/8059MB temp=51.8C disk=82%
[2026-03-19 04:39:02] [BEAT] [aria] load=0.11 mem=6970/8059MB temp=52.4C disk=82%
[2026-03-19 04:40:01] [FLEET] [aria] Starting cross-node health check
[2026-03-19 04:40:01] [BEAT] [aria] load=0.08 mem=6944/8059MB temp=52.9C disk=82%
[2026-03-19 04:40:01] [FLEET] [aria] alice: UP temp=35C mem=3128MB disk=85%
[2026-03-19 04:40:03] [FLEET] [aria] octavia: DOWN (no ping response)
[2026-03-19 04:40:03] [FLEET] [aria] cecilia: UP temp=37C mem=1555MB disk=34%
[2026-03-19 04:40:05] [FLEET] [aria] gematria: UP temp=C mem=5557MB disk=70%
[2026-03-19 04:40:05] [FLEET] [aria] lucidia: PING OK but SSH failed
[2026-03-19 04:40:07] [FLEET] [aria] anastasia: DOWN (no ping response)
[2026-03-19 04:41:01] [BEAT] [aria] load=0.10 mem=6969/8059MB temp=52.4C disk=82%
[2026-03-19 04:42:01] [BEAT] [aria] load=0.04 mem=6973/8059MB temp=52.4C disk=82%
[2026-03-19 04:43:01] [BEAT] [aria] load=0.05 mem=6969/8059MB temp=51.8C disk=82%
[2026-03-19 04:44:01] [BEAT] [aria] load=0.05 mem=6969/8059MB temp=52.9C disk=82%
[2026-03-19 04:45:01] [BEAT] [aria] load=0.10 mem=6929/8059MB temp=52.4C disk=82%
[2026-03-19 04:45:46] [DIAL] [aria] Switchboard unreachable
[2026-03-19 04:46:01] [BEAT] [aria] load=0.11 mem=6955/8059MB temp=52.4C disk=82%
[2026-03-19 04:47:02] [BEAT] [aria] load=0.19 mem=6954/8059MB temp=52.9C disk=82%
[2026-03-19 04:48:02] [BEAT] [aria] load=0.12 mem=6949/8059MB temp=52.9C disk=82%
[2026-03-19 04:49:01] [BEAT] [aria] load=0.76 mem=6954/8059MB temp=53.5C disk=82%
[2026-03-19 04:50:01] [FLEET] [aria] Starting cross-node health check
[2026-03-19 04:50:01] [BEAT] [aria] load=0.77 mem=6926/8059MB temp=52.9C disk=82%
[2026-03-19 04:50:01] [FLEET] [aria] alice: UP temp=35C mem=3125MB disk=85%
[2026-03-19 04:50:03] [FLEET] [aria] octavia: DOWN (no ping response)
[2026-03-19 04:50:03] [FLEET] [aria] cecilia: UP temp=44C mem=1460MB disk=34%
[2026-03-19 04:50:05] [FLEET] [aria] gematria: UP temp=C mem=5549MB disk=70%
[2026-03-19 04:50:05] [FLEET] [aria] lucidia: PING OK but SSH failed
[2026-03-19 04:50:07] [FLEET] [aria] anastasia: DOWN (no ping response)
[2026-03-19 04:51:01] [BEAT] [aria] load=0.35 mem=6954/8059MB temp=52.4C disk=82%
[2026-03-19 04:52:01] [BEAT] [aria] load=0.13 mem=6960/8059MB temp=53.5C disk=82%
[2026-03-19 04:53:01] [BEAT] [aria] load=0.12 mem=6958/8059MB temp=51.8C disk=82%
[2026-03-19 04:54:01] [BEAT] [aria] load=0.04 mem=6958/8059MB temp=51.2C disk=82%
[2026-03-19 04:55:01] [BEAT] [aria] load=0.17 mem=6925/8059MB temp=52.9C disk=82%
[2026-03-19 04:56:01] [BEAT] [aria] load=0.06 mem=6956/8059MB temp=49.6C disk=82%
[2026-03-19 04:57:01] [BEAT] [aria] load=0.20 mem=6955/8059MB temp=50.1C disk=82%
[2026-03-19 04:58:01] [BEAT] [aria] load=0.07 mem=6955/8059MB temp=49.0C disk=82%
[2026-03-19 04:59:01] [BEAT] [aria] load=0.11 mem=6959/8059MB temp=50.1C disk=82%
[2026-03-19 05:00:01] [FLEET] [aria] Starting cross-node health check
[2026-03-19 05:00:01] [BEAT] [aria] load=0.09 mem=6921/8059MB temp=51.2C disk=82%
[2026-03-19 05:00:01] [FLEET] [aria] alice: UP temp=34C mem=3119MB disk=85%
[2026-03-19 05:00:03] [FLEET] [aria] octavia: DOWN (no ping response)
[2026-03-19 05:00:04] [FLEET] [aria] cecilia: UP temp=38C mem=1501MB disk=34%
[2026-03-19 05:00:05] [FLEET] [aria] gematria: UP temp=C mem=5558MB disk=70%
[2026-03-19 05:00:06] [FLEET] [aria] lucidia: PING OK but SSH failed
[2026-03-19 05:00:08] [FLEET] [aria] anastasia: DOWN (no ping response)
[2026-03-19 05:00:46] [DIAL] [aria] Switchboard unreachable
[2026-03-19 05:01:01] [BEAT] [aria] load=0.16 mem=6959/8059MB temp=50.1C disk=82%
[2026-03-19 05:02:01] [BEAT] [aria] load=0.06 mem=6957/8059MB temp=49.6C disk=82%
[2026-03-19 05:03:01] [BEAT] [aria] load=0.02 mem=6955/8059MB temp=50.1C disk=82%
[2026-03-19 05:04:01] [BEAT] [aria] load=0.06 mem=6955/8059MB temp=50.1C disk=82%
[2026-03-19 05:05:01] [BEAT] [aria] load=0.06 mem=6929/8059MB temp=50.1C disk=82%
[2026-03-19 05:06:01] [BEAT] [aria] load=0.02 mem=6960/8059MB temp=50.7C disk=82%
[2026-03-19 05:07:01] [BEAT] [aria] load=0.07 mem=6959/8059MB temp=51.2C disk=82%
[2026-03-19 05:08:01] [BEAT] [aria] load=0.10 mem=6953/8059MB temp=51.8C disk=82%
[2026-03-19 05:09:01] [BEAT] [aria] load=0.42 mem=6959/8059MB temp=50.7C disk=82%
[2026-03-19 05:10:01] [FLEET] [aria] Starting cross-node health check
[2026-03-19 05:10:01] [BEAT] [aria] load=0.83 mem=6927/8059MB temp=51.8C disk=82%
[2026-03-19 05:10:01] [FLEET] [aria] alice: UP temp=35C mem=3123MB disk=86%
[2026-03-19 05:10:03] [FLEET] [aria] octavia: DOWN (no ping response)
[2026-03-19 05:10:04] [FLEET] [aria] cecilia: UP temp=38C mem=1467MB disk=34%
[2026-03-19 05:10:05] [FLEET] [aria] gematria: UP temp=C mem=5545MB disk=70%
[2026-03-19 05:10:06] [FLEET] [aria] lucidia: PING OK but SSH failed
[2026-03-19 05:10:08] [FLEET] [aria] anastasia: DOWN (no ping response)
[2026-03-19 05:11:01] [BEAT] [aria] load=0.88 mem=6958/8059MB temp=50.7C disk=82%
[2026-03-19 05:12:01] [BEAT] [aria] load=0.59 mem=6955/8059MB temp=51.2C disk=82%
[2026-03-19 05:13:01] [BEAT] [aria] load=0.40 mem=6955/8059MB temp=52.9C disk=82%
[2026-03-19 05:14:01] [BEAT] [aria] load=0.23 mem=6958/8059MB temp=50.7C disk=82%
[2026-03-19 05:15:01] [BEAT] [aria] load=0.12 mem=6920/8059MB temp=51.8C disk=82%
[2026-03-19 05:15:46] [DIAL] [aria] Switchboard unreachable
[2026-03-19 05:16:01] [BEAT] [aria] load=0.09 mem=6961/8059MB temp=51.2C disk=82%
[2026-03-19 05:17:01] [BEAT] [aria] load=0.03 mem=6957/8059MB temp=51.2C disk=82%
[2026-03-19 05:18:01] [BEAT] [aria] load=0.16 mem=6955/8059MB temp=51.2C disk=82%
[2026-03-19 05:19:01] [BEAT] [aria] load=0.06 mem=6953/8059MB temp=52.4C disk=82%
[2026-03-19 05:20:01] [FLEET] [aria] Starting cross-node health check
[2026-03-19 05:20:01] [BEAT] [aria] load=0.08 mem=6929/8059MB temp=51.2C disk=82%
[2026-03-19 05:20:01] [FLEET] [aria] alice: UP temp=35C mem=3121MB disk=86%
[2026-03-19 05:20:03] [FLEET] [aria] octavia: DOWN (no ping response)
[2026-03-19 05:20:04] [FLEET] [aria] cecilia: UP temp=38C mem=1462MB disk=34%
[2026-03-19 05:20:05] [FLEET] [aria] gematria: UP temp=C mem=5559MB disk=70%
[2026-03-19 05:20:05] [FLEET] [aria] lucidia: PING OK but SSH failed
[2026-03-19 05:20:07] [FLEET] [aria] anastasia: DOWN (no ping response)
[2026-03-19 05:21:01] [BEAT] [aria] load=0.07 mem=6954/8059MB temp=52.4C disk=82%
[2026-03-19 05:22:01] [BEAT] [aria] load=0.02 mem=6959/8059MB temp=50.7C disk=82%
[2026-03-19 05:23:01] [BEAT] [aria] load=0.01 mem=6960/8059MB temp=50.7C disk=82%
[2026-03-19 05:24:01] [BEAT] [aria] load=0.08 mem=6955/8059MB temp=50.7C disk=82%
[2026-03-19 05:25:02] [BEAT] [aria] load=0.15 mem=6934/8059MB temp=51.8C disk=82%
[2026-03-19 05:26:01] [BEAT] [aria] load=0.12 mem=6956/8059MB temp=50.7C disk=82%
[2026-03-19 05:27:01] [BEAT] [aria] load=0.10 mem=6956/8059MB temp=50.1C disk=82%
[2026-03-19 05:28:01] [BEAT] [aria] load=0.04 mem=6950/8059MB temp=51.2C disk=82%
[2026-03-19 05:29:01] [BEAT] [aria] load=0.06 mem=6953/8059MB temp=51.2C disk=82%
[2026-03-19 05:30:01] [FLEET] [aria] Starting cross-node health check
[2026-03-19 05:30:01] [BEAT] [aria] load=0.24 mem=6918/8059MB temp=52.4C disk=82%
[2026-03-19 05:30:01] [FLEET] [aria] alice: UP temp=34C mem=3129MB disk=86%
[2026-03-19 05:30:03] [FLEET] [aria] octavia: DOWN (no ping response)
[2026-03-19 05:30:04] [FLEET] [aria] cecilia: UP temp=39C mem=1441MB disk=34%
[2026-03-19 05:30:05] [FLEET] [aria] gematria: UP temp=C mem=5553MB disk=70%
[2026-03-19 05:30:05] [FLEET] [aria] lucidia: PING OK but SSH failed
[2026-03-19 05:30:07] [FLEET] [aria] anastasia: DOWN (no ping response)
[2026-03-19 05:30:46] [DIAL] [aria] Switchboard unreachable
[2026-03-19 05:31:01] [BEAT] [aria] load=0.84 mem=6950/8059MB temp=51.2C disk=82%
[2026-03-19 05:32:01] [BEAT] [aria] load=0.55 mem=6950/8059MB temp=51.2C disk=82%
[2026-03-19 05:33:01] [BEAT] [aria] load=0.20 mem=6949/8059MB temp=51.2C disk=82%
[2026-03-19 05:34:01] [BEAT] [aria] load=0.22 mem=6948/8059MB temp=51.2C disk=82%
[2026-03-19 05:35:01] [BEAT] [aria] load=0.08 mem=6918/8059MB temp=52.4C disk=82%
[2026-03-19 05:36:01] [BEAT] [aria] load=0.13 mem=6950/8059MB temp=52.4C disk=82%
[2026-03-19 05:37:01] [BEAT] [aria] load=0.08 mem=6952/8059MB temp=51.2C disk=82%
[2026-03-19 05:38:01] [BEAT] [aria] load=0.07 mem=6951/8059MB temp=51.2C disk=82%
[2026-03-19 05:39:01] [BEAT] [aria] load=0.11 mem=6943/8059MB temp=51.8C disk=82%
[2026-03-19 05:40:01] [FLEET] [aria] Starting cross-node health check
[2026-03-19 05:40:01] [BEAT] [aria] load=0.15 mem=6921/8059MB temp=52.4C disk=82%
[2026-03-19 05:40:01] [FLEET] [aria] alice: UP temp=35C mem=3132MB disk=86%
[2026-03-19 05:40:03] [FLEET] [aria] octavia: DOWN (no ping response)
[2026-03-19 05:40:03] [FLEET] [aria] cecilia: UP temp=38C mem=1544MB disk=34%
[2026-03-19 05:40:05] [FLEET] [aria] gematria: UP temp=C mem=5549MB disk=70%
[2026-03-19 05:40:05] [FLEET] [aria] lucidia: PING OK but SSH failed
[2026-03-19 05:40:07] [FLEET] [aria] anastasia: DOWN (no ping response)
[2026-03-19 05:41:01] [BEAT] [aria] load=0.13 mem=6948/8059MB temp=52.4C disk=82%
[2026-03-19 05:42:01] [BEAT] [aria] load=0.05 mem=6947/8059MB temp=51.8C disk=82%
[2026-03-19 05:43:01] [BEAT] [aria] load=0.02 mem=6948/8059MB temp=51.2C disk=82%
[2026-03-19 05:44:01] [BEAT] [aria] load=0.00 mem=6947/8059MB temp=51.8C disk=82%
[2026-03-19 05:45:01] [BEAT] [aria] load=0.13 mem=6912/8059MB temp=51.2C disk=82%
[2026-03-19 05:45:47] [DIAL] [aria] Switchboard unreachable
[2026-03-19 05:46:01] [BEAT] [aria] load=0.05 mem=6948/8059MB temp=52.4C disk=82%
[2026-03-19 05:47:01] [BEAT] [aria] load=0.20 mem=6948/8059MB temp=52.9C disk=82%
[2026-03-19 05:48:01] [BEAT] [aria] load=0.11 mem=6949/8059MB temp=51.2C disk=82%
[2026-03-19 05:49:01] [BEAT] [aria] load=0.04 mem=6946/8059MB temp=51.2C disk=82%
[2026-03-19 05:50:01] [FLEET] [aria] Starting cross-node health check
[2026-03-19 05:50:01] [BEAT] [aria] load=0.09 mem=6906/8059MB temp=51.8C disk=82%
[2026-03-19 05:50:01] [FLEET] [aria] alice: UP temp=33C mem=3125MB disk=86%
[2026-03-19 05:50:03] [FLEET] [aria] octavia: DOWN (no ping response)
[2026-03-19 05:50:03] [FLEET] [aria] cecilia: UP temp=37C mem=1495MB disk=34%
[2026-03-19 05:50:05] [FLEET] [aria] gematria: UP temp=C mem=5564MB disk=70%
[2026-03-19 05:50:05] [FLEET] [aria] lucidia: PING OK but SSH failed
[2026-03-19 05:50:07] [FLEET] [aria] anastasia: DOWN (no ping response)
[2026-03-19 05:51:01] [BEAT] [aria] load=0.26 mem=6938/8059MB temp=51.2C disk=82%
[2026-03-19 05:52:01] [BEAT] [aria] load=0.92 mem=6945/8059MB temp=51.8C disk=82%
[2026-03-19 05:53:02] [BEAT] [aria] load=1.02 mem=6946/8059MB temp=52.4C disk=82%
[2026-03-19 05:54:01] [BEAT] [aria] load=0.41 mem=6948/8059MB temp=51.2C disk=82%
[2026-03-19 05:55:01] [BEAT] [aria] load=0.15 mem=6901/8059MB temp=50.1C disk=82%
[2026-03-19 05:56:01] [BEAT] [aria] load=0.40 mem=6948/8059MB temp=50.7C disk=82%
[2026-03-19 05:57:01] [BEAT] [aria] load=0.14 mem=6935/8059MB temp=49.6C disk=82%
[2026-03-19 05:58:01] [BEAT] [aria] load=0.08 mem=6935/8059MB temp=49.6C disk=82%
[2026-03-19 05:59:01] [BEAT] [aria] load=0.03 mem=6928/8059MB temp=49.6C disk=82%
[2026-03-19 06:00:01] [FLEET] [aria] Starting cross-node health check
[2026-03-19 06:00:02] [BEAT] [aria] load=0.09 mem=6878/8059MB temp=50.7C disk=82%
[2026-03-19 06:00:02] [FLEET] [aria] alice: UP temp=34C mem=3117MB disk=86%
[2026-03-19 06:00:04] [FLEET] [aria] octavia: DOWN (no ping response)
[2026-03-19 06:00:04] [FLEET] [aria] cecilia: UP temp=39C mem=1506MB disk=34%
[2026-03-19 06:00:06] [FLEET] [aria] gematria: UP temp=C mem=5552MB disk=70%
[2026-03-19 06:00:06] [FLEET] [aria] lucidia: PING OK but SSH failed
[2026-03-19 06:00:08] [FLEET] [aria] anastasia: DOWN (no ping response)
[2026-03-19 06:00:47] [DIAL] [aria] Switchboard unreachable
[2026-03-19 06:01:01] [BEAT] [aria] load=0.22 mem=6909/8059MB temp=49.6C disk=82%
[2026-03-19 06:02:01] [BEAT] [aria] load=0.20 mem=6902/8059MB temp=51.2C disk=82%
[2026-03-19 06:03:01] [BEAT] [aria] load=0.17 mem=6902/8059MB temp=49.6C disk=82%
[2026-03-19 06:04:01] [BEAT] [aria] load=0.13 mem=6897/8059MB temp=49.6C disk=82%
[2026-03-19 06:05:01] [BEAT] [aria] load=0.05 mem=6862/8059MB temp=51.2C disk=82%
[2026-03-19 06:06:01] [BEAT] [aria] load=0.13 mem=6892/8059MB temp=49.6C disk=82%
[2026-03-19 06:07:01] [BEAT] [aria] load=0.04 mem=6893/8059MB temp=50.7C disk=82%
[2026-03-19 06:08:01] [BEAT] [aria] load=0.08 mem=6890/8059MB temp=49.6C disk=82%
[2026-03-19 06:09:01] [BEAT] [aria] load=0.03 mem=6889/8059MB temp=51.2C disk=82%
[2026-03-19 06:10:01] [FLEET] [aria] Starting cross-node health check
[2026-03-19 06:10:01] [BEAT] [aria] load=0.01 mem=6848/8059MB temp=51.2C disk=82%
[2026-03-19 06:10:02] [FLEET] [aria] alice: UP temp=35C mem=3128MB disk=86%
[2026-03-19 06:10:04] [FLEET] [aria] octavia: DOWN (no ping response)
[2026-03-19 06:10:04] [FLEET] [aria] cecilia: UP temp=44C mem=1516MB disk=34%
[2026-03-19 06:10:06] [FLEET] [aria] gematria: UP temp=C mem=5539MB disk=70%
[2026-03-19 06:10:06] [FLEET] [aria] lucidia: PING OK but SSH failed
[2026-03-19 06:10:08] [FLEET] [aria] anastasia: DOWN (no ping response)
[2026-03-19 06:11:01] [BEAT] [aria] load=0.00 mem=6884/8059MB temp=50.1C disk=82%
[2026-03-19 06:12:01] [BEAT] [aria] load=0.38 mem=6891/8059MB temp=51.8C disk=82%
[2026-03-19 06:13:01] [BEAT] [aria] load=1.04 mem=6889/8059MB temp=50.7C disk=82%
[2026-03-19 06:14:01] [BEAT] [aria] load=0.48 mem=6891/8059MB temp=50.7C disk=82%
[2026-03-19 06:15:01] [BEAT] [aria] load=0.40 mem=6844/8059MB temp=51.8C disk=82%
[2026-03-19 06:15:46] [DIAL] [aria] Switchboard unreachable
[2026-03-19 06:16:01] [BEAT] [aria] load=0.18 mem=6884/8059MB temp=50.7C disk=82%
[2026-03-19 06:17:01] [BEAT] [aria] load=0.15 mem=6885/8059MB temp=51.2C disk=82%
[2026-03-19 06:18:01] [BEAT] [aria] load=0.05 mem=6888/8059MB temp=50.7C disk=82%
[2026-03-19 06:19:01] [BEAT] [aria] load=0.06 mem=6879/8059MB temp=51.8C disk=82%
[2026-03-19 06:20:01] [FLEET] [aria] Starting cross-node health check
[2026-03-19 06:20:01] [BEAT] [aria] load=0.08 mem=6852/8059MB temp=50.7C disk=82%
[2026-03-19 06:20:02] [FLEET] [aria] alice: UP temp=35C mem=3123MB disk=86%
[2026-03-19 06:20:04] [FLEET] [aria] octavia: DOWN (no ping response)
[2026-03-19 06:20:04] [FLEET] [aria] cecilia: UP temp=55C mem=1446MB disk=34%
[2026-03-19 06:20:05] [FLEET] [aria] gematria: UP temp=C mem=5532MB disk=70%
[2026-03-19 06:20:06] [FLEET] [aria] lucidia: PING OK but SSH failed
[2026-03-19 06:20:08] [FLEET] [aria] anastasia: DOWN (no ping response)
[2026-03-19 06:21:01] [BEAT] [aria] load=0.10 mem=6877/8059MB temp=50.1C disk=82%
[2026-03-19 06:22:01] [BEAT] [aria] load=0.12 mem=6877/8059MB temp=50.1C disk=82%
[2026-03-19 06:23:01] [BEAT] [aria] load=0.04 mem=6881/8059MB temp=50.7C disk=82%
[2026-03-19 06:24:01] [BEAT] [aria] load=0.01 mem=6878/8059MB temp=51.2C disk=82%
[2026-03-19 06:25:01] [BEAT] [aria] load=0.00 mem=6855/8059MB temp=51.8C disk=82%
[2026-03-19 06:26:01] [BEAT] [aria] load=0.17 mem=6875/8059MB temp=51.8C disk=82%
[2026-03-19 06:27:01] [BEAT] [aria] load=0.06 mem=6875/8059MB temp=51.2C disk=82%
[2026-03-19 06:28:01] [BEAT] [aria] load=0.38 mem=6878/8059MB temp=51.2C disk=82%
[2026-03-19 06:29:01] [BEAT] [aria] load=0.36 mem=6875/8059MB temp=52.4C disk=82%
[2026-03-19 06:30:01] [FLEET] [aria] Starting cross-node health check
[2026-03-19 06:30:01] [BEAT] [aria] load=0.13 mem=6840/8059MB temp=52.4C disk=82%
[2026-03-19 06:30:02] [FLEET] [aria] alice: UP temp=35C mem=3124MB disk=86%
[2026-03-19 06:30:04] [FLEET] [aria] octavia: DOWN (no ping response)
[2026-03-19 06:30:04] [FLEET] [aria] cecilia: UP temp=43C mem=1481MB disk=34%
[2026-03-19 06:30:06] [FLEET] [aria] gematria: UP temp=C mem=5560MB disk=70%
[2026-03-19 06:30:06] [FLEET] [aria] lucidia: PING OK but SSH failed
[2026-03-19 06:30:08] [FLEET] [aria] anastasia: DOWN (no ping response)
[2026-03-19 06:30:47] [DIAL] [aria] Switchboard unreachable
[2026-03-19 06:31:01] [BEAT] [aria] load=0.19 mem=6873/8059MB temp=51.2C disk=82%
[2026-03-19 06:32:01] [BEAT] [aria] load=0.16 mem=6875/8059MB temp=50.7C disk=82%
[2026-03-19 06:33:01] [BEAT] [aria] load=0.64 mem=6873/8059MB temp=50.7C disk=82%
[2026-03-19 06:34:01] [BEAT] [aria] load=1.01 mem=6873/8059MB temp=51.2C disk=82%
[2026-03-19 06:35:01] [BEAT] [aria] load=0.47 mem=6844/8059MB temp=51.8C disk=82%
[2026-03-19 06:36:01] [BEAT] [aria] load=0.27 mem=6871/8059MB temp=52.4C disk=82%
[2026-03-19 06:37:01] [BEAT] [aria] load=0.17 mem=6868/8059MB temp=51.2C disk=82%
[2026-03-19 06:38:01] [BEAT] [aria] load=0.14 mem=6872/8059MB temp=51.2C disk=82%
[2026-03-19 06:39:01] [BEAT] [aria] load=0.05 mem=6868/8059MB temp=50.7C disk=82%
[2026-03-19 06:40:01] [FLEET] [aria] Starting cross-node health check
[2026-03-19 06:40:01] [BEAT] [aria] load=0.02 mem=6863/8059MB temp=51.8C disk=82%
[2026-03-19 06:40:01] [FLEET] [aria] alice: UP temp=34C mem=3127MB disk=86%
[2026-03-19 06:40:03] [FLEET] [aria] octavia: DOWN (no ping response)
[2026-03-19 06:40:04] [FLEET] [aria] cecilia: UP temp=39C mem=1485MB disk=34%
[2026-03-19 06:40:05] [FLEET] [aria] gematria: UP temp=C mem=5550MB disk=70%
[2026-03-19 06:40:06] [FLEET] [aria] lucidia: PING OK but SSH failed
[2026-03-19 06:40:08] [FLEET] [aria] anastasia: DOWN (no ping response)
[2026-03-19 06:41:01] [BEAT] [aria] load=0.00 mem=6869/8059MB temp=51.2C disk=82%
[2026-03-19 06:42:01] [BEAT] [aria] load=0.11 mem=6868/8059MB temp=51.2C disk=82%
[2026-03-19 06:43:01] [BEAT] [aria] load=0.04 mem=6866/8059MB temp=52.4C disk=82%
[2026-03-19 06:44:01] [BEAT] [aria] load=0.08 mem=6866/8059MB temp=51.2C disk=82%
[2026-03-19 06:45:01] [BEAT] [aria] load=0.03 mem=6838/8059MB temp=52.4C disk=82%
[2026-03-19 06:45:46] [DIAL] [aria] Switchboard unreachable
[2026-03-19 06:46:01] [BEAT] [aria] load=0.11 mem=6866/8059MB temp=51.8C disk=82%
[2026-03-19 06:47:01] [BEAT] [aria] load=0.20 mem=6865/8059MB temp=51.2C disk=82%
[2026-03-19 06:48:01] [BEAT] [aria] load=0.07 mem=6864/8059MB temp=51.2C disk=82%
[2026-03-19 06:49:01] [BEAT] [aria] load=0.08 mem=6866/8059MB temp=50.7C disk=82%
[2026-03-19 06:50:01] [FLEET] [aria] Starting cross-node health check
[2026-03-19 06:50:01] [BEAT] [aria] load=0.56 mem=6830/8059MB temp=51.8C disk=82%
[2026-03-19 06:50:01] [FLEET] [aria] alice: UP temp=34C mem=3129MB disk=86%
[2026-03-19 06:50:03] [FLEET] [aria] octavia: DOWN (no ping response)
[2026-03-19 06:50:04] [FLEET] [aria] cecilia: UP temp=51C mem=1512MB disk=34%
[2026-03-19 06:50:05] [FLEET] [aria] gematria: UP temp=C mem=5552MB disk=70%
[2026-03-19 06:50:05] [FLEET] [aria] lucidia: PING OK but SSH failed
[2026-03-19 06:50:07] [FLEET] [aria] anastasia: DOWN (no ping response)
[2026-03-19 06:51:01] [BEAT] [aria] load=0.29 mem=6859/8059MB temp=51.2C disk=82%
[2026-03-19 06:52:01] [BEAT] [aria] load=0.11 mem=6865/8059MB temp=51.2C disk=82%
[2026-03-19 06:53:01] [BEAT] [aria] load=0.30 mem=6861/8059MB temp=51.2C disk=82%
[2026-03-19 06:54:01] [BEAT] [aria] load=0.78 mem=6863/8059MB temp=50.7C disk=82%
[2026-03-19 06:55:01] [BEAT] [aria] load=0.87 mem=6898/8059MB temp=50.7C disk=82%
[2026-03-19 06:56:01] [BEAT] [aria] load=0.40 mem=6926/8059MB temp=50.1C disk=82%
[2026-03-19 06:57:01] [BEAT] [aria] load=0.14 mem=6922/8059MB temp=49.6C disk=82%
[2026-03-19 06:58:01] [BEAT] [aria] load=0.20 mem=6926/8059MB temp=49.0C disk=82%
[2026-03-19 06:59:01] [BEAT] [aria] load=0.07 mem=6925/8059MB temp=49.0C disk=82%
[2026-03-19 07:00:01] [FLEET] [aria] Starting cross-node health check
[2026-03-19 07:00:01] [BEAT] [aria] load=0.07 mem=6894/8059MB temp=50.1C disk=82%
[2026-03-19 07:00:01] [FLEET] [aria] alice: UP temp=33C mem=3125MB disk=86%
[2026-03-19 07:00:03] [FLEET] [aria] octavia: DOWN (no ping response)
[2026-03-19 07:00:03] [FLEET] [aria] cecilia: UP temp=42C mem=1472MB disk=34%
[2026-03-19 07:00:05] [FLEET] [aria] gematria: UP temp=C mem=5529MB disk=70%
[2026-03-19 07:00:06] [FLEET] [aria] lucidia: PING OK but SSH failed
[2026-03-19 07:00:08] [FLEET] [aria] anastasia: DOWN (no ping response)
[2026-03-19 07:00:46] [DIAL] [aria] Switchboard unreachable
[2026-03-19 07:01:01] [BEAT] [aria] load=0.02 mem=6929/8059MB temp=50.1C disk=82%
[2026-03-19 07:02:01] [BEAT] [aria] load=0.01 mem=6922/8059MB temp=49.0C disk=82%
[2026-03-19 07:03:01] [BEAT] [aria] load=0.21 mem=6928/8059MB temp=48.5C disk=82%
[2026-03-19 07:04:01] [BEAT] [aria] load=0.08 mem=6923/8059MB temp=50.1C disk=82%
[2026-03-19 07:05:01] [BEAT] [aria] load=0.16 mem=6893/8059MB temp=49.6C disk=82%
[2026-03-19 07:06:01] [BEAT] [aria] load=0.06 mem=6928/8059MB temp=49.6C disk=82%
[2026-03-19 07:07:01] [BEAT] [aria] load=0.02 mem=6926/8059MB temp=49.6C disk=82%
[2026-03-19 07:08:01] [BEAT] [aria] load=0.00 mem=6925/8059MB temp=51.2C disk=82%
[2026-03-19 07:09:01] [BEAT] [aria] load=0.04 mem=6925/8059MB temp=50.1C disk=82%
[2026-03-19 07:10:02] [FLEET] [aria] Starting cross-node health check
[2026-03-19 07:10:02] [BEAT] [aria] load=0.09 mem=6886/8059MB temp=50.7C disk=82%
[2026-03-19 07:10:02] [FLEET] [aria] alice: UP temp=34C mem=3122MB disk=86%
[2026-03-19 07:10:04] [FLEET] [aria] octavia: DOWN (no ping response)
[2026-03-19 07:10:05] [FLEET] [aria] cecilia: UP temp=38C mem=1517MB disk=34%
[2026-03-19 07:10:06] [FLEET] [aria] gematria: UP temp=C mem=5541MB disk=70%
[2026-03-19 07:10:07] [FLEET] [aria] lucidia: PING OK but SSH failed
[2026-03-19 07:10:09] [FLEET] [aria] anastasia: DOWN (no ping response)
[2026-03-19 07:11:01] [BEAT] [aria] load=0.03 mem=6923/8059MB temp=49.0C disk=82%
[2026-03-19 07:12:01] [BEAT] [aria] load=0.01 mem=6929/8059MB temp=49.0C disk=82%
[2026-03-19 07:13:01] [BEAT] [aria] load=0.09 mem=6923/8059MB temp=51.8C disk=82%
[2026-03-19 07:14:01] [BEAT] [aria] load=0.08 mem=6952/8059MB temp=49.6C disk=82%
[2026-03-19 07:15:01] [BEAT] [aria] load=0.63 mem=6923/8059MB temp=50.1C disk=82%
[2026-03-19 07:15:46] [DIAL] [aria] Switchboard unreachable
[2026-03-19 07:16:01] [BEAT] [aria] load=0.68 mem=6954/8059MB temp=50.1C disk=82%
[2026-03-19 07:17:01] [BEAT] [aria] load=0.25 mem=6955/8059MB temp=50.1C disk=82%
[2026-03-19 07:18:01] [BEAT] [aria] load=0.09 mem=6953/8059MB temp=50.1C disk=82%
[2026-03-19 07:19:01] [BEAT] [aria] load=0.10 mem=6955/8059MB temp=50.7C disk=82%
[2026-03-19 07:20:01] [FLEET] [aria] Starting cross-node health check
[2026-03-19 07:20:01] [BEAT] [aria] load=0.11 mem=6916/8059MB temp=50.7C disk=82%
[2026-03-19 07:20:01] [FLEET] [aria] alice: UP temp=35C mem=3126MB disk=86%
[2026-03-19 07:20:03] [FLEET] [aria] octavia: DOWN (no ping response)
[2026-03-19 07:20:04] [FLEET] [aria] cecilia: UP temp=38C mem=1506MB disk=34%
[2026-03-19 07:20:06] [FLEET] [aria] gematria: UP temp=C mem=5545MB disk=70%
[2026-03-19 07:20:06] [FLEET] [aria] lucidia: PING OK but SSH failed
[2026-03-19 07:20:08] [FLEET] [aria] anastasia: DOWN (no ping response)
[2026-03-19 07:21:01] [BEAT] [aria] load=0.04 mem=6954/8059MB temp=50.7C disk=82%
[2026-03-19 07:22:01] [BEAT] [aria] load=0.01 mem=6954/8059MB temp=50.1C disk=82%
[2026-03-19 07:23:01] [BEAT] [aria] load=0.05 mem=6950/8059MB temp=50.1C disk=82%
[2026-03-19 07:24:01] [BEAT] [aria] load=0.02 mem=6951/8059MB temp=50.1C disk=82%
[2026-03-19 07:25:01] [BEAT] [aria] load=0.04 mem=6922/8059MB temp=51.2C disk=82%
[2026-03-19 07:26:01] [BEAT] [aria] load=0.02 mem=6954/8059MB temp=51.8C disk=82%
[2026-03-19 07:27:01] [BEAT] [aria] load=0.04 mem=6942/8059MB temp=50.1C disk=82%
[2026-03-19 07:28:01] [BEAT] [aria] load=0.01 mem=6937/8059MB temp=50.7C disk=82%
[2026-03-19 07:29:01] [BEAT] [aria] load=0.00 mem=6939/8059MB temp=51.2C disk=82%
[2026-03-19 07:30:01] [FLEET] [aria] Starting cross-node health check
[2026-03-19 07:30:01] [BEAT] [aria] load=0.06 mem=6913/8059MB temp=52.9C disk=82%
[2026-03-19 07:30:01] [FLEET] [aria] alice: UP temp=35C mem=3132MB disk=86%
[2026-03-19 07:30:03] [FLEET] [aria] octavia: DOWN (no ping response)
[2026-03-19 07:30:04] [FLEET] [aria] cecilia: UP temp=37C mem=1453MB disk=34%
[2026-03-19 07:30:05] [FLEET] [aria] gematria: UP temp=C mem=5574MB disk=70%
[2026-03-19 07:30:05] [FLEET] [aria] lucidia: PING OK but SSH failed
[2026-03-19 07:30:07] [FLEET] [aria] anastasia: DOWN (no ping response)
[2026-03-19 07:30:46] [DIAL] [aria] Switchboard unreachable
[2026-03-19 07:31:01] [BEAT] [aria] load=0.05 mem=6947/8059MB temp=51.2C disk=82%
[2026-03-19 07:32:01] [BEAT] [aria] load=0.16 mem=6949/8059MB temp=49.0C disk=82%
[2026-03-19 07:33:01] [BEAT] [aria] load=0.06 mem=6944/8059MB temp=51.2C disk=82%
[2026-03-19 07:34:01] [BEAT] [aria] load=0.09 mem=6948/8059MB temp=52.4C disk=82%
[2026-03-19 07:35:01] [BEAT] [aria] load=0.11 mem=6919/8059MB temp=52.4C disk=82%
[2026-03-19 07:36:01] [BEAT] [aria] load=0.68 mem=6942/8059MB temp=50.7C disk=82%
[2026-03-19 07:37:01] [BEAT] [aria] load=0.61 mem=6943/8059MB temp=50.7C disk=82%
[2026-03-19 07:38:01] [BEAT] [aria] load=0.26 mem=6945/8059MB temp=50.7C disk=82%
[2026-03-19 07:39:01] [BEAT] [aria] load=0.33 mem=6945/8059MB temp=50.7C disk=82%
[2026-03-19 07:40:01] [FLEET] [aria] Starting cross-node health check
[2026-03-19 07:40:02] [BEAT] [aria] load=0.12 mem=6910/8059MB temp=52.9C disk=82%
[2026-03-19 07:40:02] [FLEET] [aria] alice: UP temp=36C mem=3127MB disk=86%
[2026-03-19 07:40:04] [FLEET] [aria] octavia: DOWN (no ping response)
[2026-03-19 07:40:04] [FLEET] [aria] cecilia: UP temp=38C mem=1484MB disk=34%
[2026-03-19 07:40:06] [FLEET] [aria] gematria: UP temp=C mem=5565MB disk=70%
[2026-03-19 07:40:06] [FLEET] [aria] lucidia: PING OK but SSH failed
[2026-03-19 07:40:08] [FLEET] [aria] anastasia: DOWN (no ping response)
[2026-03-19 07:41:01] [BEAT] [aria] load=0.19 mem=6945/8059MB temp=52.4C disk=82%
[2026-03-19 07:42:01] [BEAT] [aria] load=0.07 mem=6946/8059MB temp=51.8C disk=82%
[2026-03-19 07:43:01] [BEAT] [aria] load=0.02 mem=6945/8059MB temp=50.7C disk=82%
[2026-03-19 07:44:01] [BEAT] [aria] load=0.20 mem=6944/8059MB temp=51.2C disk=82%
[2026-03-19 07:45:01] [BEAT] [aria] load=0.07 mem=6912/8059MB temp=51.8C disk=82%
[2026-03-19 07:45:46] [DIAL] [aria] Switchboard unreachable
[2026-03-19 07:46:01] [BEAT] [aria] load=0.14 mem=6945/8059MB temp=50.1C disk=82%
[2026-03-19 07:47:01] [BEAT] [aria] load=0.09 mem=6945/8059MB temp=51.8C disk=82%
[2026-03-19 07:48:01] [BEAT] [aria] load=0.08 mem=6948/8059MB temp=51.2C disk=82%
[2026-03-19 07:49:01] [BEAT] [aria] load=0.03 mem=6946/8059MB temp=50.1C disk=82%
[2026-03-19 07:50:01] [FLEET] [aria] Starting cross-node health check
[2026-03-19 07:50:01] [BEAT] [aria] load=0.08 mem=6919/8059MB temp=52.4C disk=82%
[2026-03-19 07:50:02] [FLEET] [aria] alice: UP temp=35C mem=3119MB disk=86%
[2026-03-19 07:50:04] [FLEET] [aria] octavia: DOWN (no ping response)
[2026-03-19 07:50:04] [FLEET] [aria] cecilia: UP temp=39C mem=1490MB disk=34%
[2026-03-19 07:50:06] [FLEET] [aria] gematria: UP temp=C mem=5552MB disk=70%
[2026-03-19 07:50:06] [FLEET] [aria] lucidia: PING OK but SSH failed
[2026-03-19 07:50:08] [FLEET] [aria] anastasia: DOWN (no ping response)
[2026-03-19 07:51:01] [BEAT] [aria] load=0.11 mem=6944/8059MB temp=51.8C disk=82%
[2026-03-19 07:52:01] [BEAT] [aria] load=0.04 mem=6943/8059MB temp=51.2C disk=82%
[2026-03-19 07:53:01] [BEAT] [aria] load=0.01 mem=6947/8059MB temp=50.7C disk=82%
[2026-03-19 07:54:01] [BEAT] [aria] load=0.00 mem=6932/8059MB temp=48.5C disk=82%
[2026-03-19 07:55:01] [BEAT] [aria] load=0.10 mem=6913/8059MB temp=51.2C disk=82%
[2026-03-19 07:56:01] [BEAT] [aria] load=0.24 mem=6946/8059MB temp=48.5C disk=82%
[2026-03-19 07:57:01] [BEAT] [aria] load=0.90 mem=6942/8059MB temp=49.0C disk=82%
[2026-03-19 07:58:01] [BEAT] [aria] load=0.51 mem=6944/8059MB temp=46.9C disk=82%
[2026-03-19 07:59:02] [BEAT] [aria] load=0.18 mem=6948/8059MB temp=45.8C disk=82%
[2026-03-19 08:00:01] [FLEET] [aria] Starting cross-node health check
[2026-03-19 08:00:01] [BEAT] [aria] load=0.14 mem=6904/8059MB temp=49.0C disk=82%
[2026-03-19 08:00:01] [FLEET] [aria] alice: UP temp=32C mem=3126MB disk=86%
[2026-03-19 08:00:03] [FLEET] [aria] octavia: DOWN (no ping response)
[2026-03-19 08:00:03] [FLEET] [aria] cecilia: UP temp=37C mem=1455MB disk=34%
[2026-03-19 08:00:05] [FLEET] [aria] gematria: UP temp=C mem=5515MB disk=70%
[2026-03-19 08:00:06] [FLEET] [aria] lucidia: PING OK but SSH failed
[2026-03-19 08:00:08] [FLEET] [aria] anastasia: DOWN (no ping response)
[2026-03-19 08:00:46] [DIAL] [aria] Switchboard unreachable
[2026-03-19 08:01:01] [BEAT] [aria] load=0.05 mem=6936/8059MB temp=49.6C disk=82%
[2026-03-19 08:02:01] [BEAT] [aria] load=0.11 mem=6938/8059MB temp=48.0C disk=82%
[2026-03-19 08:03:01] [BEAT] [aria] load=0.04 mem=6940/8059MB temp=49.0C disk=82%
[2026-03-19 08:04:01] [BEAT] [aria] load=0.01 mem=6941/8059MB temp=48.5C disk=82%
[2026-03-19 08:05:01] [BEAT] [aria] load=0.14 mem=6905/8059MB temp=49.6C disk=82%
[2026-03-19 08:06:01] [BEAT] [aria] load=0.09 mem=6936/8059MB temp=51.2C disk=82%
[2026-03-19 08:07:01] [BEAT] [aria] load=0.11 mem=6936/8059MB temp=49.0C disk=82%
[2026-03-19 08:08:01] [BEAT] [aria] load=0.08 mem=6937/8059MB temp=50.7C disk=82%
[2026-03-19 08:09:01] [BEAT] [aria] load=0.03 mem=6939/8059MB temp=49.0C disk=82%
[2026-03-19 08:10:01] [FLEET] [aria] Starting cross-node health check
[2026-03-19 08:10:01] [BEAT] [aria] load=0.01 mem=6908/8059MB temp=50.1C disk=82%
[2026-03-19 08:10:02] [FLEET] [aria] alice: UP temp=35C mem=3120MB disk=86%
[2026-03-19 08:10:04] [FLEET] [aria] octavia: DOWN (no ping response)
[2026-03-19 08:10:04] [FLEET] [aria] cecilia: UP temp=37C mem=1486MB disk=34%
[2026-03-19 08:10:05] [FLEET] [aria] gematria: UP temp=C mem=5539MB disk=70%
[2026-03-19 08:10:06] [FLEET] [aria] lucidia: PING OK but SSH failed
[2026-03-19 08:10:08] [FLEET] [aria] anastasia: DOWN (no ping response)
[2026-03-19 08:11:01] [BEAT] [aria] load=0.05 mem=6935/8059MB temp=51.2C disk=82%
[2026-03-19 08:12:01] [BEAT] [aria] load=0.02 mem=6937/8059MB temp=50.1C disk=82%
[2026-03-19 08:13:01] [BEAT] [aria] load=0.05 mem=6936/8059MB temp=49.6C disk=82%
[2026-03-19 08:14:01] [BEAT] [aria] load=0.02 mem=6940/8059MB temp=50.7C disk=82%
[2026-03-19 08:15:01] [BEAT] [aria] load=0.00 mem=6914/8059MB temp=50.1C disk=82%
[2026-03-19 08:15:46] [DIAL] [aria] Switchboard unreachable
[2026-03-19 08:16:01] [BEAT] [aria] load=0.15 mem=6933/8059MB temp=51.2C disk=82%
[2026-03-19 08:17:01] [BEAT] [aria] load=0.48 mem=6939/8059MB temp=50.1C disk=82%
[2026-03-19 08:18:01] [BEAT] [aria] load=1.07 mem=6938/8059MB temp=49.6C disk=82%
[2026-03-19 08:19:01] [BEAT] [aria] load=0.68 mem=6937/8059MB temp=49.6C disk=82%
[2026-03-19 08:20:01] [FLEET] [aria] Starting cross-node health check
[2026-03-19 08:20:01] [BEAT] [aria] load=0.32 mem=6910/8059MB temp=51.2C disk=82%
[2026-03-19 08:20:02] [FLEET] [aria] alice: UP temp=36C mem=3118MB disk=86%
[2026-03-19 08:20:04] [FLEET] [aria] octavia: DOWN (no ping response)
[2026-03-19 08:20:04] [FLEET] [aria] cecilia: UP temp=37C mem=1505MB disk=34%
[2026-03-19 08:20:06] [FLEET] [aria] gematria: UP temp=C mem=5540MB disk=70%
[2026-03-19 08:20:06] [FLEET] [aria] lucidia: PING OK but SSH failed
[2026-03-19 08:20:08] [FLEET] [aria] anastasia: DOWN (no ping response)
[2026-03-19 08:21:01] [BEAT] [aria] load=0.15 mem=6936/8059MB temp=51.2C disk=82%
[2026-03-19 08:22:01] [BEAT] [aria] load=0.09 mem=6936/8059MB temp=50.1C disk=82%
[2026-03-19 08:23:01] [BEAT] [aria] load=0.19 mem=6938/8059MB temp=50.7C disk=82%
[2026-03-19 08:24:01] [BEAT] [aria] load=0.07 mem=6938/8059MB temp=50.7C disk=82%
[2026-03-19 08:25:01] [BEAT] [aria] load=0.18 mem=6909/8059MB temp=51.2C disk=82%
[2026-03-19 08:26:01] [BEAT] [aria] load=0.07 mem=6925/8059MB temp=51.2C disk=82%
[2026-03-19 08:27:01] [BEAT] [aria] load=0.08 mem=6935/8059MB temp=51.2C disk=82%
[2026-03-19 08:28:01] [BEAT] [aria] load=0.03 mem=6938/8059MB temp=50.7C disk=82%
[2026-03-19 08:29:01] [BEAT] [aria] load=0.05 mem=6939/8059MB temp=51.2C disk=82%
[2026-03-19 08:30:01] [FLEET] [aria] Starting cross-node health check
[2026-03-19 08:30:01] [BEAT] [aria] load=0.02 mem=6893/8059MB temp=51.2C disk=82%
[2026-03-19 08:30:02] [FLEET] [aria] alice: UP temp=34C mem=3118MB disk=86%
[2026-03-19 08:30:04] [FLEET] [aria] octavia: DOWN (no ping response)
[2026-03-19 08:30:04] [FLEET] [aria] cecilia: UP temp=36C mem=1493MB disk=34%
[2026-03-19 08:30:06] [FLEET] [aria] gematria: UP temp=C mem=5532MB disk=70%
[2026-03-19 08:30:06] [FLEET] [aria] lucidia: PING OK but SSH failed
[2026-03-19 08:30:08] [FLEET] [aria] anastasia: DOWN (no ping response)
[2026-03-19 08:30:47] [DIAL] [aria] Switchboard unreachable
[2026-03-19 08:31:01] [BEAT] [aria] load=0.30 mem=6928/8059MB temp=50.1C disk=82%
[2026-03-19 08:32:01] [BEAT] [aria] load=0.26 mem=6937/8059MB temp=50.7C disk=82%
[2026-03-19 08:33:01] [BEAT] [aria] load=0.17 mem=6937/8059MB temp=51.2C disk=82%
[2026-03-19 08:34:01] [BEAT] [aria] load=0.17 mem=6935/8059MB temp=50.7C disk=82%
[2026-03-19 08:35:01] [BEAT] [aria] load=0.06 mem=6912/8059MB temp=52.9C disk=82%
[2026-03-19 08:36:01] [BEAT] [aria] load=0.05 mem=6932/8059MB temp=51.8C disk=82%
[2026-03-19 08:37:01] [BEAT] [aria] load=0.10 mem=6938/8059MB temp=49.6C disk=82%
[2026-03-19 08:38:01] [BEAT] [aria] load=0.84 mem=6941/8059MB temp=51.2C disk=82%
[2026-03-19 08:39:01] [BEAT] [aria] load=1.22 mem=6935/8059MB temp=50.1C disk=82%
[2026-03-19 08:40:01] [FLEET] [aria] Starting cross-node health check
[2026-03-19 08:40:01] [BEAT] [aria] load=0.44 mem=6912/8059MB temp=52.9C disk=82%
[2026-03-19 08:40:01] [FLEET] [aria] alice: UP temp=36C mem=3118MB disk=86%
[2026-03-19 08:40:03] [FLEET] [aria] octavia: DOWN (no ping response)
[2026-03-19 08:40:04] [FLEET] [aria] cecilia: UP temp=38C mem=1537MB disk=34%
[2026-03-19 08:40:05] [FLEET] [aria] gematria: UP temp=C mem=5554MB disk=70%
[2026-03-19 08:40:05] [FLEET] [aria] lucidia: PING OK but SSH failed
[2026-03-19 08:40:07] [FLEET] [aria] anastasia: DOWN (no ping response)
[2026-03-19 08:41:01] [BEAT] [aria] load=0.33 mem=6919/8059MB temp=52.4C disk=82%
[2026-03-19 08:42:01] [BEAT] [aria] load=0.12 mem=6934/8059MB temp=52.4C disk=82%
[2026-03-19 08:43:01] [BEAT] [aria] load=0.23 mem=6941/8059MB temp=51.2C disk=82%
[2026-03-19 08:44:02] [BEAT] [aria] load=0.08 mem=6938/8059MB temp=51.8C disk=82%
[2026-03-19 08:45:01] [BEAT] [aria] load=0.07 mem=6899/8059MB temp=52.4C disk=82%
[2026-03-19 08:45:46] [DIAL] [aria] Switchboard unreachable
[2026-03-19 08:46:01] [BEAT] [aria] load=0.06 mem=6934/8059MB temp=52.4C disk=82%
[2026-03-19 08:47:01] [BEAT] [aria] load=0.16 mem=6937/8059MB temp=51.8C disk=82%
[2026-03-19 08:48:01] [BEAT] [aria] load=0.17 mem=6933/8059MB temp=51.2C disk=82%
[2026-03-19 08:49:01] [BEAT] [aria] load=0.06 mem=6924/8059MB temp=51.2C disk=82%
[2026-03-19 08:50:01] [FLEET] [aria] Starting cross-node health check
[2026-03-19 08:50:01] [BEAT] [aria] load=0.20 mem=6900/8059MB temp=52.4C disk=82%
[2026-03-19 08:50:01] [FLEET] [aria] alice: UP temp=36C mem=3123MB disk=86%
[2026-03-19 08:50:03] [FLEET] [aria] octavia: DOWN (no ping response)
[2026-03-19 08:50:04] [FLEET] [aria] cecilia: UP temp=44C mem=1479MB disk=34%
[2026-03-19 08:50:06] [FLEET] [aria] gematria: UP temp=C mem=5574MB disk=70%
[2026-03-19 08:50:06] [FLEET] [aria] lucidia: PING OK but SSH failed
[2026-03-19 08:50:08] [FLEET] [aria] anastasia: DOWN (no ping response)
[2026-03-19 08:51:01] [BEAT] [aria] load=0.07 mem=6924/8059MB temp=51.2C disk=82%
[2026-03-19 08:52:01] [BEAT] [aria] load=0.19 mem=6928/8059MB temp=51.2C disk=82%
[2026-03-19 08:53:01] [BEAT] [aria] load=0.07 mem=6914/8059MB temp=50.7C disk=82%
[2026-03-19 08:54:02] [BEAT] [aria] load=0.16 mem=6922/8059MB temp=50.1C disk=82%
[2026-03-19 08:55:01] [BEAT] [aria] load=0.06 mem=6890/8059MB temp=50.7C disk=82%
[2026-03-19 08:56:01] [BEAT] [aria] load=0.02 mem=6921/8059MB temp=48.5C disk=82%
[2026-03-19 08:57:01] [BEAT] [aria] load=0.14 mem=6926/8059MB temp=48.0C disk=82%
[2026-03-19 08:58:01] [BEAT] [aria] load=0.08 mem=6925/8059MB temp=48.0C disk=82%
[2026-03-19 08:59:01] [BEAT] [aria] load=0.57 mem=6927/8059MB temp=49.0C disk=82%
[2026-03-19 09:00:01] [FLEET] [aria] Starting cross-node health check
[2026-03-19 09:00:01] [BEAT] [aria] load=0.91 mem=6890/8059MB temp=49.0C disk=82%
[2026-03-19 09:00:02] [FLEET] [aria] alice: UP temp=35C mem=3117MB disk=86%
[2026-03-19 09:00:04] [FLEET] [aria] octavia: DOWN (no ping response)
[2026-03-19 09:00:04] [FLEET] [aria] cecilia: UP temp=38C mem=1480MB disk=34%
[2026-03-19 09:00:06] [FLEET] [aria] gematria: UP temp=C mem=5563MB disk=70%
[2026-03-19 09:00:06] [FLEET] [aria] lucidia: PING OK but SSH failed
[2026-03-19 09:00:08] [FLEET] [aria] anastasia: DOWN (no ping response)
[2026-03-19 09:00:46] [DIAL] [aria] Switchboard unreachable
[2026-03-19 09:01:01] [BEAT] [aria] load=0.33 mem=6924/8059MB temp=49.6C disk=82%
[2026-03-19 09:02:01] [BEAT] [aria] load=0.12 mem=6923/8059MB temp=48.5C disk=82%
[2026-03-19 09:03:01] [BEAT] [aria] load=0.11 mem=6922/8059MB temp=49.0C disk=82%
[2026-03-19 09:04:01] [BEAT] [aria] load=0.11 mem=6928/8059MB temp=50.7C disk=82%
[2026-03-19 09:05:01] [BEAT] [aria] load=0.15 mem=6895/8059MB temp=49.6C disk=82%
[2026-03-19 09:06:01] [BEAT] [aria] load=0.06 mem=6926/8059MB temp=49.0C disk=82%
[2026-03-19 09:07:01] [BEAT] [aria] load=0.02 mem=6923/8059MB temp=49.6C disk=82%
[2026-03-19 09:08:01] [BEAT] [aria] load=0.06 mem=6924/8059MB temp=50.1C disk=82%
[2026-03-19 09:09:01] [BEAT] [aria] load=0.06 mem=6924/8059MB temp=49.0C disk=82%
[2026-03-19 09:10:01] [FLEET] [aria] Starting cross-node health check
[2026-03-19 09:10:01] [BEAT] [aria] load=0.06 mem=6900/8059MB temp=51.2C disk=82%
[2026-03-19 09:10:01] [FLEET] [aria] alice: UP temp=35C mem=3127MB disk=86%
[2026-03-19 09:10:03] [FLEET] [aria] octavia: DOWN (no ping response)
[2026-03-19 09:10:04] [FLEET] [aria] cecilia: UP temp=38C mem=1497MB disk=34%
[2026-03-19 09:10:05] [FLEET] [aria] gematria: UP temp=C mem=5523MB disk=70%
[2026-03-19 09:10:06] [FLEET] [aria] lucidia: PING OK but SSH failed
[2026-03-19 09:10:08] [FLEET] [aria] anastasia: DOWN (no ping response)
[2026-03-19 09:11:01] [BEAT] [aria] load=0.05 mem=6912/8059MB temp=49.6C disk=82%
[2026-03-19 09:12:01] [BEAT] [aria] load=0.06 mem=6923/8059MB temp=50.7C disk=82%
[2026-03-19 09:13:01] [BEAT] [aria] load=0.22 mem=6925/8059MB temp=49.6C disk=82%
[2026-03-19 09:14:01] [BEAT] [aria] load=0.08 mem=6927/8059MB temp=49.6C disk=82%
[2026-03-19 09:15:01] [BEAT] [aria] load=0.08 mem=6896/8059MB temp=50.1C disk=82%
[2026-03-19 09:15:46] [DIAL] [aria] Switchboard unreachable
[2026-03-19 09:16:01] [BEAT] [aria] load=0.23 mem=6920/8059MB temp=50.1C disk=82%
[2026-03-19 09:17:01] [BEAT] [aria] load=0.15 mem=6921/8059MB temp=51.8C disk=82%
[2026-03-19 09:18:01] [BEAT] [aria] load=0.05 mem=6921/8059MB temp=50.1C disk=82%
[2026-03-19 09:19:01] [BEAT] [aria] load=0.06 mem=6923/8059MB temp=50.1C disk=82%
[2026-03-19 09:20:01] [FLEET] [aria] Starting cross-node health check
[2026-03-19 09:20:01] [BEAT] [aria] load=0.63 mem=6890/8059MB temp=52.4C disk=82%
[2026-03-19 09:20:02] [FLEET] [aria] alice: UP temp=36C mem=3115MB disk=86%
[2026-03-19 09:20:04] [FLEET] [aria] octavia: DOWN (no ping response)
[2026-03-19 09:20:04] [FLEET] [aria] cecilia: UP temp=36C mem=1481MB disk=34%
[2026-03-19 09:20:06] [FLEET] [aria] gematria: UP temp=C mem=5546MB disk=70%
[2026-03-19 09:20:06] [FLEET] [aria] lucidia: PING OK but SSH failed
[2026-03-19 09:20:08] [FLEET] [aria] anastasia: DOWN (no ping response)
[2026-03-19 09:21:01] [BEAT] [aria] load=1.02 mem=6921/8059MB temp=50.7C disk=82%
[2026-03-19 09:22:01] [BEAT] [aria] load=0.37 mem=6925/8059MB temp=51.2C disk=82%
[2026-03-19 09:23:01] [BEAT] [aria] load=0.18 mem=6920/8059MB temp=51.2C disk=82%
[2026-03-19 09:24:01] [BEAT] [aria] load=0.18 mem=6926/8059MB temp=50.7C disk=82%
[2026-03-19 09:25:01] [BEAT] [aria] load=0.06 mem=6897/8059MB temp=51.8C disk=82%
[2026-03-19 09:26:01] [BEAT] [aria] load=0.06 mem=6923/8059MB temp=50.1C disk=82%
[2026-03-19 09:27:01] [BEAT] [aria] load=0.07 mem=6923/8059MB temp=51.2C disk=82%
[2026-03-19 09:28:01] [BEAT] [aria] load=0.29 mem=6921/8059MB temp=51.2C disk=82%
[2026-03-19 09:29:01] [BEAT] [aria] load=0.21 mem=6924/8059MB temp=50.7C disk=82%
[2026-03-19 09:30:01] [FLEET] [aria] Starting cross-node health check
[2026-03-19 09:30:01] [BEAT] [aria] load=0.08 mem=6889/8059MB temp=51.2C disk=82%
[2026-03-19 09:30:01] [FLEET] [aria] alice: UP temp=35C mem=3126MB disk=86%
[2026-03-19 09:30:03] [FLEET] [aria] octavia: DOWN (no ping response)
[2026-03-19 09:30:04] [FLEET] [aria] cecilia: UP temp=38C mem=1440MB disk=34%
[2026-03-19 09:30:05] [FLEET] [aria] gematria: UP temp=C mem=5525MB disk=70%
[2026-03-19 09:30:07] [FLEET] [aria] lucidia: PING OK but SSH failed
[2026-03-19 09:30:09] [FLEET] [aria] anastasia: DOWN (no ping response)
[2026-03-19 09:30:46] [DIAL] [aria] Switchboard unreachable
[2026-03-19 09:31:01] [BEAT] [aria] load=0.19 mem=6924/8059MB temp=51.2C disk=82%
[2026-03-19 09:32:01] [BEAT] [aria] load=0.11 mem=6916/8059MB temp=51.2C disk=82%
[2026-03-19 09:33:01] [BEAT] [aria] load=0.08 mem=6922/8059MB temp=51.2C disk=82%
[2026-03-19 09:34:01] [BEAT] [aria] load=0.03 mem=6924/8059MB temp=51.2C disk=82%
[2026-03-19 09:35:01] [BEAT] [aria] load=0.10 mem=6893/8059MB temp=51.2C disk=82%
[2026-03-19 09:36:01] [BEAT] [aria] load=0.11 mem=6922/8059MB temp=50.1C disk=82%
[2026-03-19 09:37:02] [BEAT] [aria] load=0.09 mem=6925/8059MB temp=50.7C disk=82%
[2026-03-19 09:38:01] [BEAT] [aria] load=0.03 mem=6922/8059MB temp=50.7C disk=82%
[2026-03-19 09:39:01] [BEAT] [aria] load=0.09 mem=6924/8059MB temp=51.8C disk=82%
[2026-03-19 09:40:01] [FLEET] [aria] Starting cross-node health check
[2026-03-19 09:40:01] [BEAT] [aria] load=0.08 mem=6888/8059MB temp=51.2C disk=82%
[2026-03-19 09:40:01] [FLEET] [aria] alice: UP temp=37C mem=3121MB disk=86%
[2026-03-19 09:40:03] [FLEET] [aria] octavia: DOWN (no ping response)
[2026-03-19 09:40:03] [FLEET] [aria] cecilia: UP temp=39C mem=1522MB disk=34%
[2026-03-19 09:40:06] [FLEET] [aria] gematria: UP temp=C mem=5540MB disk=70%
[2026-03-19 09:40:07] [FLEET] [aria] lucidia: PING OK but SSH failed
[2026-03-19 09:40:09] [FLEET] [aria] anastasia: DOWN (no ping response)
[2026-03-19 09:41:01] [BEAT] [aria] load=0.68 mem=6924/8059MB temp=51.2C disk=82%
[2026-03-19 09:42:01] [BEAT] [aria] load=0.69 mem=6917/8059MB temp=51.8C disk=82%
[2026-03-19 09:43:01] [BEAT] [aria] load=0.25 mem=6923/8059MB temp=51.8C disk=82%
[2026-03-19 09:44:01] [BEAT] [aria] load=0.09 mem=6923/8059MB temp=51.2C disk=82%
[2026-03-19 09:45:01] [BEAT] [aria] load=0.18 mem=6889/8059MB temp=52.9C disk=82%
[2026-03-19 09:45:46] [DIAL] [aria] Switchboard unreachable
[2026-03-19 09:46:01] [BEAT] [aria] load=0.12 mem=6921/8059MB temp=51.8C disk=82%
[2026-03-19 09:47:01] [BEAT] [aria] load=0.10 mem=6918/8059MB temp=51.2C disk=82%
[2026-03-19 09:48:01] [BEAT] [aria] load=0.04 mem=6924/8059MB temp=51.8C disk=82%
[2026-03-19 09:49:01] [BEAT] [aria] load=0.01 mem=6923/8059MB temp=50.7C disk=82%
[2026-03-19 09:50:01] [FLEET] [aria] Starting cross-node health check
[2026-03-19 09:50:01] [BEAT] [aria] load=0.05 mem=6896/8059MB temp=53.5C disk=82%
[2026-03-19 09:50:02] [FLEET] [aria] alice: UP temp=37C mem=3120MB disk=86%
[2026-03-19 09:50:04] [FLEET] [aria] octavia: DOWN (no ping response)
[2026-03-19 09:50:04] [FLEET] [aria] cecilia: UP temp=37C mem=1503MB disk=34%
[2026-03-19 09:50:05] [FLEET] [aria] gematria: UP temp=C mem=5558MB disk=70%
[2026-03-19 09:50:06] [FLEET] [aria] lucidia: PING OK but SSH failed
[2026-03-19 09:50:08] [FLEET] [aria] anastasia: DOWN (no ping response)
[2026-03-19 09:51:01] [BEAT] [aria] load=0.16 mem=6920/8059MB temp=51.8C disk=82%
[2026-03-19 09:52:01] [BEAT] [aria] load=0.14 mem=6926/8059MB temp=51.2C disk=82%
[2026-03-19 09:53:01] [BEAT] [aria] load=0.05 mem=6922/8059MB temp=50.7C disk=82%
[2026-03-19 09:54:01] [BEAT] [aria] load=0.02 mem=6920/8059MB temp=50.1C disk=82%
[2026-03-19 09:55:01] [BEAT] [aria] load=0.00 mem=6889/8059MB temp=51.2C disk=82%
[2026-03-19 09:56:01] [BEAT] [aria] load=0.09 mem=6922/8059MB temp=48.5C disk=82%
[2026-03-19 09:57:01] [BEAT] [aria] load=0.03 mem=6923/8059MB temp=48.0C disk=82%
[2026-03-19 09:58:01] [BEAT] [aria] load=0.05 mem=6918/8059MB temp=47.4C disk=82%
[2026-03-19 09:59:01] [BEAT] [aria] load=0.02 mem=6924/8059MB temp=48.0C disk=82%
[2026-03-19 10:00:01] [FLEET] [aria] Starting cross-node health check
[2026-03-19 10:00:01] [BEAT] [aria] load=0.07 mem=6889/8059MB temp=49.0C disk=82%
[2026-03-19 10:00:02] [FLEET] [aria] alice: UP temp=34C mem=3114MB disk=86%
[2026-03-19 10:00:04] [FLEET] [aria] octavia: DOWN (no ping response)
[2026-03-19 10:00:04] [FLEET] [aria] cecilia: UP temp=36C mem=1467MB disk=34%
[2026-03-19 10:00:06] [FLEET] [aria] gematria: UP temp=C mem=5566MB disk=70%
[2026-03-19 10:00:06] [FLEET] [aria] lucidia: PING OK but SSH failed
[2026-03-19 10:00:08] [FLEET] [aria] anastasia: DOWN (no ping response)
[2026-03-19 10:00:46] [DIAL] [aria] Switchboard unreachable
[2026-03-19 10:01:02] [BEAT] [aria] load=0.18 mem=6904/8059MB temp=49.6C disk=82%
[2026-03-19 10:02:01] [BEAT] [aria] load=0.70 mem=6901/8059MB temp=50.1C disk=82%
[2026-03-19 10:03:01] [BEAT] [aria] load=0.56 mem=6905/8059MB temp=50.1C disk=82%
[2026-03-19 10:04:01] [BEAT] [aria] load=0.28 mem=6906/8059MB temp=49.0C disk=82%
[2026-03-19 10:05:01] [BEAT] [aria] load=0.20 mem=6870/8059MB temp=50.1C disk=82%
[2026-03-19 10:06:01] [BEAT] [aria] load=0.07 mem=6910/8059MB temp=49.6C disk=82%
[2026-03-19 10:07:01] [BEAT] [aria] load=0.06 mem=6900/8059MB temp=49.0C disk=82%
[2026-03-19 10:08:01] [BEAT] [aria] load=0.18 mem=6908/8059MB temp=50.1C disk=82%
[2026-03-19 10:09:01] [BEAT] [aria] load=0.06 mem=6906/8059MB temp=49.0C disk=82%
[2026-03-19 10:10:01] [FLEET] [aria] Starting cross-node health check
[2026-03-19 10:10:01] [BEAT] [aria] load=0.16 mem=6879/8059MB temp=51.8C disk=82%
[2026-03-19 10:10:02] [FLEET] [aria] alice: UP temp=36C mem=3124MB disk=86%
[2026-03-19 10:10:04] [FLEET] [aria] octavia: DOWN (no ping response)
[2026-03-19 10:10:04] [FLEET] [aria] cecilia: UP temp=36C mem=1450MB disk=34%
[2026-03-19 10:10:05] [FLEET] [aria] gematria: UP temp=C mem=5519MB disk=70%
[2026-03-19 10:10:06] [FLEET] [aria] lucidia: PING OK but SSH failed
[2026-03-19 10:10:08] [FLEET] [aria] anastasia: DOWN (no ping response)
[2026-03-19 10:11:01] [BEAT] [aria] load=0.06 mem=6908/8059MB temp=50.1C disk=82%
[2026-03-19 10:12:01] [BEAT] [aria] load=0.13 mem=6907/8059MB temp=51.2C disk=82%
[2026-03-19 10:13:01] [BEAT] [aria] load=0.05 mem=6908/8059MB temp=50.1C disk=82%
[2026-03-19 10:14:01] [BEAT] [aria] load=0.06 mem=6906/8059MB temp=50.1C disk=82%
[2026-03-19 10:15:01] [BEAT] [aria] load=0.02 mem=6887/8059MB temp=51.8C disk=82%
[2026-03-19 10:15:46] [DIAL] [aria] Switchboard unreachable
[2026-03-19 10:16:01] [BEAT] [aria] load=0.04 mem=6909/8059MB temp=50.1C disk=82%
[2026-03-19 10:17:01] [BEAT] [aria] load=0.22 mem=6906/8059MB temp=50.7C disk=82%
[2026-03-19 10:18:01] [BEAT] [aria] load=0.08 mem=6909/8059MB temp=50.7C disk=82%
[2026-03-19 10:19:01] [BEAT] [aria] load=0.03 mem=6907/8059MB temp=50.1C disk=82%
[2026-03-19 10:20:01] [FLEET] [aria] Starting cross-node health check
[2026-03-19 10:20:01] [BEAT] [aria] load=0.01 mem=6882/8059MB temp=51.2C disk=82%
[2026-03-19 10:20:02] [FLEET] [aria] alice: UP temp=37C mem=3114MB disk=86%
[2026-03-19 10:20:04] [FLEET] [aria] octavia: DOWN (no ping response)
[2026-03-19 10:20:04] [FLEET] [aria] cecilia: UP temp=37C mem=1461MB disk=34%
[2026-03-19 10:20:05] [FLEET] [aria] gematria: UP temp=C mem=5547MB disk=70%
[2026-03-19 10:20:06] [FLEET] [aria] lucidia: PING OK but SSH failed
[2026-03-19 10:20:08] [FLEET] [aria] anastasia: DOWN (no ping response)
[2026-03-19 10:21:01] [BEAT] [aria] load=0.05 mem=6905/8059MB temp=51.2C disk=82%
[2026-03-19 10:22:01] [BEAT] [aria] load=0.51 mem=6901/8059MB temp=51.2C disk=82%
[2026-03-19 10:23:01] [BEAT] [aria] load=1.01 mem=6906/8059MB temp=49.6C disk=82%
[2026-03-19 10:24:01] [BEAT] [aria] load=0.78 mem=6908/8059MB temp=50.7C disk=82%
[2026-03-19 10:25:01] [BEAT] [aria] load=0.32 mem=6887/8059MB temp=51.2C disk=82%
[2026-03-19 10:26:01] [BEAT] [aria] load=0.25 mem=6907/8059MB temp=51.2C disk=82%
[2026-03-19 10:27:01] [BEAT] [aria] load=0.27 mem=6901/8059MB temp=52.4C disk=82%
[2026-03-19 10:28:01] [BEAT] [aria] load=0.28 mem=6909/8059MB temp=51.2C disk=82%
[2026-03-19 10:29:01] [BEAT] [aria] load=0.14 mem=6909/8059MB temp=51.2C disk=82%
[2026-03-19 10:30:01] [FLEET] [aria] Starting cross-node health check
[2026-03-19 10:30:01] [BEAT] [aria] load=0.05 mem=6866/8059MB temp=52.4C disk=82%
[2026-03-19 10:30:02] [FLEET] [aria] alice: UP temp=36C mem=3114MB disk=86%
[2026-03-19 10:30:04] [FLEET] [aria] octavia: DOWN (no ping response)
[2026-03-19 10:30:04] [FLEET] [aria] cecilia: UP temp=38C mem=1500MB disk=34%
[2026-03-19 10:30:06] [FLEET] [aria] gematria: UP temp=C mem=5547MB disk=70%
[2026-03-19 10:30:06] [FLEET] [aria] lucidia: PING OK but SSH failed
[2026-03-19 10:30:08] [FLEET] [aria] anastasia: DOWN (no ping response)
[2026-03-19 10:30:46] [DIAL] [aria] Switchboard unreachable
[2026-03-19 10:31:02] [BEAT] [aria] load=0.09 mem=6907/8059MB temp=51.2C disk=82%
[2026-03-19 10:32:01] [BEAT] [aria] load=0.07 mem=6906/8059MB temp=51.2C disk=82%
[2026-03-19 10:33:01] [BEAT] [aria] load=0.17 mem=6908/8059MB temp=51.8C disk=82%
[2026-03-19 10:34:01] [BEAT] [aria] load=0.06 mem=6906/8059MB temp=51.2C disk=82%
[2026-03-19 10:35:01] [BEAT] [aria] load=0.14 mem=6854/8059MB temp=53.5C disk=82%
[2026-03-19 10:36:01] [BEAT] [aria] load=0.05 mem=6888/8059MB temp=51.8C disk=82%
[2026-03-19 10:37:01] [BEAT] [aria] load=0.06 mem=6881/8059MB temp=51.8C disk=82%
[2026-03-19 10:38:01] [BEAT] [aria] load=0.13 mem=6895/8059MB temp=51.2C disk=82%
[2026-03-19 10:39:01] [BEAT] [aria] load=0.08 mem=6896/8059MB temp=50.7C disk=82%
[2026-03-19 10:40:01] [FLEET] [aria] Starting cross-node health check
[2026-03-19 10:40:01] [BEAT] [aria] load=0.03 mem=6865/8059MB temp=51.8C disk=82%
[2026-03-19 10:40:02] [FLEET] [aria] alice: UP temp=37C mem=3118MB disk=86%
[2026-03-19 10:40:04] [FLEET] [aria] octavia: DOWN (no ping response)
[2026-03-19 10:40:04] [FLEET] [aria] cecilia: UP temp=38C mem=1552MB disk=34%
[2026-03-19 10:40:06] [FLEET] [aria] gematria: UP temp=C mem=5531MB disk=70%
[2026-03-19 10:40:06] [FLEET] [aria] lucidia: PING OK but SSH failed
[2026-03-19 10:40:08] [FLEET] [aria] anastasia: DOWN (no ping response)
[2026-03-19 10:41:01] [BEAT] [aria] load=0.01 mem=6893/8059MB temp=51.8C disk=82%
[2026-03-19 10:42:01] [BEAT] [aria] load=0.19 mem=6896/8059MB temp=51.8C disk=82%
[2026-03-19 10:43:01] [BEAT] [aria] load=0.41 mem=6893/8059MB temp=51.2C disk=82%
[2026-03-19 10:44:01] [BEAT] [aria] load=0.89 mem=6896/8059MB temp=51.2C disk=82%
[2026-03-19 10:45:01] [BEAT] [aria] load=0.33 mem=6858/8059MB temp=52.4C disk=82%
[2026-03-19 10:45:46] [DIAL] [aria] Switchboard unreachable
[2026-03-19 10:46:01] [BEAT] [aria] load=0.12 mem=6894/8059MB temp=51.8C disk=82%
[2026-03-19 10:47:01] [BEAT] [aria] load=0.11 mem=6892/8059MB temp=51.8C disk=82%
[2026-03-19 10:48:01] [BEAT] [aria] load=0.14 mem=6895/8059MB temp=51.2C disk=82%
[2026-03-19 10:49:01] [BEAT] [aria] load=0.18 mem=6889/8059MB temp=52.4C disk=82%
[2026-03-19 10:50:01] [FLEET] [aria] Starting cross-node health check
[2026-03-19 10:50:02] [BEAT] [aria] load=0.15 mem=6863/8059MB temp=51.8C disk=82%
[2026-03-19 10:50:02] [FLEET] [aria] alice: UP temp=36C mem=3115MB disk=86%
[2026-03-19 10:50:04] [FLEET] [aria] octavia: DOWN (no ping response)
[2026-03-19 10:50:04] [FLEET] [aria] cecilia: UP temp=38C mem=1504MB disk=34%
[2026-03-19 10:50:06] [FLEET] [aria] gematria: UP temp=C mem=5535MB disk=70%
[2026-03-19 10:50:06] [FLEET] [aria] lucidia: PING OK but SSH failed
[2026-03-19 10:50:08] [FLEET] [aria] anastasia: DOWN (no ping response)
[2026-03-19 10:51:01] [BEAT] [aria] load=0.08 mem=6895/8059MB temp=51.8C disk=82%
[2026-03-19 10:52:01] [BEAT] [aria] load=0.09 mem=6890/8059MB temp=51.8C disk=82%
[2026-03-19 10:53:01] [BEAT] [aria] load=0.08 mem=6897/8059MB temp=51.2C disk=82%
[2026-03-19 10:54:01] [BEAT] [aria] load=0.03 mem=6893/8059MB temp=50.7C disk=82%
[2026-03-19 10:55:01] [BEAT] [aria] load=0.05 mem=6865/8059MB temp=50.7C disk=82%
[2026-03-19 10:56:01] [BEAT] [aria] load=0.02 mem=6894/8059MB temp=49.6C disk=82%
[2026-03-19 10:57:01] [BEAT] [aria] load=0.07 mem=6892/8059MB temp=49.6C disk=82%
[2026-03-19 10:58:01] [BEAT] [aria] load=0.13 mem=6894/8059MB temp=49.0C disk=82%
[2026-03-19 10:59:01] [BEAT] [aria] load=0.05 mem=6897/8059MB temp=48.5C disk=82%
[2026-03-19 11:00:01] [FLEET] [aria] Starting cross-node health check
[2026-03-19 11:00:01] [BEAT] [aria] load=0.07 mem=6861/8059MB temp=49.6C disk=82%
[2026-03-19 11:00:01] [FLEET] [aria] alice: UP temp=37C mem=3111MB disk=86%
[2026-03-19 11:00:03] [FLEET] [aria] octavia: DOWN (no ping response)
[2026-03-19 11:00:04] [FLEET] [aria] cecilia: UP temp=37C mem=1496MB disk=34%
[2026-03-19 11:00:05] [FLEET] [aria] gematria: UP temp=C mem=5572MB disk=70%
[2026-03-19 11:00:06] [FLEET] [aria] lucidia: PING OK but SSH failed
[2026-03-19 11:00:08] [FLEET] [aria] anastasia: DOWN (no ping response)
[2026-03-19 11:00:46] [DIAL] [aria] Switchboard unreachable
[2026-03-19 11:01:01] [BEAT] [aria] load=0.16 mem=6894/8059MB temp=48.5C disk=82%
[2026-03-19 11:02:01] [BEAT] [aria] load=0.06 mem=6890/8059MB temp=49.6C disk=82%
[2026-03-19 11:03:01] [BEAT] [aria] load=0.05 mem=6896/8059MB temp=48.5C disk=82%
[2026-03-19 11:04:01] [BEAT] [aria] load=0.51 mem=6896/8059MB temp=49.0C disk=82%
[2026-03-19 11:05:01] [BEAT] [aria] load=1.06 mem=6874/8059MB temp=49.6C disk=82%
[2026-03-19 11:06:01] [BEAT] [aria] load=0.39 mem=6895/8059MB temp=50.1C disk=82%
[2026-03-19 11:07:01] [BEAT] [aria] load=0.20 mem=6879/8059MB temp=49.6C disk=82%
[2026-03-19 11:08:01] [BEAT] [aria] load=0.11 mem=6894/8059MB temp=50.1C disk=82%
[2026-03-19 11:09:01] [BEAT] [aria] load=0.12 mem=6894/8059MB temp=50.1C disk=82%
[2026-03-19 11:10:01] [FLEET] [aria] Starting cross-node health check
[2026-03-19 11:10:02] [BEAT] [aria] load=0.04 mem=6870/8059MB temp=51.2C disk=82%
[2026-03-19 11:10:02] [FLEET] [aria] alice: UP temp=35C mem=3120MB disk=86%
[2026-03-19 11:10:04] [FLEET] [aria] octavia: DOWN (no ping response)
[2026-03-19 11:10:05] [FLEET] [aria] cecilia: UP temp=38C mem=1511MB disk=34%
[2026-03-19 11:10:06] [FLEET] [aria] gematria: UP temp=C mem=5552MB disk=70%
[2026-03-19 11:10:07] [FLEET] [aria] lucidia: PING OK but SSH failed
[2026-03-19 11:10:09] [FLEET] [aria] anastasia: DOWN (no ping response)
[2026-03-19 11:11:01] [BEAT] [aria] load=0.01 mem=6897/8059MB temp=51.2C disk=82%
[2026-03-19 11:12:01] [BEAT] [aria] load=0.00 mem=6885/8059MB temp=50.7C disk=82%
[2026-03-19 11:13:01] [BEAT] [aria] load=0.14 mem=6892/8059MB temp=50.1C disk=82%
[2026-03-19 11:14:01] [BEAT] [aria] load=0.12 mem=6887/8059MB temp=51.2C disk=82%
[2026-03-19 11:15:01] [BEAT] [aria] load=0.04 mem=6869/8059MB temp=51.2C disk=82%
[2026-03-19 11:15:46] [DIAL] [aria] Switchboard unreachable
[2026-03-19 11:16:01] [BEAT] [aria] load=0.01 mem=6902/8059MB temp=50.7C disk=82%
[2026-03-19 11:17:01] [BEAT] [aria] load=0.07 mem=6900/8059MB temp=50.1C disk=82%
[2026-03-19 11:18:01] [BEAT] [aria] load=0.16 mem=6923/8059MB temp=50.7C disk=82%
[2026-03-19 11:19:01] [BEAT] [aria] load=0.06 mem=6922/8059MB temp=50.7C disk=82%
[2026-03-19 11:20:01] [FLEET] [aria] Starting cross-node health check
[2026-03-19 11:20:01] [BEAT] [aria] load=0.13 mem=6890/8059MB temp=51.2C disk=82%
[2026-03-19 11:20:01] [FLEET] [aria] alice: UP temp=35C mem=3120MB disk=86%
[2026-03-19 11:20:03] [FLEET] [aria] octavia: DOWN (no ping response)
[2026-03-19 11:20:04] [FLEET] [aria] cecilia: UP temp=38C mem=1552MB disk=34%
[2026-03-19 11:20:05] [FLEET] [aria] gematria: UP temp=C mem=5554MB disk=70%
[2026-03-19 11:20:06] [FLEET] [aria] lucidia: PING OK but SSH failed
[2026-03-19 11:20:08] [FLEET] [aria] anastasia: DOWN (no ping response)
[2026-03-19 11:21:01] [BEAT] [aria] load=0.05 mem=6921/8059MB temp=50.1C disk=82%
[2026-03-19 11:22:01] [BEAT] [aria] load=0.05 mem=6920/8059MB temp=51.2C disk=82%
[2026-03-19 11:23:01] [BEAT] [aria] load=0.15 mem=6923/8059MB temp=51.2C disk=82%
[2026-03-19 11:24:01] [BEAT] [aria] load=0.12 mem=6925/8059MB temp=51.2C disk=82%
[2026-03-19 11:25:01] [BEAT] [aria] load=0.58 mem=6897/8059MB temp=51.8C disk=82%
[2026-03-19 11:26:01] [BEAT] [aria] load=1.24 mem=6923/8059MB temp=50.7C disk=82%
[2026-03-19 11:27:01] [BEAT] [aria] load=0.45 mem=6923/8059MB temp=51.8C disk=82%
[2026-03-19 11:28:01] [BEAT] [aria] load=0.21 mem=6915/8059MB temp=52.9C disk=82%
[2026-03-19 11:29:01] [BEAT] [aria] load=0.21 mem=6923/8059MB temp=51.2C disk=82%
[2026-03-19 11:30:01] [FLEET] [aria] Starting cross-node health check
[2026-03-19 11:30:01] [BEAT] [aria] load=0.15 mem=6889/8059MB temp=53.5C disk=82%
[2026-03-19 11:30:01] [FLEET] [aria] alice: UP temp=36C mem=3118MB disk=86%
[2026-03-19 11:30:03] [FLEET] [aria] octavia: DOWN (no ping response)
[2026-03-19 11:30:04] [FLEET] [aria] cecilia: UP temp=38C mem=1573MB disk=34%
[2026-03-19 11:30:05] [FLEET] [aria] gematria: UP temp=C mem=5543MB disk=70%
[2026-03-19 11:30:06] [FLEET] [aria] lucidia: PING OK but SSH failed
[2026-03-19 11:30:08] [FLEET] [aria] anastasia: DOWN (no ping response)
[2026-03-19 11:30:46] [DIAL] [aria] Switchboard unreachable
[2026-03-19 11:31:01] [BEAT] [aria] load=0.09 mem=6921/8059MB temp=51.2C disk=82%
[2026-03-19 11:32:01] [BEAT] [aria] load=0.10 mem=6917/8059MB temp=50.7C disk=82%
[2026-03-19 11:33:01] [BEAT] [aria] load=0.18 mem=6919/8059MB temp=51.2C disk=82%
[2026-03-19 11:34:01] [BEAT] [aria] load=0.12 mem=6922/8059MB temp=51.8C disk=82%
[2026-03-19 11:35:01] [BEAT] [aria] load=0.04 mem=6894/8059MB temp=52.9C disk=82%
[2026-03-19 11:36:01] [BEAT] [aria] load=0.05 mem=6922/8059MB temp=51.8C disk=82%
[2026-03-19 11:37:01] [BEAT] [aria] load=0.02 mem=6919/8059MB temp=51.2C disk=82%
[2026-03-19 11:38:01] [BEAT] [aria] load=0.00 mem=6920/8059MB temp=52.9C disk=82%
[2026-03-19 11:39:01] [BEAT] [aria] load=0.07 mem=6917/8059MB temp=52.4C disk=82%
[2026-03-19 11:40:01] [FLEET] [aria] Starting cross-node health check
[2026-03-19 11:40:01] [BEAT] [aria] load=0.07 mem=6893/8059MB temp=54.0C disk=82%
[2026-03-19 11:40:02] [FLEET] [aria] alice: UP temp=35C mem=3133MB disk=86%
[2026-03-19 11:40:04] [FLEET] [aria] octavia: DOWN (no ping response)
[2026-03-19 11:40:04] [FLEET] [aria] cecilia: UP temp=40C mem=1638MB disk=34%
[2026-03-19 11:40:06] [FLEET] [aria] gematria: UP temp=C mem=5549MB disk=70%
[2026-03-19 11:40:06] [FLEET] [aria] lucidia: PING OK but SSH failed
[2026-03-19 11:40:08] [FLEET] [aria] anastasia: DOWN (no ping response)
[2026-03-19 11:41:01] [BEAT] [aria] load=0.08 mem=6922/8059MB temp=54.0C disk=82%
[2026-03-19 11:42:01] [BEAT] [aria] load=0.10 mem=6918/8059MB temp=51.8C disk=82%
[2026-03-19 11:43:01] [BEAT] [aria] load=0.04 mem=6918/8059MB temp=51.8C disk=82%
[2026-03-19 11:44:01] [BEAT] [aria] load=0.01 mem=6922/8059MB temp=51.8C disk=82%
[2026-03-19 11:45:01] [BEAT] [aria] load=0.12 mem=6877/8059MB temp=52.9C disk=82%
[2026-03-19 11:45:46] [DIAL] [aria] Switchboard unreachable
[2026-03-19 11:46:01] [BEAT] [aria] load=0.73 mem=6921/8059MB temp=52.4C disk=82%
[2026-03-19 11:47:01] [BEAT] [aria] load=0.72 mem=6925/8059MB temp=51.8C disk=82%
[2026-03-19 11:48:01] [BEAT] [aria] load=0.30 mem=6916/8059MB temp=51.8C disk=82%
[2026-03-19 11:49:01] [BEAT] [aria] load=0.19 mem=6919/8059MB temp=51.2C disk=82%
[2026-03-19 11:50:01] [FLEET] [aria] Starting cross-node health check
[2026-03-19 11:50:01] [BEAT] [aria] load=0.16 mem=6886/8059MB temp=52.4C disk=82%
[2026-03-19 11:50:02] [FLEET] [aria] alice: UP temp=36C mem=3121MB disk=86%
[2026-03-19 11:50:04] [FLEET] [aria] octavia: DOWN (no ping response)
[2026-03-19 11:50:04] [FLEET] [aria] cecilia: UP temp=38C mem=1564MB disk=34%
[2026-03-19 11:50:05] [FLEET] [aria] gematria: UP temp=C mem=5539MB disk=70%
[2026-03-19 11:50:06] [FLEET] [aria] lucidia: PING OK but SSH failed
[2026-03-19 11:50:08] [FLEET] [aria] anastasia: DOWN (no ping response)
[2026-03-19 11:51:01] [BEAT] [aria] load=0.06 mem=6922/8059MB temp=51.8C disk=82%
[2026-03-19 11:52:01] [BEAT] [aria] load=0.11 mem=6923/8059MB temp=51.2C disk=82%
[2026-03-19 11:53:01] [BEAT] [aria] load=0.04 mem=6918/8059MB temp=51.2C disk=82%
[2026-03-19 11:54:01] [BEAT] [aria] load=0.01 mem=6922/8059MB temp=51.2C disk=82%
[2026-03-19 11:55:01] [BEAT] [aria] load=0.07 mem=6899/8059MB temp=50.1C disk=82%
[2026-03-19 11:56:01] [BEAT] [aria] load=0.02 mem=6921/8059MB temp=49.6C disk=82%
[2026-03-19 11:57:01] [BEAT] [aria] load=0.10 mem=6919/8059MB temp=49.0C disk=82%
[2026-03-19 11:58:01] [BEAT] [aria] load=0.04 mem=6919/8059MB temp=48.5C disk=82%
[2026-03-19 11:59:01] [BEAT] [aria] load=0.01 mem=6921/8059MB temp=49.6C disk=82%
[2026-03-19 12:00:01] [FLEET] [aria] Starting cross-node health check
[2026-03-19 12:00:02] [BEAT] [aria] load=0.00 mem=6878/8059MB temp=49.0C disk=82%
[2026-03-19 12:00:02] [FLEET] [aria] alice: UP temp=34C mem=3107MB disk=86%
[2026-03-19 12:00:04] [FLEET] [aria] octavia: DOWN (no ping response)
[2026-03-19 12:00:04] [FLEET] [aria] cecilia: UP temp=38C mem=1547MB disk=34%
[2026-03-19 12:00:06] [FLEET] [aria] gematria: UP temp=C mem=5527MB disk=70%
[2026-03-19 12:00:06] [FLEET] [aria] lucidia: PING OK but SSH failed
[2026-03-19 12:00:08] [FLEET] [aria] anastasia: DOWN (no ping response)
[2026-03-19 12:00:47] [DIAL] [aria] Switchboard unreachable
[2026-03-19 12:01:01] [BEAT] [aria] load=0.03 mem=6896/8059MB temp=49.0C disk=82%
[2026-03-19 12:02:01] [BEAT] [aria] load=0.08 mem=6891/8059MB temp=50.1C disk=82%
[2026-03-19 12:03:01] [BEAT] [aria] load=0.07 mem=6883/8059MB temp=49.0C disk=82%
[2026-03-19 12:04:01] [BEAT] [aria] load=0.08 mem=6881/8059MB temp=49.6C disk=82%
[2026-03-19 12:05:01] [BEAT] [aria] load=0.09 mem=6857/8059MB temp=50.1C disk=82%
[2026-03-19 12:06:01] [BEAT] [aria] load=0.14 mem=6864/8059MB temp=50.1C disk=82%
[2026-03-19 12:07:01] [BEAT] [aria] load=0.86 mem=6876/8059MB temp=50.7C disk=82%
[2026-03-19 12:08:01] [BEAT] [aria] load=0.65 mem=6874/8059MB temp=50.7C disk=82%
[2026-03-19 12:09:01] [BEAT] [aria] load=0.24 mem=6875/8059MB temp=50.1C disk=82%
[2026-03-19 12:10:01] [FLEET] [aria] Starting cross-node health check
[2026-03-19 12:10:01] [BEAT] [aria] load=0.09 mem=6838/8059MB temp=51.8C disk=82%
[2026-03-19 12:10:02] [FLEET] [aria] alice: UP temp=36C mem=3111MB disk=86%
[2026-03-19 12:10:04] [FLEET] [aria] octavia: DOWN (no ping response)
[2026-03-19 12:10:04] [FLEET] [aria] cecilia: UP temp=57C mem=1579MB disk=34%
[2026-03-19 12:10:06] [FLEET] [aria] gematria: UP temp=C mem=5568MB disk=70%
[2026-03-19 12:10:06] [FLEET] [aria] lucidia: PING OK but SSH failed
[2026-03-19 12:10:08] [FLEET] [aria] anastasia: DOWN (no ping response)
[2026-03-19 12:11:01] [BEAT] [aria] load=0.25 mem=6868/8059MB temp=50.7C disk=82%
[2026-03-19 12:12:01] [BEAT] [aria] load=0.21 mem=6870/8059MB temp=51.8C disk=82%
[2026-03-19 12:13:01] [BEAT] [aria] load=0.18 mem=6863/8059MB temp=49.6C disk=82%
[2026-03-19 12:14:01] [BEAT] [aria] load=0.11 mem=6870/8059MB temp=51.2C disk=82%
[2026-03-19 12:15:01] [BEAT] [aria] load=0.15 mem=6840/8059MB temp=51.2C disk=82%
[2026-03-19 12:15:46] [DIAL] [aria] Switchboard unreachable
[2026-03-19 12:16:01] [BEAT] [aria] load=0.26 mem=6871/8059MB temp=51.2C disk=82%
[2026-03-19 12:17:01] [BEAT] [aria] load=0.24 mem=6869/8059MB temp=51.8C disk=82%
[2026-03-19 12:18:01] [BEAT] [aria] load=0.38 mem=6865/8059MB temp=50.1C disk=82%
[2026-03-19 12:19:01] [BEAT] [aria] load=0.21 mem=6865/8059MB temp=51.2C disk=82%
[2026-03-19 12:20:01] [FLEET] [aria] Starting cross-node health check
[2026-03-19 12:20:01] [BEAT] [aria] load=0.07 mem=6838/8059MB temp=52.9C disk=82%
[2026-03-19 12:20:02] [FLEET] [aria] alice: UP temp=36C mem=3121MB disk=86%
[2026-03-19 12:20:04] [FLEET] [aria] octavia: DOWN (no ping response)
[2026-03-19 12:20:04] [FLEET] [aria] cecilia: UP temp=55C mem=1493MB disk=34%
[2026-03-19 12:20:06] [FLEET] [aria] gematria: UP temp=C mem=5545MB disk=70%
[2026-03-19 12:20:06] [FLEET] [aria] lucidia: PING OK but SSH failed
[2026-03-19 12:20:08] [FLEET] [aria] anastasia: DOWN (no ping response)
[2026-03-19 12:21:01] [BEAT] [aria] load=0.02 mem=6867/8059MB temp=51.2C disk=82%
[2026-03-19 12:22:01] [BEAT] [aria] load=0.06 mem=6867/8059MB temp=51.8C disk=82%
[2026-03-19 12:23:01] [BEAT] [aria] load=0.08 mem=6863/8059MB temp=51.2C disk=82%
[2026-03-19 12:24:01] [BEAT] [aria] load=0.03 mem=6865/8059MB temp=51.8C disk=82%
[2026-03-19 12:25:01] [BEAT] [aria] load=0.10 mem=6827/8059MB temp=51.8C disk=82%
[2026-03-19 12:26:01] [BEAT] [aria] load=0.10 mem=6860/8059MB temp=52.4C disk=82%
[2026-03-19 12:27:01] [BEAT] [aria] load=0.26 mem=6862/8059MB temp=52.9C disk=82%
[2026-03-19 12:28:01] [BEAT] [aria] load=0.83 mem=6864/8059MB temp=51.8C disk=82%
[2026-03-19 12:29:01] [BEAT] [aria] load=0.48 mem=6857/8059MB temp=51.2C disk=82%
[2026-03-19 12:30:01] [FLEET] [aria] Starting cross-node health check
[2026-03-19 12:30:01] [BEAT] [aria] load=0.23 mem=6825/8059MB temp=52.4C disk=82%
[2026-03-19 12:30:01] [FLEET] [aria] alice: UP temp=37C mem=3118MB disk=86%
[2026-03-19 12:30:03] [FLEET] [aria] octavia: DOWN (no ping response)
[2026-03-19 12:30:03] [FLEET] [aria] cecilia: UP temp=43C mem=1527MB disk=34%
[2026-03-19 12:30:05] [FLEET] [aria] gematria: UP temp=C mem=5522MB disk=70%
[2026-03-19 12:30:26] [FLEET] [aria] lucidia: PING OK but SSH failed
[2026-03-19 12:30:28] [FLEET] [aria] anastasia: DOWN (no ping response)
[2026-03-19 12:30:46] [DIAL] [aria] Switchboard unreachable
[2026-03-19 12:31:01] [BEAT] [aria] load=0.32 mem=6860/8059MB temp=51.2C disk=82%
[2026-03-19 12:32:01] [BEAT] [aria] load=0.12 mem=6858/8059MB temp=51.8C disk=82%
[2026-03-19 12:33:01] [BEAT] [aria] load=0.25 mem=6856/8059MB temp=50.7C disk=82%
[2026-03-19 12:34:01] [BEAT] [aria] load=0.09 mem=6857/8059MB temp=51.2C disk=82%
[2026-03-19 12:35:01] [BEAT] [aria] load=0.11 mem=6830/8059MB temp=52.4C disk=82%
[2026-03-19 12:36:01] [BEAT] [aria] load=0.21 mem=6857/8059MB temp=52.4C disk=82%
[2026-03-19 12:37:01] [BEAT] [aria] load=0.08 mem=6853/8059MB temp=52.4C disk=82%
[2026-03-19 12:38:01] [BEAT] [aria] load=0.16 mem=6857/8059MB temp=53.5C disk=82%
[2026-03-19 12:39:01] [BEAT] [aria] load=0.06 mem=6851/8059MB temp=52.4C disk=82%
[2026-03-19 12:40:01] [FLEET] [aria] Starting cross-node health check
[2026-03-19 12:40:01] [BEAT] [aria] load=0.08 mem=6818/8059MB temp=52.4C disk=82%
[2026-03-19 12:40:02] [FLEET] [aria] alice: UP temp=35C mem=3120MB disk=86%
[2026-03-19 12:40:04] [FLEET] [aria] octavia: DOWN (no ping response)
[2026-03-19 12:40:04] [FLEET] [aria] cecilia: UP temp=40C mem=1608MB disk=34%
[2026-03-19 12:40:05] [FLEET] [aria] gematria: UP temp=C mem=5541MB disk=70%
[2026-03-19 12:40:06] [FLEET] [aria] lucidia: PING OK but SSH failed
[2026-03-19 12:40:08] [FLEET] [aria] anastasia: DOWN (no ping response)
[2026-03-19 12:41:01] [BEAT] [aria] load=0.06 mem=6852/8059MB temp=51.8C disk=82%
[2026-03-19 12:42:01] [BEAT] [aria] load=0.20 mem=6853/8059MB temp=52.4C disk=82%
[2026-03-19 12:43:01] [BEAT] [aria] load=0.20 mem=6829/8059MB temp=52.4C disk=82%
[2026-03-19 12:44:01] [BEAT] [aria] load=0.07 mem=6830/8059MB temp=51.8C disk=82%
[2026-03-19 12:45:01] [BEAT] [aria] load=0.02 mem=6792/8059MB temp=54.0C disk=82%
[2026-03-19 12:45:46] [DIAL] [aria] Switchboard unreachable
[2026-03-19 12:46:01] [BEAT] [aria] load=0.01 mem=6829/8059MB temp=52.9C disk=82%
[2026-03-19 12:47:01] [BEAT] [aria] load=0.05 mem=6838/8059MB temp=51.8C disk=82%
[2026-03-19 12:48:01] [BEAT] [aria] load=0.24 mem=6827/8059MB temp=53.5C disk=82%
[2026-03-19 12:49:01] [BEAT] [aria] load=0.82 mem=6840/8059MB temp=52.9C disk=82%
[2026-03-19 12:50:01] [FLEET] [aria] Starting cross-node health check
[2026-03-19 12:50:01] [BEAT] [aria] load=0.62 mem=6870/8059MB temp=52.9C disk=82%
[2026-03-19 12:50:02] [FLEET] [aria] alice: UP temp=35C mem=3119MB disk=86%
[2026-03-19 12:50:04] [FLEET] [aria] octavia: DOWN (no ping response)
[2026-03-19 12:50:04] [FLEET] [aria] cecilia: UP temp=51C mem=1506MB disk=34%
[2026-03-19 12:50:06] [FLEET] [aria] gematria: UP temp=C mem=5540MB disk=70%
[2026-03-19 12:50:07] [FLEET] [aria] lucidia: PING OK but SSH failed
[2026-03-19 12:50:09] [FLEET] [aria] anastasia: DOWN (no ping response)
[2026-03-19 12:51:01] [BEAT] [aria] load=0.22 mem=6900/8059MB temp=52.4C disk=82%
[2026-03-19 12:52:01] [BEAT] [aria] load=0.47 mem=6898/8059MB temp=51.2C disk=82%
[2026-03-19 12:53:01] [BEAT] [aria] load=0.33 mem=6902/8059MB temp=51.8C disk=82%
[2026-03-19 12:54:01] [BEAT] [aria] load=0.17 mem=6893/8059MB temp=50.7C disk=82%
[2026-03-19 12:55:01] [BEAT] [aria] load=0.11 mem=6868/8059MB temp=52.4C disk=82%
[2026-03-19 12:56:01] [BEAT] [aria] load=0.08 mem=6892/8059MB temp=49.6C disk=82%
[2026-03-19 12:57:01] [BEAT] [aria] load=0.15 mem=6897/8059MB temp=48.0C disk=82%
[2026-03-19 12:58:01] [BEAT] [aria] load=0.16 mem=6895/8059MB temp=49.0C disk=82%
[2026-03-19 12:59:01] [BEAT] [aria] load=0.13 mem=6891/8059MB temp=49.6C disk=82%
[2026-03-19 13:00:01] [FLEET] [aria] Starting cross-node health check
[2026-03-19 13:00:01] [BEAT] [aria] load=0.05 mem=6857/8059MB temp=50.1C disk=82%
[2026-03-19 13:00:02] [FLEET] [aria] alice: UP temp=35C mem=3107MB disk=86%
[2026-03-19 13:00:04] [FLEET] [aria] octavia: DOWN (no ping response)
[2026-03-19 13:00:05] [FLEET] [aria] cecilia: UP temp=55C mem=1547MB disk=34%
[2026-03-19 13:00:07] [FLEET] [aria] gematria: UP temp=C mem=5536MB disk=70%
[2026-03-19 13:00:08] [FLEET] [aria] lucidia: PING OK but SSH failed
[2026-03-19 13:00:10] [FLEET] [aria] anastasia: DOWN (no ping response)
[2026-03-19 13:00:46] [DIAL] [aria] Switchboard unreachable
[2026-03-19 13:01:01] [BEAT] [aria] load=0.18 mem=6895/8059MB temp=49.6C disk=82%
[2026-03-19 13:02:01] [BEAT] [aria] load=0.06 mem=6886/8059MB temp=49.0C disk=82%
[2026-03-19 13:03:01] [BEAT] [aria] load=0.19 mem=6891/8059MB temp=49.6C disk=82%
[2026-03-19 13:04:01] [BEAT] [aria] load=0.07 mem=6895/8059MB temp=50.7C disk=82%
[2026-03-19 13:05:01] [BEAT] [aria] load=0.09 mem=6871/8059MB temp=50.1C disk=82%
[2026-03-19 13:06:01] [BEAT] [aria] load=0.03 mem=6895/8059MB temp=49.6C disk=82%
[2026-03-19 13:07:01] [BEAT] [aria] load=0.01 mem=6893/8059MB temp=50.1C disk=82%
[2026-03-19 13:08:01] [BEAT] [aria] load=0.13 mem=6891/8059MB temp=50.7C disk=82%
[2026-03-19 13:09:01] [BEAT] [aria] load=0.39 mem=6892/8059MB temp=49.6C disk=82%
[2026-03-19 13:10:01] [FLEET] [aria] Starting cross-node health check
[2026-03-19 13:10:01] [BEAT] [aria] load=1.02 mem=6866/8059MB temp=50.7C disk=82%
[2026-03-19 13:10:02] [FLEET] [aria] alice: UP temp=34C mem=3122MB disk=86%
[2026-03-19 13:10:04] [FLEET] [aria] octavia: DOWN (no ping response)
[2026-03-19 13:10:04] [FLEET] [aria] cecilia: UP temp=43C mem=1519MB disk=34%
[2026-03-19 13:10:06] [FLEET] [aria] gematria: UP temp=C mem=5550MB disk=70%
[2026-03-19 13:10:06] [FLEET] [aria] lucidia: PING OK but SSH failed
[2026-03-19 13:10:08] [FLEET] [aria] anastasia: DOWN (no ping response)
[2026-03-19 13:11:01] [BEAT] [aria] load=0.56 mem=6894/8059MB temp=50.7C disk=82%
[2026-03-19 13:12:01] [BEAT] [aria] load=0.41 mem=6893/8059MB temp=51.8C disk=82%
[2026-03-19 13:13:01] [BEAT] [aria] load=0.15 mem=6890/8059MB temp=50.1C disk=82%
[2026-03-19 13:14:01] [BEAT] [aria] load=0.09 mem=6890/8059MB temp=51.2C disk=82%
[2026-03-19 13:15:01] [BEAT] [aria] load=0.10 mem=6861/8059MB temp=50.1C disk=82%
[2026-03-19 13:15:47] [DIAL] [aria] Switchboard unreachable
[2026-03-19 13:16:01] [BEAT] [aria] load=0.11 mem=6894/8059MB temp=51.2C disk=82%
[2026-03-19 13:17:01] [BEAT] [aria] load=0.04 mem=6893/8059MB temp=51.2C disk=82%
[2026-03-19 13:18:01] [BEAT] [aria] load=0.01 mem=6889/8059MB temp=51.8C disk=82%
[2026-03-19 13:19:01] [BEAT] [aria] load=0.05 mem=6892/8059MB temp=51.2C disk=82%
[2026-03-19 13:20:01] [FLEET] [aria] Starting cross-node health check
[2026-03-19 13:20:01] [BEAT] [aria] load=0.06 mem=6859/8059MB temp=51.2C disk=82%
[2026-03-19 13:20:01] [FLEET] [aria] alice: UP temp=36C mem=3121MB disk=86%
[2026-03-19 13:20:03] [FLEET] [aria] octavia: DOWN (no ping response)
[2026-03-19 13:20:04] [FLEET] [aria] cecilia: UP temp=39C mem=1522MB disk=34%
[2026-03-19 13:20:05] [FLEET] [aria] gematria: UP temp=C mem=5574MB disk=70%
[2026-03-19 13:20:05] [FLEET] [aria] lucidia: PING OK but SSH failed
[2026-03-19 13:20:07] [FLEET] [aria] anastasia: DOWN (no ping response)
[2026-03-19 13:21:01] [BEAT] [aria] load=0.13 mem=6895/8059MB temp=51.8C disk=82%
[2026-03-19 13:22:01] [BEAT] [aria] load=0.05 mem=6891/8059MB temp=50.7C disk=82%
[2026-03-19 13:23:01] [BEAT] [aria] load=0.10 mem=6889/8059MB temp=50.7C disk=82%
[2026-03-19 13:24:01] [BEAT] [aria] load=0.10 mem=6893/8059MB temp=51.2C disk=82%
[2026-03-19 13:25:01] [BEAT] [aria] load=0.04 mem=6865/8059MB temp=51.8C disk=82%
[2026-03-19 13:26:01] [BEAT] [aria] load=0.06 mem=6896/8059MB temp=50.7C disk=82%
[2026-03-19 13:27:01] [BEAT] [aria] load=0.02 mem=6893/8059MB temp=51.8C disk=82%
[2026-03-19 13:28:01] [BEAT] [aria] load=0.01 mem=6890/8059MB temp=52.9C disk=82%
[2026-03-19 13:29:01] [BEAT] [aria] load=0.00 mem=6895/8059MB temp=51.8C disk=82%
[2026-03-19 13:30:01] [FLEET] [aria] Starting cross-node health check
[2026-03-19 13:30:01] [BEAT] [aria] load=0.48 mem=6826/8059MB temp=51.8C disk=82%
[2026-03-19 13:30:01] [FLEET] [aria] alice: UP temp=37C mem=3116MB disk=86%
[2026-03-19 13:30:03] [FLEET] [aria] octavia: DOWN (no ping response)
[2026-03-19 13:30:04] [FLEET] [aria] cecilia: UP temp=39C mem=1500MB disk=34%
[2026-03-19 13:30:05] [FLEET] [aria] gematria: UP temp=C mem=5545MB disk=70%
[2026-03-19 13:30:06] [FLEET] [aria] lucidia: PING OK but SSH failed
[2026-03-19 13:30:08] [FLEET] [aria] anastasia: DOWN (no ping response)
[2026-03-19 13:30:46] [DIAL] [aria] Switchboard unreachable
[2026-03-19 13:31:01] [BEAT] [aria] load=0.91 mem=6859/8059MB temp=53.5C disk=82%
[2026-03-19 13:32:01] [BEAT] [aria] load=0.43 mem=6861/8059MB temp=52.4C disk=82%
[2026-03-19 13:33:01] [BEAT] [aria] load=0.29 mem=6934/8059MB temp=52.4C disk=82%
[2026-03-19 13:34:01] [BEAT] [aria] load=0.10 mem=6939/8059MB temp=51.8C disk=82%
[2026-03-19 13:35:01] [BEAT] [aria] load=0.13 mem=6922/8059MB temp=52.4C disk=82%
[2026-03-19 13:36:01] [BEAT] [aria] load=0.05 mem=6943/8059MB temp=51.2C disk=82%
[2026-03-19 13:37:01] [BEAT] [aria] load=0.13 mem=6945/8059MB temp=51.2C disk=82%
[2026-03-19 13:38:01] [BEAT] [aria] load=0.04 mem=6938/8059MB temp=52.4C disk=82%
[2026-03-19 13:39:01] [BEAT] [aria] load=0.15 mem=6947/8059MB temp=53.5C disk=82%
[2026-03-19 13:40:01] [FLEET] [aria] Starting cross-node health check
[2026-03-19 13:40:01] [BEAT] [aria] load=0.12 mem=6912/8059MB temp=52.9C disk=82%
[2026-03-19 13:40:01] [FLEET] [aria] alice: UP temp=35C mem=3121MB disk=86%
[2026-03-19 13:40:03] [FLEET] [aria] octavia: DOWN (no ping response)
[2026-03-19 13:40:03] [FLEET] [aria] cecilia: UP temp=38C mem=1614MB disk=34%
[2026-03-19 13:40:05] [FLEET] [aria] gematria: UP temp=C mem=5552MB disk=70%
[2026-03-19 13:40:05] [FLEET] [aria] lucidia: PING OK but SSH failed
[2026-03-19 13:40:07] [FLEET] [aria] anastasia: DOWN (no ping response)
[2026-03-19 13:41:01] [BEAT] [aria] load=0.08 mem=6940/8059MB temp=51.8C disk=82%
[2026-03-19 13:42:01] [BEAT] [aria] load=0.17 mem=6934/8059MB temp=52.4C disk=82%
[2026-03-19 13:43:01] [BEAT] [aria] load=0.06 mem=6935/8059MB temp=51.8C disk=82%
[2026-03-19 13:44:01] [BEAT] [aria] load=0.11 mem=6940/8059MB temp=52.4C disk=82%
[2026-03-19 13:45:01] [BEAT] [aria] load=0.04 mem=6913/8059MB temp=52.4C disk=82%
[2026-03-19 13:45:47] [DIAL] [aria] Switchboard unreachable
[2026-03-19 13:46:01] [BEAT] [aria] load=0.09 mem=6944/8059MB temp=52.9C disk=82%
[2026-03-19 13:47:01] [BEAT] [aria] load=0.22 mem=6948/8059MB temp=51.8C disk=82%
[2026-03-19 13:48:01] [BEAT] [aria] load=0.08 mem=6933/8059MB temp=52.4C disk=82%
[2026-03-19 13:49:01] [BEAT] [aria] load=0.15 mem=6943/8059MB temp=52.9C disk=82%
[2026-03-19 13:50:01] [FLEET] [aria] Starting cross-node health check
[2026-03-19 13:50:01] [BEAT] [aria] load=0.16 mem=6918/8059MB temp=52.4C disk=82%
[2026-03-19 13:50:01] [FLEET] [aria] alice: UP temp=34C mem=3124MB disk=86%
[2026-03-19 13:50:03] [FLEET] [aria] octavia: DOWN (no ping response)
[2026-03-19 13:50:03] [FLEET] [aria] cecilia: UP temp=38C mem=1534MB disk=34%
[2026-03-19 13:50:05] [FLEET] [aria] gematria: UP temp=C mem=5552MB disk=70%
[2026-03-19 13:50:06] [FLEET] [aria] lucidia: PING OK but SSH failed
[2026-03-19 13:50:08] [FLEET] [aria] anastasia: DOWN (no ping response)
[2026-03-19 13:51:01] [BEAT] [aria] load=0.68 mem=6944/8059MB temp=51.8C disk=82%
[2026-03-19 13:52:01] [BEAT] [aria] load=0.81 mem=6944/8059MB temp=52.4C disk=82%
[2026-03-19 13:53:01] [BEAT] [aria] load=0.44 mem=6941/8059MB temp=51.2C disk=82%
[2026-03-19 13:54:01] [BEAT] [aria] load=0.29 mem=6943/8059MB temp=51.2C disk=82%
[2026-03-19 13:55:01] [BEAT] [aria] load=0.17 mem=6919/8059MB temp=51.8C disk=82%
[2026-03-19 13:56:01] [BEAT] [aria] load=0.33 mem=6940/8059MB temp=51.2C disk=82%
[2026-03-19 13:57:01] [BEAT] [aria] load=0.22 mem=6942/8059MB temp=49.6C disk=82%
[2026-03-19 13:58:01] [BEAT] [aria] load=0.08 mem=6932/8059MB temp=49.6C disk=82%
[2026-03-19 13:59:01] [BEAT] [aria] load=0.11 mem=6945/8059MB temp=49.6C disk=82%
[2026-03-19 14:00:01] [FLEET] [aria] Starting cross-node health check
[2026-03-19 14:00:01] [BEAT] [aria] load=0.15 mem=6905/8059MB temp=50.1C disk=82%
[2026-03-19 14:00:02] [FLEET] [aria] alice: UP temp=34C mem=3118MB disk=86%
[2026-03-19 14:00:04] [FLEET] [aria] octavia: DOWN (no ping response)
[2026-03-19 14:00:04] [FLEET] [aria] cecilia: UP temp=37C mem=1536MB disk=34%
[2026-03-19 14:00:06] [FLEET] [aria] gematria: UP temp=C mem=5546MB disk=70%
[2026-03-19 14:00:06] [FLEET] [aria] lucidia: PING OK but SSH failed
[2026-03-19 14:00:08] [FLEET] [aria] anastasia: DOWN (no ping response)
[2026-03-19 14:00:46] [DIAL] [aria] Switchboard unreachable
[2026-03-19 14:01:02] [BEAT] [aria] load=0.08 mem=6939/8059MB temp=49.6C disk=82%
[2026-03-19 14:02:02] [BEAT] [aria] load=0.22 mem=6940/8059MB temp=49.6C disk=82%
[2026-03-19 14:03:01] [BEAT] [aria] load=0.08 mem=6945/8059MB temp=49.6C disk=82%
[2026-03-19 14:04:01] [BEAT] [aria] load=0.03 mem=6942/8059MB temp=50.1C disk=82%
[2026-03-19 14:05:01] [BEAT] [aria] load=0.14 mem=6899/8059MB temp=51.2C disk=82%
[2026-03-19 14:06:01] [BEAT] [aria] load=0.05 mem=6923/8059MB temp=50.1C disk=82%
[2026-03-19 14:07:01] [BEAT] [aria] load=0.06 mem=6920/8059MB temp=50.7C disk=82%
[2026-03-19 14:08:01] [BEAT] [aria] load=0.02 mem=6913/8059MB temp=50.7C disk=82%
[2026-03-19 14:09:01] [BEAT] [aria] load=0.01 mem=6934/8059MB temp=50.7C disk=82%
[2026-03-19 14:10:01] [FLEET] [aria] Starting cross-node health check
[2026-03-19 14:10:01] [BEAT] [aria] load=0.00 mem=6898/8059MB temp=51.8C disk=82%
[2026-03-19 14:10:01] [FLEET] [aria] alice: UP temp=34C mem=3121MB disk=86%
[2026-03-19 14:10:03] [FLEET] [aria] octavia: DOWN (no ping response)
[2026-03-19 14:10:05] [FLEET] [aria] cecilia: UP temp=38C mem=1540MB disk=34%
[2026-03-19 14:10:06] [FLEET] [aria] gematria: UP temp=C mem=5549MB disk=70%
[2026-03-19 14:10:06] [FLEET] [aria] lucidia: PING OK but SSH failed
[2026-03-19 14:10:08] [FLEET] [aria] anastasia: DOWN (no ping response)
[2026-03-19 14:11:01] [BEAT] [aria] load=0.06 mem=6930/8059MB temp=50.7C disk=82%
[2026-03-19 14:12:01] [BEAT] [aria] load=0.78 mem=6931/8059MB temp=50.7C disk=82%
[2026-03-19 14:13:01] [BEAT] [aria] load=0.68 mem=6932/8059MB temp=51.2C disk=82%
[2026-03-19 14:14:01] [BEAT] [aria] load=0.25 mem=6932/8059MB temp=50.1C disk=82%
[2026-03-19 14:15:01] [BEAT] [aria] load=0.09 mem=6904/8059MB temp=51.8C disk=82%
[2026-03-19 14:15:47] [DIAL] [aria] Switchboard unreachable
[2026-03-19 14:16:01] [BEAT] [aria] load=0.12 mem=6931/8059MB temp=51.8C disk=82%
[2026-03-19 14:17:01] [BEAT] [aria] load=0.10 mem=6927/8059MB temp=51.8C disk=82%
[2026-03-19 14:18:01] [BEAT] [aria] load=0.07 mem=6933/8059MB temp=51.2C disk=82%
[2026-03-19 14:19:01] [BEAT] [aria] load=0.15 mem=6930/8059MB temp=52.4C disk=82%
[2026-03-19 14:20:01] [FLEET] [aria] Starting cross-node health check
[2026-03-19 14:20:01] [BEAT] [aria] load=0.05 mem=6910/8059MB temp=51.8C disk=82%
[2026-03-19 14:20:01] [FLEET] [aria] alice: UP temp=35C mem=3116MB disk=86%
[2026-03-19 14:20:03] [FLEET] [aria] octavia: DOWN (no ping response)
[2026-03-19 14:20:04] [FLEET] [aria] cecilia: UP temp=38C mem=1555MB disk=34%
[2026-03-19 14:20:06] [FLEET] [aria] gematria: UP temp=C mem=5548MB disk=70%
[2026-03-19 14:20:06] [FLEET] [aria] lucidia: PING OK but SSH failed
[2026-03-19 14:20:08] [FLEET] [aria] anastasia: DOWN (no ping response)
[2026-03-19 14:21:01] [BEAT] [aria] load=0.08 mem=6930/8059MB temp=51.2C disk=82%
[2026-03-19 14:22:01] [BEAT] [aria] load=0.03 mem=6931/8059MB temp=51.8C disk=82%
[2026-03-19 14:23:01] [BEAT] [aria] load=0.06 mem=6931/8059MB temp=51.8C disk=82%
[2026-03-19 14:24:01] [BEAT] [aria] load=0.06 mem=6930/8059MB temp=51.2C disk=82%
[2026-03-19 14:25:01] [BEAT] [aria] load=0.02 mem=6902/8059MB temp=50.1C disk=82%
[2026-03-19 14:26:01] [BEAT] [aria] load=0.01 mem=6931/8059MB temp=52.4C disk=82%
[2026-03-19 14:27:01] [BEAT] [aria] load=0.04 mem=6930/8059MB temp=51.8C disk=82%
[2026-03-19 14:28:01] [BEAT] [aria] load=0.41 mem=6933/8059MB temp=52.9C disk=82%
[2026-03-19 14:29:01] [BEAT] [aria] load=0.15 mem=6932/8059MB temp=51.8C disk=82%
[2026-03-19 14:30:01] [FLEET] [aria] Starting cross-node health check
[2026-03-19 14:30:01] [BEAT] [aria] load=0.05 mem=6894/8059MB temp=52.4C disk=82%
[2026-03-19 14:30:01] [FLEET] [aria] alice: UP temp=34C mem=3119MB disk=86%
[2026-03-19 14:30:03] [FLEET] [aria] octavia: DOWN (no ping response)
[2026-03-19 14:30:04] [FLEET] [aria] cecilia: UP temp=38C mem=1530MB disk=34%
[2026-03-19 14:30:06] [FLEET] [aria] gematria: UP temp=C mem=5542MB disk=70%
[2026-03-19 14:30:07] [FLEET] [aria] lucidia: PING OK but SSH failed
[2026-03-19 14:30:09] [FLEET] [aria] anastasia: DOWN (no ping response)
[2026-03-19 14:30:46] [DIAL] [aria] Switchboard unreachable
[2026-03-19 14:31:01] [BEAT] [aria] load=0.12 mem=6928/8059MB temp=52.4C disk=82%
[2026-03-19 14:32:01] [BEAT] [aria] load=0.09 mem=6930/8059MB temp=51.2C disk=82%
[2026-03-19 14:33:01] [BEAT] [aria] load=0.81 mem=6930/8059MB temp=51.8C disk=82%
[2026-03-19 14:34:01] [BEAT] [aria] load=0.60 mem=6928/8059MB temp=51.8C disk=82%
[2026-03-19 14:35:01] [BEAT] [aria] load=0.22 mem=6901/8059MB temp=52.4C disk=82%
[2026-03-19 14:36:01] [BEAT] [aria] load=0.15 mem=6937/8059MB temp=52.4C disk=82%
[2026-03-19 14:37:01] [BEAT] [aria] load=0.12 mem=6929/8059MB temp=51.8C disk=82%
[2026-03-19 14:38:01] [BEAT] [aria] load=0.04 mem=6928/8059MB temp=53.5C disk=82%
[2026-03-19 14:39:01] [BEAT] [aria] load=0.07 mem=6929/8059MB temp=52.4C disk=82%
[2026-03-19 14:40:01] [FLEET] [aria] Starting cross-node health check
[2026-03-19 14:40:01] [BEAT] [aria] load=0.02 mem=6901/8059MB temp=52.4C disk=82%
[2026-03-19 14:40:02] [FLEET] [aria] alice: UP temp=36C mem=3117MB disk=86%
[2026-03-19 14:40:04] [FLEET] [aria] octavia: DOWN (no ping response)
[2026-03-19 14:40:04] [FLEET] [aria] cecilia: UP temp=38C mem=1509MB disk=34%
[2026-03-19 14:40:05] [FLEET] [aria] gematria: UP temp=C mem=5546MB disk=70%
[2026-03-19 14:40:06] [FLEET] [aria] lucidia: PING OK but SSH failed
[2026-03-19 14:40:08] [FLEET] [aria] anastasia: DOWN (no ping response)
[2026-03-19 14:41:01] [BEAT] [aria] load=0.01 mem=6933/8059MB temp=51.8C disk=82%
[2026-03-19 14:42:01] [BEAT] [aria] load=0.15 mem=6930/8059MB temp=52.4C disk=82%
[2026-03-19 14:43:01] [BEAT] [aria] load=0.09 mem=6935/8059MB temp=53.5C disk=82%
[2026-03-19 14:44:01] [BEAT] [aria] load=0.10 mem=6928/8059MB temp=52.4C disk=82%
[2026-03-19 14:45:01] [BEAT] [aria] load=0.04 mem=6899/8059MB temp=53.5C disk=82%
[2026-03-19 14:45:46] [DIAL] [aria] Switchboard unreachable
[2026-03-19 14:46:01] [BEAT] [aria] load=0.01 mem=6930/8059MB temp=52.4C disk=82%
[2026-03-19 14:47:01] [BEAT] [aria] load=0.00 mem=6925/8059MB temp=52.9C disk=82%
[2026-03-19 14:48:01] [BEAT] [aria] load=0.05 mem=6929/8059MB temp=52.4C disk=82%
[2026-03-19 14:49:01] [BEAT] [aria] load=0.02 mem=6931/8059MB temp=51.8C disk=82%
[2026-03-19 14:50:01] [FLEET] [aria] Starting cross-node health check
[2026-03-19 14:50:01] [BEAT] [aria] load=0.00 mem=6890/8059MB temp=52.4C disk=82%
[2026-03-19 14:50:02] [FLEET] [aria] alice: UP temp=36C mem=3109MB disk=86%
[2026-03-19 14:50:04] [FLEET] [aria] octavia: DOWN (no ping response)
[2026-03-19 14:50:05] [FLEET] [aria] cecilia: UP temp=39C mem=1547MB disk=34%
[2026-03-19 14:50:06] [FLEET] [aria] gematria: UP temp=C mem=5547MB disk=70%
[2026-03-19 14:50:06] [FLEET] [aria] lucidia: PING OK but SSH failed
[2026-03-19 14:50:08] [FLEET] [aria] anastasia: DOWN (no ping response)
[2026-03-19 14:51:01] [BEAT] [aria] load=0.00 mem=6928/8059MB temp=51.8C disk=82%
[2026-03-19 14:52:01] [BEAT] [aria] load=0.06 mem=6925/8059MB temp=51.8C disk=82%
[2026-03-19 14:53:01] [BEAT] [aria] load=0.24 mem=6931/8059MB temp=51.2C disk=82%
[2026-03-19 14:54:01] [BEAT] [aria] load=0.76 mem=6926/8059MB temp=52.9C disk=82%
[2026-03-19 14:55:02] [BEAT] [aria] load=0.55 mem=6906/8059MB temp=51.2C disk=82%
[2026-03-19 14:56:01] [BEAT] [aria] load=0.20 mem=6926/8059MB temp=51.8C disk=82%
[2026-03-19 14:57:01] [BEAT] [aria] load=0.23 mem=6927/8059MB temp=50.7C disk=82%
[2026-03-19 14:58:01] [BEAT] [aria] load=0.08 mem=6926/8059MB temp=49.0C disk=82%
[2026-03-19 14:59:01] [BEAT] [aria] load=0.28 mem=6930/8059MB temp=49.6C disk=82%
[2026-03-19 15:00:01] [FLEET] [aria] Starting cross-node health check
[2026-03-19 15:00:01] [BEAT] [aria] load=0.10 mem=6896/8059MB temp=50.7C disk=82%
[2026-03-19 15:00:02] [FLEET] [aria] alice: UP temp=33C mem=3111MB disk=86%
[2026-03-19 15:00:04] [FLEET] [aria] octavia: DOWN (no ping response)
[2026-03-19 15:00:05] [FLEET] [aria] cecilia: UP temp=36C mem=1512MB disk=34%
[2026-03-19 15:00:06] [FLEET] [aria] gematria: UP temp=C mem=5543MB disk=70%
[2026-03-19 15:00:07] [FLEET] [aria] lucidia: PING OK but SSH failed
[2026-03-19 15:00:09] [FLEET] [aria] anastasia: DOWN (no ping response)
[2026-03-19 15:00:46] [DIAL] [aria] Switchboard unreachable
[2026-03-19 15:01:01] [BEAT] [aria] load=0.07 mem=6927/8059MB temp=49.6C disk=82%
[2026-03-19 15:02:01] [BEAT] [aria] load=0.15 mem=6925/8059MB temp=50.1C disk=82%
[2026-03-19 15:03:01] [BEAT] [aria] load=0.05 mem=6927/8059MB temp=50.1C disk=82%
[2026-03-19 15:04:01] [BEAT] [aria] load=0.07 mem=6927/8059MB temp=49.0C disk=82%
[2026-03-19 15:05:01] [BEAT] [aria] load=0.06 mem=6903/8059MB temp=50.1C disk=82%
[2026-03-19 15:06:01] [BEAT] [aria] load=0.06 mem=6930/8059MB temp=50.7C disk=82%
[2026-03-19 15:07:01] [BEAT] [aria] load=0.02 mem=6927/8059MB temp=51.2C disk=82%
[2026-03-19 15:08:01] [BEAT] [aria] load=0.07 mem=6929/8059MB temp=51.2C disk=82%
[2026-03-19 15:09:01] [BEAT] [aria] load=0.19 mem=6925/8059MB temp=51.2C disk=82%
[2026-03-19 15:10:01] [FLEET] [aria] Starting cross-node health check
[2026-03-19 15:10:01] [BEAT] [aria] load=0.07 mem=6896/8059MB temp=50.1C disk=82%
[2026-03-19 15:10:02] [FLEET] [aria] alice: UP temp=35C mem=3119MB disk=86%
[2026-03-19 15:10:04] [FLEET] [aria] octavia: DOWN (no ping response)
[2026-03-19 15:10:04] [FLEET] [aria] cecilia: UP temp=39C mem=1534MB disk=34%
[2026-03-19 15:10:05] [FLEET] [aria] gematria: UP temp=C mem=5540MB disk=70%
[2026-03-19 15:10:06] [FLEET] [aria] lucidia: PING OK but SSH failed
[2026-03-19 15:10:08] [FLEET] [aria] anastasia: DOWN (no ping response)
[2026-03-19 15:11:01] [BEAT] [aria] load=0.02 mem=6929/8059MB temp=50.7C disk=82%
[2026-03-19 15:12:01] [BEAT] [aria] load=0.04 mem=6930/8059MB temp=50.7C disk=82%
[2026-03-19 15:13:01] [BEAT] [aria] load=0.10 mem=6926/8059MB temp=50.7C disk=82%
[2026-03-19 15:14:01] [BEAT] [aria] load=0.32 mem=6927/8059MB temp=50.7C disk=82%
[2026-03-19 15:15:01] [BEAT] [aria] load=0.92 mem=6879/8059MB temp=51.8C disk=82%
[2026-03-19 15:15:46] [DIAL] [aria] Switchboard unreachable
[2026-03-19 15:16:01] [BEAT] [aria] load=0.66 mem=6930/8059MB temp=51.2C disk=82%
[2026-03-19 15:17:01] [BEAT] [aria] load=0.24 mem=6931/8059MB temp=51.8C disk=82%
[2026-03-19 15:18:01] [BEAT] [aria] load=0.15 mem=6928/8059MB temp=52.4C disk=82%
[2026-03-19 15:19:01] [BEAT] [aria] load=0.05 mem=6954/8059MB temp=51.2C disk=82%
[2026-03-19 15:20:01] [FLEET] [aria] Starting cross-node health check
[2026-03-19 15:20:01] [BEAT] [aria] load=0.14 mem=6907/8059MB temp=52.4C disk=82%
[2026-03-19 15:20:02] [FLEET] [aria] alice: UP temp=34C mem=3119MB disk=86%
[2026-03-19 15:20:04] [FLEET] [aria] octavia: DOWN (no ping response)
[2026-03-19 15:20:04] [FLEET] [aria] cecilia: UP temp=39C mem=1509MB disk=34%
[2026-03-19 15:20:07] [FLEET] [aria] gematria: UP temp=C mem=5553MB disk=70%
[2026-03-19 15:20:08] [FLEET] [aria] lucidia: PING OK but SSH failed
[2026-03-19 15:20:10] [FLEET] [aria] anastasia: DOWN (no ping response)
[2026-03-19 15:21:01] [BEAT] [aria] load=0.05 mem=6963/8059MB temp=51.2C disk=82%
[2026-03-19 15:22:01] [BEAT] [aria] load=0.02 mem=6961/8059MB temp=51.8C disk=82%
[2026-03-19 15:23:01] [BEAT] [aria] load=0.14 mem=6968/8059MB temp=51.8C disk=82%
[2026-03-19 15:24:01] [BEAT] [aria] load=0.11 mem=6965/8059MB temp=51.8C disk=82%
[2026-03-19 15:25:01] [BEAT] [aria] load=0.11 mem=6942/8059MB temp=52.4C disk=82%
[2026-03-19 15:26:01] [BEAT] [aria] load=0.04 mem=6965/8059MB temp=51.8C disk=82%
[2026-03-19 15:27:01] [BEAT] [aria] load=0.01 mem=6971/8059MB temp=51.8C disk=82%
[2026-03-19 15:28:01] [BEAT] [aria] load=0.00 mem=6966/8059MB temp=50.7C disk=82%
[2026-03-19 15:29:01] [BEAT] [aria] load=0.04 mem=6968/8059MB temp=51.8C disk=82%
[2026-03-19 15:30:01] [FLEET] [aria] Starting cross-node health check
[2026-03-19 15:30:01] [BEAT] [aria] load=0.06 mem=6926/8059MB temp=52.9C disk=82%
[2026-03-19 15:30:02] [FLEET] [aria] alice: UP temp=36C mem=3111MB disk=86%
[2026-03-19 15:30:04] [FLEET] [aria] octavia: DOWN (no ping response)
[2026-03-19 15:30:04] [FLEET] [aria] cecilia: UP temp=39C mem=1506MB disk=34%
[2026-03-19 15:30:06] [FLEET] [aria] gematria: UP temp=C mem=5536MB disk=70%
[2026-03-19 15:30:06] [FLEET] [aria] lucidia: PING OK but SSH failed
[2026-03-19 15:30:08] [FLEET] [aria] anastasia: DOWN (no ping response)
[2026-03-19 15:30:47] [DIAL] [aria] Switchboard unreachable
[2026-03-19 15:31:01] [BEAT] [aria] load=0.10 mem=6965/8059MB temp=51.8C disk=82%
[2026-03-19 15:32:01] [BEAT] [aria] load=0.20 mem=6964/8059MB temp=53.5C disk=82%
[2026-03-19 15:33:01] [BEAT] [aria] load=0.07 mem=6965/8059MB temp=50.7C disk=82%
[2026-03-19 15:34:01] [BEAT] [aria] load=0.37 mem=6967/8059MB temp=52.4C disk=82%
[2026-03-19 15:35:01] [BEAT] [aria] load=0.60 mem=6942/8059MB temp=52.9C disk=82%
[2026-03-19 15:36:01] [BEAT] [aria] load=1.04 mem=6962/8059MB temp=51.8C disk=82%
[2026-03-19 15:37:01] [BEAT] [aria] load=0.53 mem=6967/8059MB temp=51.2C disk=82%
[2026-03-19 15:38:01] [BEAT] [aria] load=0.54 mem=6971/8059MB temp=51.8C disk=82%
[2026-03-19 15:39:01] [BEAT] [aria] load=0.20 mem=6966/8059MB temp=52.9C disk=82%
[2026-03-19 15:40:01] [FLEET] [aria] Starting cross-node health check
[2026-03-19 15:40:01] [BEAT] [aria] load=0.10 mem=6940/8059MB temp=52.9C disk=82%
[2026-03-19 15:40:01] [FLEET] [aria] alice: UP temp=34C mem=3120MB disk=86%
[2026-03-19 15:40:04] [FLEET] [aria] octavia: DOWN (no ping response)
[2026-03-19 15:40:04] [FLEET] [aria] cecilia: UP temp=39C mem=1473MB disk=34%
[2026-03-19 15:40:05] [FLEET] [aria] gematria: UP temp=C mem=5575MB disk=70%
[2026-03-19 15:40:06] [FLEET] [aria] lucidia: PING OK but SSH failed
[2026-03-19 15:40:08] [FLEET] [aria] anastasia: DOWN (no ping response)
[2026-03-19 15:41:01] [BEAT] [aria] load=0.10 mem=6964/8059MB temp=53.5C disk=82%
[2026-03-19 15:42:01] [BEAT] [aria] load=0.04 mem=6959/8059MB temp=52.4C disk=82%
[2026-03-19 15:43:01] [BEAT] [aria] load=0.01 mem=6959/8059MB temp=51.8C disk=82%
[2026-03-19 15:44:01] [BEAT] [aria] load=0.00 mem=6958/8059MB temp=53.5C disk=82%
[2026-03-19 15:45:01] [BEAT] [aria] load=0.04 mem=6929/8059MB temp=53.5C disk=82%
[2026-03-19 15:45:46] [DIAL] [aria] Switchboard unreachable
[2026-03-19 15:46:01] [BEAT] [aria] load=0.05 mem=6959/8059MB temp=51.8C disk=82%
[2026-03-19 15:47:01] [BEAT] [aria] load=0.05 mem=6961/8059MB temp=52.4C disk=82%
[2026-03-19 15:48:01] [BEAT] [aria] load=0.02 mem=6964/8059MB temp=52.4C disk=82%
[2026-03-19 15:49:01] [BEAT] [aria] load=0.18 mem=6959/8059MB temp=52.4C disk=82%
[2026-03-19 15:50:01] [FLEET] [aria] Starting cross-node health check
[2026-03-19 15:50:01] [BEAT] [aria] load=0.13 mem=6933/8059MB temp=52.9C disk=82%
[2026-03-19 15:50:02] [FLEET] [aria] alice: UP temp=35C mem=3101MB disk=86%
[2026-03-19 15:50:04] [FLEET] [aria] octavia: DOWN (no ping response)
[2026-03-19 15:50:04] [FLEET] [aria] cecilia: UP temp=39C mem=1553MB disk=34%
[2026-03-19 15:50:05] [FLEET] [aria] gematria: UP temp=C mem=5555MB disk=70%
[2026-03-19 15:50:06] [FLEET] [aria] lucidia: PING OK but SSH failed
[2026-03-19 15:50:08] [FLEET] [aria] anastasia: DOWN (no ping response)
[2026-03-19 15:51:01] [BEAT] [aria] load=0.05 mem=6965/8059MB temp=52.4C disk=82%
[2026-03-19 15:52:01] [BEAT] [aria] load=0.06 mem=6964/8059MB temp=51.8C disk=82%
[2026-03-19 15:53:01] [BEAT] [aria] load=0.02 mem=6964/8059MB temp=52.4C disk=82%
[2026-03-19 15:54:01] [BEAT] [aria] load=0.01 mem=6957/8059MB temp=51.2C disk=82%
[2026-03-19 15:55:01] [BEAT] [aria] load=0.00 mem=6922/8059MB temp=51.2C disk=82%
[2026-03-19 15:56:01] [BEAT] [aria] load=0.52 mem=6952/8059MB temp=50.7C disk=82%
[2026-03-19 15:57:01] [BEAT] [aria] load=1.01 mem=6953/8059MB temp=51.2C disk=82%
[2026-03-19 15:58:01] [BEAT] [aria] load=0.49 mem=6953/8059MB temp=49.0C disk=82%
[2026-03-19 15:59:01] [BEAT] [aria] load=0.18 mem=6960/8059MB temp=49.6C disk=82%
[2026-03-19 16:00:01] [FLEET] [aria] Starting cross-node health check
[2026-03-19 16:00:01] [BEAT] [aria] load=0.20 mem=6924/8059MB temp=50.7C disk=82%
[2026-03-19 16:00:02] [FLEET] [aria] alice: UP temp=36C mem=3112MB disk=87%
[2026-03-19 16:00:04] [FLEET] [aria] octavia: DOWN (no ping response)
[2026-03-19 16:00:05] [FLEET] [aria] cecilia: UP temp=39C mem=1502MB disk=34%
[2026-03-19 16:00:06] [FLEET] [aria] gematria: UP temp=C mem=5552MB disk=70%
[2026-03-19 16:00:07] [FLEET] [aria] lucidia: PING OK but SSH failed
[2026-03-19 16:00:09] [FLEET] [aria] anastasia: DOWN (no ping response)
[2026-03-19 16:00:47] [DIAL] [aria] Switchboard unreachable
[2026-03-19 16:01:01] [BEAT] [aria] load=0.16 mem=6957/8059MB temp=50.7C disk=82%
[2026-03-19 16:02:01] [BEAT] [aria] load=0.06 mem=6959/8059MB temp=50.1C disk=82%
[2026-03-19 16:03:01] [BEAT] [aria] load=0.02 mem=6957/8059MB temp=50.7C disk=82%
[2026-03-19 16:04:01] [BEAT] [aria] load=0.00 mem=6955/8059MB temp=50.1C disk=82%
[2026-03-19 16:05:01] [BEAT] [aria] load=0.14 mem=6938/8059MB temp=51.2C disk=82%
[2026-03-19 16:06:01] [BEAT] [aria] load=0.15 mem=6960/8059MB temp=50.7C disk=82%
[2026-03-19 16:07:01] [BEAT] [aria] load=0.05 mem=6956/8059MB temp=52.4C disk=82%
[2026-03-19 16:08:01] [BEAT] [aria] load=0.11 mem=6957/8059MB temp=52.9C disk=82%
[2026-03-19 16:09:01] [BEAT] [aria] load=0.04 mem=6947/8059MB temp=50.7C disk=82%
[2026-03-19 16:10:01] [FLEET] [aria] Starting cross-node health check
[2026-03-19 16:10:01] [BEAT] [aria] load=0.10 mem=6920/8059MB temp=52.4C disk=82%
[2026-03-19 16:10:02] [FLEET] [aria] alice: UP temp=37C mem=3116MB disk=87%
[2026-03-19 16:10:04] [FLEET] [aria] octavia: DOWN (no ping response)
[2026-03-19 16:10:04] [FLEET] [aria] cecilia: UP temp=39C mem=1490MB disk=34%
[2026-03-19 16:10:05] [FLEET] [aria] gematria: UP temp=C mem=5551MB disk=70%
[2026-03-19 16:10:06] [FLEET] [aria] lucidia: PING OK but SSH failed
[2026-03-19 16:10:08] [FLEET] [aria] anastasia: DOWN (no ping response)
[2026-03-19 16:11:01] [BEAT] [aria] load=0.10 mem=6954/8059MB temp=51.2C disk=82%
[2026-03-19 16:12:01] [BEAT] [aria] load=0.20 mem=6951/8059MB temp=51.2C disk=82%
[2026-03-19 16:13:01] [BEAT] [aria] load=0.27 mem=6955/8059MB temp=51.8C disk=82%
[2026-03-19 16:14:01] [BEAT] [aria] load=0.10 mem=6951/8059MB temp=52.4C disk=82%
[2026-03-19 16:15:01] [BEAT] [aria] load=0.16 mem=6928/8059MB temp=51.8C disk=82%
[2026-03-19 16:15:46] [DIAL] [aria] Switchboard unreachable
[2026-03-19 16:16:01] [BEAT] [aria] load=0.06 mem=6954/8059MB temp=51.2C disk=82%
[2026-03-19 16:17:01] [BEAT] [aria] load=0.65 mem=6953/8059MB temp=51.2C disk=82%
[2026-03-19 16:18:01] [BEAT] [aria] load=0.76 mem=6951/8059MB temp=51.2C disk=82%
[2026-03-19 16:19:01] [BEAT] [aria] load=0.28 mem=6949/8059MB temp=52.9C disk=82%
[2026-03-19 16:20:01] [FLEET] [aria] Starting cross-node health check
[2026-03-19 16:20:01] [BEAT] [aria] load=0.14 mem=6924/8059MB temp=52.9C disk=82%
[2026-03-19 16:20:02] [FLEET] [aria] alice: UP temp=36C mem=3116MB disk=87%
[2026-03-19 16:20:04] [FLEET] [aria] octavia: DOWN (no ping response)
[2026-03-19 16:20:04] [FLEET] [aria] cecilia: UP temp=40C mem=1486MB disk=34%
[2026-03-19 16:20:05] [FLEET] [aria] gematria: UP temp=C mem=5543MB disk=70%
[2026-03-19 16:20:06] [FLEET] [aria] lucidia: PING OK but SSH failed
[2026-03-19 16:20:08] [FLEET] [aria] anastasia: DOWN (no ping response)
[2026-03-19 16:21:01] [BEAT] [aria] load=0.11 mem=6958/8059MB temp=52.9C disk=82%
[2026-03-19 16:22:01] [BEAT] [aria] load=0.11 mem=6950/8059MB temp=51.2C disk=82%
[2026-03-19 16:23:01] [BEAT] [aria] load=0.07 mem=6954/8059MB temp=51.8C disk=82%
[2026-03-19 16:24:01] [BEAT] [aria] load=0.02 mem=6938/8059MB temp=51.8C disk=82%
[2026-03-19 16:25:01] [BEAT] [aria] load=0.01 mem=6924/8059MB temp=52.4C disk=82%
[2026-03-19 16:26:01] [BEAT] [aria] load=0.12 mem=6953/8059MB temp=52.4C disk=82%
[2026-03-19 16:27:01] [BEAT] [aria] load=0.04 mem=6955/8059MB temp=52.9C disk=82%
[2026-03-19 16:28:01] [BEAT] [aria] load=0.05 mem=6956/8059MB temp=52.4C disk=82%
[2026-03-19 16:29:01] [BEAT] [aria] load=0.02 mem=6947/8059MB temp=51.8C disk=82%
[2026-03-19 16:30:01] [FLEET] [aria] Starting cross-node health check
[2026-03-19 16:30:01] [BEAT] [aria] load=0.00 mem=6915/8059MB temp=54.0C disk=82%
[2026-03-19 16:30:02] [FLEET] [aria] alice: UP temp=36C mem=3112MB disk=87%
[2026-03-19 16:30:04] [FLEET] [aria] octavia: DOWN (no ping response)
[2026-03-19 16:30:04] [FLEET] [aria] cecilia: UP temp=40C mem=1492MB disk=34%
[2026-03-19 16:30:05] [FLEET] [aria] gematria: UP temp=C mem=5535MB disk=70%
[2026-03-19 16:30:06] [FLEET] [aria] lucidia: PING OK but SSH failed
[2026-03-19 16:30:08] [FLEET] [aria] anastasia: DOWN (no ping response)
[2026-03-19 16:30:46] [DIAL] [aria] Switchboard unreachable
[2026-03-19 16:31:01] [BEAT] [aria] load=0.16 mem=6949/8059MB temp=51.8C disk=82%
[2026-03-19 16:32:02] [BEAT] [aria] load=0.06 mem=6953/8059MB temp=52.4C disk=82%
[2026-03-19 16:33:01] [BEAT] [aria] load=0.15 mem=6956/8059MB temp=53.5C disk=82%
[2026-03-19 16:34:01] [BEAT] [aria] load=0.15 mem=6941/8059MB temp=52.9C disk=82%
[2026-03-19 16:35:01] [BEAT] [aria] load=0.09 mem=6927/8059MB temp=52.9C disk=82%
[2026-03-19 16:36:01] [BEAT] [aria] load=0.03 mem=6951/8059MB temp=52.9C disk=82%
[2026-03-19 16:37:01] [BEAT] [aria] load=0.04 mem=6954/8059MB temp=52.9C disk=82%
[2026-03-19 16:38:01] [BEAT] [aria] load=0.77 mem=6945/8059MB temp=51.8C disk=82%
[2026-03-19 16:39:01] [BEAT] [aria] load=0.83 mem=6930/8059MB temp=53.5C disk=82%
[2026-03-19 16:40:01] [FLEET] [aria] Starting cross-node health check
[2026-03-19 16:40:01] [BEAT] [aria] load=0.35 mem=6910/8059MB temp=54.0C disk=82%
[2026-03-19 16:40:01] [FLEET] [aria] alice: UP temp=36C mem=3114MB disk=87%
[2026-03-19 16:40:03] [FLEET] [aria] octavia: DOWN (no ping response)
[2026-03-19 16:40:04] [FLEET] [aria] cecilia: UP temp=39C mem=1501MB disk=34%
[2026-03-19 16:40:05] [FLEET] [aria] gematria: UP temp=C mem=5557MB disk=70%
[2026-03-19 16:40:05] [FLEET] [aria] lucidia: PING OK but SSH failed
[2026-03-19 16:40:07] [FLEET] [aria] anastasia: DOWN (no ping response)
[2026-03-19 16:41:01] [BEAT] [aria] load=0.13 mem=6951/8059MB temp=52.9C disk=82%
[2026-03-19 16:42:01] [BEAT] [aria] load=0.09 mem=6955/8059MB temp=51.2C disk=82%
[2026-03-19 16:43:01] [BEAT] [aria] load=0.03 mem=6952/8059MB temp=52.4C disk=82%
[2026-03-19 16:44:01] [BEAT] [aria] load=0.04 mem=6942/8059MB temp=51.8C disk=82%
[2026-03-19 16:45:01] [BEAT] [aria] load=0.08 mem=6917/8059MB temp=54.0C disk=82%
[2026-03-19 16:45:47] [DIAL] [aria] Switchboard unreachable
[2026-03-19 16:46:01] [BEAT] [aria] load=0.08 mem=6950/8059MB temp=52.9C disk=82%
[2026-03-19 16:47:01] [BEAT] [aria] load=0.31 mem=6948/8059MB temp=54.0C disk=82%
[2026-03-19 16:48:01] [BEAT] [aria] load=0.16 mem=6951/8059MB temp=52.4C disk=82%
[2026-03-19 16:49:01] [BEAT] [aria] load=0.10 mem=6943/8059MB temp=54.0C disk=82%
[2026-03-19 16:50:01] [FLEET] [aria] Starting cross-node health check
[2026-03-19 16:50:01] [BEAT] [aria] load=0.04 mem=6920/8059MB temp=53.5C disk=82%
[2026-03-19 16:50:01] [FLEET] [aria] alice: UP temp=36C mem=3109MB disk=87%
[2026-03-19 16:50:03] [FLEET] [aria] octavia: DOWN (no ping response)
[2026-03-19 16:50:03] [FLEET] [aria] cecilia: UP temp=53C mem=1490MB disk=34%
[2026-03-19 16:50:05] [FLEET] [aria] gematria: UP temp=C mem=5550MB disk=70%
[2026-03-19 16:50:06] [FLEET] [aria] lucidia: PING OK but SSH failed
[2026-03-19 16:50:08] [FLEET] [aria] anastasia: DOWN (no ping response)
[2026-03-19 16:51:01] [BEAT] [aria] load=0.08 mem=6948/8059MB temp=52.9C disk=82%
[2026-03-19 16:52:01] [BEAT] [aria] load=0.03 mem=6952/8059MB temp=52.4C disk=82%
[2026-03-19 16:53:01] [BEAT] [aria] load=0.07 mem=6951/8059MB temp=51.8C disk=82%
[2026-03-19 16:54:01] [BEAT] [aria] load=0.15 mem=6945/8059MB temp=52.4C disk=82%
[2026-03-19 16:55:01] [BEAT] [aria] load=0.05 mem=6926/8059MB temp=51.2C disk=82%
[2026-03-19 16:56:01] [BEAT] [aria] load=0.02 mem=6951/8059MB temp=50.7C disk=82%
[2026-03-19 16:57:01] [BEAT] [aria] load=0.00 mem=6933/8059MB temp=50.1C disk=82%
[2026-03-19 16:58:01] [BEAT] [aria] load=0.19 mem=6936/8059MB temp=49.6C disk=82%
[2026-03-19 16:59:01] [BEAT] [aria] load=0.86 mem=6939/8059MB temp=50.7C disk=82%
[2026-03-19 17:00:01] [FLEET] [aria] Starting cross-node health check
[2026-03-19 17:00:01] [BEAT] [aria] load=0.69 mem=6907/8059MB temp=51.8C disk=82%
[2026-03-19 17:00:02] [FLEET] [aria] alice: UP temp=35C mem=3112MB disk=87%
[2026-03-19 17:00:04] [FLEET] [aria] octavia: DOWN (no ping response)
[2026-03-19 17:00:04] [FLEET] [aria] cecilia: UP temp=39C mem=1546MB disk=34%
[2026-03-19 17:00:06] [FLEET] [aria] gematria: UP temp=C mem=5562MB disk=70%
[2026-03-19 17:00:06] [FLEET] [aria] lucidia: PING OK but SSH failed
[2026-03-19 17:00:08] [FLEET] [aria] anastasia: DOWN (no ping response)
[2026-03-19 17:00:47] [DIAL] [aria] Switchboard unreachable
[2026-03-19 17:01:01] [BEAT] [aria] load=0.25 mem=6938/8059MB temp=50.1C disk=82%
[2026-03-19 17:02:01] [BEAT] [aria] load=0.09 mem=6942/8059MB temp=51.2C disk=82%
[2026-03-19 17:03:01] [BEAT] [aria] load=0.09 mem=6940/8059MB temp=50.7C disk=82%
[2026-03-19 17:04:01] [BEAT] [aria] load=0.03 mem=6944/8059MB temp=50.7C disk=82%
[2026-03-19 17:05:01] [BEAT] [aria] load=0.01 mem=6916/8059MB temp=52.4C disk=82%
[2026-03-19 17:06:01] [BEAT] [aria] load=0.00 mem=6942/8059MB temp=50.7C disk=82%
[2026-03-19 17:07:01] [BEAT] [aria] load=0.00 mem=6942/8059MB temp=50.7C disk=82%
[2026-03-19 17:08:01] [BEAT] [aria] load=0.00 mem=6939/8059MB temp=50.1C disk=82%
[2026-03-19 17:09:01] [BEAT] [aria] load=0.03 mem=6944/8059MB temp=50.1C disk=82%
[2026-03-19 17:10:01] [FLEET] [aria] Starting cross-node health check
[2026-03-19 17:10:01] [BEAT] [aria] load=0.23 mem=6910/8059MB temp=51.8C disk=82%
[2026-03-19 17:10:02] [FLEET] [aria] alice: UP temp=34C mem=3122MB disk=87%
[2026-03-19 17:10:04] [FLEET] [aria] octavia: DOWN (no ping response)
[2026-03-19 17:10:04] [FLEET] [aria] cecilia: UP temp=38C mem=1532MB disk=34%
[2026-03-19 17:10:05] [FLEET] [aria] gematria: UP temp=C mem=5552MB disk=70%
[2026-03-19 17:10:40] [FLEET] [aria] lucidia: PING OK but SSH failed
[2026-03-19 17:10:42] [FLEET] [aria] anastasia: DOWN (no ping response)
[2026-03-19 17:11:01] [BEAT] [aria] load=0.08 mem=6939/8059MB temp=52.4C disk=82%
[2026-03-19 17:12:01] [BEAT] [aria] load=0.26 mem=6940/8059MB temp=52.4C disk=82%
[2026-03-19 17:13:01] [BEAT] [aria] load=0.09 mem=6943/8059MB temp=51.8C disk=82%
[2026-03-19 17:14:01] [BEAT] [aria] load=0.08 mem=6942/8059MB temp=50.7C disk=82%
[2026-03-19 17:15:01] [BEAT] [aria] load=0.03 mem=6913/8059MB temp=52.4C disk=82%
[2026-03-19 17:15:46] [DIAL] [aria] Switchboard unreachable
[2026-03-19 17:16:01] [BEAT] [aria] load=0.04 mem=6943/8059MB temp=51.8C disk=82%
[2026-03-19 17:17:01] [BEAT] [aria] load=0.17 mem=6946/8059MB temp=51.2C disk=82%
[2026-03-19 17:18:01] [BEAT] [aria] load=0.06 mem=6943/8059MB temp=51.2C disk=82%
[2026-03-19 17:19:01] [BEAT] [aria] load=0.65 mem=6940/8059MB temp=52.4C disk=82%
[2026-03-19 17:20:01] [FLEET] [aria] Starting cross-node health check
[2026-03-19 17:20:01] [BEAT] [aria] load=1.04 mem=6914/8059MB temp=52.4C disk=82%
[2026-03-19 17:20:02] [FLEET] [aria] alice: UP temp=35C mem=3116MB disk=87%
[2026-03-19 17:20:04] [FLEET] [aria] octavia: DOWN (no ping response)
[2026-03-19 17:20:04] [FLEET] [aria] cecilia: UP temp=39C mem=1520MB disk=34%
[2026-03-19 17:20:05] [FLEET] [aria] gematria: UP temp=C mem=5546MB disk=70%
[2026-03-19 17:20:06] [FLEET] [aria] lucidia: PING OK but SSH failed
[2026-03-19 17:20:08] [FLEET] [aria] anastasia: DOWN (no ping response)
[2026-03-19 17:21:01] [BEAT] [aria] load=0.50 mem=6931/8059MB temp=52.4C disk=82%
[2026-03-19 17:22:01] [BEAT] [aria] load=0.23 mem=6944/8059MB temp=51.8C disk=82%
[2026-03-19 17:23:01] [BEAT] [aria] load=0.16 mem=6943/8059MB temp=51.8C disk=82%
[2026-03-19 17:24:01] [BEAT] [aria] load=0.14 mem=6945/8059MB temp=52.4C disk=82%
[2026-03-19 17:25:01] [BEAT] [aria] load=0.08 mem=6908/8059MB temp=54.0C disk=82%
[2026-03-19 17:26:01] [BEAT] [aria] load=0.03 mem=6940/8059MB temp=52.4C disk=82%
[2026-03-19 17:27:01] [BEAT] [aria] load=0.01 mem=6941/8059MB temp=52.4C disk=82%
[2026-03-19 17:28:01] [BEAT] [aria] load=0.12 mem=6936/8059MB temp=50.7C disk=82%
[2026-03-19 17:29:01] [BEAT] [aria] load=0.04 mem=6935/8059MB temp=52.4C disk=82%
[2026-03-19 17:30:01] [FLEET] [aria] Starting cross-node health check
[2026-03-19 17:30:01] [BEAT] [aria] load=0.06 mem=6898/8059MB temp=54.0C disk=82%
[2026-03-19 17:30:02] [FLEET] [aria] alice: UP temp=36C mem=3112MB disk=87%
[2026-03-19 17:30:04] [FLEET] [aria] octavia: DOWN (no ping response)
[2026-03-19 17:30:04] [FLEET] [aria] cecilia: UP temp=39C mem=1522MB disk=34%
[2026-03-19 17:30:06] [FLEET] [aria] gematria: UP temp=C mem=5546MB disk=70%
[2026-03-19 17:30:46] [DIAL] [aria] Switchboard unreachable
[2026-03-19 17:30:56] [FLEET] [aria] lucidia: PING OK but SSH failed
[2026-03-19 17:30:58] [FLEET] [aria] anastasia: DOWN (no ping response)
[2026-03-19 17:31:01] [BEAT] [aria] load=0.13 mem=6935/8059MB temp=52.4C disk=82%
[2026-03-19 17:32:02] [BEAT] [aria] load=0.05 mem=6935/8059MB temp=52.4C disk=82%
[2026-03-19 17:33:01] [BEAT] [aria] load=0.10 mem=6934/8059MB temp=51.2C disk=82%
[2026-03-19 17:34:01] [BEAT] [aria] load=0.03 mem=6938/8059MB temp=53.5C disk=82%
[2026-03-19 17:35:01] [BEAT] [aria] load=0.18 mem=6906/8059MB temp=53.5C disk=82%
[2026-03-19 17:36:01] [BEAT] [aria] load=0.06 mem=6935/8059MB temp=52.4C disk=82%
[2026-03-19 17:37:01] [BEAT] [aria] load=0.02 mem=6935/8059MB temp=52.4C disk=82%
[2026-03-19 17:38:01] [BEAT] [aria] load=0.17 mem=6936/8059MB temp=52.4C disk=82%
[2026-03-19 17:39:01] [BEAT] [aria] load=0.10 mem=6935/8059MB temp=52.4C disk=82%
[2026-03-19 17:40:01] [FLEET] [aria] Starting cross-node health check
[2026-03-19 17:40:01] [BEAT] [aria] load=0.38 mem=6914/8059MB temp=54.0C disk=82%
[2026-03-19 17:40:02] [FLEET] [aria] alice: UP temp=37C mem=3119MB disk=87%
[2026-03-19 17:40:04] [FLEET] [aria] octavia: DOWN (no ping response)
[2026-03-19 17:40:05] [FLEET] [aria] cecilia: UP temp=39C mem=1533MB disk=34%
[2026-03-19 17:40:06] [FLEET] [aria] gematria: UP temp=C mem=5608MB disk=70%
[2026-03-19 17:40:06] [FLEET] [aria] lucidia: PING OK but SSH failed
[2026-03-19 17:40:08] [FLEET] [aria] anastasia: DOWN (no ping response)
[2026-03-19 17:41:01] [BEAT] [aria] load=0.87 mem=6937/8059MB temp=52.9C disk=82%
[2026-03-19 17:42:02] [BEAT] [aria] load=0.47 mem=6928/8059MB temp=52.4C disk=82%
[2026-03-19 17:43:01] [BEAT] [aria] load=0.19 mem=6935/8059MB temp=52.4C disk=82%
[2026-03-19 17:44:01] [BEAT] [aria] load=0.13 mem=6934/8059MB temp=52.9C disk=82%
[2026-03-19 17:45:01] [BEAT] [aria] load=0.10 mem=6901/8059MB temp=52.9C disk=82%
[2026-03-19 17:45:46] [DIAL] [aria] Switchboard unreachable
[2026-03-19 17:46:01] [BEAT] [aria] load=0.18 mem=6934/8059MB temp=52.9C disk=82%
[2026-03-19 17:47:01] [BEAT] [aria] load=0.07 mem=6934/8059MB temp=52.4C disk=82%
[2026-03-19 17:48:01] [BEAT] [aria] load=0.02 mem=6935/8059MB temp=52.9C disk=82%
[2026-03-19 17:49:01] [BEAT] [aria] load=0.01 mem=6934/8059MB temp=52.9C disk=82%
[2026-03-19 17:50:01] [FLEET] [aria] Starting cross-node health check
[2026-03-19 17:50:01] [BEAT] [aria] load=0.03 mem=6906/8059MB temp=52.9C disk=82%
[2026-03-19 17:50:01] [FLEET] [aria] alice: UP temp=34C mem=3126MB disk=87%
[2026-03-19 17:50:03] [FLEET] [aria] octavia: DOWN (no ping response)
[2026-03-19 17:50:04] [FLEET] [aria] cecilia: UP temp=39C mem=1532MB disk=34%
[2026-03-19 17:50:05] [FLEET] [aria] gematria: UP temp=C mem=5557MB disk=70%
[2026-03-19 17:50:05] [FLEET] [aria] lucidia: PING OK but SSH failed
[2026-03-19 17:50:07] [FLEET] [aria] anastasia: DOWN (no ping response)
[2026-03-19 17:51:01] [BEAT] [aria] load=0.07 mem=6936/8059MB temp=51.2C disk=82%
[2026-03-19 17:52:01] [BEAT] [aria] load=0.09 mem=6933/8059MB temp=51.8C disk=82%
[2026-03-19 17:53:01] [BEAT] [aria] load=0.13 mem=6931/8059MB temp=52.4C disk=82%
[2026-03-19 17:54:01] [BEAT] [aria] load=0.05 mem=6938/8059MB temp=51.8C disk=82%
[2026-03-19 17:55:02] [BEAT] [aria] load=0.22 mem=6909/8059MB temp=52.9C disk=82%
[2026-03-19 17:56:01] [BEAT] [aria] load=0.08 mem=6935/8059MB temp=50.7C disk=82%
[2026-03-19 17:57:01] [BEAT] [aria] load=0.06 mem=6931/8059MB temp=50.7C disk=82%
[2026-03-19 17:58:01] [BEAT] [aria] load=0.02 mem=6933/8059MB temp=50.1C disk=82%
[2026-03-19 17:59:01] [BEAT] [aria] load=0.01 mem=6934/8059MB temp=50.1C disk=82%
[2026-03-19 18:00:01] [FLEET] [aria] Starting cross-node health check
[2026-03-19 18:00:01] [BEAT] [aria] load=0.06 mem=6894/8059MB temp=49.0C disk=82%
[2026-03-19 18:00:01] [FLEET] [aria] alice: UP temp=36C mem=3106MB disk=87%
[2026-03-19 18:00:03] [FLEET] [aria] octavia: DOWN (no ping response)
[2026-03-19 18:00:04] [FLEET] [aria] cecilia: UP temp=39C mem=1551MB disk=34%
[2026-03-19 18:00:05] [FLEET] [aria] gematria: UP temp=C mem=5542MB disk=70%
[2026-03-19 18:00:06] [FLEET] [aria] lucidia: PING OK but SSH failed
[2026-03-19 18:00:08] [FLEET] [aria] anastasia: DOWN (no ping response)
[2026-03-19 18:00:46] [DIAL] [aria] Switchboard unreachable
[2026-03-19 18:01:01] [BEAT] [aria] load=0.48 mem=6912/8059MB temp=50.7C disk=82%
[2026-03-19 18:02:01] [BEAT] [aria] load=1.18 mem=6906/8059MB temp=50.1C disk=82%
[2026-03-19 18:03:01] [BEAT] [aria] load=0.50 mem=6897/8059MB temp=49.6C disk=82%
[2026-03-19 18:04:01] [BEAT] [aria] load=0.18 mem=6903/8059MB temp=50.7C disk=82%
[2026-03-19 18:05:01] [BEAT] [aria] load=0.24 mem=6877/8059MB temp=51.2C disk=82%
[2026-03-19 18:06:01] [BEAT] [aria] load=0.12 mem=6897/8059MB temp=50.7C disk=82%
[2026-03-19 18:07:01] [BEAT] [aria] load=0.11 mem=6898/8059MB temp=52.4C disk=82%
[2026-03-19 18:08:01] [BEAT] [aria] load=0.04 mem=6896/8059MB temp=50.7C disk=82%
[2026-03-19 18:09:01] [BEAT] [aria] load=0.20 mem=6875/8059MB temp=53.5C disk=82%
[2026-03-19 18:10:01] [FLEET] [aria] Starting cross-node health check
[2026-03-19 18:10:01] [BEAT] [aria] load=0.07 mem=6837/8059MB temp=52.4C disk=82%
[2026-03-19 18:10:01] [FLEET] [aria] alice: UP temp=34C mem=3120MB disk=87%
[2026-03-19 18:10:03] [FLEET] [aria] octavia: DOWN (no ping response)
[2026-03-19 18:10:03] [FLEET] [aria] cecilia: UP temp=45C mem=1546MB disk=34%
[2026-03-19 18:10:05] [FLEET] [aria] gematria: UP temp=C mem=5538MB disk=70%
[2026-03-19 18:10:05] [FLEET] [aria] lucidia: PING OK but SSH failed
[2026-03-19 18:10:07] [FLEET] [aria] anastasia: DOWN (no ping response)
[2026-03-19 18:11:01] [BEAT] [aria] load=0.07 mem=6877/8059MB temp=52.4C disk=82%
[2026-03-19 18:12:01] [BEAT] [aria] load=0.21 mem=6877/8059MB temp=51.8C disk=82%
[2026-03-19 18:13:01] [BEAT] [aria] load=0.26 mem=6875/8059MB temp=52.4C disk=82%
[2026-03-19 18:14:01] [BEAT] [aria] load=0.09 mem=6874/8059MB temp=52.9C disk=82%
[2026-03-19 18:15:01] [BEAT] [aria] load=0.08 mem=6840/8059MB temp=52.4C disk=82%
[2026-03-19 18:15:46] [DIAL] [aria] Switchboard unreachable
[2026-03-19 18:16:01] [BEAT] [aria] load=0.16 mem=6873/8059MB temp=52.4C disk=82%
[2026-03-19 18:17:01] [BEAT] [aria] load=0.06 mem=6872/8059MB temp=52.4C disk=82%
[2026-03-19 18:18:01] [BEAT] [aria] load=0.14 mem=6873/8059MB temp=52.4C disk=82%
[2026-03-19 18:19:01] [BEAT] [aria] load=0.05 mem=6877/8059MB temp=52.9C disk=82%
[2026-03-19 18:20:01] [FLEET] [aria] Starting cross-node health check
[2026-03-19 18:20:02] [BEAT] [aria] load=0.08 mem=6849/8059MB temp=52.9C disk=82%
[2026-03-19 18:20:02] [FLEET] [aria] alice: UP temp=36C mem=3114MB disk=87%
[2026-03-19 18:20:04] [FLEET] [aria] octavia: DOWN (no ping response)
[2026-03-19 18:20:04] [FLEET] [aria] cecilia: UP temp=57C mem=1511MB disk=34%
[2026-03-19 18:20:06] [FLEET] [aria] gematria: UP temp=C mem=5538MB disk=70%
[2026-03-19 18:20:06] [FLEET] [aria] lucidia: PING OK but SSH failed
[2026-03-19 18:20:08] [FLEET] [aria] anastasia: DOWN (no ping response)
[2026-03-19 18:21:01] [BEAT] [aria] load=0.03 mem=6869/8059MB temp=51.8C disk=82%
[2026-03-19 18:22:01] [BEAT] [aria] load=0.53 mem=6873/8059MB temp=52.4C disk=82%
[2026-03-19 18:23:01] [BEAT] [aria] load=1.06 mem=6867/8059MB temp=51.8C disk=82%
[2026-03-19 18:24:01] [BEAT] [aria] load=0.39 mem=6876/8059MB temp=52.9C disk=82%
[2026-03-19 18:25:01] [BEAT] [aria] load=0.20 mem=6843/8059MB temp=52.9C disk=82%
[2026-03-19 18:26:01] [BEAT] [aria] load=0.25 mem=6871/8059MB temp=52.9C disk=82%
[2026-03-19 18:27:01] [BEAT] [aria] load=0.19 mem=6871/8059MB temp=52.4C disk=82%
[2026-03-19 18:28:01] [BEAT] [aria] load=0.07 mem=6870/8059MB temp=52.9C disk=82%
[2026-03-19 18:29:01] [BEAT] [aria] load=0.06 mem=6867/8059MB temp=51.2C disk=82%
[2026-03-19 18:30:01] [FLEET] [aria] Starting cross-node health check
[2026-03-19 18:30:01] [BEAT] [aria] load=0.18 mem=6832/8059MB temp=54.0C disk=82%
[2026-03-19 18:30:01] [FLEET] [aria] alice: UP temp=36C mem=3106MB disk=87%
[2026-03-19 18:30:03] [FLEET] [aria] octavia: DOWN (no ping response)
[2026-03-19 18:30:04] [FLEET] [aria] cecilia: UP temp=44C mem=1501MB disk=34%
[2026-03-19 18:30:05] [FLEET] [aria] gematria: UP temp=C mem=5529MB disk=70%
[2026-03-19 18:30:05] [FLEET] [aria] lucidia: PING OK but SSH failed
[2026-03-19 18:30:07] [FLEET] [aria] anastasia: DOWN (no ping response)
[2026-03-19 18:30:46] [DIAL] [aria] Switchboard unreachable
[2026-03-19 18:31:01] [BEAT] [aria] load=0.15 mem=6864/8059MB temp=52.4C disk=82%
[2026-03-19 18:32:01] [BEAT] [aria] load=0.12 mem=6865/8059MB temp=52.9C disk=82%
[2026-03-19 18:33:01] [BEAT] [aria] load=0.04 mem=6866/8059MB temp=52.4C disk=82%
[2026-03-19 18:34:01] [BEAT] [aria] load=0.01 mem=6864/8059MB temp=52.9C disk=82%
[2026-03-19 18:35:01] [BEAT] [aria] load=0.06 mem=6832/8059MB temp=53.5C disk=82%
[2026-03-19 18:36:01] [BEAT] [aria] load=0.10 mem=6859/8059MB temp=52.9C disk=82%
[2026-03-19 18:37:01] [BEAT] [aria] load=0.04 mem=6849/8059MB temp=52.9C disk=82%
[2026-03-19 18:38:01] [BEAT] [aria] load=0.04 mem=6852/8059MB temp=54.5C disk=82%
[2026-03-19 18:39:01] [BEAT] [aria] load=0.01 mem=6850/8059MB temp=51.8C disk=82%
[2026-03-19 18:40:01] [FLEET] [aria] Starting cross-node health check
[2026-03-19 18:40:01] [BEAT] [aria] load=0.11 mem=6821/8059MB temp=54.0C disk=82%
[2026-03-19 18:40:02] [FLEET] [aria] alice: UP temp=36C mem=3120MB disk=87%
[2026-03-19 18:40:04] [FLEET] [aria] octavia: DOWN (no ping response)
[2026-03-19 18:40:04] [FLEET] [aria] cecilia: UP temp=41C mem=1480MB disk=34%
[2026-03-19 18:40:06] [FLEET] [aria] gematria: UP temp=C mem=5524MB disk=70%
[2026-03-19 18:40:06] [FLEET] [aria] lucidia: PING OK but SSH failed
[2026-03-19 18:40:08] [FLEET] [aria] anastasia: DOWN (no ping response)
[2026-03-19 18:41:01] [BEAT] [aria] load=0.23 mem=6857/8059MB temp=53.5C disk=82%
[2026-03-19 18:42:01] [BEAT] [aria] load=0.13 mem=6851/8059MB temp=53.5C disk=82%
[2026-03-19 18:43:01] [BEAT] [aria] load=0.71 mem=6851/8059MB temp=52.9C disk=82%
[2026-03-19 18:44:01] [BEAT] [aria] load=0.83 mem=6854/8059MB temp=52.9C disk=82%
[2026-03-19 18:45:01] [BEAT] [aria] load=0.30 mem=6801/8059MB temp=54.5C disk=82%
[2026-03-19 18:45:46] [DIAL] [aria] Switchboard unreachable
[2026-03-19 18:46:01] [BEAT] [aria] load=0.30 mem=6854/8059MB temp=52.9C disk=82%
[2026-03-19 18:47:01] [BEAT] [aria] load=0.20 mem=6849/8059MB temp=53.5C disk=82%
[2026-03-19 18:48:01] [BEAT] [aria] load=0.20 mem=6851/8059MB temp=52.9C disk=82%
[2026-03-19 18:49:01] [BEAT] [aria] load=0.11 mem=6846/8059MB temp=51.2C disk=82%
[2026-03-19 18:50:01] [FLEET] [aria] Starting cross-node health check
[2026-03-19 18:50:01] [BEAT] [aria] load=0.04 mem=6818/8059MB temp=54.0C disk=82%
[2026-03-19 18:50:02] [FLEET] [aria] alice: UP temp=37C mem=3116MB disk=87%
[2026-03-19 18:50:04] [FLEET] [aria] octavia: DOWN (no ping response)
[2026-03-19 18:50:05] [FLEET] [aria] cecilia: UP temp=53C mem=1489MB disk=34%
[2026-03-19 18:50:06] [FLEET] [aria] gematria: UP temp=C mem=5552MB disk=70%
[2026-03-19 18:50:07] [FLEET] [aria] lucidia: PING OK but SSH failed
[2026-03-19 18:50:09] [FLEET] [aria] anastasia: DOWN (no ping response)
[2026-03-19 18:51:01] [BEAT] [aria] load=0.01 mem=6851/8059MB temp=54.5C disk=82%
[2026-03-19 18:52:01] [BEAT] [aria] load=0.04 mem=6848/8059MB temp=52.9C disk=82%
[2026-03-19 18:53:01] [BEAT] [aria] load=0.01 mem=6848/8059MB temp=52.4C disk=82%
[2026-03-19 18:54:01] [BEAT] [aria] load=0.08 mem=6913/8059MB temp=51.2C disk=82%
[2026-03-19 18:55:01] [BEAT] [aria] load=0.11 mem=6885/8059MB temp=53.5C disk=82%
[2026-03-19 18:56:01] [BEAT] [aria] load=0.04 mem=6910/8059MB temp=51.8C disk=82%
[2026-03-19 18:57:01] [BEAT] [aria] load=0.21 mem=6907/8059MB temp=51.2C disk=82%
[2026-03-19 18:58:01] [BEAT] [aria] load=0.07 mem=6911/8059MB temp=50.1C disk=82%
[2026-03-19 18:59:01] [BEAT] [aria] load=0.10 mem=6913/8059MB temp=50.1C disk=82%
[2026-03-19 19:00:01] [FLEET] [aria] Starting cross-node health check
[2026-03-19 19:00:01] [BEAT] [aria] load=0.04 mem=6857/8059MB temp=51.8C disk=82%
[2026-03-19 19:00:02] [FLEET] [aria] alice: UP temp=35C mem=3105MB disk=87%
[2026-03-19 19:00:04] [FLEET] [aria] octavia: DOWN (no ping response)
[2026-03-19 19:00:04] [FLEET] [aria] cecilia: UP temp=43C mem=1472MB disk=34%
[2026-03-19 19:00:06] [FLEET] [aria] gematria: UP temp=C mem=5561MB disk=70%
[2026-03-19 19:00:06] [FLEET] [aria] lucidia: PING OK but SSH failed
[2026-03-19 19:00:08] [FLEET] [aria] anastasia: DOWN (no ping response)
[2026-03-19 19:00:46] [DIAL] [aria] Switchboard unreachable
[2026-03-19 19:01:01] [BEAT] [aria] load=0.01 mem=6911/8059MB temp=50.1C disk=82%
[2026-03-19 19:02:01] [BEAT] [aria] load=0.08 mem=6913/8059MB temp=50.1C disk=82%
[2026-03-19 19:03:01] [BEAT] [aria] load=0.57 mem=6908/8059MB temp=50.7C disk=82%
[2026-03-19 19:04:01] [BEAT] [aria] load=1.02 mem=6911/8059MB temp=50.7C disk=82%
[2026-03-19 19:05:01] [BEAT] [aria] load=1.08 mem=6882/8059MB temp=50.7C disk=82%
[2026-03-19 19:06:01] [BEAT] [aria] load=0.40 mem=6908/8059MB temp=50.1C disk=82%
[2026-03-19 19:07:01] [BEAT] [aria] load=0.14 mem=6910/8059MB temp=50.7C disk=82%
[2026-03-19 19:08:01] [BEAT] [aria] load=0.17 mem=6910/8059MB temp=51.8C disk=82%
[2026-03-19 19:09:01] [BEAT] [aria] load=0.06 mem=6908/8059MB temp=51.8C disk=82%
[2026-03-19 19:10:01] [FLEET] [aria] Starting cross-node health check
[2026-03-19 19:10:01] [BEAT] [aria] load=0.08 mem=6872/8059MB temp=52.9C disk=82%
[2026-03-19 19:10:02] [FLEET] [aria] alice: UP temp=36C mem=3115MB disk=87%
[2026-03-19 19:10:04] [FLEET] [aria] octavia: DOWN (no ping response)
[2026-03-19 19:10:04] [FLEET] [aria] cecilia: UP temp=39C mem=1476MB disk=34%
[2026-03-19 19:10:06] [FLEET] [aria] gematria: UP temp=C mem=5542MB disk=70%
[2026-03-19 19:10:06] [FLEET] [aria] lucidia: PING OK but SSH failed
[2026-03-19 19:10:08] [FLEET] [aria] anastasia: DOWN (no ping response)
[2026-03-19 19:11:01] [BEAT] [aria] load=0.07 mem=6909/8059MB temp=52.4C disk=82%
[2026-03-19 19:12:01] [BEAT] [aria] load=0.17 mem=6920/8059MB temp=50.7C disk=82%
[2026-03-19 19:13:01] [BEAT] [aria] load=0.12 mem=6913/8059MB temp=51.2C disk=82%
[2026-03-19 19:14:01] [BEAT] [aria] load=0.04 mem=6931/8059MB temp=51.2C disk=82%
[2026-03-19 19:15:01] [BEAT] [aria] load=0.18 mem=6893/8059MB temp=54.5C disk=82%
[2026-03-19 19:15:46] [DIAL] [aria] Switchboard unreachable
[2026-03-19 19:16:01] [BEAT] [aria] load=0.07 mem=6935/8059MB temp=51.8C disk=82%
[2026-03-19 19:17:01] [BEAT] [aria] load=0.02 mem=6936/8059MB temp=51.8C disk=82%
[2026-03-19 19:18:01] [BEAT] [aria] load=0.09 mem=6938/8059MB temp=51.2C disk=82%
[2026-03-19 19:19:01] [BEAT] [aria] load=0.03 mem=6937/8059MB temp=53.5C disk=82%
[2026-03-19 19:20:01] [FLEET] [aria] Starting cross-node health check
[2026-03-19 19:20:01] [BEAT] [aria] load=0.26 mem=6904/8059MB temp=53.5C disk=82%
[2026-03-19 19:20:02] [FLEET] [aria] alice: UP temp=35C mem=3101MB disk=87%
[2026-03-19 19:20:04] [FLEET] [aria] octavia: DOWN (no ping response)
[2026-03-19 19:20:05] [FLEET] [aria] cecilia: UP temp=38C mem=1488MB disk=34%
[2026-03-19 19:20:07] [FLEET] [aria] gematria: UP temp=C mem=2702MB disk=70%
[2026-03-19 19:20:07] [FLEET] [aria] lucidia: PING OK but SSH failed
[2026-03-19 19:20:09] [FLEET] [aria] anastasia: DOWN (no ping response)
[2026-03-19 19:21:01] [BEAT] [aria] load=0.09 mem=6932/8059MB temp=52.4C disk=82%
[2026-03-19 19:22:02] [BEAT] [aria] load=0.03 mem=6934/8059MB temp=52.4C disk=82%
[2026-03-19 19:23:02] [BEAT] [aria] load=0.01 mem=6936/8059MB temp=51.8C disk=82%
[2026-03-19 19:24:01] [BEAT] [aria] load=0.13 mem=6932/8059MB temp=51.2C disk=82%
[2026-03-19 19:25:01] [BEAT] [aria] load=0.88 mem=6890/8059MB temp=52.4C disk=82%
[2026-03-19 19:26:01] [BEAT] [aria] load=1.14 mem=6932/8059MB temp=52.4C disk=82%
[2026-03-19 19:27:01] [BEAT] [aria] load=0.42 mem=6933/8059MB temp=51.8C disk=82%
[2026-03-19 19:28:01] [BEAT] [aria] load=0.15 mem=6932/8059MB temp=51.8C disk=82%
[2026-03-19 19:29:01] [BEAT] [aria] load=0.17 mem=6935/8059MB temp=51.8C disk=82%
[2026-03-19 19:30:01] [FLEET] [aria] Starting cross-node health check
[2026-03-19 19:30:01] [BEAT] [aria] load=0.14 mem=6892/8059MB temp=53.5C disk=82%
[2026-03-19 19:30:02] [FLEET] [aria] alice: UP temp=36C mem=3109MB disk=87%
[2026-03-19 19:30:04] [FLEET] [aria] octavia: DOWN (no ping response)
[2026-03-19 19:30:04] [FLEET] [aria] cecilia: UP temp=39C mem=1467MB disk=34%
[2026-03-19 19:30:05] [FLEET] [aria] gematria: UP temp=C mem=5519MB disk=70%
[2026-03-19 19:30:09] [FLEET] [aria] lucidia: PING OK but SSH failed
[2026-03-19 19:30:11] [FLEET] [aria] anastasia: DOWN (no ping response)
[2026-03-19 19:30:46] [DIAL] [aria] Switchboard unreachable
[2026-03-19 19:31:01] [BEAT] [aria] load=0.17 mem=6931/8059MB temp=51.8C disk=82%
[2026-03-19 19:32:01] [BEAT] [aria] load=0.06 mem=6931/8059MB temp=52.4C disk=82%
[2026-03-19 19:33:01] [BEAT] [aria] load=0.08 mem=6932/8059MB temp=52.9C disk=82%
[2026-03-19 19:34:01] [BEAT] [aria] load=0.11 mem=6930/8059MB temp=52.9C disk=82%
[2026-03-19 19:35:01] [BEAT] [aria] load=0.04 mem=6909/8059MB temp=54.0C disk=82%
[2026-03-19 19:36:01] [BEAT] [aria] load=0.08 mem=6930/8059MB temp=52.4C disk=82%
[2026-03-19 19:37:01] [BEAT] [aria] load=0.03 mem=6935/8059MB temp=53.5C disk=82%
[2026-03-19 19:38:01] [BEAT] [aria] load=0.01 mem=6933/8059MB temp=52.4C disk=82%
[2026-03-19 19:39:01] [BEAT] [aria] load=0.04 mem=6934/8059MB temp=52.9C disk=82%
[2026-03-19 19:40:01] [FLEET] [aria] Starting cross-node health check
[2026-03-19 19:40:01] [BEAT] [aria] load=0.13 mem=6901/8059MB temp=52.4C disk=82%
[2026-03-19 19:40:01] [FLEET] [aria] alice: UP temp=35C mem=3118MB disk=87%
[2026-03-19 19:40:03] [FLEET] [aria] octavia: DOWN (no ping response)
[2026-03-19 19:40:03] [FLEET] [aria] cecilia: UP temp=39C mem=1460MB disk=34%
[2026-03-19 19:40:05] [FLEET] [aria] gematria: UP temp=C mem=5506MB disk=70%
[2026-03-19 19:40:05] [FLEET] [aria] lucidia: PING OK but SSH failed
[2026-03-19 19:40:07] [FLEET] [aria] anastasia: DOWN (no ping response)
[2026-03-19 19:41:01] [BEAT] [aria] load=0.05 mem=6927/8059MB temp=52.4C disk=82%
[2026-03-19 19:42:01] [BEAT] [aria] load=0.08 mem=6932/8059MB temp=52.9C disk=82%
[2026-03-19 19:43:01] [BEAT] [aria] load=0.19 mem=6937/8059MB temp=51.2C disk=82%
[2026-03-19 19:44:01] [BEAT] [aria] load=0.07 mem=6933/8059MB temp=54.0C disk=82%
[2026-03-19 19:45:01] [BEAT] [aria] load=0.31 mem=6907/8059MB temp=54.0C disk=82%
[2026-03-19 19:45:46] [DIAL] [aria] Switchboard unreachable
[2026-03-19 19:46:01] [BEAT] [aria] load=1.03 mem=6929/8059MB temp=52.4C disk=82%
[2026-03-19 19:47:01] [BEAT] [aria] load=0.58 mem=6931/8059MB temp=52.9C disk=82%
[2026-03-19 19:48:02] [BEAT] [aria] load=0.21 mem=6936/8059MB temp=52.4C disk=82%
[2026-03-19 19:49:01] [BEAT] [aria] load=0.16 mem=6935/8059MB temp=52.4C disk=82%
[2026-03-19 19:50:01] [FLEET] [aria] Starting cross-node health check
[2026-03-19 19:50:01] [BEAT] [aria] load=0.12 mem=6902/8059MB temp=54.0C disk=82%
[2026-03-19 19:50:01] [FLEET] [aria] alice: UP temp=35C mem=3120MB disk=87%
[2026-03-19 19:50:03] [FLEET] [aria] octavia: DOWN (no ping response)
[2026-03-19 19:50:03] [FLEET] [aria] cecilia: UP temp=38C mem=1496MB disk=34%
[2026-03-19 19:50:05] [FLEET] [aria] gematria: UP temp=C mem=5499MB disk=70%
[2026-03-19 19:50:05] [FLEET] [aria] lucidia: PING OK but SSH failed
[2026-03-19 19:50:07] [FLEET] [aria] anastasia: DOWN (no ping response)
[2026-03-19 19:51:01] [BEAT] [aria] load=0.07 mem=6925/8059MB temp=52.9C disk=82%
[2026-03-19 19:52:01] [BEAT] [aria] load=0.07 mem=6924/8059MB temp=52.4C disk=82%
[2026-03-19 19:53:01] [BEAT] [aria] load=0.02 mem=6925/8059MB temp=52.4C disk=82%
[2026-03-19 19:54:01] [BEAT] [aria] load=0.12 mem=6924/8059MB temp=51.8C disk=82%
[2026-03-19 19:55:01] [BEAT] [aria] load=0.04 mem=6883/8059MB temp=50.1C disk=82%
[2026-03-19 19:56:01] [BEAT] [aria] load=0.10 mem=6926/8059MB temp=50.7C disk=82%
[2026-03-19 19:57:01] [BEAT] [aria] load=0.03 mem=6930/8059MB temp=49.0C disk=82%
[2026-03-19 19:58:01] [BEAT] [aria] load=0.01 mem=6928/8059MB temp=50.1C disk=82%
[2026-03-19 19:59:01] [BEAT] [aria] load=0.16 mem=6927/8059MB temp=48.5C disk=82%
[2026-03-19 20:00:02] [FLEET] [aria] Starting cross-node health check
[2026-03-19 20:00:02] [BEAT] [aria] load=0.06 mem=6886/8059MB temp=51.2C disk=82%
[2026-03-19 20:00:02] [FLEET] [aria] alice: UP temp=35C mem=3110MB disk=87%
[2026-03-19 20:00:04] [FLEET] [aria] octavia: DOWN (no ping response)
[2026-03-19 20:00:04] [FLEET] [aria] cecilia: UP temp=38C mem=1452MB disk=34%
[2026-03-19 20:00:06] [FLEET] [aria] gematria: UP temp=C mem=5484MB disk=70%
[2026-03-19 20:00:07] [FLEET] [aria] lucidia: PING OK but SSH failed
[2026-03-19 20:00:09] [FLEET] [aria] anastasia: DOWN (no ping response)
[2026-03-19 20:00:47] [DIAL] [aria] Switchboard unreachable
[2026-03-19 20:01:01] [BEAT] [aria] load=0.15 mem=6924/8059MB temp=50.1C disk=82%
[2026-03-19 20:02:01] [BEAT] [aria] load=0.05 mem=6928/8059MB temp=50.1C disk=82%
[2026-03-19 20:03:01] [BEAT] [aria] load=0.06 mem=6909/8059MB temp=51.2C disk=82%
[2026-03-19 20:04:01] [BEAT] [aria] load=0.13 mem=6913/8059MB temp=50.7C disk=82%
[2026-03-19 20:05:01] [BEAT] [aria] load=0.14 mem=6882/8059MB temp=51.2C disk=82%
[2026-03-19 20:06:01] [BEAT] [aria] load=0.43 mem=6918/8059MB temp=50.7C disk=82%
[2026-03-19 20:07:01] [BEAT] [aria] load=0.82 mem=6923/8059MB temp=50.1C disk=82%
[2026-03-19 20:08:01] [BEAT] [aria] load=0.41 mem=6923/8059MB temp=50.7C disk=82%
[2026-03-19 20:09:01] [BEAT] [aria] load=0.15 mem=6919/8059MB temp=51.8C disk=82%
[2026-03-19 20:10:01] [FLEET] [aria] Starting cross-node health check
[2026-03-19 20:10:01] [BEAT] [aria] load=0.11 mem=6894/8059MB temp=51.2C disk=82%
[2026-03-19 20:10:02] [FLEET] [aria] alice: UP temp=35C mem=3112MB disk=87%
[2026-03-19 20:10:04] [FLEET] [aria] octavia: DOWN (no ping response)
[2026-03-19 20:10:04] [FLEET] [aria] cecilia: UP temp=38C mem=1488MB disk=34%
[2026-03-19 20:10:05] [FLEET] [aria] gematria: UP temp=C mem=5508MB disk=70%
[2026-03-19 20:10:06] [FLEET] [aria] lucidia: PING OK but SSH failed
[2026-03-19 20:10:08] [FLEET] [aria] anastasia: DOWN (no ping response)
[2026-03-19 20:11:01] [BEAT] [aria] load=0.09 mem=6920/8059MB temp=51.8C disk=82%
[2026-03-19 20:12:01] [BEAT] [aria] load=0.08 mem=6922/8059MB temp=51.2C disk=82%
[2026-03-19 20:13:01] [BEAT] [aria] load=0.06 mem=6922/8059MB temp=51.2C disk=82%
[2026-03-19 20:14:01] [BEAT] [aria] load=0.06 mem=6924/8059MB temp=51.8C disk=82%
[2026-03-19 20:15:01] [BEAT] [aria] load=0.10 mem=6897/8059MB temp=52.9C disk=82%
[2026-03-19 20:15:46] [DIAL] [aria] Switchboard unreachable
[2026-03-19 20:16:01] [BEAT] [aria] load=0.12 mem=6914/8059MB temp=51.2C disk=82%
[2026-03-19 20:17:01] [BEAT] [aria] load=0.16 mem=6919/8059MB temp=51.8C disk=82%
[2026-03-19 20:18:01] [BEAT] [aria] load=0.06 mem=6924/8059MB temp=51.8C disk=82%
[2026-03-19 20:19:01] [BEAT] [aria] load=0.02 mem=6923/8059MB temp=52.9C disk=82%
[2026-03-19 20:20:01] [FLEET] [aria] Starting cross-node health check
[2026-03-19 20:20:01] [BEAT] [aria] load=0.11 mem=6895/8059MB temp=52.9C disk=82%
[2026-03-19 20:20:02] [FLEET] [aria] alice: UP temp=37C mem=3113MB disk=87%
[2026-03-19 20:20:04] [FLEET] [aria] octavia: DOWN (no ping response)
[2026-03-19 20:20:04] [FLEET] [aria] cecilia: UP temp=38C mem=1448MB disk=34%
[2026-03-19 20:20:05] [FLEET] [aria] gematria: UP temp=C mem=5508MB disk=70%
[2026-03-19 20:20:06] [FLEET] [aria] lucidia: PING OK but SSH failed
[2026-03-19 20:20:08] [FLEET] [aria] anastasia: DOWN (no ping response)
[2026-03-19 20:21:01] [BEAT] [aria] load=0.08 mem=6920/8059MB temp=51.8C disk=82%
[2026-03-19 20:22:01] [BEAT] [aria] load=0.03 mem=6921/8059MB temp=52.9C disk=82%
[2026-03-19 20:23:01] [BEAT] [aria] load=0.04 mem=6922/8059MB temp=51.8C disk=82%
[2026-03-19 20:24:01] [BEAT] [aria] load=0.01 mem=6922/8059MB temp=52.9C disk=82%
[2026-03-19 20:25:01] [BEAT] [aria] load=0.00 mem=6893/8059MB temp=53.5C disk=82%
[2026-03-19 20:26:01] [BEAT] [aria] load=0.09 mem=6924/8059MB temp=51.8C disk=82%
[2026-03-19 20:27:01] [BEAT] [aria] load=0.61 mem=6922/8059MB temp=53.5C disk=82%
[2026-03-19 20:28:01] [BEAT] [aria] load=1.03 mem=6920/8059MB temp=52.9C disk=82%
[2026-03-19 20:29:01] [BEAT] [aria] load=0.52 mem=6923/8059MB temp=51.8C disk=82%
[2026-03-19 20:30:01] [FLEET] [aria] Starting cross-node health check
[2026-03-19 20:30:01] [BEAT] [aria] load=0.27 mem=6894/8059MB temp=52.9C disk=82%
[2026-03-19 20:30:02] [FLEET] [aria] alice: UP temp=37C mem=3111MB disk=87%
[2026-03-19 20:30:04] [FLEET] [aria] octavia: DOWN (no ping response)
[2026-03-19 20:30:04] [FLEET] [aria] cecilia: UP temp=38C mem=1442MB disk=34%
[2026-03-19 20:30:05] [FLEET] [aria] gematria: UP temp=C mem=5511MB disk=70%
[2026-03-19 20:30:06] [FLEET] [aria] lucidia: PING OK but SSH failed
[2026-03-19 20:30:08] [FLEET] [aria] anastasia: DOWN (no ping response)
[2026-03-19 20:30:46] [DIAL] [aria] Switchboard unreachable
[2026-03-19 20:31:02] [BEAT] [aria] load=0.27 mem=6920/8059MB temp=52.9C disk=82%
[2026-03-19 20:32:01] [BEAT] [aria] load=0.10 mem=6922/8059MB temp=52.4C disk=82%
[2026-03-19 20:33:01] [BEAT] [aria] load=0.15 mem=6922/8059MB temp=52.4C disk=82%
[2026-03-19 20:34:01] [BEAT] [aria] load=0.05 mem=6922/8059MB temp=52.4C disk=82%
[2026-03-19 20:35:01] [BEAT] [aria] load=0.07 mem=6889/8059MB temp=54.0C disk=82%
[2026-03-19 20:36:01] [BEAT] [aria] load=0.13 mem=6920/8059MB temp=52.4C disk=82%
[2026-03-19 20:37:01] [BEAT] [aria] load=0.09 mem=6920/8059MB temp=51.8C disk=82%
[2026-03-19 20:38:01] [BEAT] [aria] load=0.03 mem=6918/8059MB temp=52.9C disk=82%
[2026-03-19 20:39:01] [BEAT] [aria] load=0.04 mem=6914/8059MB temp=52.4C disk=82%
[2026-03-19 20:40:01] [FLEET] [aria] Starting cross-node health check
[2026-03-19 20:40:01] [BEAT] [aria] load=0.01 mem=6892/8059MB temp=54.5C disk=82%
[2026-03-19 20:40:01] [FLEET] [aria] alice: UP temp=35C mem=3120MB disk=87%
[2026-03-19 20:40:03] [FLEET] [aria] octavia: DOWN (no ping response)
[2026-03-19 20:40:04] [FLEET] [aria] cecilia: UP temp=39C mem=1511MB disk=34%
[2026-03-19 20:40:05] [FLEET] [aria] gematria: UP temp=C mem=5500MB disk=70%
[2026-03-19 20:40:06] [FLEET] [aria] lucidia: PING OK but SSH failed
[2026-03-19 20:40:08] [FLEET] [aria] anastasia: DOWN (no ping response)
[2026-03-19 20:41:01] [BEAT] [aria] load=0.10 mem=6913/8059MB temp=52.4C disk=82%
[2026-03-19 20:42:01] [BEAT] [aria] load=0.09 mem=6914/8059MB temp=52.9C disk=82%
[2026-03-19 20:43:01] [BEAT] [aria] load=0.03 mem=6913/8059MB temp=52.9C disk=82%
[2026-03-19 20:44:01] [BEAT] [aria] load=0.06 mem=6912/8059MB temp=52.4C disk=82%
[2026-03-19 20:45:01] [BEAT] [aria] load=0.02 mem=6875/8059MB temp=53.5C disk=82%
[2026-03-19 20:45:46] [DIAL] [aria] Switchboard unreachable
[2026-03-19 20:46:01] [BEAT] [aria] load=0.18 mem=6910/8059MB temp=52.9C disk=82%
[2026-03-19 20:47:01] [BEAT] [aria] load=0.37 mem=6913/8059MB temp=52.4C disk=82%
[2026-03-19 20:48:01] [BEAT] [aria] load=0.75 mem=6913/8059MB temp=52.4C disk=82%
[2026-03-19 20:49:01] [BEAT] [aria] load=0.99 mem=6917/8059MB temp=52.9C disk=82%
[2026-03-19 20:50:01] [FLEET] [aria] Starting cross-node health check
[2026-03-19 20:50:01] [BEAT] [aria] load=0.43 mem=6880/8059MB temp=52.4C disk=82%
[2026-03-19 20:50:02] [FLEET] [aria] alice: UP temp=36C mem=3110MB disk=87%
[2026-03-19 20:50:04] [FLEET] [aria] octavia: DOWN (no ping response)
[2026-03-19 20:50:04] [FLEET] [aria] cecilia: UP temp=50C mem=1494MB disk=34%
[2026-03-19 20:50:06] [FLEET] [aria] gematria: UP temp=C mem=5510MB disk=70%
[2026-03-19 20:50:06] [FLEET] [aria] lucidia: PING OK but SSH failed
[2026-03-19 20:50:08] [FLEET] [aria] anastasia: DOWN (no ping response)
[2026-03-19 20:51:01] [BEAT] [aria] load=0.23 mem=6900/8059MB temp=52.9C disk=82%
[2026-03-19 20:52:01] [BEAT] [aria] load=0.08 mem=6910/8059MB temp=52.9C disk=82%
[2026-03-19 20:53:01] [BEAT] [aria] load=0.07 mem=6913/8059MB temp=52.4C disk=82%
[2026-03-19 20:54:01] [BEAT] [aria] load=0.16 mem=6913/8059MB temp=51.8C disk=82%
[2026-03-19 20:55:01] [BEAT] [aria] load=0.06 mem=6878/8059MB temp=52.9C disk=82%
[2026-03-19 20:56:02] [BEAT] [aria] load=0.21 mem=6912/8059MB temp=51.2C disk=82%
[2026-03-19 20:57:01] [BEAT] [aria] load=0.08 mem=6909/8059MB temp=50.1C disk=82%
[2026-03-19 20:58:01] [BEAT] [aria] load=0.08 mem=6914/8059MB temp=49.6C disk=82%
[2026-03-19 20:59:01] [BEAT] [aria] load=0.03 mem=6911/8059MB temp=49.6C disk=82%
[2026-03-19 21:00:01] [FLEET] [aria] Starting cross-node health check
[2026-03-19 21:00:01] [BEAT] [aria] load=0.01 mem=6873/8059MB temp=50.1C disk=82%
[2026-03-19 21:00:01] [FLEET] [aria] alice: UP temp=35C mem=3103MB disk=87%
[2026-03-19 21:00:03] [FLEET] [aria] octavia: DOWN (no ping response)
[2026-03-19 21:00:04] [FLEET] [aria] cecilia: UP temp=39C mem=1448MB disk=34%
[2026-03-19 21:00:06] [FLEET] [aria] gematria: UP temp=C mem=5567MB disk=70%
[2026-03-19 21:00:06] [FLEET] [aria] lucidia: PING OK but SSH failed
[2026-03-19 21:00:08] [FLEET] [aria] anastasia: DOWN (no ping response)
[2026-03-19 21:00:46] [DIAL] [aria] Switchboard unreachable
[2026-03-19 21:01:01] [BEAT] [aria] load=0.05 mem=6908/8059MB temp=50.1C disk=82%
[2026-03-19 21:02:01] [BEAT] [aria] load=0.09 mem=6910/8059MB temp=50.1C disk=82%
[2026-03-19 21:03:01] [BEAT] [aria] load=0.19 mem=6909/8059MB temp=50.1C disk=82%
[2026-03-19 21:04:01] [BEAT] [aria] load=0.07 mem=6908/8059MB temp=50.1C disk=82%
[2026-03-19 21:05:01] [BEAT] [aria] load=0.15 mem=6880/8059MB temp=50.1C disk=82%
[2026-03-19 21:06:01] [BEAT] [aria] load=0.25 mem=6913/8059MB temp=50.7C disk=82%
[2026-03-19 21:07:01] [BEAT] [aria] load=0.30 mem=6914/8059MB temp=51.2C disk=82%
[2026-03-19 21:08:01] [BEAT] [aria] load=0.11 mem=6911/8059MB temp=51.2C disk=82%
[2026-03-19 21:09:01] [BEAT] [aria] load=0.73 mem=6911/8059MB temp=52.4C disk=82%
[2026-03-19 21:10:01] [FLEET] [aria] Starting cross-node health check
[2026-03-19 21:10:01] [BEAT] [aria] load=0.54 mem=6885/8059MB temp=51.2C disk=82%
[2026-03-19 21:10:02] [FLEET] [aria] alice: UP temp=35C mem=3110MB disk=88%
[2026-03-19 21:10:04] [FLEET] [aria] octavia: DOWN (no ping response)
[2026-03-19 21:10:05] [FLEET] [aria] cecilia: UP temp=39C mem=6862MB disk=34%
[2026-03-19 21:10:06] [FLEET] [aria] gematria: UP temp=C mem=5514MB disk=70%
[2026-03-19 21:10:07] [FLEET] [aria] lucidia: PING OK but SSH failed
[2026-03-19 21:10:09] [FLEET] [aria] anastasia: DOWN (no ping response)
[2026-03-19 21:11:01] [BEAT] [aria] load=0.36 mem=6913/8059MB temp=51.2C disk=82%
[2026-03-19 21:12:01] [BEAT] [aria] load=0.28 mem=6911/8059MB temp=51.2C disk=82%
[2026-03-19 21:13:01] [BEAT] [aria] load=0.14 mem=6909/8059MB temp=51.2C disk=82%
[2026-03-19 21:14:01] [BEAT] [aria] load=0.18 mem=6911/8059MB temp=51.8C disk=82%
[2026-03-19 21:15:01] [BEAT] [aria] load=0.10 mem=6878/8059MB temp=51.8C disk=82%
[2026-03-19 21:15:46] [DIAL] [aria] Switchboard unreachable
[2026-03-19 21:16:01] [BEAT] [aria] load=0.13 mem=6910/8059MB temp=51.8C disk=82%
[2026-03-19 21:17:01] [BEAT] [aria] load=0.05 mem=6910/8059MB temp=51.8C disk=82%
[2026-03-19 21:18:01] [BEAT] [aria] load=0.06 mem=6913/8059MB temp=51.2C disk=82%
[2026-03-19 21:19:01] [BEAT] [aria] load=0.02 mem=6911/8059MB temp=52.9C disk=82%
[2026-03-19 21:20:01] [FLEET] [aria] Starting cross-node health check
[2026-03-19 21:20:01] [BEAT] [aria] load=0.09 mem=6883/8059MB temp=52.9C disk=82%
[2026-03-19 21:20:01] [FLEET] [aria] alice: UP temp=37C mem=3102MB disk=88%
[2026-03-19 21:20:03] [FLEET] [aria] octavia: DOWN (no ping response)
[2026-03-19 21:20:04] [FLEET] [aria] cecilia: UP temp=40C mem=7006MB disk=34%
[2026-03-19 21:20:05] [FLEET] [aria] gematria: UP temp=C mem=5507MB disk=70%
[2026-03-19 21:20:06] [FLEET] [aria] lucidia: PING OK but SSH failed
[2026-03-19 21:20:08] [FLEET] [aria] anastasia: DOWN (no ping response)
[2026-03-19 21:21:01] [BEAT] [aria] load=0.27 mem=6909/8059MB temp=54.0C disk=82%
[2026-03-19 21:22:01] [BEAT] [aria] load=0.23 mem=6910/8059MB temp=51.8C disk=82%
[2026-03-19 21:23:01] [BEAT] [aria] load=0.20 mem=6908/8059MB temp=52.4C disk=82%
[2026-03-19 21:24:01] [BEAT] [aria] load=0.07 mem=6911/8059MB temp=51.8C disk=82%
[2026-03-19 21:25:01] [BEAT] [aria] load=0.17 mem=6880/8059MB temp=53.5C disk=82%
[2026-03-19 21:26:01] [BEAT] [aria] load=0.09 mem=6905/8059MB temp=52.9C disk=82%
[2026-03-19 21:27:01] [BEAT] [aria] load=0.03 mem=6909/8059MB temp=52.4C disk=82%
[2026-03-19 21:28:01] [BEAT] [aria] load=0.17 mem=6910/8059MB temp=52.4C disk=82%
[2026-03-19 21:29:01] [BEAT] [aria] load=0.11 mem=6914/8059MB temp=53.5C disk=82%
[2026-03-19 21:30:01] [FLEET] [aria] Starting cross-node health check
[2026-03-19 21:30:01] [BEAT] [aria] load=0.77 mem=6880/8059MB temp=52.4C disk=82%
[2026-03-19 21:30:02] [FLEET] [aria] alice: UP temp=35C mem=3105MB disk=87%
[2026-03-19 21:30:04] [FLEET] [aria] octavia: DOWN (no ping response)
[2026-03-19 21:30:04] [FLEET] [aria] cecilia: UP temp=40C mem=6978MB disk=34%
[2026-03-19 21:30:05] [FLEET] [aria] gematria: UP temp=C mem=5502MB disk=70%
[2026-03-19 21:30:06] [FLEET] [aria] lucidia: PING OK but SSH failed
[2026-03-19 21:30:08] [FLEET] [aria] anastasia: DOWN (no ping response)
[2026-03-19 21:30:46] [DIAL] [aria] Switchboard unreachable
[2026-03-19 21:31:01] [BEAT] [aria] load=0.43 mem=6907/8059MB temp=52.9C disk=82%
[2026-03-19 21:32:01] [BEAT] [aria] load=0.34 mem=6914/8059MB temp=54.0C disk=82%
[2026-03-19 21:33:01] [BEAT] [aria] load=0.12 mem=6910/8059MB temp=52.4C disk=82%
[2026-03-19 21:34:01] [BEAT] [aria] load=0.24 mem=6913/8059MB temp=52.9C disk=82%
[2026-03-19 21:35:01] [BEAT] [aria] load=0.09 mem=6889/8059MB temp=53.5C disk=82%
[2026-03-19 21:36:01] [BEAT] [aria] load=0.22 mem=6909/8059MB temp=53.5C disk=82%
[2026-03-19 21:37:01] [BEAT] [aria] load=0.08 mem=6909/8059MB temp=52.4C disk=82%
[2026-03-19 21:38:01] [BEAT] [aria] load=0.03 mem=6910/8059MB temp=52.4C disk=82%
[2026-03-19 21:39:01] [BEAT] [aria] load=0.11 mem=6911/8059MB temp=52.4C disk=82%
[2026-03-19 21:40:01] [FLEET] [aria] Starting cross-node health check
[2026-03-19 21:40:01] [BEAT] [aria] load=0.04 mem=6880/8059MB temp=52.9C disk=82%
[2026-03-19 21:40:01] [FLEET] [aria] alice: UP temp=35C mem=3118MB disk=87%
[2026-03-19 21:40:03] [FLEET] [aria] octavia: DOWN (no ping response)
[2026-03-19 21:40:04] [FLEET] [aria] cecilia: UP temp=39C mem=6953MB disk=34%
[2026-03-19 21:40:05] [FLEET] [aria] gematria: UP temp=C mem=5513MB disk=70%
[2026-03-19 21:40:05] [FLEET] [aria] lucidia: PING OK but SSH failed
[2026-03-19 21:40:07] [FLEET] [aria] anastasia: DOWN (no ping response)
[2026-03-19 21:41:01] [BEAT] [aria] load=0.27 mem=6910/8059MB temp=52.9C disk=82%
[2026-03-19 21:42:01] [BEAT] [aria] load=0.10 mem=6911/8059MB temp=54.0C disk=82%
[2026-03-19 21:43:02] [BEAT] [aria] load=0.03 mem=6915/8059MB temp=54.0C disk=82%
[2026-03-19 21:44:02] [BEAT] [aria] load=0.09 mem=6910/8059MB temp=53.5C disk=82%
[2026-03-19 21:45:01] [BEAT] [aria] load=0.08 mem=6866/8059MB temp=52.9C disk=82%
[2026-03-19 21:45:46] [DIAL] [aria] Switchboard unreachable
[2026-03-19 21:46:01] [BEAT] [aria] load=0.09 mem=6887/8059MB temp=52.4C disk=82%
[2026-03-19 21:47:01] [BEAT] [aria] load=0.03 mem=6894/8059MB temp=52.9C disk=82%
[2026-03-19 21:48:01] [BEAT] [aria] load=0.01 mem=6902/8059MB temp=52.4C disk=82%
[2026-03-19 21:49:01] [BEAT] [aria] load=0.00 mem=6903/8059MB temp=52.9C disk=82%
[2026-03-19 21:50:01] [FLEET] [aria] Starting cross-node health check
[2026-03-19 21:50:01] [BEAT] [aria] load=0.26 mem=6870/8059MB temp=53.5C disk=82%
[2026-03-19 21:50:01] [FLEET] [aria] alice: UP temp=37C mem=3110MB disk=87%
[2026-03-19 21:50:03] [FLEET] [aria] octavia: DOWN (no ping response)
[2026-03-19 21:50:04] [FLEET] [aria] cecilia: UP temp=39C mem=6962MB disk=34%
[2026-03-19 21:50:05] [FLEET] [aria] gematria: UP temp=C mem=5491MB disk=70%
[2026-03-19 21:50:05] [FLEET] [aria] lucidia: PING OK but SSH failed
[2026-03-19 21:50:07] [FLEET] [aria] anastasia: DOWN (no ping response)
[2026-03-19 21:51:01] [BEAT] [aria] load=0.87 mem=6887/8059MB temp=52.9C disk=82%
[2026-03-19 21:52:01] [BEAT] [aria] load=0.55 mem=6886/8059MB temp=54.0C disk=82%
[2026-03-19 21:53:01] [BEAT] [aria] load=0.27 mem=6887/8059MB temp=53.5C disk=82%
[2026-03-19 21:54:01] [BEAT] [aria] load=0.20 mem=6893/8059MB temp=51.2C disk=82%
[2026-03-19 21:55:02] [BEAT] [aria] load=0.13 mem=6866/8059MB temp=51.8C disk=82%
[2026-03-19 21:56:01] [BEAT] [aria] load=0.12 mem=6888/8059MB temp=52.4C disk=82%
[2026-03-19 21:57:01] [BEAT] [aria] load=0.17 mem=6892/8059MB temp=49.6C disk=82%
[2026-03-19 21:58:01] [BEAT] [aria] load=0.18 mem=6890/8059MB temp=50.1C disk=82%
[2026-03-19 21:59:01] [BEAT] [aria] load=0.06 mem=6894/8059MB temp=50.7C disk=82%
[2026-03-19 22:00:01] [FLEET] [aria] Starting cross-node health check
[2026-03-19 22:00:01] [BEAT] [aria] load=0.10 mem=6858/8059MB temp=50.7C disk=82%
[2026-03-19 22:00:01] [FLEET] [aria] alice: UP temp=36C mem=3105MB disk=87%
[2026-03-19 22:00:04] [FLEET] [aria] octavia: DOWN (no ping response)
[2026-03-19 22:00:04] [FLEET] [aria] cecilia: UP temp=38C mem=6940MB disk=34%
[2026-03-19 22:00:05] [FLEET] [aria] gematria: UP temp=C mem=5503MB disk=70%
[2026-03-19 22:00:06] [FLEET] [aria] lucidia: PING OK but SSH failed
[2026-03-19 22:00:08] [FLEET] [aria] anastasia: DOWN (no ping response)
[2026-03-19 22:00:46] [DIAL] [aria] Switchboard unreachable
[2026-03-19 22:01:01] [BEAT] [aria] load=0.04 mem=6886/8059MB temp=50.7C disk=82%
[2026-03-19 22:02:01] [BEAT] [aria] load=0.11 mem=6891/8059MB temp=51.2C disk=82%
[2026-03-19 22:03:01] [BEAT] [aria] load=0.04 mem=6893/8059MB temp=51.8C disk=82%
[2026-03-19 22:04:01] [BEAT] [aria] load=0.01 mem=6893/8059MB temp=51.8C disk=82%
[2026-03-19 22:05:01] [BEAT] [aria] load=0.00 mem=6862/8059MB temp=52.4C disk=82%
[2026-03-19 22:06:01] [BEAT] [aria] load=0.16 mem=6887/8059MB temp=51.2C disk=82%
[2026-03-19 22:07:01] [BEAT] [aria] load=0.10 mem=6893/8059MB temp=51.2C disk=82%
[2026-03-19 22:08:01] [BEAT] [aria] load=0.04 mem=6894/8059MB temp=51.8C disk=82%
[2026-03-19 22:09:01] [BEAT] [aria] load=0.16 mem=6894/8059MB temp=50.1C disk=82%
[2026-03-19 22:10:01] [FLEET] [aria] Starting cross-node health check
[2026-03-19 22:10:01] [BEAT] [aria] load=0.06 mem=6860/8059MB temp=51.8C disk=82%
[2026-03-19 22:10:01] [FLEET] [aria] alice: UP temp=37C mem=3098MB disk=87%
[2026-03-19 22:10:03] [FLEET] [aria] octavia: DOWN (no ping response)
[2026-03-19 22:10:04] [FLEET] [aria] cecilia: UP temp=38C mem=7025MB disk=34%
[2026-03-19 22:10:05] [FLEET] [aria] gematria: UP temp=C mem=5529MB disk=70%
[2026-03-19 22:10:05] [FLEET] [aria] lucidia: PING OK but SSH failed
[2026-03-19 22:10:07] [FLEET] [aria] anastasia: DOWN (no ping response)
[2026-03-19 22:11:01] [BEAT] [aria] load=0.36 mem=6882/8059MB temp=51.2C disk=82%
[2026-03-19 22:12:01] [BEAT] [aria] load=0.90 mem=6891/8059MB temp=51.2C disk=82%
[2026-03-19 22:13:01] [BEAT] [aria] load=0.46 mem=6892/8059MB temp=51.8C disk=82%
[2026-03-19 22:14:01] [BEAT] [aria] load=0.21 mem=6889/8059MB temp=52.4C disk=82%
[2026-03-19 22:15:01] [BEAT] [aria] load=0.15 mem=6864/8059MB temp=52.9C disk=82%
[2026-03-19 22:15:47] [DIAL] [aria] Switchboard unreachable
[2026-03-19 22:16:01] [BEAT] [aria] load=0.24 mem=6881/8059MB temp=51.8C disk=82%
[2026-03-19 22:17:01] [BEAT] [aria] load=0.19 mem=6891/8059MB temp=52.9C disk=82%
[2026-03-19 22:18:01] [BEAT] [aria] load=0.07 mem=6893/8059MB temp=51.2C disk=82%
[2026-03-19 22:19:01] [BEAT] [aria] load=0.07 mem=6890/8059MB temp=50.7C disk=82%
[2026-03-19 22:20:01] [FLEET] [aria] Starting cross-node health check
[2026-03-19 22:20:01] [BEAT] [aria] load=0.20 mem=6867/8059MB temp=52.4C disk=82%
[2026-03-19 22:20:01] [FLEET] [aria] alice: UP temp=36C mem=3109MB disk=87%
[2026-03-19 22:20:03] [FLEET] [aria] octavia: DOWN (no ping response)
[2026-03-19 22:20:04] [FLEET] [aria] cecilia: UP temp=38C mem=6936MB disk=34%
[2026-03-19 22:20:06] [FLEET] [aria] gematria: UP temp=C mem=5529MB disk=70%
[2026-03-19 22:20:06] [FLEET] [aria] lucidia: PING OK but SSH failed
[2026-03-19 22:20:08] [FLEET] [aria] anastasia: DOWN (no ping response)
[2026-03-19 22:21:01] [BEAT] [aria] load=0.07 mem=6886/8059MB temp=51.8C disk=82%
[2026-03-19 22:22:01] [BEAT] [aria] load=0.07 mem=6890/8059MB temp=52.4C disk=82%
[2026-03-19 22:23:01] [BEAT] [aria] load=0.02 mem=6893/8059MB temp=51.8C disk=82%
[2026-03-19 22:24:01] [BEAT] [aria] load=0.01 mem=6892/8059MB temp=52.4C disk=82%
[2026-03-19 22:25:01] [BEAT] [aria] load=0.19 mem=6864/8059MB temp=53.5C disk=82%
[2026-03-19 22:26:01] [BEAT] [aria] load=0.07 mem=6889/8059MB temp=52.9C disk=82%
[2026-03-19 22:27:01] [BEAT] [aria] load=0.25 mem=6896/8059MB temp=52.9C disk=82%
[2026-03-19 22:28:01] [BEAT] [aria] load=0.42 mem=6893/8059MB temp=54.0C disk=82%
[2026-03-19 22:29:01] [BEAT] [aria] load=0.15 mem=6890/8059MB temp=52.9C disk=82%
[2026-03-19 22:30:01] [FLEET] [aria] Starting cross-node health check
[2026-03-19 22:30:01] [BEAT] [aria] load=0.05 mem=6850/8059MB temp=53.5C disk=82%
[2026-03-19 22:30:03] [FLEET] [aria] alice: UP temp=36C mem=3109MB disk=87%
[2026-03-19 22:30:05] [FLEET] [aria] octavia: DOWN (no ping response)
[2026-03-19 22:30:05] [FLEET] [aria] cecilia: UP temp=39C mem=6942MB disk=34%
[2026-03-19 22:30:06] [FLEET] [aria] gematria: UP temp=C mem=5466MB disk=70%
[2026-03-19 22:30:07] [FLEET] [aria] lucidia: PING OK but SSH failed
[2026-03-19 22:30:09] [FLEET] [aria] anastasia: DOWN (no ping response)
[2026-03-19 22:30:47] [DIAL] [aria] Switchboard unreachable
[2026-03-19 22:31:01] [BEAT] [aria] load=0.25 mem=6894/8059MB temp=52.4C disk=82%
[2026-03-19 22:32:01] [BEAT] [aria] load=0.75 mem=6888/8059MB temp=52.4C disk=82%
[2026-03-19 22:33:01] [BEAT] [aria] load=0.92 mem=6888/8059MB temp=52.4C disk=82%
[2026-03-19 22:34:01] [BEAT] [aria] load=0.43 mem=6888/8059MB temp=52.9C disk=82%
[2026-03-19 22:35:01] [BEAT] [aria] load=0.16 mem=6858/8059MB temp=52.9C disk=82%
[2026-03-19 22:36:01] [BEAT] [aria] load=0.44 mem=6881/8059MB temp=54.0C disk=82%
[2026-03-19 22:37:01] [BEAT] [aria] load=0.16 mem=6890/8059MB temp=53.5C disk=82%
[2026-03-19 22:38:01] [BEAT] [aria] load=0.13 mem=6891/8059MB temp=51.2C disk=82%
[2026-03-19 22:39:01] [BEAT] [aria] load=0.05 mem=6893/8059MB temp=52.9C disk=82%
[2026-03-19 22:40:01] [FLEET] [aria] Starting cross-node health check
[2026-03-19 22:40:01] [BEAT] [aria] load=0.07 mem=6876/8059MB temp=52.9C disk=82%
[2026-03-19 22:40:02] [FLEET] [aria] alice: UP temp=37C mem=3108MB disk=87%
[2026-03-19 22:40:04] [FLEET] [aria] octavia: DOWN (no ping response)
[2026-03-19 22:40:04] [FLEET] [aria] cecilia: UP temp=39C mem=6938MB disk=34%
[2026-03-19 22:40:05] [FLEET] [aria] gematria: UP temp=C mem=5508MB disk=70%
[2026-03-19 22:40:06] [FLEET] [aria] lucidia: PING OK but SSH failed
[2026-03-19 22:40:08] [FLEET] [aria] anastasia: DOWN (no ping response)
[2026-03-19 22:41:01] [BEAT] [aria] load=0.13 mem=6892/8059MB temp=53.5C disk=82%
[2026-03-19 22:42:01] [BEAT] [aria] load=0.05 mem=6887/8059MB temp=53.5C disk=82%
[2026-03-19 22:43:01] [BEAT] [aria] load=0.13 mem=6893/8059MB temp=52.9C disk=82%
[2026-03-19 22:44:01] [BEAT] [aria] load=0.05 mem=6892/8059MB temp=52.9C disk=82%
[2026-03-19 22:45:01] [BEAT] [aria] load=0.02 mem=6855/8059MB temp=54.0C disk=82%
[2026-03-19 22:45:46] [DIAL] [aria] Switchboard unreachable
[2026-03-19 22:46:01] [BEAT] [aria] load=0.22 mem=6886/8059MB temp=52.4C disk=82%
[2026-03-19 22:47:01] [BEAT] [aria] load=0.12 mem=6888/8059MB temp=52.4C disk=82%
[2026-03-19 22:48:01] [BEAT] [aria] load=0.20 mem=6891/8059MB temp=52.9C disk=82%
[2026-03-19 22:49:01] [BEAT] [aria] load=0.13 mem=6888/8059MB temp=53.5C disk=82%
[2026-03-19 22:50:01] [FLEET] [aria] Starting cross-node health check
[2026-03-19 22:50:01] [BEAT] [aria] load=0.05 mem=6862/8059MB temp=54.0C disk=82%
[2026-03-19 22:50:02] [FLEET] [aria] alice: UP temp=37C mem=3108MB disk=87%
[2026-03-19 22:50:04] [FLEET] [aria] octavia: DOWN (no ping response)
[2026-03-19 22:50:04] [FLEET] [aria] cecilia: UP temp=39C mem=6932MB disk=34%
[2026-03-19 22:50:05] [FLEET] [aria] gematria: UP temp=C mem=5513MB disk=70%
[2026-03-19 22:50:06] [FLEET] [aria] lucidia: PING OK but SSH failed
[2026-03-19 22:50:08] [FLEET] [aria] anastasia: DOWN (no ping response)
[2026-03-19 22:51:01] [BEAT] [aria] load=0.02 mem=6892/8059MB temp=53.5C disk=82%
[2026-03-19 22:52:01] [BEAT] [aria] load=0.06 mem=6893/8059MB temp=52.9C disk=82%
[2026-03-19 22:53:01] [BEAT] [aria] load=0.51 mem=6892/8059MB temp=53.5C disk=82%
[2026-03-19 22:54:01] [BEAT] [aria] load=0.93 mem=6890/8059MB temp=51.8C disk=82%
[2026-03-19 22:55:01] [BEAT] [aria] load=0.34 mem=6868/8059MB temp=52.4C disk=82%
[2026-03-19 22:56:01] [BEAT] [aria] load=0.19 mem=6889/8059MB temp=51.2C disk=82%
[2026-03-19 22:57:01] [BEAT] [aria] load=0.18 mem=6891/8059MB temp=51.2C disk=82%
[2026-03-19 22:58:01] [BEAT] [aria] load=0.06 mem=6893/8059MB temp=50.1C disk=82%
[2026-03-19 22:59:01] [BEAT] [aria] load=0.08 mem=6893/8059MB temp=50.7C disk=82%
[2026-03-19 23:00:01] [FLEET] [aria] Starting cross-node health check
[2026-03-19 23:00:01] [BEAT] [aria] load=0.03 mem=6856/8059MB temp=51.2C disk=82%
[2026-03-19 23:00:02] [FLEET] [aria] alice: UP temp=36C mem=3103MB disk=87%
[2026-03-19 23:00:04] [FLEET] [aria] octavia: DOWN (no ping response)
[2026-03-19 23:00:04] [FLEET] [aria] cecilia: UP temp=39C mem=6906MB disk=34%
[2026-03-19 23:00:06] [FLEET] [aria] gematria: UP temp=C mem=5502MB disk=70%
[2026-03-19 23:00:06] [FLEET] [aria] lucidia: PING OK but SSH failed
[2026-03-19 23:00:08] [FLEET] [aria] anastasia: DOWN (no ping response)
[2026-03-19 23:00:46] [DIAL] [aria] Switchboard unreachable
[2026-03-19 23:01:01] [BEAT] [aria] load=0.16 mem=6891/8059MB temp=50.7C disk=82%
[2026-03-19 23:02:01] [BEAT] [aria] load=0.11 mem=6888/8059MB temp=51.8C disk=82%
[2026-03-19 23:03:02] [BEAT] [aria] load=0.08 mem=6886/8059MB temp=51.2C disk=82%
[2026-03-19 23:04:01] [BEAT] [aria] load=0.03 mem=6889/8059MB temp=52.4C disk=82%
[2026-03-19 23:05:01] [BEAT] [aria] load=0.04 mem=6850/8059MB temp=51.8C disk=82%
[2026-03-19 23:06:01] [BEAT] [aria] load=0.01 mem=6909/8059MB temp=51.2C disk=82%
[2026-03-19 23:07:01] [BEAT] [aria] load=0.00 mem=6910/8059MB temp=51.2C disk=82%
[2026-03-19 23:08:01] [BEAT] [aria] load=0.06 mem=6908/8059MB temp=51.2C disk=82%
[2026-03-19 23:09:01] [BEAT] [aria] load=0.06 mem=6915/8059MB temp=51.2C disk=82%
[2026-03-19 23:10:01] [FLEET] [aria] Starting cross-node health check
[2026-03-19 23:10:01] [BEAT] [aria] load=0.07 mem=6762/8059MB temp=51.2C disk=82%
[2026-03-19 23:10:01] [FLEET] [aria] alice: UP temp=36C mem=3108MB disk=87%
[2026-03-19 23:10:03] [FLEET] [aria] octavia: DOWN (no ping response)
[2026-03-19 23:10:04] [FLEET] [aria] cecilia: UP temp=39C mem=5122MB disk=34%
[2026-03-19 23:10:05] [FLEET] [aria] gematria: UP temp=C mem=5498MB disk=70%
[2026-03-19 23:10:06] [FLEET] [aria] lucidia: PING OK but SSH failed
[2026-03-19 23:10:08] [FLEET] [aria] anastasia: DOWN (no ping response)
[2026-03-19 23:11:01] [BEAT] [aria] load=0.11 mem=6804/8059MB temp=51.8C disk=82%
[2026-03-19 23:12:01] [BEAT] [aria] load=0.04 mem=6858/8059MB temp=52.9C disk=82%
[2026-03-19 23:13:01] [BEAT] [aria] load=0.19 mem=6863/8059MB temp=51.8C disk=82%
[2026-03-19 23:14:01] [BEAT] [aria] load=0.64 mem=6909/8059MB temp=51.8C disk=82%
[2026-03-19 23:15:01] [BEAT] [aria] load=0.81 mem=6878/8059MB temp=52.4C disk=82%
[2026-03-19 23:15:46] [DIAL] [aria] Switchboard unreachable
[2026-03-19 23:16:01] [BEAT] [aria] load=0.52 mem=6910/8059MB temp=51.8C disk=82%
[2026-03-19 23:17:01] [BEAT] [aria] load=0.23 mem=6906/8059MB temp=52.9C disk=82%
[2026-03-19 23:18:01] [BEAT] [aria] load=0.08 mem=6906/8059MB temp=51.8C disk=82%
[2026-03-19 23:19:01] [BEAT] [aria] load=0.15 mem=6911/8059MB temp=51.8C disk=82%
[2026-03-19 23:20:01] [FLEET] [aria] Starting cross-node health check
[2026-03-19 23:20:01] [BEAT] [aria] load=0.05 mem=6889/8059MB temp=52.9C disk=82%
[2026-03-19 23:20:02] [FLEET] [aria] alice: UP temp=37C mem=3099MB disk=87%
[2026-03-19 23:20:04] [FLEET] [aria] octavia: DOWN (no ping response)
[2026-03-19 23:20:05] [FLEET] [aria] cecilia: UP temp=39C mem=5293MB disk=34%
[2026-03-19 23:20:07] [FLEET] [aria] gematria: UP temp=C mem=5519MB disk=70%
[2026-03-19 23:20:07] [FLEET] [aria] lucidia: PING OK but SSH failed
[2026-03-19 23:20:09] [FLEET] [aria] anastasia: DOWN (no ping response)
[2026-03-19 23:21:01] [BEAT] [aria] load=0.05 mem=6915/8059MB temp=52.9C disk=82%
[2026-03-19 23:22:01] [BEAT] [aria] load=0.27 mem=6910/8059MB temp=53.5C disk=82%
[2026-03-19 23:23:01] [BEAT] [aria] load=0.10 mem=6909/8059MB temp=52.9C disk=82%
[2026-03-19 23:24:01] [BEAT] [aria] load=0.09 mem=6911/8059MB temp=52.9C disk=82%
[2026-03-19 23:25:01] [BEAT] [aria] load=0.03 mem=6885/8059MB temp=52.9C disk=82%
[2026-03-19 23:26:01] [BEAT] [aria] load=0.05 mem=6909/8059MB temp=51.8C disk=82%
[2026-03-19 23:27:01] [BEAT] [aria] load=0.10 mem=6910/8059MB temp=52.4C disk=82%
[2026-03-19 23:28:01] [BEAT] [aria] load=0.17 mem=6913/8059MB temp=52.9C disk=82%
[2026-03-19 23:29:01] [BEAT] [aria] load=0.14 mem=6913/8059MB temp=52.4C disk=82%
[2026-03-19 23:30:01] [FLEET] [aria] Starting cross-node health check
[2026-03-19 23:30:02] [BEAT] [aria] load=0.05 mem=6872/8059MB temp=53.5C disk=82%
[2026-03-19 23:30:02] [FLEET] [aria] alice: UP temp=37C mem=3109MB disk=87%
[2026-03-19 23:30:04] [FLEET] [aria] octavia: DOWN (no ping response)
[2026-03-19 23:30:04] [FLEET] [aria] cecilia: UP temp=40C mem=5233MB disk=34%
[2026-03-19 23:30:06] [FLEET] [aria] gematria: UP temp=C mem=5511MB disk=70%
[2026-03-19 23:30:06] [FLEET] [aria] lucidia: PING OK but SSH failed
[2026-03-19 23:30:08] [FLEET] [aria] anastasia: DOWN (no ping response)
[2026-03-19 23:30:47] [DIAL] [aria] Switchboard unreachable
[2026-03-19 23:31:01] [BEAT] [aria] load=0.14 mem=6909/8059MB temp=53.5C disk=82%
[2026-03-19 23:32:01] [BEAT] [aria] load=0.16 mem=6907/8059MB temp=52.9C disk=82%
[2026-03-19 23:33:01] [BEAT] [aria] load=0.16 mem=6895/8059MB temp=52.4C disk=82%
[2026-03-19 23:34:01] [BEAT] [aria] load=0.06 mem=6911/8059MB temp=52.9C disk=82%
[2026-03-19 23:35:01] [BEAT] [aria] load=0.78 mem=6881/8059MB temp=54.0C disk=82%
[2026-03-19 23:36:01] [BEAT] [aria] load=0.92 mem=6913/8059MB temp=52.4C disk=82%
[2026-03-19 23:37:01] [BEAT] [aria] load=0.42 mem=6909/8059MB temp=54.0C disk=82%
[2026-03-19 23:38:01] [BEAT] [aria] load=0.23 mem=6909/8059MB temp=52.9C disk=82%
[2026-03-19 23:39:01] [BEAT] [aria] load=0.08 mem=6904/8059MB temp=52.4C disk=82%
[2026-03-19 23:40:01] [FLEET] [aria] Starting cross-node health check
[2026-03-19 23:40:01] [BEAT] [aria] load=0.08 mem=6879/8059MB temp=52.4C disk=82%
[2026-03-19 23:40:02] [FLEET] [aria] alice: UP temp=36C mem=3109MB disk=87%
[2026-03-19 23:40:04] [FLEET] [aria] octavia: DOWN (no ping response)
[2026-03-19 23:40:04] [FLEET] [aria] cecilia: UP temp=41C mem=5241MB disk=34%
[2026-03-19 23:40:05] [FLEET] [aria] gematria: UP temp=C mem=5504MB disk=70%
[2026-03-19 23:40:06] [FLEET] [aria] lucidia: PING OK but SSH failed
[2026-03-19 23:40:08] [FLEET] [aria] anastasia: DOWN (no ping response)
[2026-03-19 23:41:01] [BEAT] [aria] load=0.07 mem=6910/8059MB temp=52.4C disk=82%
[2026-03-19 23:42:01] [BEAT] [aria] load=0.13 mem=6910/8059MB temp=53.5C disk=82%
[2026-03-19 23:43:01] [BEAT] [aria] load=0.05 mem=6910/8059MB temp=54.0C disk=82%
[2026-03-19 23:44:01] [BEAT] [aria] load=0.08 mem=6909/8059MB temp=53.5C disk=82%
[2026-03-19 23:45:01] [BEAT] [aria] load=0.11 mem=6874/8059MB temp=54.0C disk=82%
[2026-03-19 23:45:46] [DIAL] [aria] Switchboard unreachable
[2026-03-19 23:46:01] [BEAT] [aria] load=0.10 mem=6902/8059MB temp=54.0C disk=82%
[2026-03-19 23:47:01] [BEAT] [aria] load=0.07 mem=6911/8059MB temp=52.4C disk=82%
[2026-03-19 23:48:01] [BEAT] [aria] load=0.08 mem=6908/8059MB temp=53.5C disk=82%
[2026-03-19 23:49:01] [BEAT] [aria] load=0.08 mem=6912/8059MB temp=53.5C disk=82%
[2026-03-19 23:50:01] [FLEET] [aria] Starting cross-node health check
[2026-03-19 23:50:01] [BEAT] [aria] load=0.03 mem=6886/8059MB temp=52.9C disk=82%
[2026-03-19 23:50:02] [FLEET] [aria] alice: UP temp=37C mem=3107MB disk=87%
[2026-03-19 23:50:04] [FLEET] [aria] octavia: DOWN (no ping response)
[2026-03-19 23:50:05] [FLEET] [aria] cecilia: UP temp=39C mem=5223MB disk=34%
[2026-03-19 23:50:06] [FLEET] [aria] gematria: UP temp=C mem=5517MB disk=70%
[2026-03-19 23:50:06] [FLEET] [aria] lucidia: PING OK but SSH failed
[2026-03-19 23:50:08] [FLEET] [aria] anastasia: DOWN (no ping response)
[2026-03-19 23:51:01] [BEAT] [aria] load=0.05 mem=6907/8059MB temp=52.9C disk=82%
[2026-03-19 23:52:01] [BEAT] [aria] load=0.07 mem=6909/8059MB temp=52.9C disk=82%
[2026-03-19 23:53:01] [BEAT] [aria] load=0.02 mem=6881/8059MB temp=51.8C disk=82%
[2026-03-19 23:54:01] [BEAT] [aria] load=0.23 mem=6874/8059MB temp=51.8C disk=82%
[2026-03-19 23:55:02] [BEAT] [aria] load=0.16 mem=6848/8059MB temp=51.2C disk=82%
[2026-03-19 23:56:01] [BEAT] [aria] load=0.75 mem=6890/8059MB temp=50.7C disk=82%
[2026-03-19 23:57:01] [BEAT] [aria] load=0.65 mem=6893/8059MB temp=52.4C disk=82%
[2026-03-19 23:58:01] [BEAT] [aria] load=0.27 mem=6890/8059MB temp=50.7C disk=82%
[2026-03-19 23:59:01] [BEAT] [aria] load=0.10 mem=6894/8059MB temp=50.1C disk=82%
[2026-03-20 00:00:01] [FLEET] [aria] Starting cross-node health check
[2026-03-20 00:00:01] [BEAT] [aria] load=0.12 mem=6859/8059MB temp=50.7C disk=82%
[2026-03-20 00:00:02] [FLEET] [aria] alice: UP temp=37C mem=3098MB disk=87%
[2026-03-20 00:00:04] [FLEET] [aria] octavia: DOWN (no ping response)
[2026-03-20 00:00:05] [FLEET] [aria] cecilia: UP temp=40C mem=5207MB disk=34%
[2026-03-20 00:00:06] [FLEET] [aria] gematria: UP temp=C mem=5505MB disk=70%
[2026-03-20 00:00:06] [FLEET] [aria] lucidia: PING OK but SSH failed
[2026-03-20 00:00:08] [FLEET] [aria] anastasia: DOWN (no ping response)
[2026-03-20 00:00:46] [DIAL] [aria] Switchboard unreachable
[2026-03-20 00:01:01] [BEAT] [aria] load=0.18 mem=6867/8059MB temp=50.1C disk=82%
[2026-03-20 00:02:01] [BEAT] [aria] load=0.06 mem=6863/8059MB temp=51.2C disk=82%
[2026-03-20 00:03:01] [BEAT] [aria] load=0.02 mem=6865/8059MB temp=51.8C disk=82%
[2026-03-20 00:04:01] [BEAT] [aria] load=0.07 mem=6864/8059MB temp=50.1C disk=82%
[2026-03-20 00:05:01] [BEAT] [aria] load=0.07 mem=6834/8059MB temp=52.9C disk=82%
[2026-03-20 00:06:01] [BEAT] [aria] load=0.16 mem=6856/8059MB temp=51.2C disk=82%
[2026-03-20 00:07:01] [BEAT] [aria] load=0.10 mem=6855/8059MB temp=51.2C disk=82%
[2026-03-20 00:08:01] [BEAT] [aria] load=0.13 mem=6853/8059MB temp=50.7C disk=82%
[2026-03-20 00:09:01] [BEAT] [aria] load=0.05 mem=6855/8059MB temp=51.2C disk=82%
[2026-03-20 00:10:01] [FLEET] [aria] Starting cross-node health check
[2026-03-20 00:10:01] [BEAT] [aria] load=0.08 mem=6827/8059MB temp=52.4C disk=82%
[2026-03-20 00:10:02] [FLEET] [aria] alice: UP temp=37C mem=3098MB disk=86%
[2026-03-20 00:10:04] [FLEET] [aria] octavia: DOWN (no ping response)
[2026-03-20 00:10:04] [FLEET] [aria] cecilia: UP temp=57C mem=2022MB disk=34%
[2026-03-20 00:10:06] [FLEET] [aria] gematria: UP temp=C mem=5507MB disk=70%
[2026-03-20 00:10:06] [FLEET] [aria] lucidia: PING OK but SSH failed
[2026-03-20 00:10:08] [FLEET] [aria] anastasia: DOWN (no ping response)
[2026-03-20 00:11:01] [BEAT] [aria] load=0.06 mem=6854/8059MB temp=51.2C disk=82%
[2026-03-20 00:12:01] [BEAT] [aria] load=0.20 mem=6854/8059MB temp=52.9C disk=82%
[2026-03-20 00:13:01] [BEAT] [aria] load=0.07 mem=6844/8059MB temp=52.9C disk=82%
[2026-03-20 00:14:01] [BEAT] [aria] load=0.02 mem=6838/8059MB temp=51.8C disk=82%
[2026-03-20 00:15:01] [BEAT] [aria] load=0.01 mem=6813/8059MB temp=53.5C disk=82%
[2026-03-20 00:15:47] [DIAL] [aria] Switchboard unreachable
[2026-03-20 00:16:01] [BEAT] [aria] load=0.38 mem=6848/8059MB temp=52.4C disk=82%
[2026-03-20 00:17:01] [BEAT] [aria] load=0.96 mem=6851/8059MB temp=51.8C disk=82%
[2026-03-20 00:18:01] [BEAT] [aria] load=0.54 mem=6850/8059MB temp=52.4C disk=82%
[2026-03-20 00:19:01] [BEAT] [aria] load=0.20 mem=6837/8059MB temp=52.9C disk=82%
[2026-03-20 00:20:01] [FLEET] [aria] Starting cross-node health check
[2026-03-20 00:20:01] [BEAT] [aria] load=0.13 mem=6809/8059MB temp=52.9C disk=82%
[2026-03-20 00:20:01] [FLEET] [aria] alice: UP temp=37C mem=3107MB disk=86%
[2026-03-20 00:20:03] [FLEET] [aria] octavia: DOWN (no ping response)
[2026-03-20 00:20:04] [FLEET] [aria] cecilia: UP temp=58C mem=1270MB disk=34%
[2026-03-20 00:20:06] [FLEET] [aria] gematria: UP temp=C mem=5517MB disk=70%
[2026-03-20 00:20:06] [FLEET] [aria] lucidia: PING OK but SSH failed
[2026-03-20 00:20:08] [FLEET] [aria] anastasia: DOWN (no ping response)
[2026-03-20 00:21:01] [BEAT] [aria] load=0.18 mem=6841/8059MB temp=53.5C disk=82%
[2026-03-20 00:22:01] [BEAT] [aria] load=0.27 mem=6843/8059MB temp=53.5C disk=82%
[2026-03-20 00:23:01] [BEAT] [aria] load=0.14 mem=6843/8059MB temp=52.9C disk=82%
[2026-03-20 00:24:01] [BEAT] [aria] load=0.11 mem=6845/8059MB temp=53.5C disk=82%
[2026-03-20 00:25:01] [BEAT] [aria] load=0.18 mem=6822/8059MB temp=52.4C disk=82%
[2026-03-20 00:26:01] [BEAT] [aria] load=0.25 mem=6845/8059MB temp=52.4C disk=82%
[2026-03-20 00:27:01] [BEAT] [aria] load=0.09 mem=6845/8059MB temp=52.9C disk=82%
[2026-03-20 00:28:01] [BEAT] [aria] load=0.31 mem=6842/8059MB temp=52.4C disk=82%
[2026-03-20 00:29:01] [BEAT] [aria] load=0.17 mem=6843/8059MB temp=54.5C disk=82%
[2026-03-20 00:30:01] [FLEET] [aria] Starting cross-node health check
[2026-03-20 00:30:01] [BEAT] [aria] load=0.06 mem=6814/8059MB temp=53.5C disk=82%
[2026-03-20 00:30:01] [FLEET] [aria] alice: UP temp=37C mem=3111MB disk=86%
[2026-03-20 00:30:03] [FLEET] [aria] octavia: DOWN (no ping response)
[2026-03-20 00:30:04] [FLEET] [aria] cecilia: UP temp=44C mem=1371MB disk=34%
[2026-03-20 00:30:05] [FLEET] [aria] gematria: UP temp=C mem=5523MB disk=70%
[2026-03-20 00:30:07] [FLEET] [aria] lucidia: PING OK but SSH failed
[2026-03-20 00:30:09] [FLEET] [aria] anastasia: DOWN (no ping response)
[2026-03-20 00:30:46] [DIAL] [aria] Switchboard unreachable
[2026-03-20 00:31:01] [BEAT] [aria] load=0.02 mem=6844/8059MB temp=53.5C disk=82%
[2026-03-20 00:32:01] [BEAT] [aria] load=0.10 mem=6839/8059MB temp=53.5C disk=82%
[2026-03-20 00:33:01] [BEAT] [aria] load=0.04 mem=6843/8059MB temp=52.9C disk=82%
[2026-03-20 00:34:01] [BEAT] [aria] load=0.09 mem=6839/8059MB temp=52.9C disk=82%
[2026-03-20 00:35:01] [BEAT] [aria] load=0.15 mem=6817/8059MB temp=52.9C disk=82%
[2026-03-20 00:36:01] [BEAT] [aria] load=0.12 mem=6840/8059MB temp=52.9C disk=82%
[2026-03-20 00:37:01] [BEAT] [aria] load=0.53 mem=6833/8059MB temp=53.5C disk=82%
[2026-03-20 00:38:01] [BEAT] [aria] load=0.97 mem=6835/8059MB temp=52.9C disk=82%
[2026-03-20 00:39:01] [BEAT] [aria] load=0.57 mem=6840/8059MB temp=53.5C disk=82%
[2026-03-20 00:40:01] [FLEET] [aria] Starting cross-node health check
[2026-03-20 00:40:01] [BEAT] [aria] load=0.28 mem=6764/8059MB temp=54.5C disk=82%
[2026-03-20 00:40:01] [FLEET] [aria] alice: UP temp=37C mem=3107MB disk=86%
[2026-03-20 00:40:03] [FLEET] [aria] octavia: DOWN (no ping response)
[2026-03-20 00:40:04] [FLEET] [aria] cecilia: UP temp=41C mem=1372MB disk=34%
[2026-03-20 00:40:05] [FLEET] [aria] gematria: UP temp=C mem=5496MB disk=70%
[2026-03-20 00:40:06] [FLEET] [aria] lucidia: PING OK but SSH failed
[2026-03-20 00:40:08] [FLEET] [aria] anastasia: DOWN (no ping response)
[2026-03-20 00:41:01] [BEAT] [aria] load=0.29 mem=6794/8059MB temp=53.5C disk=82%
[2026-03-20 00:42:01] [BEAT] [aria] load=0.19 mem=6781/8059MB temp=53.5C disk=82%
[2026-03-20 00:43:01] [BEAT] [aria] load=0.10 mem=6863/8059MB temp=53.5C disk=82%
[2026-03-20 00:44:01] [BEAT] [aria] load=0.18 mem=6862/8059MB temp=53.5C disk=82%
[2026-03-20 00:45:01] [BEAT] [aria] load=0.07 mem=6844/8059MB temp=55.6C disk=82%
[2026-03-20 00:45:46] [DIAL] [aria] Switchboard unreachable
[2026-03-20 00:46:01] [BEAT] [aria] load=0.69 mem=6885/8059MB temp=53.5C disk=82%
[2026-03-20 00:47:01] [BEAT] [aria] load=0.25 mem=6880/8059MB temp=53.5C disk=82%
[2026-03-20 00:48:01] [BEAT] [aria] load=0.16 mem=6881/8059MB temp=54.0C disk=82%
[2026-03-20 00:49:01] [BEAT] [aria] load=0.06 mem=6882/8059MB temp=52.9C disk=82%
[2026-03-20 00:50:01] [FLEET] [aria] Starting cross-node health check
[2026-03-20 00:50:01] [BEAT] [aria] load=0.02 mem=6848/8059MB temp=52.4C disk=82%
[2026-03-20 00:50:02] [FLEET] [aria] alice: UP temp=38C mem=3108MB disk=86%
[2026-03-20 00:50:04] [FLEET] [aria] octavia: DOWN (no ping response)
[2026-03-20 00:50:04] [FLEET] [aria] cecilia: UP temp=51C mem=1324MB disk=34%
[2026-03-20 00:50:05] [FLEET] [aria] gematria: UP temp=C mem=5507MB disk=70%
[2026-03-20 00:50:06] [FLEET] [aria] lucidia: PING OK but SSH failed
[2026-03-20 00:50:08] [FLEET] [aria] anastasia: DOWN (no ping response)
[2026-03-20 00:51:01] [BEAT] [aria] load=0.14 mem=6883/8059MB temp=52.4C disk=82%
[2026-03-20 00:52:01] [BEAT] [aria] load=0.05 mem=6870/8059MB temp=54.5C disk=82%
[2026-03-20 00:53:01] [BEAT] [aria] load=0.07 mem=6883/8059MB temp=53.5C disk=82%
[2026-03-20 00:54:01] [BEAT] [aria] load=0.02 mem=6884/8059MB temp=52.9C disk=82%
[2026-03-20 00:55:01] [BEAT] [aria] load=0.01 mem=6857/8059MB temp=52.9C disk=82%
[2026-03-20 00:56:01] [BEAT] [aria] load=0.00 mem=6877/8059MB temp=52.4C disk=82%
[2026-03-20 00:57:01] [BEAT] [aria] load=0.07 mem=6865/8059MB temp=51.2C disk=82%
[2026-03-20 00:58:01] [BEAT] [aria] load=0.99 mem=6879/8059MB temp=50.1C disk=82%
[2026-03-20 00:59:01] [BEAT] [aria] load=1.54 mem=6941/8059MB temp=49.6C disk=82%
[2026-03-20 01:00:01] [FLEET] [aria] Starting cross-node health check
[2026-03-20 01:00:01] [BEAT] [aria] load=0.63 mem=6912/8059MB temp=51.2C disk=82%
[2026-03-20 01:00:01] [FLEET] [aria] alice: UP temp=36C mem=3101MB disk=87%
[2026-03-20 01:00:03] [FLEET] [aria] octavia: DOWN (no ping response)
[2026-03-20 01:00:04] [FLEET] [aria] cecilia: UP temp=55C mem=1361MB disk=34%
[2026-03-20 01:00:06] [FLEET] [aria] gematria: UP temp=C mem=5506MB disk=70%
[2026-03-20 01:00:08] [FLEET] [aria] lucidia: PING OK but SSH failed
[2026-03-20 01:00:10] [FLEET] [aria] anastasia: DOWN (no ping response)
[2026-03-20 01:00:46] [DIAL] [aria] Switchboard unreachable
[2026-03-20 01:01:01] [BEAT] [aria] load=0.44 mem=6948/8059MB temp=51.2C disk=82%
[2026-03-20 01:02:01] [BEAT] [aria] load=0.21 mem=6929/8059MB temp=51.2C disk=82%
[2026-03-20 01:03:01] [BEAT] [aria] load=0.14 mem=6942/8059MB temp=51.2C disk=82%
[2026-03-20 01:04:01] [BEAT] [aria] load=0.09 mem=6945/8059MB temp=50.7C disk=82%
[2026-03-20 01:05:01] [BEAT] [aria] load=0.06 mem=6906/8059MB temp=51.8C disk=82%
[2026-03-20 01:06:01] [BEAT] [aria] load=0.02 mem=6943/8059MB temp=51.2C disk=82%
[2026-03-20 01:07:01] [BEAT] [aria] load=0.07 mem=6939/8059MB temp=52.4C disk=82%
[2026-03-20 01:08:01] [BEAT] [aria] load=0.08 mem=6944/8059MB temp=51.2C disk=82%
[2026-03-20 01:09:01] [BEAT] [aria] load=0.13 mem=6943/8059MB temp=51.8C disk=82%
[2026-03-20 01:10:01] [FLEET] [aria] Starting cross-node health check
[2026-03-20 01:10:01] [BEAT] [aria] load=0.05 mem=6913/8059MB temp=53.5C disk=82%
[2026-03-20 01:10:02] [FLEET] [aria] alice: UP temp=38C mem=3104MB disk=87%
[2026-03-20 01:10:04] [FLEET] [aria] octavia: DOWN (no ping response)
[2026-03-20 01:10:05] [FLEET] [aria] cecilia: UP temp=41C mem=1335MB disk=34%
[2026-03-20 01:10:07] [FLEET] [aria] gematria: UP temp=C mem=5429MB disk=70%
[2026-03-20 01:10:07] [FLEET] [aria] lucidia: PING OK but SSH failed
[2026-03-20 01:10:09] [FLEET] [aria] anastasia: DOWN (no ping response)
[2026-03-20 01:11:01] [BEAT] [aria] load=0.05 mem=6940/8059MB temp=51.8C disk=82%
[2026-03-20 01:12:01] [BEAT] [aria] load=0.28 mem=6942/8059MB temp=52.9C disk=82%
[2026-03-20 01:13:01] [BEAT] [aria] load=0.20 mem=6942/8059MB temp=52.4C disk=82%
[2026-03-20 01:14:01] [BEAT] [aria] load=0.15 mem=6941/8059MB temp=52.4C disk=82%
[2026-03-20 01:15:01] [BEAT] [aria] load=0.05 mem=6915/8059MB temp=52.4C disk=82%
[2026-03-20 01:15:46] [DIAL] [aria] Switchboard unreachable
[2026-03-20 01:16:01] [BEAT] [aria] load=0.14 mem=6947/8059MB temp=53.5C disk=82%
[2026-03-20 01:17:01] [BEAT] [aria] load=0.05 mem=6940/8059MB temp=51.8C disk=82%
[2026-03-20 01:18:01] [BEAT] [aria] load=0.10 mem=6940/8059MB temp=52.4C disk=82%
[2026-03-20 01:19:01] [BEAT] [aria] load=0.57 mem=6943/8059MB temp=52.4C disk=82%
[2026-03-20 01:20:01] [FLEET] [aria] Starting cross-node health check
[2026-03-20 01:20:01] [BEAT] [aria] load=0.90 mem=6911/8059MB temp=54.0C disk=82%
[2026-03-20 01:20:02] [FLEET] [aria] alice: UP temp=37C mem=3107MB disk=87%
[2026-03-20 01:20:04] [FLEET] [aria] octavia: DOWN (no ping response)
[2026-03-20 01:20:04] [FLEET] [aria] cecilia: UP temp=39C mem=1370MB disk=34%
[2026-03-20 01:20:06] [FLEET] [aria] gematria: UP temp=C mem=5498MB disk=70%
[2026-03-20 01:20:06] [FLEET] [aria] lucidia: PING OK but SSH failed
[2026-03-20 01:20:08] [FLEET] [aria] anastasia: DOWN (no ping response)
[2026-03-20 01:21:01] [BEAT] [aria] load=0.39 mem=6943/8059MB temp=53.5C disk=82%
[2026-03-20 01:22:01] [BEAT] [aria] load=0.14 mem=6943/8059MB temp=52.4C disk=82%
[2026-03-20 01:23:01] [BEAT] [aria] load=0.26 mem=6946/8059MB temp=54.0C disk=82%
[2026-03-20 01:24:01] [BEAT] [aria] load=0.14 mem=6941/8059MB temp=54.0C disk=82%
[2026-03-20 01:25:01] [BEAT] [aria] load=0.16 mem=6920/8059MB temp=53.5C disk=82%
[2026-03-20 01:26:01] [BEAT] [aria] load=0.06 mem=6945/8059MB temp=53.5C disk=82%
[2026-03-20 01:27:01] [BEAT] [aria] load=0.06 mem=6944/8059MB temp=52.4C disk=82%
[2026-03-20 01:28:01] [BEAT] [aria] load=0.09 mem=6943/8059MB temp=52.9C disk=82%
[2026-03-20 01:29:01] [BEAT] [aria] load=0.07 mem=6942/8059MB temp=54.5C disk=82%
[2026-03-20 01:30:02] [FLEET] [aria] Starting cross-node health check
[2026-03-20 01:30:02] [BEAT] [aria] load=0.10 mem=6914/8059MB temp=53.5C disk=82%
[2026-03-20 01:30:02] [FLEET] [aria] alice: UP temp=37C mem=3103MB disk=87%
[2026-03-20 01:30:04] [FLEET] [aria] octavia: DOWN (no ping response)
[2026-03-20 01:30:05] [FLEET] [aria] cecilia: UP temp=40C mem=1363MB disk=34%
[2026-03-20 01:30:06] [FLEET] [aria] gematria: UP temp=C mem=5528MB disk=70%
[2026-03-20 01:30:07] [FLEET] [aria] lucidia: PING OK but SSH failed
[2026-03-20 01:30:09] [FLEET] [aria] anastasia: DOWN (no ping response)
[2026-03-20 01:30:47] [DIAL] [aria] Switchboard unreachable
[2026-03-20 01:31:01] [BEAT] [aria] load=0.07 mem=6943/8059MB temp=52.4C disk=82%
[2026-03-20 01:32:01] [BEAT] [aria] load=0.10 mem=6942/8059MB temp=54.0C disk=82%
[2026-03-20 01:33:01] [BEAT] [aria] load=0.03 mem=6946/8059MB temp=53.5C disk=82%
[2026-03-20 01:34:01] [BEAT] [aria] load=0.06 mem=6942/8059MB temp=54.0C disk=82%
[2026-03-20 01:35:01] [BEAT] [aria] load=0.02 mem=6914/8059MB temp=54.0C disk=82%
[2026-03-20 01:36:01] [BEAT] [aria] load=0.04 mem=6943/8059MB temp=52.9C disk=82%
[2026-03-20 01:37:01] [BEAT] [aria] load=0.06 mem=6943/8059MB temp=52.4C disk=82%
[2026-03-20 01:38:01] [BEAT] [aria] load=0.02 mem=6941/8059MB temp=51.8C disk=82%
[2026-03-20 01:39:01] [BEAT] [aria] load=0.22 mem=6944/8059MB temp=53.5C disk=82%
[2026-03-20 01:40:01] [FLEET] [aria] Starting cross-node health check
[2026-03-20 01:40:01] [BEAT] [aria] load=0.65 mem=6916/8059MB temp=54.0C disk=82%
[2026-03-20 01:40:02] [FLEET] [aria] alice: UP temp=35C mem=3108MB disk=87%
[2026-03-20 01:40:04] [FLEET] [aria] octavia: DOWN (no ping response)
[2026-03-20 01:40:04] [FLEET] [aria] cecilia: UP temp=39C mem=1422MB disk=34%
[2026-03-20 01:40:06] [FLEET] [aria] gematria: UP temp=C mem=5528MB disk=70%
[2026-03-20 01:40:06] [FLEET] [aria] lucidia: PING OK but SSH failed
[2026-03-20 01:40:08] [FLEET] [aria] anastasia: DOWN (no ping response)
[2026-03-20 01:41:01] [BEAT] [aria] load=0.83 mem=6941/8059MB temp=52.9C disk=82%
[2026-03-20 01:42:01] [BEAT] [aria] load=0.37 mem=6941/8059MB temp=51.8C disk=82%
[2026-03-20 01:43:01] [BEAT] [aria] load=0.21 mem=6944/8059MB temp=52.9C disk=82%
[2026-03-20 01:44:01] [BEAT] [aria] load=0.07 mem=6944/8059MB temp=52.4C disk=82%
[2026-03-20 01:45:01] [BEAT] [aria] load=0.06 mem=6920/8059MB temp=52.9C disk=82%
[2026-03-20 01:45:46] [DIAL] [aria] Switchboard unreachable
[2026-03-20 01:46:01] [BEAT] [aria] load=0.07 mem=6943/8059MB temp=52.9C disk=82%
[2026-03-20 01:47:01] [BEAT] [aria] load=0.02 mem=6942/8059MB temp=52.9C disk=82%
[2026-03-20 01:48:01] [BEAT] [aria] load=0.24 mem=6940/8059MB temp=53.5C disk=82%
[2026-03-20 01:49:01] [BEAT] [aria] load=0.13 mem=6943/8059MB temp=53.5C disk=82%
[2026-03-20 01:50:01] [FLEET] [aria] Starting cross-node health check
[2026-03-20 01:50:01] [BEAT] [aria] load=0.10 mem=6913/8059MB temp=54.0C disk=82%
[2026-03-20 01:50:02] [FLEET] [aria] alice: UP temp=37C mem=3113MB disk=87%
[2026-03-20 01:50:04] [FLEET] [aria] octavia: DOWN (no ping response)
[2026-03-20 01:50:05] [FLEET] [aria] cecilia: UP temp=39C mem=1388MB disk=34%
[2026-03-20 01:50:06] [FLEET] [aria] gematria: UP temp=C mem=5521MB disk=70%
[2026-03-20 01:50:06] [FLEET] [aria] lucidia: PING OK but SSH failed
[2026-03-20 01:50:08] [FLEET] [aria] anastasia: DOWN (no ping response)
[2026-03-20 01:51:01] [BEAT] [aria] load=0.03 mem=6944/8059MB temp=53.5C disk=82%
[2026-03-20 01:52:02] [BEAT] [aria] load=0.13 mem=6941/8059MB temp=52.9C disk=82%
[2026-03-20 01:53:01] [BEAT] [aria] load=0.09 mem=6945/8059MB temp=52.9C disk=82%
[2026-03-20 01:54:01] [BEAT] [aria] load=0.22 mem=6919/8059MB temp=54.0C disk=82%
[2026-03-20 01:55:01] [BEAT] [aria] load=0.21 mem=6892/8059MB temp=52.4C disk=82%
[2026-03-20 01:56:01] [BEAT] [aria] load=0.07 mem=6918/8059MB temp=51.8C disk=82%
[2026-03-20 01:57:01] [BEAT] [aria] load=0.02 mem=6929/8059MB temp=51.2C disk=82%
[2026-03-20 01:58:01] [BEAT] [aria] load=0.01 mem=6927/8059MB temp=52.4C disk=82%
[2026-03-20 01:59:01] [BEAT] [aria] load=0.09 mem=6934/8059MB temp=51.2C disk=82%
[2026-03-20 02:00:01] [FLEET] [aria] Starting cross-node health check
[2026-03-20 02:00:01] [BEAT] [aria] load=0.08 mem=6893/8059MB temp=51.2C disk=82%
[2026-03-20 02:00:02] [FLEET] [aria] alice: UP temp=36C mem=3099MB disk=87%
[2026-03-20 02:00:04] [FLEET] [aria] octavia: DOWN (no ping response)
[2026-03-20 02:00:04] [FLEET] [aria] cecilia: UP temp=38C mem=1377MB disk=34%
[2026-03-20 02:00:06] [FLEET] [aria] gematria: UP temp=C mem=5507MB disk=70%
[2026-03-20 02:00:07] [FLEET] [aria] lucidia: PING OK but SSH failed
[2026-03-20 02:00:09] [FLEET] [aria] anastasia: DOWN (no ping response)
[2026-03-20 02:00:46] [DIAL] [aria] Switchboard unreachable
[2026-03-20 02:01:01] [BEAT] [aria] load=0.80 mem=6930/8059MB temp=51.8C disk=82%
[2026-03-20 02:02:01] [BEAT] [aria] load=0.63 mem=6930/8059MB temp=50.7C disk=82%
[2026-03-20 02:03:01] [BEAT] [aria] load=0.23 mem=6932/8059MB temp=50.7C disk=82%
[2026-03-20 02:04:01] [BEAT] [aria] load=0.21 mem=6928/8059MB temp=50.7C disk=82%
[2026-03-20 02:05:01] [BEAT] [aria] load=0.15 mem=6902/8059MB temp=51.8C disk=82%
[2026-03-20 02:06:01] [BEAT] [aria] load=0.10 mem=6928/8059MB temp=51.2C disk=82%
[2026-03-20 02:07:01] [BEAT] [aria] load=0.12 mem=6927/8059MB temp=51.8C disk=82%
[2026-03-20 02:08:01] [BEAT] [aria] load=0.25 mem=6924/8059MB temp=51.8C disk=82%
[2026-03-20 02:09:01] [BEAT] [aria] load=0.19 mem=6929/8059MB temp=52.9C disk=82%
[2026-03-20 02:10:01] [FLEET] [aria] Starting cross-node health check
[2026-03-20 02:10:01] [BEAT] [aria] load=0.13 mem=6904/8059MB temp=52.4C disk=82%
[2026-03-20 02:10:01] [FLEET] [aria] alice: UP temp=35C mem=3116MB disk=87%
[2026-03-20 02:10:03] [FLEET] [aria] octavia: DOWN (no ping response)
[2026-03-20 02:10:04] [FLEET] [aria] cecilia: UP temp=39C mem=1380MB disk=34%
[2026-03-20 02:10:05] [FLEET] [aria] gematria: UP temp=C mem=5472MB disk=70%
[2026-03-20 02:10:06] [FLEET] [aria] lucidia: PING OK but SSH failed
[2026-03-20 02:10:08] [FLEET] [aria] anastasia: DOWN (no ping response)
[2026-03-20 02:11:01] [BEAT] [aria] load=0.18 mem=6932/8059MB temp=52.4C disk=82%
[2026-03-20 02:12:01] [BEAT] [aria] load=0.07 mem=6925/8059MB temp=52.4C disk=82%
[2026-03-20 02:13:01] [BEAT] [aria] load=0.02 mem=6928/8059MB temp=52.9C disk=82%
[2026-03-20 02:14:01] [BEAT] [aria] load=0.01 mem=6928/8059MB temp=51.8C disk=82%
[2026-03-20 02:15:01] [BEAT] [aria] load=0.05 mem=6889/8059MB temp=52.9C disk=82%
[2026-03-20 02:15:46] [DIAL] [aria] Switchboard unreachable
[2026-03-20 02:16:01] [BEAT] [aria] load=0.12 mem=6926/8059MB temp=52.9C disk=82%
[2026-03-20 02:17:01] [BEAT] [aria] load=0.08 mem=6929/8059MB temp=54.0C disk=82%
[2026-03-20 02:18:01] [BEAT] [aria] load=0.07 mem=6934/8059MB temp=51.8C disk=82%
[2026-03-20 02:19:01] [BEAT] [aria] load=0.02 mem=6929/8059MB temp=52.9C disk=82%
[2026-03-20 02:20:01] [FLEET] [aria] Starting cross-node health check
[2026-03-20 02:20:01] [BEAT] [aria] load=0.29 mem=6902/8059MB temp=52.9C disk=82%
[2026-03-20 02:20:02] [FLEET] [aria] alice: UP temp=35C mem=3109MB disk=87%
[2026-03-20 02:20:04] [FLEET] [aria] octavia: DOWN (no ping response)
[2026-03-20 02:20:04] [FLEET] [aria] cecilia: UP temp=39C mem=1366MB disk=34%
[2026-03-20 02:20:05] [FLEET] [aria] gematria: UP temp=C mem=5477MB disk=70%
[2026-03-20 02:20:06] [FLEET] [aria] lucidia: PING OK but SSH failed
[2026-03-20 02:20:08] [FLEET] [aria] anastasia: DOWN (no ping response)
[2026-03-20 02:21:01] [BEAT] [aria] load=0.26 mem=6927/8059MB temp=52.4C disk=82%
[2026-03-20 02:22:01] [BEAT] [aria] load=0.81 mem=6926/8059MB temp=51.8C disk=82%
[2026-03-20 02:23:01] [BEAT] [aria] load=0.63 mem=6926/8059MB temp=52.9C disk=82%
[2026-03-20 02:24:01] [BEAT] [aria] load=0.27 mem=6929/8059MB temp=52.4C disk=82%
[2026-03-20 02:25:01] [BEAT] [aria] load=0.10 mem=6898/8059MB temp=54.5C disk=82%
[2026-03-20 02:26:01] [BEAT] [aria] load=0.07 mem=6928/8059MB temp=51.8C disk=82%
[2026-03-20 02:27:01] [BEAT] [aria] load=0.17 mem=6916/8059MB temp=52.4C disk=82%
[2026-03-20 02:28:01] [BEAT] [aria] load=0.11 mem=6924/8059MB temp=52.9C disk=82%
[2026-03-20 02:29:01] [BEAT] [aria] load=0.14 mem=6926/8059MB temp=52.9C disk=82%
[2026-03-20 02:30:01] [FLEET] [aria] Starting cross-node health check
[2026-03-20 02:30:01] [BEAT] [aria] load=0.05 mem=6888/8059MB temp=54.0C disk=82%
[2026-03-20 02:30:02] [FLEET] [aria] alice: UP temp=36C mem=3104MB disk=87%
[2026-03-20 02:30:04] [FLEET] [aria] octavia: DOWN (no ping response)
[2026-03-20 02:30:04] [FLEET] [aria] cecilia: UP temp=39C mem=1346MB disk=34%
[2026-03-20 02:30:06] [FLEET] [aria] gematria: UP temp=C mem=5465MB disk=70%
[2026-03-20 02:30:06] [FLEET] [aria] lucidia: PING OK but SSH failed
[2026-03-20 02:30:08] [FLEET] [aria] anastasia: DOWN (no ping response)
[2026-03-20 02:30:47] [DIAL] [aria] Switchboard unreachable
[2026-03-20 02:31:01] [BEAT] [aria] load=0.18 mem=6921/8059MB temp=52.9C disk=82%
[2026-03-20 02:32:01] [BEAT] [aria] load=0.07 mem=6912/8059MB temp=52.9C disk=82%
[2026-03-20 02:33:01] [BEAT] [aria] load=0.12 mem=6920/8059MB temp=52.9C disk=82%
[2026-03-20 02:34:01] [BEAT] [aria] load=0.12 mem=6918/8059MB temp=53.5C disk=82%
[2026-03-20 02:35:01] [BEAT] [aria] load=0.04 mem=6894/8059MB temp=53.5C disk=82%
[2026-03-20 02:36:01] [BEAT] [aria] load=0.08 mem=6922/8059MB temp=51.8C disk=82%
[2026-03-20 02:37:01] [BEAT] [aria] load=0.06 mem=6927/8059MB temp=54.5C disk=82%
[2026-03-20 02:38:01] [BEAT] [aria] load=0.20 mem=6927/8059MB temp=53.5C disk=82%
[2026-03-20 02:39:01] [BEAT] [aria] load=0.07 mem=6926/8059MB temp=52.9C disk=82%
[2026-03-20 02:40:01] [FLEET] [aria] Starting cross-node health check
[2026-03-20 02:40:01] [BEAT] [aria] load=0.02 mem=6895/8059MB temp=54.0C disk=82%
[2026-03-20 02:40:02] [FLEET] [aria] alice: UP temp=38C mem=3107MB disk=87%
[2026-03-20 02:40:04] [FLEET] [aria] octavia: DOWN (no ping response)
[2026-03-20 02:40:04] [FLEET] [aria] cecilia: UP temp=39C mem=1337MB disk=34%
[2026-03-20 02:40:05] [FLEET] [aria] gematria: UP temp=C mem=5503MB disk=70%
[2026-03-20 02:40:06] [FLEET] [aria] lucidia: PING OK but SSH failed
[2026-03-20 02:40:08] [FLEET] [aria] anastasia: DOWN (no ping response)
[2026-03-20 02:41:01] [BEAT] [aria] load=0.12 mem=6923/8059MB temp=52.4C disk=82%
[2026-03-20 02:42:01] [BEAT] [aria] load=0.43 mem=6923/8059MB temp=53.5C disk=82%
[2026-03-20 02:43:01] [BEAT] [aria] load=1.20 mem=6924/8059MB temp=53.5C disk=82%
[2026-03-20 02:44:01] [BEAT] [aria] load=0.50 mem=6926/8059MB temp=52.9C disk=82%
[2026-03-20 02:45:01] [BEAT] [aria] load=0.18 mem=6896/8059MB temp=52.4C disk=82%
[2026-03-20 02:45:46] [DIAL] [aria] Switchboard unreachable
[2026-03-20 02:46:01] [BEAT] [aria] load=0.20 mem=6919/8059MB temp=52.4C disk=82%
[2026-03-20 02:47:01] [BEAT] [aria] load=0.12 mem=6925/8059MB temp=53.5C disk=82%
[2026-03-20 02:48:01] [BEAT] [aria] load=0.08 mem=6921/8059MB temp=52.9C disk=82%
[2026-03-20 02:49:01] [BEAT] [aria] load=0.07 mem=6925/8059MB temp=52.9C disk=82%
[2026-03-20 02:50:01] [FLEET] [aria] Starting cross-node health check
[2026-03-20 02:50:01] [BEAT] [aria] load=0.02 mem=6904/8059MB temp=54.5C disk=82%
[2026-03-20 02:50:02] [FLEET] [aria] alice: UP temp=37C mem=3108MB disk=87%
[2026-03-20 02:50:04] [FLEET] [aria] octavia: DOWN (no ping response)
[2026-03-20 02:50:04] [FLEET] [aria] cecilia: UP temp=39C mem=1352MB disk=34%
[2026-03-20 02:50:05] [FLEET] [aria] gematria: UP temp=C mem=5490MB disk=70%
[2026-03-20 02:50:06] [FLEET] [aria] lucidia: PING OK but SSH failed
[2026-03-20 02:50:08] [FLEET] [aria] anastasia: DOWN (no ping response)
[2026-03-20 02:51:01] [BEAT] [aria] load=0.01 mem=6923/8059MB temp=53.5C disk=82%
[2026-03-20 02:52:01] [BEAT] [aria] load=0.07 mem=6922/8059MB temp=52.9C disk=82%
[2026-03-20 02:53:01] [BEAT] [aria] load=0.14 mem=6918/8059MB temp=53.5C disk=82%
[2026-03-20 02:54:01] [BEAT] [aria] load=0.10 mem=6922/8059MB temp=52.4C disk=82%
[2026-03-20 02:55:01] [BEAT] [aria] load=0.04 mem=6899/8059MB temp=52.4C disk=82%
[2026-03-20 02:56:01] [BEAT] [aria] load=0.01 mem=6920/8059MB temp=51.8C disk=82%
[2026-03-20 02:57:01] [BEAT] [aria] load=0.00 mem=6923/8059MB temp=50.7C disk=82%
[2026-03-20 02:58:01] [BEAT] [aria] load=0.26 mem=6923/8059MB temp=50.1C disk=82%
[2026-03-20 02:59:01] [BEAT] [aria] load=0.24 mem=6925/8059MB temp=50.1C disk=82%
[2026-03-20 03:00:01] [FLEET] [aria] Starting cross-node health check
[2026-03-20 03:00:01] [BEAT] [aria] load=0.09 mem=6882/8059MB temp=51.2C disk=82%
[2026-03-20 03:00:02] [FLEET] [aria] alice: UP temp=36C mem=3094MB disk=87%
[2026-03-20 03:00:04] [FLEET] [aria] octavia: DOWN (no ping response)
[2026-03-20 03:00:04] [FLEET] [aria] cecilia: UP temp=37C mem=1370MB disk=34%
[2026-03-20 03:00:06] [FLEET] [aria] gematria: UP temp=C mem=5435MB disk=70%
[2026-03-20 03:00:06] [FLEET] [aria] lucidia: PING OK but SSH failed
[2026-03-20 03:00:08] [FLEET] [aria] anastasia: DOWN (no ping response)
[2026-03-20 03:00:46] [DIAL] [aria] Switchboard unreachable
[2026-03-20 03:01:01] [BEAT] [aria] load=0.32 mem=6921/8059MB temp=51.2C disk=82%
[2026-03-20 03:02:01] [BEAT] [aria] load=0.11 mem=6922/8059MB temp=50.1C disk=82%
[2026-03-20 03:03:01] [BEAT] [aria] load=0.43 mem=6917/8059MB temp=51.2C disk=82%
[2026-03-20 03:04:01] [BEAT] [aria] load=1.01 mem=6920/8059MB temp=52.4C disk=82%
[2026-03-20 03:05:02] [BEAT] [aria] load=0.59 mem=6889/8059MB temp=52.9C disk=82%
[2026-03-20 03:06:01] [BEAT] [aria] load=0.25 mem=6914/8059MB temp=50.7C disk=82%
[2026-03-20 03:07:01] [BEAT] [aria] load=0.15 mem=6931/8059MB temp=51.8C disk=82%
[2026-03-20 03:08:01] [BEAT] [aria] load=0.12 mem=6926/8059MB temp=50.1C disk=82%
[2026-03-20 03:09:01] [BEAT] [aria] load=0.08 mem=6954/8059MB temp=51.8C disk=82%
[2026-03-20 03:10:01] [FLEET] [aria] Starting cross-node health check
[2026-03-20 03:10:01] [BEAT] [aria] load=0.03 mem=6928/8059MB temp=52.4C disk=82%
[2026-03-20 03:10:01] [FLEET] [aria] alice: UP temp=37C mem=3094MB disk=87%
[2026-03-20 03:10:03] [FLEET] [aria] octavia: DOWN (no ping response)
[2026-03-20 03:10:04] [FLEET] [aria] cecilia: UP temp=39C mem=1369MB disk=34%
[2026-03-20 03:10:06] [FLEET] [aria] gematria: UP temp=C mem=5486MB disk=70%
[2026-03-20 03:10:06] [FLEET] [aria] lucidia: PING OK but SSH failed
[2026-03-20 03:10:08] [FLEET] [aria] anastasia: DOWN (no ping response)
[2026-03-20 03:11:01] [BEAT] [aria] load=0.06 mem=6954/8059MB temp=52.9C disk=82%
[2026-03-20 03:12:01] [BEAT] [aria] load=0.11 mem=6956/8059MB temp=51.8C disk=82%
[2026-03-20 03:13:01] [BEAT] [aria] load=0.17 mem=6953/8059MB temp=52.4C disk=82%
[2026-03-20 03:14:01] [BEAT] [aria] load=0.10 mem=6958/8059MB temp=51.8C disk=82%
[2026-03-20 03:15:01] [BEAT] [aria] load=0.03 mem=6921/8059MB temp=52.9C disk=82%
[2026-03-20 03:15:46] [DIAL] [aria] Switchboard unreachable
[2026-03-20 03:16:01] [BEAT] [aria] load=0.08 mem=6958/8059MB temp=51.8C disk=82%
[2026-03-20 03:17:01] [BEAT] [aria] load=0.15 mem=6956/8059MB temp=52.4C disk=82%
[2026-03-20 03:18:01] [BEAT] [aria] load=0.05 mem=6942/8059MB temp=52.9C disk=82%
[2026-03-20 03:19:01] [BEAT] [aria] load=0.07 mem=6952/8059MB temp=52.4C disk=82%
[2026-03-20 03:20:01] [FLEET] [aria] Starting cross-node health check
[2026-03-20 03:20:01] [BEAT] [aria] load=0.02 mem=6926/8059MB temp=52.9C disk=82%
[2026-03-20 03:20:02] [FLEET] [aria] alice: UP temp=35C mem=3106MB disk=87%
[2026-03-20 03:20:04] [FLEET] [aria] octavia: DOWN (no ping response)
[2026-03-20 03:20:05] [FLEET] [aria] cecilia: UP temp=39C mem=1333MB disk=34%
[2026-03-20 03:20:06] [FLEET] [aria] gematria: UP temp=C mem=5471MB disk=70%
[2026-03-20 03:20:06] [FLEET] [aria] lucidia: PING OK but SSH failed
[2026-03-20 03:20:08] [FLEET] [aria] anastasia: DOWN (no ping response)
[2026-03-20 03:21:01] [BEAT] [aria] load=0.01 mem=6956/8059MB temp=52.4C disk=82%
[2026-03-20 03:22:01] [BEAT] [aria] load=0.00 mem=6955/8059MB temp=52.4C disk=82%
[2026-03-20 03:23:01] [BEAT] [aria] load=0.03 mem=6936/8059MB temp=53.5C disk=82%
[2026-03-20 03:24:01] [BEAT] [aria] load=0.52 mem=6950/8059MB temp=52.4C disk=82%
[2026-03-20 03:25:01] [BEAT] [aria] load=0.72 mem=6922/8059MB temp=53.5C disk=82%
[2026-03-20 03:26:01] [BEAT] [aria] load=0.53 mem=6954/8059MB temp=53.5C disk=82%
[2026-03-20 03:27:01] [BEAT] [aria] load=0.34 mem=6954/8059MB temp=52.4C disk=82%
[2026-03-20 03:28:01] [BEAT] [aria] load=0.17 mem=6945/8059MB temp=54.0C disk=82%
[2026-03-20 03:29:01] [BEAT] [aria] load=0.06 mem=6955/8059MB temp=52.9C disk=82%
[2026-03-20 03:30:01] [FLEET] [aria] Starting cross-node health check
[2026-03-20 03:30:01] [BEAT] [aria] load=0.06 mem=6926/8059MB temp=53.5C disk=82%
[2026-03-20 03:30:01] [FLEET] [aria] alice: UP temp=36C mem=3106MB disk=87%
[2026-03-20 03:30:03] [FLEET] [aria] octavia: DOWN (no ping response)
[2026-03-20 03:30:04] [FLEET] [aria] cecilia: UP temp=39C mem=1310MB disk=34%
[2026-03-20 03:30:05] [FLEET] [aria] gematria: UP temp=C mem=5459MB disk=70%
[2026-03-20 03:30:06] [FLEET] [aria] lucidia: PING OK but SSH failed
[2026-03-20 03:30:08] [FLEET] [aria] anastasia: DOWN (no ping response)
[2026-03-20 03:30:40] [DIAL] [aria] Switchboard unreachable
[2026-03-20 03:31:01] [BEAT] [aria] load=0.02 mem=6947/8059MB temp=53.5C disk=82%
[2026-03-20 03:32:01] [BEAT] [aria] load=0.00 mem=6948/8059MB temp=54.5C disk=82%
[2026-03-20 03:33:01] [BEAT] [aria] load=0.06 mem=6944/8059MB temp=52.9C disk=82%
[2026-03-20 03:34:01] [BEAT] [aria] load=0.02 mem=6952/8059MB temp=54.0C disk=82%
[2026-03-20 03:35:01] [BEAT] [aria] load=0.05 mem=6917/8059MB temp=54.0C disk=82%
[2026-03-20 03:36:01] [BEAT] [aria] load=0.02 mem=6955/8059MB temp=53.5C disk=82%
[2026-03-20 03:37:01] [BEAT] [aria] load=0.04 mem=6950/8059MB temp=54.0C disk=82%
[2026-03-20 03:38:01] [BEAT] [aria] load=0.09 mem=6945/8059MB temp=52.9C disk=82%
[2026-03-20 03:39:01] [BEAT] [aria] load=0.06 mem=6952/8059MB temp=54.5C disk=82%
[2026-03-20 03:40:01] [FLEET] [aria] Starting cross-node health check
[2026-03-20 03:40:01] [FLEET] [aria] alice: DOWN (no ping response)
[2026-03-20 03:40:01] [FLEET] [aria] octavia: DOWN (no ping response)
[2026-03-20 03:40:01] [BEAT] [aria] load=0.09 mem=6922/8059MB temp=54.5C disk=82%
[2026-03-20 03:40:01] [FLEET] [aria] cecilia: DOWN (no ping response)
[2026-03-20 03:40:01] [FLEET] [aria] gematria: DOWN (no ping response)
[2026-03-20 03:40:01] [FLEET] [aria] lucidia: DOWN (no ping response)
[2026-03-20 03:40:01] [FLEET] [aria] anastasia: DOWN (no ping response)
[2026-03-20 03:41:01] [BEAT] [aria] load=0.03 mem=6953/8059MB temp=52.4C disk=82%
[2026-03-20 03:42:01] [BEAT] [aria] load=0.01 mem=6954/8059MB temp=53.5C disk=82%
[2026-03-20 03:43:01] [BEAT] [aria] load=0.00 mem=6945/8059MB temp=53.5C disk=82%
[2026-03-20 03:44:01] [BEAT] [aria] load=0.27 mem=6950/8059MB temp=52.9C disk=82%
[2026-03-20 03:45:01] [BEAT] [aria] load=0.73 mem=6916/8059MB temp=54.0C disk=82%
[2026-03-20 03:45:01] [DIAL] [aria] Switchboard unreachable
[2026-03-20 03:46:01] [BEAT] [aria] load=0.72 mem=6950/8059MB temp=53.5C disk=82%
[2026-03-20 03:47:01] [BEAT] [aria] load=0.26 mem=6952/8059MB temp=52.9C disk=82%
[2026-03-20 03:48:01] [BEAT] [aria] load=0.09 mem=6937/8059MB temp=52.9C disk=82%
[2026-03-20 03:49:01] [BEAT] [aria] load=0.10 mem=6939/8059MB temp=52.9C disk=82%
[2026-03-20 03:50:01] [FLEET] [aria] Starting cross-node health check
[2026-03-20 03:50:01] [FLEET] [aria] alice: DOWN (no ping response)
[2026-03-20 03:50:01] [FLEET] [aria] octavia: DOWN (no ping response)
[2026-03-20 03:50:01] [FLEET] [aria] cecilia: DOWN (no ping response)
[2026-03-20 03:50:01] [BEAT] [aria] load=0.03 mem=6918/8059MB temp=54.0C disk=82%
[2026-03-20 03:50:01] [FLEET] [aria] gematria: DOWN (no ping response)
[2026-03-20 03:50:01] [FLEET] [aria] lucidia: DOWN (no ping response)
[2026-03-20 03:50:01] [FLEET] [aria] anastasia: DOWN (no ping response)
[2026-03-20 03:51:01] [BEAT] [aria] load=0.11 mem=6952/8059MB temp=54.0C disk=82%
[2026-03-20 03:52:01] [BEAT] [aria] load=0.04 mem=6946/8059MB temp=52.9C disk=82%
[2026-03-20 03:53:01] [BEAT] [aria] load=0.17 mem=6940/8059MB temp=52.4C disk=82%
[2026-03-20 03:54:01] [BEAT] [aria] load=0.06 mem=6951/8059MB temp=51.8C disk=82%
[2026-03-20 03:55:02] [BEAT] [aria] load=0.05 mem=6925/8059MB temp=52.4C disk=82%
[2026-03-20 03:56:01] [BEAT] [aria] load=0.15 mem=6939/8059MB temp=50.7C disk=82%
[2026-03-20 03:57:01] [BEAT] [aria] load=0.05 mem=6945/8059MB temp=50.1C disk=82%
[2026-03-20 03:58:01] [BEAT] [aria] load=0.02 mem=6936/8059MB temp=50.1C disk=82%
[2026-03-20 03:59:01] [BEAT] [aria] load=0.00 mem=6937/8059MB temp=50.1C disk=82%
[2026-03-20 04:00:01] [FLEET] [aria] Starting cross-node health check
[2026-03-20 04:00:01] [FLEET] [aria] alice: DOWN (no ping response)
[2026-03-20 04:00:01] [FLEET] [aria] octavia: DOWN (no ping response)
[2026-03-20 04:00:01] [FLEET] [aria] cecilia: DOWN (no ping response)
[2026-03-20 04:00:01] [BEAT] [aria] load=0.04 mem=6896/8059MB temp=51.2C disk=82%
[2026-03-20 04:00:01] [FLEET] [aria] gematria: DOWN (no ping response)
[2026-03-20 04:00:01] [FLEET] [aria] lucidia: DOWN (no ping response)
[2026-03-20 04:00:01] [FLEET] [aria] anastasia: DOWN (no ping response)
[2026-03-20 04:00:01] [DIAL] [aria] Switchboard unreachable
[2026-03-20 04:01:01] [BEAT] [aria] load=0.06 mem=6945/8059MB temp=50.1C disk=82%
[2026-03-20 04:02:01] [BEAT] [aria] load=0.05 mem=6943/8059MB temp=50.7C disk=82%
[2026-03-20 04:03:01] [BEAT] [aria] load=0.02 mem=6945/8059MB temp=51.2C disk=82%
[2026-03-20 04:04:01] [BEAT] [aria] load=0.00 mem=6945/8059MB temp=50.7C disk=82%
[2026-03-20 04:05:01] [BEAT] [aria] load=0.13 mem=6919/8059MB temp=52.4C disk=82%
[2026-03-20 04:06:01] [BEAT] [aria] load=0.69 mem=6939/8059MB temp=51.2C disk=82%
[2026-03-20 04:07:01] [BEAT] [aria] load=0.75 mem=6944/8059MB temp=51.2C disk=82%
[2026-03-20 04:08:01] [BEAT] [aria] load=0.30 mem=6941/8059MB temp=51.8C disk=82%
[2026-03-20 04:09:01] [BEAT] [aria] load=0.11 mem=6945/8059MB temp=50.7C disk=82%
[2026-03-20 04:10:01] [FLEET] [aria] Starting cross-node health check
[2026-03-20 04:10:01] [FLEET] [aria] alice: DOWN (no ping response)
[2026-03-20 04:10:01] [FLEET] [aria] octavia: DOWN (no ping response)
[2026-03-20 04:10:01] [BEAT] [aria] load=0.04 mem=6916/8059MB temp=52.4C disk=82%
[2026-03-20 04:10:01] [FLEET] [aria] cecilia: DOWN (no ping response)
[2026-03-20 04:10:01] [FLEET] [aria] gematria: DOWN (no ping response)
[2026-03-20 04:10:01] [FLEET] [aria] lucidia: DOWN (no ping response)
[2026-03-20 04:10:01] [FLEET] [aria] anastasia: DOWN (no ping response)
[2026-03-20 04:11:01] [BEAT] [aria] load=0.08 mem=6941/8059MB temp=51.8C disk=82%
[2026-03-20 04:12:01] [BEAT] [aria] load=0.09 mem=6940/8059MB temp=51.2C disk=82%
[2026-03-20 04:13:01] [BEAT] [aria] load=0.03 mem=6943/8059MB temp=53.5C disk=82%
[2026-03-20 04:14:01] [BEAT] [aria] load=0.12 mem=6944/8059MB temp=51.8C disk=82%
[2026-03-20 04:15:01] [BEAT] [aria] load=0.04 mem=6910/8059MB temp=52.4C disk=82%
[2026-03-20 04:15:01] [DIAL] [aria] Switchboard unreachable
[2026-03-20 04:16:01] [BEAT] [aria] load=0.06 mem=6946/8059MB temp=51.8C disk=82%
[2026-03-20 04:17:01] [BEAT] [aria] load=0.02 mem=6945/8059MB temp=52.4C disk=82%
[2026-03-20 04:18:01] [BEAT] [aria] load=0.04 mem=6941/8059MB temp=52.4C disk=82%
[2026-03-20 04:19:01] [BEAT] [aria] load=0.25 mem=6947/8059MB temp=51.8C disk=82%
[2026-03-20 04:20:02] [FLEET] [aria] Starting cross-node health check
[2026-03-20 04:20:02] [FLEET] [aria] alice: DOWN (no ping response)
[2026-03-20 04:20:02] [FLEET] [aria] octavia: DOWN (no ping response)
[2026-03-20 04:20:02] [FLEET] [aria] cecilia: DOWN (no ping response)
[2026-03-20 04:20:02] [FLEET] [aria] gematria: DOWN (no ping response)
[2026-03-20 04:20:02] [FLEET] [aria] lucidia: DOWN (no ping response)
[2026-03-20 04:20:02] [BEAT] [aria] load=0.15 mem=6914/8059MB temp=53.5C disk=82%
[2026-03-20 04:20:02] [FLEET] [aria] anastasia: DOWN (no ping response)
[2026-03-20 04:21:01] [BEAT] [aria] load=0.13 mem=6942/8059MB temp=51.8C disk=82%
[2026-03-20 04:22:01] [BEAT] [aria] load=0.05 mem=6941/8059MB temp=52.4C disk=82%
[2026-03-20 04:23:01] [BEAT] [aria] load=0.02 mem=6946/8059MB temp=52.4C disk=82%
[2026-03-20 04:24:01] [BEAT] [aria] load=0.00 mem=6942/8059MB temp=52.9C disk=82%
[2026-03-20 04:25:01] [BEAT] [aria] load=0.09 mem=6923/8059MB temp=53.5C disk=82%
[2026-03-20 04:26:01] [BEAT] [aria] load=0.03 mem=6942/8059MB temp=52.9C disk=82%
[2026-03-20 04:27:01] [BEAT] [aria] load=0.68 mem=6942/8059MB temp=52.4C disk=82%
[2026-03-20 04:28:01] [BEAT] [aria] load=0.81 mem=6939/8059MB temp=51.8C disk=82%
[2026-03-20 04:29:01] [BEAT] [aria] load=0.29 mem=6940/8059MB temp=52.9C disk=82%
[2026-03-20 04:30:01] [FLEET] [aria] Starting cross-node health check
[2026-03-20 04:30:01] [FLEET] [aria] alice: DOWN (no ping response)
[2026-03-20 04:30:01] [FLEET] [aria] octavia: DOWN (no ping response)
[2026-03-20 04:30:01] [FLEET] [aria] cecilia: DOWN (no ping response)
[2026-03-20 04:30:01] [FLEET] [aria] gematria: DOWN (no ping response)
[2026-03-20 04:30:01] [BEAT] [aria] load=0.17 mem=6911/8059MB temp=55.1C disk=82%
[2026-03-20 04:30:01] [FLEET] [aria] lucidia: DOWN (no ping response)
[2026-03-20 04:30:01] [FLEET] [aria] anastasia: DOWN (no ping response)
[2026-03-20 04:30:01] [DIAL] [aria] Switchboard unreachable
[2026-03-20 04:31:01] [BEAT] [aria] load=0.10 mem=6943/8059MB temp=52.9C disk=82%
[2026-03-20 04:32:01] [BEAT] [aria] load=0.08 mem=6945/8059MB temp=52.9C disk=82%
[2026-03-20 04:33:01] [BEAT] [aria] load=0.03 mem=6947/8059MB temp=54.0C disk=82%
[2026-03-20 04:34:01] [BEAT] [aria] load=0.01 mem=6942/8059MB temp=52.4C disk=82%
[2026-03-20 04:35:01] [BEAT] [aria] load=0.00 mem=6910/8059MB temp=52.9C disk=82%
[2026-03-20 04:36:01] [BEAT] [aria] load=0.06 mem=6940/8059MB temp=52.4C disk=82%
[2026-03-20 04:37:01] [BEAT] [aria] load=0.09 mem=6943/8059MB temp=52.9C disk=82%
[2026-03-20 04:38:01] [ALERT] [aria] Temperature critical: 83.2C
[2026-03-20 04:38:01] [AUTO] [aria] Thermal protection triggered
[2026-03-20 04:38:01] [AUTO] [aria] CRITICAL HEAT — throttling heavy processes
[2026-03-20 04:38:01] [BEAT] [aria] load=2.37 mem=6187/8059MB temp=83.2C disk=82%
[2026-03-20 04:39:01] [ALERT] [aria] Temperature critical: 84.8C
[2026-03-20 04:39:01] [AUTO] [aria] Thermal protection triggered
[2026-03-20 04:39:01] [AUTO] [aria] CRITICAL HEAT — throttling heavy processes
[2026-03-20 04:39:02] [BEAT] [aria] load=3.61 mem=6177/8059MB temp=84.8C disk=82%
[2026-03-20 04:40:01] [FLEET] [aria] Starting cross-node health check
[2026-03-20 04:40:01] [FLEET] [aria] alice: DOWN (no ping response)
[2026-03-20 04:40:01] [FLEET] [aria] octavia: DOWN (no ping response)
[2026-03-20 04:40:01] [FLEET] [aria] cecilia: DOWN (no ping response)
[2026-03-20 04:40:01] [ALERT] [aria] Temperature critical: 76.0C
[2026-03-20 04:40:01] [FLEET] [aria] gematria: DOWN (no ping response)
[2026-03-20 04:40:01] [AUTO] [aria] Thermal protection triggered
[2026-03-20 04:40:01] [FLEET] [aria] lucidia: DOWN (no ping response)
[2026-03-20 04:40:01] [FLEET] [aria] anastasia: DOWN (no ping response)
[2026-03-20 04:40:01] [BEAT] [aria] load=3.60 mem=6168/8059MB temp=76.0C disk=82%
[2026-03-20 04:41:01] [BEAT] [aria] load=1.32 mem=6196/8059MB temp=61.7C disk=82%
[2026-03-20 04:42:01] [BEAT] [aria] load=0.52 mem=6197/8059MB temp=58.4C disk=82%
[2026-03-20 04:43:01] [BEAT] [aria] load=0.26 mem=6210/8059MB temp=56.8C disk=82%
[2026-03-20 04:44:01] [BEAT] [aria] load=0.09 mem=6210/8059MB temp=55.1C disk=82%
[2026-03-20 04:45:01] [BEAT] [aria] load=0.03 mem=6868/8059MB temp=55.1C disk=82%
[2026-03-20 04:45:01] [DIAL] [aria] Switchboard unreachable
[2026-03-20 04:46:01] [BEAT] [aria] load=0.07 mem=6908/8059MB temp=54.0C disk=82%
[2026-03-20 04:47:01] [BEAT] [aria] load=0.23 mem=6916/8059MB temp=55.1C disk=82%
[2026-03-20 04:48:01] [BEAT] [aria] load=0.82 mem=6918/8059MB temp=54.0C disk=82%
[2026-03-20 04:49:01] [BEAT] [aria] load=0.67 mem=6924/8059MB temp=53.5C disk=82%
[2026-03-20 04:50:01] [FLEET] [aria] Starting cross-node health check
[2026-03-20 04:50:01] [FLEET] [aria] alice: DOWN (no ping response)
[2026-03-20 04:50:01] [FLEET] [aria] octavia: DOWN (no ping response)
[2026-03-20 04:50:01] [BEAT] [aria] load=0.24 mem=6883/8059MB temp=55.1C disk=82%
[2026-03-20 04:50:01] [FLEET] [aria] cecilia: DOWN (no ping response)
[2026-03-20 04:50:01] [FLEET] [aria] gematria: DOWN (no ping response)
[2026-03-20 04:50:01] [FLEET] [aria] lucidia: DOWN (no ping response)
[2026-03-20 04:50:01] [FLEET] [aria] anastasia: DOWN (no ping response)
[2026-03-20 04:51:01] [BEAT] [aria] load=0.09 mem=6923/8059MB temp=53.5C disk=82%
[2026-03-20 04:52:01] [BEAT] [aria] load=0.17 mem=6923/8059MB temp=54.5C disk=82%
[2026-03-20 04:53:01] [BEAT] [aria] load=0.11 mem=6928/8059MB temp=53.5C disk=82%
[2026-03-20 04:54:01] [BEAT] [aria] load=0.15 mem=6925/8059MB temp=51.2C disk=82%
[2026-03-20 04:55:01] [BEAT] [aria] load=0.05 mem=6896/8059MB temp=52.4C disk=82%
[2026-03-20 04:56:01] [BEAT] [aria] load=0.15 mem=6922/8059MB temp=52.4C disk=82%
[2026-03-20 04:57:01] [BEAT] [aria] load=0.09 mem=6926/8059MB temp=50.7C disk=82%
[2026-03-20 04:58:01] [BEAT] [aria] load=0.07 mem=6928/8059MB temp=51.2C disk=82%
[2026-03-20 04:59:01] [BEAT] [aria] load=0.18 mem=6925/8059MB temp=49.6C disk=82%
[2026-03-20 05:00:01] [FLEET] [aria] Starting cross-node health check
[2026-03-20 05:00:01] [FLEET] [aria] alice: DOWN (no ping response)
[2026-03-20 05:00:01] [FLEET] [aria] octavia: DOWN (no ping response)
[2026-03-20 05:00:01] [FLEET] [aria] cecilia: DOWN (no ping response)
[2026-03-20 05:00:01] [BEAT] [aria] load=0.06 mem=6889/8059MB temp=51.2C disk=82%
[2026-03-20 05:00:01] [FLEET] [aria] gematria: DOWN (no ping response)
[2026-03-20 05:00:01] [FLEET] [aria] lucidia: DOWN (no ping response)
[2026-03-20 05:00:01] [FLEET] [aria] anastasia: DOWN (no ping response)
[2026-03-20 05:00:01] [DIAL] [aria] Switchboard unreachable
[2026-03-20 05:01:01] [BEAT] [aria] load=0.21 mem=6924/8059MB temp=49.6C disk=82%
[2026-03-20 05:02:01] [BEAT] [aria] load=0.08 mem=6925/8059MB temp=50.7C disk=82%
[2026-03-20 05:03:01] [BEAT] [aria] load=0.08 mem=6923/8059MB temp=50.7C disk=82%
[2026-03-20 05:04:01] [BEAT] [aria] load=0.03 mem=6921/8059MB temp=50.7C disk=82%
[2026-03-20 05:05:01] [BEAT] [aria] load=0.08 mem=6894/8059MB temp=51.2C disk=82%
[2026-03-20 05:06:01] [BEAT] [aria] load=0.03 mem=6925/8059MB temp=50.7C disk=82%
[2026-03-20 05:07:01] [BEAT] [aria] load=0.07 mem=6923/8059MB temp=50.7C disk=82%
[2026-03-20 05:08:01] [BEAT] [aria] load=0.45 mem=6924/8059MB temp=51.8C disk=82%
[2026-03-20 05:09:01] [BEAT] [aria] load=1.11 mem=6926/8059MB temp=51.8C disk=82%
[2026-03-20 05:10:01] [FLEET] [aria] Starting cross-node health check
[2026-03-20 05:10:01] [FLEET] [aria] alice: DOWN (no ping response)
[2026-03-20 05:10:01] [FLEET] [aria] octavia: DOWN (no ping response)
[2026-03-20 05:10:01] [FLEET] [aria] cecilia: DOWN (no ping response)
[2026-03-20 05:10:01] [BEAT] [aria] load=0.45 mem=6887/8059MB temp=51.2C disk=82%
[2026-03-20 05:10:01] [FLEET] [aria] gematria: DOWN (no ping response)
[2026-03-20 05:10:01] [FLEET] [aria] lucidia: DOWN (no ping response)
[2026-03-20 05:10:01] [FLEET] [aria] anastasia: DOWN (no ping response)
[2026-03-20 05:11:01] [BEAT] [aria] load=0.16 mem=6918/8059MB temp=51.8C disk=82%
[2026-03-20 05:12:01] [BEAT] [aria] load=0.17 mem=6923/8059MB temp=50.1C disk=82%
[2026-03-20 05:13:01] [BEAT] [aria] load=0.06 mem=6924/8059MB temp=52.4C disk=82%
[2026-03-20 05:14:01] [BEAT] [aria] load=0.09 mem=6911/8059MB temp=52.4C disk=82%
[2026-03-20 05:15:01] [BEAT] [aria] load=0.18 mem=6896/8059MB temp=52.4C disk=82%
[2026-03-20 05:15:02] [DIAL] [aria] Switchboard unreachable
[2026-03-20 05:16:01] [BEAT] [aria] load=0.06 mem=6920/8059MB temp=51.8C disk=82%
[2026-03-20 05:17:01] [BEAT] [aria] load=0.15 mem=6923/8059MB temp=52.4C disk=82%
[2026-03-20 05:18:01] [BEAT] [aria] load=0.05 mem=6920/8059MB temp=52.4C disk=82%
[2026-03-20 05:19:01] [BEAT] [aria] load=0.07 mem=6909/8059MB temp=52.4C disk=82%
[2026-03-20 05:20:01] [FLEET] [aria] Starting cross-node health check
[2026-03-20 05:20:01] [FLEET] [aria] alice: DOWN (no ping response)
[2026-03-20 05:20:01] [FLEET] [aria] octavia: DOWN (no ping response)
[2026-03-20 05:20:01] [BEAT] [aria] load=0.02 mem=6893/8059MB temp=54.0C disk=82%
[2026-03-20 05:20:01] [FLEET] [aria] cecilia: DOWN (no ping response)
[2026-03-20 05:20:01] [FLEET] [aria] gematria: DOWN (no ping response)
[2026-03-20 05:20:01] [FLEET] [aria] lucidia: DOWN (no ping response)
[2026-03-20 05:20:01] [FLEET] [aria] anastasia: DOWN (no ping response)
[2026-03-20 05:21:01] [BEAT] [aria] load=0.01 mem=6922/8059MB temp=51.2C disk=82%
[2026-03-20 05:22:01] [BEAT] [aria] load=0.00 mem=6923/8059MB temp=51.8C disk=82%
[2026-03-20 05:23:01] [BEAT] [aria] load=0.12 mem=6926/8059MB temp=52.4C disk=82%
[2026-03-20 05:24:01] [BEAT] [aria] load=0.25 mem=6924/8059MB temp=54.0C disk=82%
[2026-03-20 05:25:01] [BEAT] [aria] load=0.09 mem=6888/8059MB temp=52.9C disk=82%
[2026-03-20 05:26:01] [BEAT] [aria] load=0.03 mem=6926/8059MB temp=52.4C disk=82%
[2026-03-20 05:27:01] [BEAT] [aria] load=0.06 mem=6919/8059MB temp=52.9C disk=82%
[2026-03-20 05:28:01] [BEAT] [aria] load=0.23 mem=6923/8059MB temp=52.9C disk=82%
[2026-03-20 05:29:01] [BEAT] [aria] load=0.79 mem=6922/8059MB temp=53.5C disk=82%
[2026-03-20 05:30:01] [FLEET] [aria] Starting cross-node health check
[2026-03-20 05:30:01] [FLEET] [aria] alice: DOWN (no ping response)
[2026-03-20 05:30:01] [FLEET] [aria] octavia: DOWN (no ping response)
[2026-03-20 05:30:01] [BEAT] [aria] load=1.17 mem=6897/8059MB temp=52.9C disk=82%
[2026-03-20 05:30:01] [FLEET] [aria] cecilia: DOWN (no ping response)
[2026-03-20 05:30:01] [FLEET] [aria] gematria: DOWN (no ping response)
[2026-03-20 05:30:01] [FLEET] [aria] lucidia: DOWN (no ping response)
[2026-03-20 05:30:01] [FLEET] [aria] anastasia: DOWN (no ping response)
[2026-03-20 05:30:01] [DIAL] [aria] Switchboard unreachable
[2026-03-20 05:31:01] [BEAT] [aria] load=0.57 mem=6918/8059MB temp=52.9C disk=82%
[2026-03-20 05:32:01] [BEAT] [aria] load=0.21 mem=6923/8059MB temp=52.4C disk=82%
[2026-03-20 05:33:01] [BEAT] [aria] load=0.26 mem=6916/8059MB temp=54.0C disk=82%
[2026-03-20 05:34:01] [BEAT] [aria] load=0.09 mem=6919/8059MB temp=52.4C disk=82%
[2026-03-20 05:35:01] [BEAT] [aria] load=0.08 mem=6902/8059MB temp=53.5C disk=82%
[2026-03-20 05:36:01] [BEAT] [aria] load=0.30 mem=6922/8059MB temp=52.9C disk=82%
[2026-03-20 05:37:01] [BEAT] [aria] load=0.11 mem=6919/8059MB temp=53.5C disk=82%
[2026-03-20 05:38:01] [BEAT] [aria] load=0.11 mem=6918/8059MB temp=52.9C disk=82%
[2026-03-20 05:39:01] [BEAT] [aria] load=0.07 mem=6919/8059MB temp=54.0C disk=82%
[2026-03-20 05:40:01] [FLEET] [aria] Starting cross-node health check
[2026-03-20 05:40:01] [FLEET] [aria] alice: DOWN (no ping response)
[2026-03-20 05:40:01] [BEAT] [aria] load=0.09 mem=6887/8059MB temp=54.0C disk=82%
[2026-03-20 05:40:01] [FLEET] [aria] octavia: DOWN (no ping response)
[2026-03-20 05:40:01] [FLEET] [aria] cecilia: DOWN (no ping response)
[2026-03-20 05:40:01] [FLEET] [aria] gematria: DOWN (no ping response)
[2026-03-20 05:40:01] [FLEET] [aria] lucidia: DOWN (no ping response)
[2026-03-20 05:40:01] [FLEET] [aria] anastasia: DOWN (no ping response)
[2026-03-20 05:41:01] [BEAT] [aria] load=0.03 mem=6919/8059MB temp=52.9C disk=82%
[2026-03-20 05:42:01] [BEAT] [aria] load=0.01 mem=6919/8059MB temp=52.4C disk=82%
[2026-03-20 05:43:02] [BEAT] [aria] load=0.12 mem=6919/8059MB temp=52.9C disk=82%
[2026-03-20 05:44:01] [BEAT] [aria] load=0.09 mem=6919/8059MB temp=52.9C disk=82%
[2026-03-20 05:45:01] [BEAT] [aria] load=0.08 mem=6884/8059MB temp=54.5C disk=82%
[2026-03-20 05:45:01] [DIAL] [aria] Switchboard unreachable
[2026-03-20 05:46:01] [BEAT] [aria] load=0.10 mem=6920/8059MB temp=52.9C disk=82%
[2026-03-20 05:47:01] [BEAT] [aria] load=0.04 mem=6910/8059MB temp=52.9C disk=82%
[2026-03-20 05:48:01] [BEAT] [aria] load=0.01 mem=6906/8059MB temp=52.9C disk=82%
[2026-03-20 05:49:01] [BEAT] [aria] load=0.11 mem=6906/8059MB temp=54.0C disk=82%
[2026-03-20 05:50:01] [FLEET] [aria] Starting cross-node health check
[2026-03-20 05:50:01] [FLEET] [aria] alice: DOWN (no ping response)
[2026-03-20 05:50:01] [FLEET] [aria] octavia: DOWN (no ping response)
[2026-03-20 05:50:01] [FLEET] [aria] cecilia: DOWN (no ping response)
[2026-03-20 05:50:01] [BEAT] [aria] load=0.53 mem=6874/8059MB temp=53.5C disk=82%
[2026-03-20 05:50:01] [FLEET] [aria] gematria: DOWN (no ping response)
[2026-03-20 05:50:01] [FLEET] [aria] lucidia: DOWN (no ping response)
[2026-03-20 05:50:01] [FLEET] [aria] anastasia: DOWN (no ping response)
[2026-03-20 05:51:01] [BEAT] [aria] load=0.99 mem=6908/8059MB temp=54.0C disk=82%
[2026-03-20 05:52:01] [BEAT] [aria] load=0.36 mem=6906/8059MB temp=53.5C disk=82%
[2026-03-20 05:53:01] [BEAT] [aria] load=0.13 mem=6914/8059MB temp=52.4C disk=82%
[2026-03-20 05:54:01] [BEAT] [aria] load=0.13 mem=6908/8059MB temp=52.4C disk=82%
[2026-03-20 05:55:01] [BEAT] [aria] load=0.08 mem=6887/8059MB temp=52.9C disk=82%
[2026-03-20 05:56:01] [BEAT] [aria] load=0.16 mem=6913/8059MB temp=51.2C disk=82%
[2026-03-20 05:57:01] [BEAT] [aria] load=0.06 mem=6897/8059MB temp=50.1C disk=82%
[2026-03-20 05:58:01] [BEAT] [aria] load=0.02 mem=6901/8059MB temp=50.1C disk=82%
[2026-03-20 05:59:01] [BEAT] [aria] load=0.23 mem=6888/8059MB temp=50.1C disk=82%
[2026-03-20 06:00:01] [FLEET] [aria] Starting cross-node health check
[2026-03-20 06:00:01] [FLEET] [aria] alice: DOWN (no ping response)
[2026-03-20 06:00:01] [FLEET] [aria] octavia: DOWN (no ping response)
[2026-03-20 06:00:01] [FLEET] [aria] cecilia: DOWN (no ping response)
[2026-03-20 06:00:01] [FLEET] [aria] gematria: DOWN (no ping response)
[2026-03-20 06:00:01] [BEAT] [aria] load=0.19 mem=6840/8059MB temp=50.7C disk=82%
[2026-03-20 06:00:01] [FLEET] [aria] lucidia: DOWN (no ping response)
[2026-03-20 06:00:01] [FLEET] [aria] anastasia: DOWN (no ping response)
[2026-03-20 06:00:01] [DIAL] [aria] Switchboard unreachable
[2026-03-20 06:01:01] [BEAT] [aria] load=0.07 mem=6903/8059MB temp=50.7C disk=82%
[2026-03-20 06:02:01] [BEAT] [aria] load=0.09 mem=6898/8059MB temp=50.1C disk=82%
[2026-03-20 06:03:01] [BEAT] [aria] load=0.03 mem=6893/8059MB temp=50.1C disk=82%
[2026-03-20 06:04:01] [BEAT] [aria] load=0.16 mem=6900/8059MB temp=50.1C disk=82%
[2026-03-20 06:05:01] [BEAT] [aria] load=0.12 mem=6876/8059MB temp=50.7C disk=82%
[2026-03-20 06:06:01] [BEAT] [aria] load=0.04 mem=6902/8059MB temp=50.7C disk=82%
[2026-03-20 06:07:01] [BEAT] [aria] load=0.16 mem=6900/8059MB temp=50.7C disk=82%
[2026-03-20 06:08:01] [BEAT] [aria] load=0.06 mem=6904/8059MB temp=51.2C disk=82%
[2026-03-20 06:09:01] [BEAT] [aria] load=0.11 mem=6894/8059MB temp=52.4C disk=82%
[2026-03-20 06:10:02] [FLEET] [aria] Starting cross-node health check
[2026-03-20 06:10:02] [FLEET] [aria] alice: DOWN (no ping response)
[2026-03-20 06:10:02] [FLEET] [aria] octavia: DOWN (no ping response)
[2026-03-20 06:10:02] [FLEET] [aria] cecilia: DOWN (no ping response)
[2026-03-20 06:10:02] [BEAT] [aria] load=0.04 mem=6873/8059MB temp=53.5C disk=82%
[2026-03-20 06:10:02] [FLEET] [aria] gematria: DOWN (no ping response)
[2026-03-20 06:10:02] [FLEET] [aria] lucidia: DOWN (no ping response)
[2026-03-20 06:10:02] [FLEET] [aria] anastasia: DOWN (no ping response)
[2026-03-20 06:11:01] [BEAT] [aria] load=0.88 mem=6900/8059MB temp=52.4C disk=82%
[2026-03-20 06:12:01] [BEAT] [aria] load=1.07 mem=6900/8059MB temp=52.9C disk=82%
[2026-03-20 06:13:01] [BEAT] [aria] load=0.39 mem=6902/8059MB temp=52.4C disk=82%
[2026-03-20 06:14:01] [BEAT] [aria] load=0.27 mem=6899/8059MB temp=51.8C disk=82%
[2026-03-20 06:15:01] [BEAT] [aria] load=0.10 mem=6868/8059MB temp=53.5C disk=82%
[2026-03-20 06:15:01] [DIAL] [aria] Switchboard unreachable
[2026-03-20 06:16:01] [BEAT] [aria] load=0.13 mem=6899/8059MB temp=51.2C disk=82%
[2026-03-20 06:17:01] [BEAT] [aria] load=0.05 mem=6900/8059MB temp=51.8C disk=82%
[2026-03-20 06:18:01] [BEAT] [aria] load=0.02 mem=6898/8059MB temp=52.4C disk=82%
[2026-03-20 06:19:01] [BEAT] [aria] load=0.00 mem=6897/8059MB temp=54.0C disk=82%
[2026-03-20 06:20:01] [FLEET] [aria] Starting cross-node health check
[2026-03-20 06:20:01] [FLEET] [aria] alice: DOWN (no ping response)
[2026-03-20 06:20:01] [FLEET] [aria] octavia: DOWN (no ping response)
[2026-03-20 06:20:01] [FLEET] [aria] cecilia: DOWN (no ping response)
[2026-03-20 06:20:01] [BEAT] [aria] load=0.06 mem=6871/8059MB temp=51.8C disk=82%
[2026-03-20 06:20:01] [FLEET] [aria] gematria: DOWN (no ping response)
[2026-03-20 06:20:01] [FLEET] [aria] lucidia: DOWN (no ping response)
[2026-03-20 06:20:01] [FLEET] [aria] anastasia: DOWN (no ping response)
[2026-03-20 06:21:01] [BEAT] [aria] load=0.09 mem=6901/8059MB temp=52.4C disk=82%
[2026-03-20 06:22:01] [BEAT] [aria] load=0.03 mem=6897/8059MB temp=53.5C disk=82%
[2026-03-20 06:23:01] [BEAT] [aria] load=0.01 mem=6900/8059MB temp=51.8C disk=82%
[2026-03-20 06:24:01] [BEAT] [aria] load=0.05 mem=6893/8059MB temp=52.4C disk=82%
[2026-03-20 06:25:01] [BEAT] [aria] load=0.10 mem=6865/8059MB temp=52.9C disk=82%
[2026-03-20 06:26:01] [BEAT] [aria] load=0.04 mem=6901/8059MB temp=52.9C disk=82%
[2026-03-20 06:27:01] [BEAT] [aria] load=0.05 mem=6903/8059MB temp=53.5C disk=82%
[2026-03-20 06:28:01] [BEAT] [aria] load=0.02 mem=6903/8059MB temp=52.9C disk=82%
[2026-03-20 06:29:01] [BEAT] [aria] load=0.00 mem=6885/8059MB temp=53.5C disk=82%
[2026-03-20 06:30:01] [FLEET] [aria] Starting cross-node health check
[2026-03-20 06:30:01] [FLEET] [aria] alice: DOWN (no ping response)
[2026-03-20 06:30:01] [FLEET] [aria] octavia: DOWN (no ping response)
[2026-03-20 06:30:01] [BEAT] [aria] load=0.14 mem=6869/8059MB temp=53.5C disk=82%
[2026-03-20 06:30:01] [FLEET] [aria] cecilia: DOWN (no ping response)
[2026-03-20 06:30:01] [FLEET] [aria] gematria: DOWN (no ping response)
[2026-03-20 06:30:01] [FLEET] [aria] lucidia: DOWN (no ping response)
[2026-03-20 06:30:01] [FLEET] [aria] anastasia: DOWN (no ping response)
[2026-03-20 06:30:01] [DIAL] [aria] Switchboard unreachable
[2026-03-20 06:31:01] [BEAT] [aria] load=0.13 mem=6898/8059MB temp=52.4C disk=82%
[2026-03-20 06:32:01] [BEAT] [aria] load=0.79 mem=6899/8059MB temp=54.0C disk=82%
[2026-03-20 06:33:02] [BEAT] [aria] load=0.92 mem=6902/8059MB temp=52.4C disk=82%
[2026-03-20 06:34:02] [BEAT] [aria] load=0.34 mem=6902/8059MB temp=52.4C disk=82%
[2026-03-20 06:35:01] [BEAT] [aria] load=0.12 mem=6873/8059MB temp=53.5C disk=82%
[2026-03-20 06:36:01] [BEAT] [aria] load=0.11 mem=6893/8059MB temp=53.5C disk=82%
[2026-03-20 06:37:01] [BEAT] [aria] load=0.23 mem=6904/8059MB temp=54.0C disk=82%
[2026-03-20 06:38:01] [BEAT] [aria] load=0.08 mem=6900/8059MB temp=53.5C disk=82%
[2026-03-20 06:39:01] [BEAT] [aria] load=0.03 mem=6899/8059MB temp=52.9C disk=82%
[2026-03-20 06:40:01] [FLEET] [aria] Starting cross-node health check
[2026-03-20 06:40:01] [FLEET] [aria] alice: DOWN (no ping response)
[2026-03-20 06:40:01] [FLEET] [aria] octavia: DOWN (no ping response)
[2026-03-20 06:40:01] [FLEET] [aria] cecilia: DOWN (no ping response)
[2026-03-20 06:40:01] [FLEET] [aria] gematria: DOWN (no ping response)
[2026-03-20 06:40:01] [BEAT] [aria] load=0.01 mem=6876/8059MB temp=55.1C disk=82%
[2026-03-20 06:40:01] [FLEET] [aria] lucidia: DOWN (no ping response)
[2026-03-20 06:40:01] [FLEET] [aria] anastasia: DOWN (no ping response)
[2026-03-20 06:41:01] [BEAT] [aria] load=0.20 mem=6902/8059MB temp=53.5C disk=82%
[2026-03-20 06:42:01] [BEAT] [aria] load=0.07 mem=6900/8059MB temp=52.4C disk=82%
[2026-03-20 06:43:01] [BEAT] [aria] load=0.09 mem=6901/8059MB temp=52.4C disk=82%
[2026-03-20 06:44:01] [BEAT] [aria] load=0.03 mem=6901/8059MB temp=52.9C disk=82%
[2026-03-20 06:45:01] [BEAT] [aria] load=0.01 mem=6851/8059MB temp=55.6C disk=82%
[2026-03-20 06:45:01] [DIAL] [aria] Switchboard unreachable
[2026-03-20 06:46:01] [BEAT] [aria] load=0.06 mem=6896/8059MB temp=52.9C disk=82%
[2026-03-20 06:47:01] [BEAT] [aria] load=0.02 mem=6900/8059MB temp=52.4C disk=82%
[2026-03-20 06:48:01] [BEAT] [aria] load=0.16 mem=6899/8059MB temp=52.4C disk=82%
[2026-03-20 06:49:01] [BEAT] [aria] load=0.06 mem=6900/8059MB temp=54.5C disk=82%
[2026-03-20 06:50:01] [FLEET] [aria] Starting cross-node health check
[2026-03-20 06:50:01] [FLEET] [aria] alice: DOWN (no ping response)
[2026-03-20 06:50:01] [FLEET] [aria] octavia: DOWN (no ping response)
[2026-03-20 06:50:01] [BEAT] [aria] load=0.02 mem=6876/8059MB temp=55.1C disk=82%
[2026-03-20 06:50:01] [FLEET] [aria] cecilia: DOWN (no ping response)
[2026-03-20 06:50:01] [FLEET] [aria] gematria: DOWN (no ping response)
[2026-03-20 06:50:01] [FLEET] [aria] lucidia: DOWN (no ping response)
[2026-03-20 06:50:01] [FLEET] [aria] anastasia: DOWN (no ping response)
[2026-03-20 06:51:01] [BEAT] [aria] load=0.00 mem=6903/8059MB temp=54.0C disk=82%
[2026-03-20 06:52:01] [BEAT] [aria] load=0.11 mem=6895/8059MB temp=52.9C disk=82%
[2026-03-20 06:53:01] [BEAT] [aria] load=0.81 mem=6898/8059MB temp=53.5C disk=82%
[2026-03-20 06:54:01] [BEAT] [aria] load=0.81 mem=6899/8059MB temp=51.8C disk=82%
[2026-03-20 06:55:01] [BEAT] [aria] load=0.29 mem=6864/8059MB temp=52.4C disk=82%
[2026-03-20 06:56:01] [BEAT] [aria] load=0.20 mem=6897/8059MB temp=50.7C disk=82%
[2026-03-20 06:57:01] [BEAT] [aria] load=0.11 mem=6897/8059MB temp=49.0C disk=82%
[2026-03-20 06:58:01] [BEAT] [aria] load=0.27 mem=6898/8059MB temp=50.1C disk=82%
[2026-03-20 06:59:01] [BEAT] [aria] load=0.13 mem=6899/8059MB temp=49.6C disk=82%
[2026-03-20 07:00:02] [FLEET] [aria] Starting cross-node health check
[2026-03-20 07:00:02] [FLEET] [aria] alice: DOWN (no ping response)
[2026-03-20 07:00:02] [FLEET] [aria] octavia: DOWN (no ping response)
[2026-03-20 07:00:02] [FLEET] [aria] cecilia: DOWN (no ping response)
[2026-03-20 07:00:02] [FLEET] [aria] gematria: DOWN (no ping response)
[2026-03-20 07:00:02] [BEAT] [aria] load=0.05 mem=6860/8059MB temp=50.1C disk=82%
[2026-03-20 07:00:02] [FLEET] [aria] lucidia: DOWN (no ping response)
[2026-03-20 07:00:02] [FLEET] [aria] anastasia: DOWN (no ping response)
[2026-03-20 07:00:02] [DIAL] [aria] Switchboard unreachable
[2026-03-20 07:01:01] [BEAT] [aria] load=0.02 mem=6896/8059MB temp=50.1C disk=82%
[2026-03-20 07:02:01] [BEAT] [aria] load=0.07 mem=6896/8059MB temp=50.7C disk=82%
[2026-03-20 07:03:01] [BEAT] [aria] load=0.02 mem=6897/8059MB temp=50.7C disk=82%
[2026-03-20 07:04:01] [BEAT] [aria] load=0.06 mem=6902/8059MB temp=50.7C disk=82%
[2026-03-20 07:05:01] [BEAT] [aria] load=0.02 mem=6862/8059MB temp=52.4C disk=82%
[2026-03-20 07:06:01] [BEAT] [aria] load=0.00 mem=6897/8059MB temp=49.0C disk=82%
[2026-03-20 07:07:01] [BEAT] [aria] load=0.05 mem=6895/8059MB temp=51.2C disk=82%
[2026-03-20 07:08:01] [BEAT] [aria] load=0.05 mem=6898/8059MB temp=50.1C disk=82%
[2026-03-20 07:09:01] [BEAT] [aria] load=0.08 mem=6899/8059MB temp=51.2C disk=82%
[2026-03-20 07:10:01] [FLEET] [aria] Starting cross-node health check
[2026-03-20 07:10:01] [FLEET] [aria] alice: DOWN (no ping response)
[2026-03-20 07:10:01] [BEAT] [aria] load=0.03 mem=6860/8059MB temp=50.7C disk=82%
[2026-03-20 07:10:01] [FLEET] [aria] octavia: DOWN (no ping response)
[2026-03-20 07:10:01] [FLEET] [aria] cecilia: DOWN (no ping response)
[2026-03-20 07:10:01] [FLEET] [aria] gematria: DOWN (no ping response)
[2026-03-20 07:10:01] [FLEET] [aria] lucidia: DOWN (no ping response)
[2026-03-20 07:10:01] [FLEET] [aria] anastasia: DOWN (no ping response)
[2026-03-20 07:11:01] [BEAT] [aria] load=0.01 mem=6894/8059MB temp=51.2C disk=82%
[2026-03-20 07:12:01] [BEAT] [aria] load=0.00 mem=6898/8059MB temp=51.2C disk=82%
[2026-03-20 07:13:01] [BEAT] [aria] load=0.40 mem=6892/8059MB temp=51.8C disk=82%
[2026-03-20 07:14:01] [BEAT] [aria] load=1.17 mem=6895/8059MB temp=51.8C disk=82%
[2026-03-20 07:15:01] [BEAT] [aria] load=0.67 mem=6873/8059MB temp=52.4C disk=82%
[2026-03-20 07:15:01] [DIAL] [aria] Switchboard unreachable
[2026-03-20 07:16:01] [BEAT] [aria] load=0.25 mem=6918/8059MB temp=52.4C disk=82%
[2026-03-20 07:17:01] [BEAT] [aria] load=0.09 mem=6922/8059MB temp=51.8C disk=82%
[2026-03-20 07:18:01] [BEAT] [aria] load=0.09 mem=6920/8059MB temp=51.8C disk=82%
[2026-03-20 07:19:01] [BEAT] [aria] load=0.03 mem=6916/8059MB temp=52.4C disk=82%
[2026-03-20 07:20:01] [FLEET] [aria] Starting cross-node health check
[2026-03-20 07:20:01] [FLEET] [aria] alice: DOWN (no ping response)
[2026-03-20 07:20:01] [FLEET] [aria] octavia: DOWN (no ping response)
[2026-03-20 07:20:01] [FLEET] [aria] cecilia: DOWN (no ping response)
[2026-03-20 07:20:01] [BEAT] [aria] load=0.11 mem=6877/8059MB temp=52.4C disk=82%
[2026-03-20 07:20:01] [FLEET] [aria] gematria: DOWN (no ping response)
[2026-03-20 07:20:01] [FLEET] [aria] lucidia: DOWN (no ping response)
[2026-03-20 07:20:01] [FLEET] [aria] anastasia: DOWN (no ping response)
[2026-03-20 07:21:01] [BEAT] [aria] load=0.04 mem=6918/8059MB temp=51.8C disk=82%
[2026-03-20 07:22:01] [BEAT] [aria] load=0.19 mem=6917/8059MB temp=52.4C disk=82%
[2026-03-20 07:23:01] [BEAT] [aria] load=0.15 mem=6918/8059MB temp=52.4C disk=82%
[2026-03-20 07:24:01] [BEAT] [aria] load=0.08 mem=6917/8059MB temp=52.4C disk=82%
[2026-03-20 07:25:02] [BEAT] [aria] load=0.03 mem=6892/8059MB temp=52.9C disk=82%
[2026-03-20 07:26:01] [BEAT] [aria] load=0.01 mem=6920/8059MB temp=52.4C disk=82%
[2026-03-20 07:27:01] [BEAT] [aria] load=0.12 mem=6913/8059MB temp=52.9C disk=82%
[2026-03-20 07:28:01] [BEAT] [aria] load=0.04 mem=6916/8059MB temp=52.4C disk=82%
[2026-03-20 07:29:01] [BEAT] [aria] load=0.13 mem=6916/8059MB temp=51.2C disk=82%
[2026-03-20 07:30:01] [FLEET] [aria] Starting cross-node health check
[2026-03-20 07:30:01] [FLEET] [aria] alice: DOWN (no ping response)
[2026-03-20 07:30:01] [FLEET] [aria] octavia: DOWN (no ping response)
[2026-03-20 07:30:01] [FLEET] [aria] cecilia: DOWN (no ping response)
[2026-03-20 07:30:01] [FLEET] [aria] gematria: DOWN (no ping response)
[2026-03-20 07:30:01] [BEAT] [aria] load=0.04 mem=6879/8059MB temp=53.5C disk=82%
[2026-03-20 07:30:01] [FLEET] [aria] lucidia: DOWN (no ping response)
[2026-03-20 07:30:01] [FLEET] [aria] anastasia: DOWN (no ping response)
[2026-03-20 07:30:01] [DIAL] [aria] Switchboard unreachable
[2026-03-20 07:31:01] [BEAT] [aria] load=0.01 mem=6922/8059MB temp=52.4C disk=82%
[2026-03-20 07:32:01] [BEAT] [aria] load=0.16 mem=6920/8059MB temp=52.9C disk=82%
[2026-03-20 07:33:01] [BEAT] [aria] load=0.11 mem=6918/8059MB temp=52.4C disk=82%
[2026-03-20 07:34:01] [BEAT] [aria] load=0.44 mem=6920/8059MB temp=52.9C disk=82%
[2026-03-20 07:35:01] [BEAT] [aria] load=1.09 mem=6891/8059MB temp=52.9C disk=82%
[2026-03-20 07:36:01] [BEAT] [aria] load=0.56 mem=6914/8059MB temp=52.4C disk=82%
[2026-03-20 07:37:01] [BEAT] [aria] load=0.20 mem=6917/8059MB temp=51.8C disk=82%
[2026-03-20 07:38:01] [BEAT] [aria] load=0.16 mem=6904/8059MB temp=52.4C disk=82%
[2026-03-20 07:39:01] [BEAT] [aria] load=0.06 mem=6913/8059MB temp=54.0C disk=82%
[2026-03-20 07:40:01] [FLEET] [aria] Starting cross-node health check
[2026-03-20 07:40:01] [FLEET] [aria] alice: DOWN (no ping response)
[2026-03-20 07:40:01] [FLEET] [aria] octavia: DOWN (no ping response)
[2026-03-20 07:40:01] [FLEET] [aria] cecilia: DOWN (no ping response)
[2026-03-20 07:40:01] [BEAT] [aria] load=0.05 mem=6881/8059MB temp=53.5C disk=82%
[2026-03-20 07:40:01] [FLEET] [aria] gematria: DOWN (no ping response)
[2026-03-20 07:40:01] [FLEET] [aria] lucidia: DOWN (no ping response)
[2026-03-20 07:40:01] [FLEET] [aria] anastasia: DOWN (no ping response)
[2026-03-20 07:41:01] [BEAT] [aria] load=0.02 mem=6910/8059MB temp=51.8C disk=82%
[2026-03-20 07:42:01] [BEAT] [aria] load=0.00 mem=6913/8059MB temp=52.9C disk=82%
[2026-03-20 07:43:01] [BEAT] [aria] load=0.11 mem=6916/8059MB temp=52.9C disk=82%
[2026-03-20 07:44:01] [BEAT] [aria] load=0.04 mem=6916/8059MB temp=52.4C disk=82%
[2026-03-20 07:45:01] [BEAT] [aria] load=0.06 mem=6881/8059MB temp=54.0C disk=82%
[2026-03-20 07:45:01] [DIAL] [aria] Switchboard unreachable
[2026-03-20 07:46:01] [BEAT] [aria] load=0.02 mem=6916/8059MB temp=52.4C disk=82%
[2026-03-20 07:47:01] [BEAT] [aria] load=0.00 mem=6914/8059MB temp=52.9C disk=82%
[2026-03-20 07:48:01] [BEAT] [aria] load=0.25 mem=6911/8059MB temp=52.9C disk=82%
[2026-03-20 07:49:01] [BEAT] [aria] load=0.17 mem=6914/8059MB temp=52.4C disk=82%
[2026-03-20 07:50:01] [FLEET] [aria] Starting cross-node health check
[2026-03-20 07:50:01] [FLEET] [aria] alice: DOWN (no ping response)
[2026-03-20 07:50:02] [FLEET] [aria] octavia: DOWN (no ping response)
[2026-03-20 07:50:02] [FLEET] [aria] cecilia: DOWN (no ping response)
[2026-03-20 07:50:02] [FLEET] [aria] gematria: DOWN (no ping response)
[2026-03-20 07:50:02] [FLEET] [aria] lucidia: DOWN (no ping response)
[2026-03-20 07:50:02] [BEAT] [aria] load=0.12 mem=6874/8059MB temp=52.4C disk=82%
[2026-03-20 07:50:02] [FLEET] [aria] anastasia: DOWN (no ping response)
[2026-03-20 07:51:01] [BEAT] [aria] load=0.05 mem=6914/8059MB temp=54.0C disk=82%
[2026-03-20 07:52:01] [BEAT] [aria] load=0.02 mem=6916/8059MB temp=54.5C disk=82%
[2026-03-20 07:53:01] [BEAT] [aria] load=0.00 mem=6911/8059MB temp=52.4C disk=82%
[2026-03-20 07:54:01] [BEAT] [aria] load=0.09 mem=6910/8059MB temp=51.2C disk=82%
[2026-03-20 07:55:01] [BEAT] [aria] load=0.55 mem=6886/8059MB temp=51.2C disk=82%
[2026-03-20 07:56:01] [BEAT] [aria] load=1.10 mem=6912/8059MB temp=51.8C disk=82%
[2026-03-20 07:57:01] [BEAT] [aria] load=0.47 mem=6912/8059MB temp=50.1C disk=82%
[2026-03-20 07:58:01] [BEAT] [aria] load=0.17 mem=6913/8059MB temp=49.6C disk=82%
[2026-03-20 07:59:01] [BEAT] [aria] load=0.26 mem=6914/8059MB temp=50.1C disk=82%
[2026-03-20 08:00:01] [FLEET] [aria] Starting cross-node health check
[2026-03-20 08:00:01] [FLEET] [aria] alice: DOWN (no ping response)
[2026-03-20 08:00:01] [FLEET] [aria] octavia: DOWN (no ping response)
[2026-03-20 08:00:01] [FLEET] [aria] cecilia: DOWN (no ping response)
[2026-03-20 08:00:01] [BEAT] [aria] load=0.09 mem=6867/8059MB temp=50.1C disk=82%
[2026-03-20 08:00:01] [FLEET] [aria] gematria: DOWN (no ping response)
[2026-03-20 08:00:01] [FLEET] [aria] lucidia: DOWN (no ping response)
[2026-03-20 08:00:01] [FLEET] [aria] anastasia: DOWN (no ping response)
[2026-03-20 08:00:01] [DIAL] [aria] Switchboard unreachable
[2026-03-20 08:01:01] [BEAT] [aria] load=0.08 mem=6902/8059MB temp=50.7C disk=82%
[2026-03-20 08:02:01] [BEAT] [aria] load=0.06 mem=6904/8059MB temp=50.1C disk=82%
[2026-03-20 08:03:01] [BEAT] [aria] load=0.06 mem=6901/8059MB temp=50.1C disk=82%
[2026-03-20 08:04:01] [BEAT] [aria] load=0.02 mem=6905/8059MB temp=50.1C disk=82%
[2026-03-20 08:05:01] [BEAT] [aria] load=0.04 mem=6869/8059MB temp=51.2C disk=82%
[2026-03-20 08:06:01] [BEAT] [aria] load=0.08 mem=6907/8059MB temp=49.6C disk=82%
[2026-03-20 08:07:01] [BEAT] [aria] load=0.03 mem=6904/8059MB temp=50.7C disk=82%
[2026-03-20 08:08:01] [BEAT] [aria] load=0.01 mem=6903/8059MB temp=51.2C disk=82%
[2026-03-20 08:09:01] [BEAT] [aria] load=0.00 mem=6907/8059MB temp=50.7C disk=82%
[2026-03-20 08:10:01] [FLEET] [aria] Starting cross-node health check
[2026-03-20 08:10:01] [FLEET] [aria] alice: DOWN (no ping response)
[2026-03-20 08:10:01] [FLEET] [aria] octavia: DOWN (no ping response)
[2026-03-20 08:10:01] [BEAT] [aria] load=0.04 mem=6884/8059MB temp=51.2C disk=82%
[2026-03-20 08:10:01] [FLEET] [aria] cecilia: DOWN (no ping response)
[2026-03-20 08:10:01] [FLEET] [aria] gematria: DOWN (no ping response)
[2026-03-20 08:10:01] [FLEET] [aria] lucidia: DOWN (no ping response)
[2026-03-20 08:10:01] [FLEET] [aria] anastasia: DOWN (no ping response)
[2026-03-20 08:11:01] [BEAT] [aria] load=0.01 mem=6906/8059MB temp=51.8C disk=82%
[2026-03-20 08:12:01] [BEAT] [aria] load=0.11 mem=6902/8059MB temp=51.8C disk=82%
[2026-03-20 08:13:01] [BEAT] [aria] load=0.04 mem=6909/8059MB temp=51.2C disk=82%
[2026-03-20 08:14:01] [BEAT] [aria] load=0.14 mem=6908/8059MB temp=51.8C disk=82%
[2026-03-20 08:15:01] [BEAT] [aria] load=0.11 mem=6879/8059MB temp=52.9C disk=82%
[2026-03-20 08:15:02] [DIAL] [aria] Switchboard unreachable
[2026-03-20 08:16:01] [BEAT] [aria] load=0.56 mem=6905/8059MB temp=51.8C disk=82%
[2026-03-20 08:17:01] [BEAT] [aria] load=1.21 mem=6903/8059MB temp=52.4C disk=82%
[2026-03-20 08:18:01] [BEAT] [aria] load=0.44 mem=6903/8059MB temp=51.8C disk=82%
[2026-03-20 08:19:01] [BEAT] [aria] load=0.20 mem=6904/8059MB temp=53.5C disk=82%
[2026-03-20 08:20:01] [FLEET] [aria] Starting cross-node health check
[2026-03-20 08:20:01] [FLEET] [aria] alice: DOWN (no ping response)
[2026-03-20 08:20:01] [FLEET] [aria] octavia: DOWN (no ping response)
[2026-03-20 08:20:01] [FLEET] [aria] cecilia: DOWN (no ping response)
[2026-03-20 08:20:01] [BEAT] [aria] load=0.07 mem=6874/8059MB temp=52.9C disk=82%
[2026-03-20 08:20:01] [FLEET] [aria] gematria: DOWN (no ping response)
[2026-03-20 08:20:01] [FLEET] [aria] lucidia: DOWN (no ping response)
[2026-03-20 08:20:01] [FLEET] [aria] anastasia: DOWN (no ping response)
[2026-03-20 08:21:01] [BEAT] [aria] load=0.06 mem=6906/8059MB temp=53.5C disk=82%
[2026-03-20 08:22:01] [BEAT] [aria] load=0.12 mem=6908/8059MB temp=52.4C disk=82%
[2026-03-20 08:23:01] [BEAT] [aria] load=0.04 mem=6904/8059MB temp=51.8C disk=82%
[2026-03-20 08:24:01] [BEAT] [aria] load=0.01 mem=6909/8059MB temp=51.2C disk=82%
[2026-03-20 08:25:01] [BEAT] [aria] load=0.07 mem=6873/8059MB temp=52.9C disk=82%
[2026-03-20 08:26:01] [BEAT] [aria] load=0.07 mem=6910/8059MB temp=52.4C disk=82%
[2026-03-20 08:27:01] [BEAT] [aria] load=0.02 mem=6908/8059MB temp=50.7C disk=82%
[2026-03-20 08:28:01] [BEAT] [aria] load=0.08 mem=6909/8059MB temp=52.4C disk=82%
[2026-03-20 08:29:01] [BEAT] [aria] load=0.03 mem=6906/8059MB temp=52.9C disk=82%
[2026-03-20 08:30:01] [FLEET] [aria] Starting cross-node health check
[2026-03-20 08:30:01] [FLEET] [aria] alice: DOWN (no ping response)
[2026-03-20 08:30:01] [FLEET] [aria] octavia: DOWN (no ping response)
[2026-03-20 08:30:01] [BEAT] [aria] load=0.07 mem=6871/8059MB temp=51.8C disk=82%
[2026-03-20 08:30:01] [FLEET] [aria] cecilia: DOWN (no ping response)
[2026-03-20 08:30:01] [FLEET] [aria] gematria: DOWN (no ping response)
[2026-03-20 08:30:01] [FLEET] [aria] lucidia: DOWN (no ping response)
[2026-03-20 08:30:01] [FLEET] [aria] anastasia: DOWN (no ping response)
[2026-03-20 08:30:01] [DIAL] [aria] Switchboard unreachable
[2026-03-20 08:31:01] [BEAT] [aria] load=0.09 mem=6910/8059MB temp=52.4C disk=82%
[2026-03-20 08:32:01] [BEAT] [aria] load=0.03 mem=6909/8059MB temp=53.5C disk=82%
[2026-03-20 08:33:01] [BEAT] [aria] load=0.01 mem=6903/8059MB temp=52.9C disk=82%
[2026-03-20 08:34:01] [BEAT] [aria] load=0.00 mem=6910/8059MB temp=52.4C disk=82%
[2026-03-20 08:35:01] [BEAT] [aria] load=0.08 mem=6883/8059MB temp=52.9C disk=82%
[2026-03-20 08:36:01] [BEAT] [aria] load=0.03 mem=6905/8059MB temp=53.5C disk=82%
[2026-03-20 08:37:01] [BEAT] [aria] load=0.68 mem=6895/8059MB temp=52.9C disk=82%
[2026-03-20 08:38:01] [ALERT] [aria] Temperature critical: 84.2C
[2026-03-20 08:38:01] [AUTO] [aria] Thermal protection triggered
[2026-03-20 08:38:01] [AUTO] [aria] CRITICAL HEAT — throttling heavy processes
[2026-03-20 08:38:02] [BEAT] [aria] load=3.41 mem=6160/8059MB temp=84.2C disk=82%
[2026-03-20 08:39:01] [ALERT] [aria] Temperature critical: 84.8C
[2026-03-20 08:39:01] [AUTO] [aria] Thermal protection triggered
[2026-03-20 08:39:01] [AUTO] [aria] CRITICAL HEAT — throttling heavy processes
[2026-03-20 08:39:01] [BEAT] [aria] load=4.33 mem=6150/8059MB temp=84.8C disk=82%
[2026-03-20 08:40:01] [FLEET] [aria] Starting cross-node health check
[2026-03-20 08:40:01] [FLEET] [aria] alice: DOWN (no ping response)
[2026-03-20 08:40:01] [FLEET] [aria] octavia: DOWN (no ping response)
[2026-03-20 08:40:01] [BEAT] [aria] load=2.28 mem=6135/8059MB temp=65.0C disk=82%
[2026-03-20 08:40:01] [FLEET] [aria] cecilia: DOWN (no ping response)
[2026-03-20 08:40:01] [FLEET] [aria] gematria: DOWN (no ping response)
[2026-03-20 08:40:01] [FLEET] [aria] lucidia: DOWN (no ping response)
[2026-03-20 08:40:01] [FLEET] [aria] anastasia: DOWN (no ping response)
[2026-03-20 08:41:01] [BEAT] [aria] load=0.89 mem=6167/8059MB temp=59.0C disk=82%
[2026-03-20 08:42:01] [BEAT] [aria] load=0.32 mem=6174/8059MB temp=57.3C disk=82%
[2026-03-20 08:43:01] [BEAT] [aria] load=0.16 mem=6168/8059MB temp=55.1C disk=82%
[2026-03-20 08:44:01] [BEAT] [aria] load=0.06 mem=6177/8059MB temp=56.2C disk=82%
[2026-03-20 08:45:01] [BEAT] [aria] load=0.02 mem=6870/8059MB temp=55.1C disk=82%
[2026-03-20 08:45:01] [DIAL] [aria] Switchboard unreachable
[2026-03-20 08:46:01] [BEAT] [aria] load=0.07 mem=6901/8059MB temp=54.0C disk=82%
[2026-03-20 08:47:01] [BEAT] [aria] load=0.11 mem=6898/8059MB temp=53.5C disk=82%
[2026-03-20 08:48:01] [BEAT] [aria] load=0.09 mem=6893/8059MB temp=52.9C disk=82%
[2026-03-20 08:49:01] [BEAT] [aria] load=0.03 mem=6888/8059MB temp=54.0C disk=82%
[2026-03-20 08:50:01] [FLEET] [aria] Starting cross-node health check
[2026-03-20 08:50:01] [FLEET] [aria] alice: DOWN (no ping response)
[2026-03-20 08:50:01] [FLEET] [aria] octavia: DOWN (no ping response)
[2026-03-20 08:50:01] [FLEET] [aria] cecilia: DOWN (no ping response)
[2026-03-20 08:50:01] [BEAT] [aria] load=0.01 mem=6865/8059MB temp=54.0C disk=82%
[2026-03-20 08:50:01] [FLEET] [aria] gematria: DOWN (no ping response)
[2026-03-20 08:50:01] [FLEET] [aria] lucidia: DOWN (no ping response)
[2026-03-20 08:50:01] [FLEET] [aria] anastasia: DOWN (no ping response)
[2026-03-20 08:51:01] [BEAT] [aria] load=0.00 mem=6881/8059MB temp=52.9C disk=82%
[2026-03-20 08:52:01] [BEAT] [aria] load=0.03 mem=6890/8059MB temp=51.8C disk=82%
[2026-03-20 08:53:01] [BEAT] [aria] load=0.08 mem=6891/8059MB temp=52.9C disk=82%
[2026-03-20 08:54:01] [BEAT] [aria] load=0.03 mem=6886/8059MB temp=51.8C disk=82%
[2026-03-20 08:55:01] [BEAT] [aria] load=0.01 mem=6843/8059MB temp=51.2C disk=82%
[2026-03-20 08:56:01] [BEAT] [aria] load=0.00 mem=6871/8059MB temp=50.7C disk=82%
[2026-03-20 08:57:01] [BEAT] [aria] load=0.21 mem=6874/8059MB temp=49.6C disk=82%
[2026-03-20 08:58:01] [BEAT] [aria] load=0.75 mem=6887/8059MB temp=50.1C disk=82%
[2026-03-20 08:59:01] [BEAT] [aria] load=0.62 mem=6887/8059MB temp=49.6C disk=82%
[2026-03-20 09:00:01] [FLEET] [aria] Starting cross-node health check
[2026-03-20 09:00:01] [FLEET] [aria] alice: DOWN (no ping response)
[2026-03-20 09:00:01] [FLEET] [aria] octavia: DOWN (no ping response)
[2026-03-20 09:00:01] [FLEET] [aria] cecilia: DOWN (no ping response)
[2026-03-20 09:00:01] [BEAT] [aria] load=0.31 mem=6848/8059MB temp=50.7C disk=82%
[2026-03-20 09:00:01] [FLEET] [aria] gematria: DOWN (no ping response)
[2026-03-20 09:00:01] [FLEET] [aria] lucidia: DOWN (no ping response)
[2026-03-20 09:00:01] [FLEET] [aria] anastasia: DOWN (no ping response)
[2026-03-20 09:00:01] [DIAL] [aria] Switchboard unreachable
[2026-03-20 09:01:01] [BEAT] [aria] load=0.11 mem=6884/8059MB temp=48.5C disk=82%
[2026-03-20 09:02:01] [BEAT] [aria] load=0.26 mem=6883/8059MB temp=50.7C disk=82%
[2026-03-20 09:03:01] [BEAT] [aria] load=0.09 mem=6886/8059MB temp=51.2C disk=82%
[2026-03-20 09:04:01] [BEAT] [aria] load=0.08 mem=6885/8059MB temp=50.7C disk=82%
[2026-03-20 09:05:01] [BEAT] [aria] load=0.03 mem=6850/8059MB temp=51.2C disk=82%
[2026-03-20 09:06:01] [BEAT] [aria] load=0.18 mem=6885/8059MB temp=50.7C disk=82%
[2026-03-20 09:07:01] [BEAT] [aria] load=0.06 mem=6883/8059MB temp=51.2C disk=82%
[2026-03-20 09:08:01] [BEAT] [aria] load=0.20 mem=6885/8059MB temp=51.2C disk=82%
[2026-03-20 09:09:01] [BEAT] [aria] load=0.07 mem=6886/8059MB temp=50.7C disk=82%
[2026-03-20 09:10:01] [FLEET] [aria] Starting cross-node health check
[2026-03-20 09:10:01] [FLEET] [aria] alice: DOWN (no ping response)
[2026-03-20 09:10:01] [FLEET] [aria] octavia: DOWN (no ping response)
[2026-03-20 09:10:01] [FLEET] [aria] cecilia: DOWN (no ping response)
[2026-03-20 09:10:01] [FLEET] [aria] gematria: DOWN (no ping response)
[2026-03-20 09:10:01] [FLEET] [aria] lucidia: DOWN (no ping response)
[2026-03-20 09:10:01] [BEAT] [aria] load=0.02 mem=6835/8059MB temp=53.5C disk=82%
[2026-03-20 09:10:01] [FLEET] [aria] anastasia: DOWN (no ping response)
[2026-03-20 09:11:01] [BEAT] [aria] load=0.01 mem=6886/8059MB temp=51.8C disk=82%
[2026-03-20 09:12:01] [BEAT] [aria] load=0.00 mem=6882/8059MB temp=51.8C disk=82%
[2026-03-20 09:13:01] [BEAT] [aria] load=0.05 mem=6884/8059MB temp=51.8C disk=82%
[2026-03-20 09:14:01] [BEAT] [aria] load=0.05 mem=6887/8059MB temp=51.2C disk=82%
[2026-03-20 09:15:01] [BEAT] [aria] load=0.07 mem=6854/8059MB temp=52.9C disk=82%
[2026-03-20 09:15:02] [DIAL] [aria] Switchboard unreachable
[2026-03-20 09:16:01] [BEAT] [aria] load=0.02 mem=6882/8059MB temp=53.5C disk=82%
[2026-03-20 09:17:01] [BEAT] [aria] load=0.07 mem=6884/8059MB temp=51.8C disk=82%
[2026-03-20 09:18:01] [BEAT] [aria] load=0.29 mem=6879/8059MB temp=51.2C disk=82%
[2026-03-20 09:19:01] [BEAT] [aria] load=1.01 mem=6884/8059MB temp=51.8C disk=82%
[2026-03-20 09:20:01] [FLEET] [aria] Starting cross-node health check
[2026-03-20 09:20:01] [FLEET] [aria] alice: DOWN (no ping response)
[2026-03-20 09:20:01] [FLEET] [aria] octavia: DOWN (no ping response)
[2026-03-20 09:20:01] [FLEET] [aria] cecilia: DOWN (no ping response)
[2026-03-20 09:20:01] [BEAT] [aria] load=0.80 mem=6852/8059MB temp=52.9C disk=82%
[2026-03-20 09:20:01] [FLEET] [aria] gematria: DOWN (no ping response)
[2026-03-20 09:20:01] [FLEET] [aria] lucidia: DOWN (no ping response)
[2026-03-20 09:20:01] [FLEET] [aria] anastasia: DOWN (no ping response)
[2026-03-20 09:21:01] [BEAT] [aria] load=0.29 mem=6884/8059MB temp=52.4C disk=82%
[2026-03-20 09:22:01] [BEAT] [aria] load=0.20 mem=6886/8059MB temp=52.9C disk=82%
[2026-03-20 09:23:01] [BEAT] [aria] load=0.07 mem=6886/8059MB temp=52.9C disk=82%
[2026-03-20 09:24:01] [BEAT] [aria] load=0.10 mem=6887/8059MB temp=53.5C disk=82%
[2026-03-20 09:25:01] [BEAT] [aria] load=0.07 mem=6862/8059MB temp=53.5C disk=82%
[2026-03-20 09:26:01] [BEAT] [aria] load=0.32 mem=6883/8059MB temp=52.4C disk=82%
[2026-03-20 09:27:01] [BEAT] [aria] load=0.26 mem=6889/8059MB temp=52.9C disk=82%
[2026-03-20 09:28:01] [BEAT] [aria] load=0.09 mem=6889/8059MB temp=52.9C disk=82%
[2026-03-20 09:29:01] [BEAT] [aria] load=0.13 mem=6886/8059MB temp=52.9C disk=82%
[2026-03-20 09:30:01] [FLEET] [aria] Starting cross-node health check
[2026-03-20 09:30:01] [FLEET] [aria] alice: DOWN (no ping response)
[2026-03-20 09:30:01] [FLEET] [aria] octavia: DOWN (no ping response)
[2026-03-20 09:30:01] [FLEET] [aria] cecilia: DOWN (no ping response)
[2026-03-20 09:30:01] [BEAT] [aria] load=0.05 mem=6842/8059MB temp=53.5C disk=82%
[2026-03-20 09:30:01] [FLEET] [aria] gematria: DOWN (no ping response)
[2026-03-20 09:30:01] [FLEET] [aria] lucidia: DOWN (no ping response)
[2026-03-20 09:30:01] [FLEET] [aria] anastasia: DOWN (no ping response)
[2026-03-20 09:30:01] [DIAL] [aria] Switchboard unreachable
[2026-03-20 09:31:01] [BEAT] [aria] load=0.25 mem=6879/8059MB temp=52.4C disk=82%
[2026-03-20 09:32:01] [BEAT] [aria] load=0.22 mem=6885/8059MB temp=52.9C disk=82%
[2026-03-20 09:33:01] [BEAT] [aria] load=0.11 mem=6885/8059MB temp=52.9C disk=82%
[2026-03-20 09:34:01] [BEAT] [aria] load=0.29 mem=6889/8059MB temp=53.5C disk=82%
[2026-03-20 09:35:01] [BEAT] [aria] load=0.11 mem=6861/8059MB temp=52.9C disk=82%
[2026-03-20 09:36:01] [BEAT] [aria] load=0.07 mem=6884/8059MB temp=52.9C disk=82%
[2026-03-20 09:37:01] [BEAT] [aria] load=0.02 mem=6887/8059MB temp=52.9C disk=82%
[2026-03-20 09:38:01] [BEAT] [aria] load=0.10 mem=6885/8059MB temp=54.5C disk=82%
[2026-03-20 09:39:01] [BEAT] [aria] load=0.34 mem=6888/8059MB temp=52.9C disk=82%
[2026-03-20 09:40:01] [FLEET] [aria] Starting cross-node health check
[2026-03-20 09:40:01] [FLEET] [aria] alice: DOWN (no ping response)
[2026-03-20 09:40:01] [FLEET] [aria] octavia: DOWN (no ping response)
[2026-03-20 09:40:01] [FLEET] [aria] cecilia: DOWN (no ping response)
[2026-03-20 09:40:01] [BEAT] [aria] load=1.07 mem=6861/8059MB temp=55.1C disk=82%
[2026-03-20 09:40:01] [FLEET] [aria] gematria: DOWN (no ping response)
[2026-03-20 09:40:02] [FLEET] [aria] lucidia: DOWN (no ping response)
[2026-03-20 09:40:02] [FLEET] [aria] anastasia: DOWN (no ping response)
[2026-03-20 09:41:01] [BEAT] [aria] load=0.46 mem=6886/8059MB temp=53.5C disk=82%
[2026-03-20 09:42:01] [BEAT] [aria] load=0.44 mem=6887/8059MB temp=53.5C disk=82%
[2026-03-20 09:43:01] [BEAT] [aria] load=0.45 mem=6885/8059MB temp=54.0C disk=82%
[2026-03-20 09:44:01] [BEAT] [aria] load=0.35 mem=6887/8059MB temp=54.0C disk=82%
[2026-03-20 09:45:01] [BEAT] [aria] load=0.18 mem=6854/8059MB temp=54.0C disk=82%
[2026-03-20 09:45:01] [DIAL] [aria] Switchboard unreachable
[2026-03-20 09:46:01] [BEAT] [aria] load=0.06 mem=6887/8059MB temp=52.9C disk=82%
[2026-03-20 09:47:01] [BEAT] [aria] load=0.02 mem=6880/8059MB temp=52.9C disk=82%
[2026-03-20 09:48:01] [BEAT] [aria] load=0.01 mem=6887/8059MB temp=51.2C disk=82%
[2026-03-20 09:49:01] [BEAT] [aria] load=0.04 mem=6882/8059MB temp=53.5C disk=82%
[2026-03-20 09:50:01] [FLEET] [aria] Starting cross-node health check
[2026-03-20 09:50:01] [FLEET] [aria] alice: DOWN (no ping response)
[2026-03-20 09:50:01] [FLEET] [aria] octavia: DOWN (no ping response)
[2026-03-20 09:50:01] [FLEET] [aria] cecilia: DOWN (no ping response)
[2026-03-20 09:50:01] [BEAT] [aria] load=0.08 mem=6852/8059MB temp=54.0C disk=82%
[2026-03-20 09:50:01] [FLEET] [aria] gematria: DOWN (no ping response)
[2026-03-20 09:50:01] [FLEET] [aria] lucidia: DOWN (no ping response)
[2026-03-20 09:50:01] [FLEET] [aria] anastasia: DOWN (no ping response)
[2026-03-20 09:51:01] [BEAT] [aria] load=0.03 mem=6885/8059MB temp=54.0C disk=82%
[2026-03-20 09:52:01] [BEAT] [aria] load=0.01 mem=6888/8059MB temp=52.9C disk=82%
[2026-03-20 09:53:01] [BEAT] [aria] load=0.00 mem=6875/8059MB temp=52.4C disk=82%
[2026-03-20 09:54:01] [BEAT] [aria] load=0.05 mem=6887/8059MB temp=51.2C disk=82%
[2026-03-20 09:55:01] [BEAT] [aria] load=0.02 mem=6860/8059MB temp=52.4C disk=82%
[2026-03-20 09:56:01] [BEAT] [aria] load=0.04 mem=6884/8059MB temp=50.7C disk=82%
[2026-03-20 09:57:01] [BEAT] [aria] load=0.01 mem=6886/8059MB temp=50.7C disk=82%
[2026-03-20 09:58:01] [BEAT] [aria] load=0.17 mem=6886/8059MB temp=51.2C disk=82%
[2026-03-20 09:59:01] [BEAT] [aria] load=0.13 mem=6885/8059MB temp=51.2C disk=82%
[2026-03-20 10:00:01] [FLEET] [aria] Starting cross-node health check
[2026-03-20 10:00:01] [FLEET] [aria] alice: DOWN (no ping response)
[2026-03-20 10:00:01] [FLEET] [aria] octavia: DOWN (no ping response)
[2026-03-20 10:00:01] [BEAT] [aria] load=0.39 mem=6845/8059MB temp=50.1C disk=82%
[2026-03-20 10:00:01] [FLEET] [aria] cecilia: DOWN (no ping response)
[2026-03-20 10:00:01] [FLEET] [aria] gematria: DOWN (no ping response)
[2026-03-20 10:00:01] [FLEET] [aria] lucidia: DOWN (no ping response)
[2026-03-20 10:00:01] [FLEET] [aria] anastasia: DOWN (no ping response)
[2026-03-20 10:00:01] [DIAL] [aria] Switchboard unreachable
[2026-03-20 10:01:01] [BEAT] [aria] load=0.98 mem=6861/8059MB temp=50.1C disk=82%
[2026-03-20 10:02:01] [BEAT] [aria] load=0.51 mem=6867/8059MB temp=49.6C disk=82%
[2026-03-20 10:03:01] [BEAT] [aria] load=0.19 mem=6865/8059MB temp=51.2C disk=82%
[2026-03-20 10:04:01] [BEAT] [aria] load=0.07 mem=6870/8059MB temp=50.1C disk=82%
[2026-03-20 10:05:02] [BEAT] [aria] load=0.06 mem=6842/8059MB temp=51.2C disk=82%
[2026-03-20 10:06:01] [BEAT] [aria] load=0.09 mem=6872/8059MB temp=50.1C disk=82%
[2026-03-20 10:07:01] [BEAT] [aria] load=0.03 mem=6871/8059MB temp=51.2C disk=82%
[2026-03-20 10:08:01] [BEAT] [aria] load=0.07 mem=6872/8059MB temp=52.4C disk=82%
[2026-03-20 10:09:01] [BEAT] [aria] load=0.02 mem=6869/8059MB temp=51.2C disk=82%
[2026-03-20 10:10:01] [FLEET] [aria] Starting cross-node health check
[2026-03-20 10:10:01] [FLEET] [aria] alice: DOWN (no ping response)
[2026-03-20 10:10:01] [BEAT] [aria] load=0.09 mem=6842/8059MB temp=52.4C disk=82%
[2026-03-20 10:10:01] [FLEET] [aria] octavia: DOWN (no ping response)
[2026-03-20 10:10:01] [FLEET] [aria] cecilia: DOWN (no ping response)
[2026-03-20 10:10:01] [FLEET] [aria] gematria: DOWN (no ping response)
[2026-03-20 10:10:01] [FLEET] [aria] lucidia: DOWN (no ping response)
[2026-03-20 10:10:01] [FLEET] [aria] anastasia: DOWN (no ping response)
[2026-03-20 10:11:01] [BEAT] [aria] load=0.03 mem=6870/8059MB temp=51.8C disk=82%
[2026-03-20 10:12:01] [BEAT] [aria] load=0.30 mem=6874/8059MB temp=51.8C disk=82%
[2026-03-20 10:13:01] [BEAT] [aria] load=0.11 mem=6871/8059MB temp=51.8C disk=82%
[2026-03-20 10:14:01] [BEAT] [aria] load=0.04 mem=6872/8059MB temp=51.2C disk=82%
[2026-03-20 10:15:01] [BEAT] [aria] load=0.08 mem=6839/8059MB temp=53.5C disk=82%
[2026-03-20 10:15:01] [DIAL] [aria] Switchboard unreachable
[2026-03-20 10:16:01] [BEAT] [aria] load=0.03 mem=6873/8059MB temp=52.4C disk=82%
[2026-03-20 10:17:01] [BEAT] [aria] load=0.11 mem=6862/8059MB temp=52.9C disk=82%
[2026-03-20 10:18:01] [BEAT] [aria] load=0.04 mem=6871/8059MB temp=51.8C disk=82%
[2026-03-20 10:19:01] [BEAT] [aria] load=0.01 mem=6872/8059MB temp=51.8C disk=82%
[2026-03-20 10:20:01] [FLEET] [aria] Starting cross-node health check
[2026-03-20 10:20:01] [FLEET] [aria] alice: DOWN (no ping response)
[2026-03-20 10:20:01] [FLEET] [aria] octavia: DOWN (no ping response)
[2026-03-20 10:20:01] [FLEET] [aria] cecilia: DOWN (no ping response)
[2026-03-20 10:20:01] [BEAT] [aria] load=0.00 mem=6839/8059MB temp=52.9C disk=82%
[2026-03-20 10:20:01] [FLEET] [aria] gematria: DOWN (no ping response)
[2026-03-20 10:20:01] [FLEET] [aria] lucidia: DOWN (no ping response)
[2026-03-20 10:20:01] [FLEET] [aria] anastasia: DOWN (no ping response)
[2026-03-20 10:21:01] [BEAT] [aria] load=0.54 mem=6868/8059MB temp=54.0C disk=82%
[2026-03-20 10:22:01] [BEAT] [aria] load=1.11 mem=6870/8059MB temp=52.4C disk=82%
[2026-03-20 10:23:01] [BEAT] [aria] load=0.41 mem=6874/8059MB temp=52.4C disk=82%
[2026-03-20 10:24:01] [BEAT] [aria] load=0.15 mem=6873/8059MB temp=52.4C disk=82%
[2026-03-20 10:25:01] [BEAT] [aria] load=0.12 mem=6841/8059MB temp=52.9C disk=82%
[2026-03-20 10:26:01] [BEAT] [aria] load=0.09 mem=6867/8059MB temp=51.2C disk=82%
[2026-03-20 10:27:01] [BEAT] [aria] load=0.03 mem=6872/8059MB temp=53.5C disk=82%
[2026-03-20 10:28:01] [BEAT] [aria] load=0.01 mem=6871/8059MB temp=52.9C disk=82%
[2026-03-20 10:29:01] [BEAT] [aria] load=0.00 mem=6870/8059MB temp=52.9C disk=82%
[2026-03-20 10:30:01] [FLEET] [aria] Starting cross-node health check
[2026-03-20 10:30:01] [FLEET] [aria] alice: DOWN (no ping response)
[2026-03-20 10:30:01] [FLEET] [aria] octavia: DOWN (no ping response)
[2026-03-20 10:30:01] [FLEET] [aria] cecilia: DOWN (no ping response)
[2026-03-20 10:30:01] [BEAT] [aria] load=0.06 mem=6838/8059MB temp=53.5C disk=82%
[2026-03-20 10:30:01] [FLEET] [aria] gematria: DOWN (no ping response)
[2026-03-20 10:30:01] [FLEET] [aria] lucidia: DOWN (no ping response)
[2026-03-20 10:30:01] [FLEET] [aria] anastasia: DOWN (no ping response)
[2026-03-20 10:30:02] [DIAL] [aria] Switchboard unreachable
[2026-03-20 10:31:01] [BEAT] [aria] load=0.09 mem=6874/8059MB temp=52.9C disk=82%
[2026-03-20 10:32:01] [BEAT] [aria] load=0.03 mem=6869/8059MB temp=52.4C disk=82%
[2026-03-20 10:33:01] [BEAT] [aria] load=0.06 mem=6870/8059MB temp=53.5C disk=82%
[2026-03-20 10:34:01] [BEAT] [aria] load=0.02 mem=6870/8059MB temp=52.4C disk=82%
[2026-03-20 10:35:01] [BEAT] [aria] load=0.10 mem=6846/8059MB temp=53.5C disk=82%
[2026-03-20 10:36:01] [BEAT] [aria] load=0.08 mem=6870/8059MB temp=54.0C disk=82%
[2026-03-20 10:37:01] [BEAT] [aria] load=0.06 mem=6870/8059MB temp=52.9C disk=82%
[2026-03-20 10:38:01] [BEAT] [aria] load=0.02 mem=6870/8059MB temp=52.9C disk=82%
[2026-03-20 10:39:01] [BEAT] [aria] load=0.01 mem=6871/8059MB temp=52.9C disk=82%
[2026-03-20 10:40:01] [FLEET] [aria] Starting cross-node health check
[2026-03-20 10:40:01] [FLEET] [aria] alice: DOWN (no ping response)
[2026-03-20 10:40:01] [FLEET] [aria] octavia: DOWN (no ping response)
[2026-03-20 10:40:01] [FLEET] [aria] cecilia: DOWN (no ping response)
[2026-03-20 10:40:01] [FLEET] [aria] gematria: DOWN (no ping response)
[2026-03-20 10:40:01] [BEAT] [aria] load=0.12 mem=6833/8059MB temp=53.5C disk=82%
[2026-03-20 10:40:01] [FLEET] [aria] lucidia: DOWN (no ping response)
[2026-03-20 10:40:01] [FLEET] [aria] anastasia: DOWN (no ping response)
[2026-03-20 10:41:01] [BEAT] [aria] load=0.27 mem=6870/8059MB temp=52.9C disk=82%
[2026-03-20 10:42:01] [BEAT] [aria] load=0.77 mem=6870/8059MB temp=52.4C disk=82%
[2026-03-20 10:43:01] [BEAT] [aria] load=0.99 mem=6868/8059MB temp=54.0C disk=82%
[2026-03-20 10:44:01] [BEAT] [aria] load=0.44 mem=6872/8059MB temp=54.5C disk=82%
[2026-03-20 10:45:01] [BEAT] [aria] load=0.16 mem=6843/8059MB temp=54.0C disk=82%
[2026-03-20 10:45:01] [DIAL] [aria] Switchboard unreachable
[2026-03-20 10:46:01] [BEAT] [aria] load=0.09 mem=6870/8059MB temp=54.5C disk=82%
[2026-03-20 10:47:01] [BEAT] [aria] load=0.10 mem=6871/8059MB temp=53.5C disk=82%
[2026-03-20 10:48:01] [BEAT] [aria] load=0.03 mem=6868/8059MB temp=53.5C disk=82%
[2026-03-20 10:49:01] [BEAT] [aria] load=0.06 mem=6869/8059MB temp=52.9C disk=82%
[2026-03-20 10:50:01] [FLEET] [aria] Starting cross-node health check
[2026-03-20 10:50:01] [FLEET] [aria] alice: DOWN (no ping response)
[2026-03-20 10:50:01] [FLEET] [aria] octavia: DOWN (no ping response)
[2026-03-20 10:50:01] [FLEET] [aria] cecilia: DOWN (no ping response)
[2026-03-20 10:50:01] [FLEET] [aria] gematria: DOWN (no ping response)
[2026-03-20 10:50:01] [BEAT] [aria] load=0.18 mem=6845/8059MB temp=53.5C disk=82%
[2026-03-20 10:50:01] [FLEET] [aria] lucidia: DOWN (no ping response)
[2026-03-20 10:50:01] [FLEET] [aria] anastasia: DOWN (no ping response)
[2026-03-20 10:51:01] [BEAT] [aria] load=0.15 mem=6871/8059MB temp=53.5C disk=82%
[2026-03-20 10:52:01] [BEAT] [aria] load=0.14 mem=6870/8059MB temp=52.4C disk=82%
[2026-03-20 10:53:01] [BEAT] [aria] load=0.08 mem=6872/8059MB temp=52.9C disk=82%
[2026-03-20 10:54:01] [BEAT] [aria] load=0.03 mem=6868/8059MB temp=52.4C disk=82%
[2026-03-20 10:55:01] [BEAT] [aria] load=0.01 mem=6844/8059MB temp=52.4C disk=82%
[2026-03-20 10:56:01] [BEAT] [aria] load=0.19 mem=6869/8059MB temp=51.2C disk=82%
[2026-03-20 10:57:02] [BEAT] [aria] load=0.07 mem=6868/8059MB temp=50.1C disk=82%
[2026-03-20 10:58:02] [BEAT] [aria] load=0.12 mem=6871/8059MB temp=49.6C disk=82%
[2026-03-20 10:59:01] [BEAT] [aria] load=0.04 mem=6874/8059MB temp=50.1C disk=82%
[2026-03-20 11:00:01] [FLEET] [aria] Starting cross-node health check
[2026-03-20 11:00:01] [FLEET] [aria] alice: DOWN (no ping response)
[2026-03-20 11:00:01] [FLEET] [aria] octavia: DOWN (no ping response)
[2026-03-20 11:00:01] [FLEET] [aria] cecilia: DOWN (no ping response)
[2026-03-20 11:00:01] [BEAT] [aria] load=0.01 mem=6831/8059MB temp=51.8C disk=82%
[2026-03-20 11:00:01] [FLEET] [aria] gematria: DOWN (no ping response)
[2026-03-20 11:00:01] [FLEET] [aria] lucidia: DOWN (no ping response)
[2026-03-20 11:00:01] [FLEET] [aria] anastasia: DOWN (no ping response)
[2026-03-20 11:00:01] [DIAL] [aria] Switchboard unreachable
[2026-03-20 11:01:01] [BEAT] [aria] load=0.00 mem=6871/8059MB temp=50.1C disk=82%
[2026-03-20 11:02:01] [BEAT] [aria] load=0.07 mem=6872/8059MB temp=50.1C disk=82%
[2026-03-20 11:03:01] [BEAT] [aria] load=0.74 mem=6841/8059MB temp=51.2C disk=82%
[2026-03-20 11:04:01] [BEAT] [aria] load=0.69 mem=6839/8059MB temp=51.2C disk=82%
[2026-03-20 11:05:01] [BEAT] [aria] load=0.25 mem=6810/8059MB temp=51.8C disk=82%
[2026-03-20 11:06:01] [BEAT] [aria] load=0.16 mem=6856/8059MB temp=51.8C disk=82%
[2026-03-20 11:07:01] [BEAT] [aria] load=0.15 mem=6852/8059MB temp=51.8C disk=82%
[2026-03-20 11:08:01] [BEAT] [aria] load=0.05 mem=6852/8059MB temp=50.7C disk=82%
[2026-03-20 11:09:01] [BEAT] [aria] load=0.20 mem=6851/8059MB temp=51.8C disk=82%
[2026-03-20 11:10:01] [FLEET] [aria] Starting cross-node health check
[2026-03-20 11:10:01] [FLEET] [aria] alice: DOWN (no ping response)
[2026-03-20 11:10:01] [FLEET] [aria] octavia: DOWN (no ping response)
[2026-03-20 11:10:01] [FLEET] [aria] cecilia: DOWN (no ping response)
[2026-03-20 11:10:01] [FLEET] [aria] gematria: DOWN (no ping response)
[2026-03-20 11:10:01] [BEAT] [aria] load=0.07 mem=6825/8059MB temp=52.4C disk=82%
[2026-03-20 11:10:01] [FLEET] [aria] lucidia: DOWN (no ping response)
[2026-03-20 11:10:01] [FLEET] [aria] anastasia: DOWN (no ping response)
[2026-03-20 11:11:01] [BEAT] [aria] load=0.02 mem=6853/8059MB temp=52.9C disk=82%
[2026-03-20 11:12:01] [BEAT] [aria] load=0.07 mem=6854/8059MB temp=51.8C disk=82%
[2026-03-20 11:13:01] [BEAT] [aria] load=0.02 mem=6849/8059MB temp=51.8C disk=82%
[2026-03-20 11:14:01] [BEAT] [aria] load=0.06 mem=6848/8059MB temp=52.9C disk=82%
[2026-03-20 11:15:01] [BEAT] [aria] load=0.02 mem=6827/8059MB temp=52.9C disk=82%
[2026-03-20 11:15:01] [DIAL] [aria] Switchboard unreachable
[2026-03-20 11:16:01] [BEAT] [aria] load=0.00 mem=6868/8059MB temp=51.8C disk=82%
[2026-03-20 11:17:01] [BEAT] [aria] load=0.06 mem=6865/8059MB temp=52.4C disk=82%
[2026-03-20 11:18:01] [BEAT] [aria] load=0.05 mem=6882/8059MB temp=52.4C disk=82%
[2026-03-20 11:19:01] [BEAT] [aria] load=0.09 mem=6882/8059MB temp=52.9C disk=82%
[2026-03-20 11:20:01] [FLEET] [aria] Starting cross-node health check
[2026-03-20 11:20:01] [FLEET] [aria] alice: DOWN (no ping response)
[2026-03-20 11:20:01] [FLEET] [aria] octavia: DOWN (no ping response)
[2026-03-20 11:20:01] [FLEET] [aria] cecilia: DOWN (no ping response)
[2026-03-20 11:20:01] [BEAT] [aria] load=0.03 mem=6853/8059MB temp=52.4C disk=82%
[2026-03-20 11:20:01] [FLEET] [aria] gematria: DOWN (no ping response)
[2026-03-20 11:20:01] [FLEET] [aria] lucidia: DOWN (no ping response)
[2026-03-20 11:20:01] [FLEET] [aria] anastasia: DOWN (no ping response)
[2026-03-20 11:21:02] [BEAT] [aria] load=0.01 mem=6885/8059MB temp=52.9C disk=82%
[2026-03-20 11:22:01] [BEAT] [aria] load=0.00 mem=6884/8059MB temp=54.5C disk=82%
[2026-03-20 11:23:01] [BEAT] [aria] load=0.10 mem=6881/8059MB temp=53.5C disk=82%
[2026-03-20 11:24:01] [BEAT] [aria] load=0.72 mem=6885/8059MB temp=53.5C disk=82%
[2026-03-20 11:25:01] [BEAT] [aria] load=0.59 mem=6858/8059MB temp=54.0C disk=82%
[2026-03-20 11:26:01] [BEAT] [aria] load=0.22 mem=6886/8059MB temp=52.9C disk=82%
[2026-03-20 11:27:01] [BEAT] [aria] load=0.08 mem=6883/8059MB temp=52.9C disk=82%
[2026-03-20 11:28:01] [BEAT] [aria] load=0.10 mem=6882/8059MB temp=52.9C disk=82%
[2026-03-20 11:29:01] [BEAT] [aria] load=0.03 mem=6884/8059MB temp=52.9C disk=82%
[2026-03-20 11:30:01] [FLEET] [aria] Starting cross-node health check
[2026-03-20 11:30:01] [FLEET] [aria] alice: DOWN (no ping response)
[2026-03-20 11:30:01] [FLEET] [aria] octavia: DOWN (no ping response)
[2026-03-20 11:30:01] [BEAT] [aria] load=0.06 mem=6851/8059MB temp=54.0C disk=82%
[2026-03-20 11:30:01] [FLEET] [aria] cecilia: DOWN (no ping response)
[2026-03-20 11:30:01] [FLEET] [aria] gematria: DOWN (no ping response)
[2026-03-20 11:30:01] [FLEET] [aria] lucidia: DOWN (no ping response)
[2026-03-20 11:30:01] [FLEET] [aria] anastasia: DOWN (no ping response)
[2026-03-20 11:30:01] [DIAL] [aria] Switchboard unreachable
[2026-03-20 11:31:01] [BEAT] [aria] load=0.02 mem=6881/8059MB temp=52.9C disk=82%
[2026-03-20 11:32:01] [BEAT] [aria] load=0.01 mem=6885/8059MB temp=51.2C disk=82%
[2026-03-20 11:33:01] [BEAT] [aria] load=0.00 mem=6883/8059MB temp=52.4C disk=82%
[2026-03-20 11:34:01] [BEAT] [aria] load=0.03 mem=6888/8059MB temp=53.5C disk=82%
[2026-03-20 11:35:01] [BEAT] [aria] load=0.01 mem=6857/8059MB temp=54.0C disk=82%
[2026-03-20 11:36:01] [BEAT] [aria] load=0.00 mem=6881/8059MB temp=53.5C disk=82%
[2026-03-20 11:37:01] [BEAT] [aria] load=0.00 mem=6884/8059MB temp=53.5C disk=82%
[2026-03-20 11:38:01] [BEAT] [aria] load=0.00 mem=6880/8059MB temp=52.9C disk=82%
[2026-03-20 11:39:01] [BEAT] [aria] load=0.05 mem=6882/8059MB temp=52.9C disk=82%
[2026-03-20 11:40:01] [FLEET] [aria] Starting cross-node health check
[2026-03-20 11:40:01] [FLEET] [aria] alice: DOWN (no ping response)
[2026-03-20 11:40:01] [FLEET] [aria] octavia: DOWN (no ping response)
[2026-03-20 11:40:01] [FLEET] [aria] cecilia: DOWN (no ping response)
[2026-03-20 11:40:01] [BEAT] [aria] load=0.02 mem=6865/8059MB temp=54.0C disk=82%
[2026-03-20 11:40:01] [FLEET] [aria] gematria: DOWN (no ping response)
[2026-03-20 11:40:01] [FLEET] [aria] lucidia: DOWN (no ping response)
[2026-03-20 11:40:01] [FLEET] [aria] anastasia: DOWN (no ping response)
[2026-03-20 11:41:01] [BEAT] [aria] load=0.00 mem=6880/8059MB temp=54.0C disk=82%
[2026-03-20 11:42:01] [BEAT] [aria] load=0.00 mem=6885/8059MB temp=53.5C disk=82%
[2026-03-20 11:43:01] [BEAT] [aria] load=0.14 mem=6882/8059MB temp=53.5C disk=82%
[2026-03-20 11:44:01] [BEAT] [aria] load=0.27 mem=6888/8059MB temp=53.5C disk=82%
[2026-03-20 11:45:01] [BEAT] [aria] load=0.81 mem=6853/8059MB temp=52.9C disk=82%
[2026-03-20 11:45:01] [DIAL] [aria] Switchboard unreachable
[2026-03-20 11:46:01] [BEAT] [aria] load=0.58 mem=6878/8059MB temp=54.0C disk=82%
[2026-03-20 11:47:02] [BEAT] [aria] load=0.21 mem=6883/8059MB temp=53.5C disk=82%
[2026-03-20 11:48:01] [BEAT] [aria] load=0.16 mem=6884/8059MB temp=54.5C disk=82%
[2026-03-20 11:49:01] [BEAT] [aria] load=0.06 mem=6884/8059MB temp=53.5C disk=82%
[2026-03-20 11:50:01] [FLEET] [aria] Starting cross-node health check
[2026-03-20 11:50:01] [FLEET] [aria] alice: DOWN (no ping response)
[2026-03-20 11:50:01] [FLEET] [aria] octavia: DOWN (no ping response)
[2026-03-20 11:50:01] [FLEET] [aria] cecilia: DOWN (no ping response)
[2026-03-20 11:50:01] [FLEET] [aria] gematria: DOWN (no ping response)
[2026-03-20 11:50:01] [FLEET] [aria] lucidia: DOWN (no ping response)
[2026-03-20 11:50:01] [FLEET] [aria] anastasia: DOWN (no ping response)
[2026-03-20 11:50:01] [BEAT] [aria] load=0.11 mem=6855/8059MB temp=54.0C disk=82%
[2026-03-20 11:51:01] [BEAT] [aria] load=0.04 mem=6868/8059MB temp=53.5C disk=82%
[2026-03-20 11:52:01] [BEAT] [aria] load=0.09 mem=6884/8059MB temp=55.1C disk=82%
[2026-03-20 11:53:01] [BEAT] [aria] load=0.15 mem=6886/8059MB temp=52.4C disk=82%
[2026-03-20 11:54:01] [BEAT] [aria] load=0.10 mem=6885/8059MB temp=52.4C disk=82%
[2026-03-20 11:55:01] [BEAT] [aria] load=0.08 mem=6861/8059MB temp=51.8C disk=82%
[2026-03-20 11:56:01] [BEAT] [aria] load=0.03 mem=6885/8059MB temp=51.2C disk=82%
[2026-03-20 11:57:01] [BEAT] [aria] load=0.01 mem=6885/8059MB temp=50.1C disk=82%
[2026-03-20 11:58:01] [BEAT] [aria] load=0.00 mem=6885/8059MB temp=49.6C disk=82%
[2026-03-20 11:59:01] [BEAT] [aria] load=0.06 mem=6883/8059MB temp=49.0C disk=82%
[2026-03-20 12:00:01] [FLEET] [aria] Starting cross-node health check
[2026-03-20 12:00:01] [FLEET] [aria] alice: DOWN (no ping response)
[2026-03-20 12:00:01] [FLEET] [aria] octavia: DOWN (no ping response)
[2026-03-20 12:00:01] [FLEET] [aria] cecilia: DOWN (no ping response)
[2026-03-20 12:00:01] [FLEET] [aria] gematria: DOWN (no ping response)
[2026-03-20 12:00:01] [BEAT] [aria] load=0.09 mem=6837/8059MB temp=51.2C disk=82%
[2026-03-20 12:00:01] [FLEET] [aria] lucidia: DOWN (no ping response)
[2026-03-20 12:00:01] [FLEET] [aria] anastasia: DOWN (no ping response)
[2026-03-20 12:00:01] [DIAL] [aria] Switchboard unreachable
[2026-03-20 12:01:01] [BEAT] [aria] load=0.03 mem=6883/8059MB temp=50.1C disk=82%
[2026-03-20 12:02:01] [BEAT] [aria] load=0.01 mem=6882/8059MB temp=50.1C disk=82%
[2026-03-20 12:03:01] [BEAT] [aria] load=0.00 mem=6884/8059MB temp=50.7C disk=82%
[2026-03-20 12:04:01] [BEAT] [aria] load=0.09 mem=6883/8059MB temp=51.2C disk=82%
[2026-03-20 12:05:01] [BEAT] [aria] load=0.38 mem=6859/8059MB temp=51.8C disk=82%
[2026-03-20 12:06:01] [BEAT] [aria] load=1.23 mem=6875/8059MB temp=50.7C disk=82%
[2026-03-20 12:07:01] [BEAT] [aria] load=0.73 mem=6875/8059MB temp=51.8C disk=82%
[2026-03-20 12:08:01] [BEAT] [aria] load=0.27 mem=6876/8059MB temp=52.4C disk=82%
[2026-03-20 12:09:01] [BEAT] [aria] load=0.21 mem=6878/8059MB temp=51.8C disk=82%
[2026-03-20 12:10:01] [FLEET] [aria] Starting cross-node health check
[2026-03-20 12:10:01] [FLEET] [aria] alice: DOWN (no ping response)
[2026-03-20 12:10:01] [BEAT] [aria] load=0.07 mem=6852/8059MB temp=51.8C disk=82%
[2026-03-20 12:10:01] [FLEET] [aria] octavia: DOWN (no ping response)
[2026-03-20 12:10:01] [FLEET] [aria] cecilia: DOWN (no ping response)
[2026-03-20 12:10:01] [FLEET] [aria] gematria: DOWN (no ping response)
[2026-03-20 12:10:01] [FLEET] [aria] lucidia: DOWN (no ping response)
[2026-03-20 12:10:01] [FLEET] [aria] anastasia: DOWN (no ping response)
[2026-03-20 12:11:01] [BEAT] [aria] load=0.07 mem=6878/8059MB temp=51.8C disk=82%
[2026-03-20 12:12:01] [BEAT] [aria] load=0.02 mem=6876/8059MB temp=52.4C disk=82%
[2026-03-20 12:13:01] [BEAT] [aria] load=0.09 mem=6834/8059MB temp=51.2C disk=82%
[2026-03-20 12:14:01] [BEAT] [aria] load=0.03 mem=6837/8059MB temp=52.9C disk=82%
[2026-03-20 12:15:02] [BEAT] [aria] load=0.04 mem=6796/8059MB temp=52.9C disk=82%
[2026-03-20 12:15:02] [DIAL] [aria] Switchboard unreachable
[2026-03-20 12:16:01] [BEAT] [aria] load=0.16 mem=6839/8059MB temp=51.2C disk=82%
[2026-03-20 12:17:01] [BEAT] [aria] load=0.06 mem=6942/8059MB temp=54.0C disk=82%
[2026-03-20 12:18:01] [BEAT] [aria] load=0.02 mem=6936/8059MB temp=53.5C disk=82%
[2026-03-20 12:19:01] [BEAT] [aria] load=0.00 mem=6942/8059MB temp=52.4C disk=82%
[2026-03-20 12:20:01] [FLEET] [aria] Starting cross-node health check
[2026-03-20 12:20:01] [FLEET] [aria] alice: DOWN (no ping response)
[2026-03-20 12:20:01] [FLEET] [aria] octavia: DOWN (no ping response)
[2026-03-20 12:20:01] [FLEET] [aria] cecilia: DOWN (no ping response)
[2026-03-20 12:20:01] [BEAT] [aria] load=0.04 mem=6910/8059MB temp=52.9C disk=82%
[2026-03-20 12:20:01] [FLEET] [aria] gematria: DOWN (no ping response)
[2026-03-20 12:20:01] [FLEET] [aria] lucidia: DOWN (no ping response)
[2026-03-20 12:20:01] [FLEET] [aria] anastasia: DOWN (no ping response)
[2026-03-20 12:21:01] [BEAT] [aria] load=0.01 mem=6943/8059MB temp=53.5C disk=82%
[2026-03-20 12:22:01] [BEAT] [aria] load=0.14 mem=6938/8059MB temp=53.5C disk=82%
[2026-03-20 12:23:01] [BEAT] [aria] load=0.05 mem=6937/8059MB temp=51.2C disk=82%
[2026-03-20 12:24:01] [BEAT] [aria] load=0.02 mem=6937/8059MB temp=53.5C disk=82%
[2026-03-20 12:25:01] [BEAT] [aria] load=0.15 mem=6902/8059MB temp=53.5C disk=82%
[2026-03-20 12:26:01] [BEAT] [aria] load=0.60 mem=6940/8059MB temp=52.4C disk=82%
[2026-03-20 12:27:01] [BEAT] [aria] load=1.18 mem=6934/8059MB temp=51.8C disk=82%
[2026-03-20 12:28:01] [BEAT] [aria] load=0.43 mem=6940/8059MB temp=53.5C disk=82%
[2026-03-20 12:29:01] [BEAT] [aria] load=0.16 mem=6935/8059MB temp=51.8C disk=82%
[2026-03-20 12:30:01] [FLEET] [aria] Starting cross-node health check
[2026-03-20 12:30:01] [FLEET] [aria] alice: DOWN (no ping response)
[2026-03-20 12:30:01] [FLEET] [aria] octavia: DOWN (no ping response)
[2026-03-20 12:30:01] [FLEET] [aria] cecilia: DOWN (no ping response)
[2026-03-20 12:30:01] [BEAT] [aria] load=0.22 mem=6898/8059MB temp=54.5C disk=82%
[2026-03-20 12:30:01] [FLEET] [aria] gematria: DOWN (no ping response)
[2026-03-20 12:30:01] [FLEET] [aria] lucidia: DOWN (no ping response)
[2026-03-20 12:30:01] [FLEET] [aria] anastasia: DOWN (no ping response)
[2026-03-20 12:30:01] [DIAL] [aria] Switchboard unreachable
[2026-03-20 12:31:01] [BEAT] [aria] load=0.18 mem=6928/8059MB temp=52.9C disk=82%
[2026-03-20 12:32:01] [BEAT] [aria] load=0.13 mem=6935/8059MB temp=53.5C disk=82%
[2026-03-20 12:33:01] [BEAT] [aria] load=0.05 mem=6942/8059MB temp=53.5C disk=82%
[2026-03-20 12:34:01] [BEAT] [aria] load=0.02 mem=6936/8059MB temp=54.0C disk=82%
[2026-03-20 12:35:01] [BEAT] [aria] load=0.11 mem=6899/8059MB temp=54.0C disk=82%
[2026-03-20 12:36:01] [BEAT] [aria] load=0.08 mem=6941/8059MB temp=53.5C disk=82%
[2026-03-20 12:37:01] [BEAT] [aria] load=0.03 mem=6945/8059MB temp=54.0C disk=82%
[2026-03-20 12:38:02] [ALERT] [aria] Temperature critical: 84.2C
[2026-03-20 12:38:02] [AUTO] [aria] Thermal protection triggered
[2026-03-20 12:38:02] [AUTO] [aria] CRITICAL HEAT — throttling heavy processes
[2026-03-20 12:38:02] [BEAT] [aria] load=2.66 mem=6190/8059MB temp=84.2C disk=82%
[2026-03-20 12:39:01] [ALERT] [aria] Temperature critical: 83.2C
[2026-03-20 12:39:01] [AUTO] [aria] Thermal protection triggered
[2026-03-20 12:39:01] [AUTO] [aria] CRITICAL HEAT — throttling heavy processes
[2026-03-20 12:39:01] [BEAT] [aria] load=3.77 mem=6191/8059MB temp=83.2C disk=82%
[2026-03-20 12:40:01] [FLEET] [aria] Starting cross-node health check
[2026-03-20 12:40:01] [FLEET] [aria] alice: DOWN (no ping response)
[2026-03-20 12:40:01] [FLEET] [aria] octavia: DOWN (no ping response)
[2026-03-20 12:40:01] [FLEET] [aria] cecilia: DOWN (no ping response)
[2026-03-20 12:40:01] [ALERT] [aria] Temperature critical: 85.3C
[2026-03-20 12:40:01] [AUTO] [aria] Thermal protection triggered
[2026-03-20 12:40:01] [FLEET] [aria] gematria: DOWN (no ping response)
[2026-03-20 12:40:01] [FLEET] [aria] lucidia: DOWN (no ping response)
[2026-03-20 12:40:01] [FLEET] [aria] anastasia: DOWN (no ping response)
[2026-03-20 12:40:01] [AUTO] [aria] CRITICAL HEAT — throttling heavy processes
[2026-03-20 12:40:01] [BEAT] [aria] load=3.90 mem=6162/8059MB temp=85.3C disk=82%
[2026-03-20 12:41:01] [BEAT] [aria] load=2.19 mem=6206/8059MB temp=66.1C disk=82%
[2026-03-20 12:42:01] [BEAT] [aria] load=0.93 mem=6200/8059MB temp=61.1C disk=82%
[2026-03-20 12:43:01] [BEAT] [aria] load=0.41 mem=6212/8059MB temp=58.4C disk=82%
[2026-03-20 12:44:01] [BEAT] [aria] load=0.15 mem=6208/8059MB temp=56.2C disk=82%
[2026-03-20 12:45:01] [BEAT] [aria] load=0.17 mem=6169/8059MB temp=55.6C disk=82%
[2026-03-20 12:45:02] [DIAL] [aria] Switchboard unreachable
[2026-03-20 12:46:01] [BEAT] [aria] load=0.06 mem=6934/8059MB temp=56.8C disk=82%
[2026-03-20 12:47:01] [BEAT] [aria] load=0.65 mem=6941/8059MB temp=55.1C disk=82%
[2026-03-20 12:48:01] [BEAT] [aria] load=0.96 mem=6938/8059MB temp=54.5C disk=82%
[2026-03-20 12:49:01] [BEAT] [aria] load=0.47 mem=6937/8059MB temp=55.1C disk=82%
[2026-03-20 12:50:01] [FLEET] [aria] Starting cross-node health check
[2026-03-20 12:50:01] [FLEET] [aria] alice: DOWN (no ping response)
[2026-03-20 12:50:01] [FLEET] [aria] octavia: DOWN (no ping response)
[2026-03-20 12:50:01] [BEAT] [aria] load=0.17 mem=6908/8059MB temp=55.6C disk=82%
[2026-03-20 12:50:01] [FLEET] [aria] cecilia: DOWN (no ping response)
[2026-03-20 12:50:01] [FLEET] [aria] gematria: DOWN (no ping response)
[2026-03-20 12:50:01] [FLEET] [aria] lucidia: DOWN (no ping response)
[2026-03-20 12:50:01] [FLEET] [aria] anastasia: DOWN (no ping response)
[2026-03-20 12:51:01] [BEAT] [aria] load=0.35 mem=6940/8059MB temp=54.0C disk=82%
[2026-03-20 12:52:01] [BEAT] [aria] load=0.19 mem=6934/8059MB temp=53.5C disk=82%
[2026-03-20 12:53:01] [BEAT] [aria] load=0.10 mem=6928/8059MB temp=54.5C disk=82%
[2026-03-20 12:54:01] [BEAT] [aria] load=0.04 mem=6923/8059MB temp=52.9C disk=82%
[2026-03-20 12:55:01] [BEAT] [aria] load=0.01 mem=6893/8059MB temp=52.4C disk=82%
[2026-03-20 12:56:01] [BEAT] [aria] load=0.05 mem=6924/8059MB temp=52.4C disk=82%
[2026-03-20 12:57:01] [BEAT] [aria] load=0.02 mem=6926/8059MB temp=52.4C disk=82%
[2026-03-20 12:58:01] [BEAT] [aria] load=0.16 mem=6930/8059MB temp=51.8C disk=82%
[2026-03-20 12:59:01] [BEAT] [aria] load=0.09 mem=6931/8059MB temp=51.8C disk=82%
[2026-03-20 13:00:01] [FLEET] [aria] Starting cross-node health check
[2026-03-20 13:00:01] [FLEET] [aria] alice: DOWN (no ping response)
[2026-03-20 13:00:01] [FLEET] [aria] octavia: DOWN (no ping response)
[2026-03-20 13:00:01] [BEAT] [aria] load=0.03 mem=6893/8059MB temp=53.5C disk=82%
[2026-03-20 13:00:01] [FLEET] [aria] cecilia: DOWN (no ping response)
[2026-03-20 13:00:01] [FLEET] [aria] gematria: DOWN (no ping response)
[2026-03-20 13:00:01] [FLEET] [aria] lucidia: DOWN (no ping response)
[2026-03-20 13:00:01] [FLEET] [aria] anastasia: DOWN (no ping response)
[2026-03-20 13:00:01] [DIAL] [aria] Switchboard unreachable
[2026-03-20 13:01:01] [BEAT] [aria] load=0.33 mem=6934/8059MB temp=51.2C disk=82%
[2026-03-20 13:02:01] [BEAT] [aria] load=0.12 mem=6931/8059MB temp=51.8C disk=82%
[2026-03-20 13:03:01] [BEAT] [aria] load=0.09 mem=6934/8059MB temp=51.8C disk=82%
[2026-03-20 13:04:01] [BEAT] [aria] load=0.03 mem=6933/8059MB temp=50.1C disk=82%
[2026-03-20 13:05:01] [BEAT] [aria] load=0.01 mem=6913/8059MB temp=52.4C disk=82%
[2026-03-20 13:06:01] [BEAT] [aria] load=0.00 mem=6932/8059MB temp=51.8C disk=82%
[2026-03-20 13:07:01] [BEAT] [aria] load=0.03 mem=6931/8059MB temp=52.4C disk=82%
[2026-03-20 13:08:01] [BEAT] [aria] load=0.61 mem=6931/8059MB temp=52.4C disk=82%
[2026-03-20 13:09:01] [BEAT] [aria] load=0.92 mem=6931/8059MB temp=52.4C disk=82%
[2026-03-20 13:10:01] [FLEET] [aria] Starting cross-node health check
[2026-03-20 13:10:01] [FLEET] [aria] alice: DOWN (no ping response)
[2026-03-20 13:10:01] [FLEET] [aria] octavia: DOWN (no ping response)
[2026-03-20 13:10:01] [FLEET] [aria] cecilia: DOWN (no ping response)
[2026-03-20 13:10:01] [FLEET] [aria] gematria: DOWN (no ping response)
[2026-03-20 13:10:01] [BEAT] [aria] load=0.34 mem=6908/8059MB temp=53.5C disk=82%
[2026-03-20 13:10:01] [FLEET] [aria] lucidia: DOWN (no ping response)
[2026-03-20 13:10:01] [FLEET] [aria] anastasia: DOWN (no ping response)
[2026-03-20 13:11:01] [BEAT] [aria] load=0.12 mem=6929/8059MB temp=53.5C disk=82%
[2026-03-20 13:12:01] [BEAT] [aria] load=0.29 mem=6935/8059MB temp=52.4C disk=82%
[2026-03-20 13:13:01] [BEAT] [aria] load=0.10 mem=6931/8059MB temp=52.9C disk=82%
[2026-03-20 13:14:01] [BEAT] [aria] load=0.15 mem=6928/8059MB temp=52.9C disk=82%
[2026-03-20 13:15:01] [BEAT] [aria] load=0.05 mem=6905/8059MB temp=54.0C disk=82%
[2026-03-20 13:15:01] [DIAL] [aria] Switchboard unreachable
[2026-03-20 13:16:01] [BEAT] [aria] load=0.02 mem=6929/8059MB temp=52.9C disk=82%
[2026-03-20 13:17:01] [BEAT] [aria] load=0.07 mem=6925/8059MB temp=53.5C disk=82%
[2026-03-20 13:18:01] [BEAT] [aria] load=0.02 mem=6924/8059MB temp=54.0C disk=82%
[2026-03-20 13:19:01] [BEAT] [aria] load=0.06 mem=6935/8059MB temp=53.5C disk=82%
[2026-03-20 13:20:01] [FLEET] [aria] Starting cross-node health check
[2026-03-20 13:20:01] [FLEET] [aria] alice: DOWN (no ping response)
[2026-03-20 13:20:01] [FLEET] [aria] octavia: DOWN (no ping response)
[2026-03-20 13:20:01] [FLEET] [aria] cecilia: DOWN (no ping response)
[2026-03-20 13:20:01] [FLEET] [aria] gematria: DOWN (no ping response)
[2026-03-20 13:20:01] [FLEET] [aria] lucidia: DOWN (no ping response)
[2026-03-20 13:20:01] [BEAT] [aria] load=0.02 mem=6895/8059MB temp=52.4C disk=82%
[2026-03-20 13:20:01] [FLEET] [aria] anastasia: DOWN (no ping response)
[2026-03-20 13:21:01] [BEAT] [aria] load=0.00 mem=6929/8059MB temp=53.5C disk=82%
[2026-03-20 13:22:01] [BEAT] [aria] load=0.00 mem=6930/8059MB temp=53.5C disk=82%
[2026-03-20 13:23:01] [BEAT] [aria] load=0.03 mem=6933/8059MB temp=53.5C disk=82%
[2026-03-20 13:24:01] [BEAT] [aria] load=0.11 mem=6930/8059MB temp=53.5C disk=82%
[2026-03-20 13:25:01] [BEAT] [aria] load=0.04 mem=6903/8059MB temp=54.0C disk=82%
[2026-03-20 13:26:01] [BEAT] [aria] load=0.01 mem=6933/8059MB temp=53.5C disk=82%
[2026-03-20 13:27:01] [BEAT] [aria] load=0.07 mem=6926/8059MB temp=54.0C disk=82%
[2026-03-20 13:28:01] [BEAT] [aria] load=0.07 mem=6930/8059MB temp=54.5C disk=82%
[2026-03-20 13:29:01] [BEAT] [aria] load=0.67 mem=6931/8059MB temp=53.5C disk=82%
[2026-03-20 13:30:01] [FLEET] [aria] Starting cross-node health check
[2026-03-20 13:30:01] [FLEET] [aria] alice: DOWN (no ping response)
[2026-03-20 13:30:01] [FLEET] [aria] octavia: DOWN (no ping response)
[2026-03-20 13:30:01] [FLEET] [aria] cecilia: DOWN (no ping response)
[2026-03-20 13:30:01] [BEAT] [aria] load=0.62 mem=6890/8059MB temp=55.6C disk=82%
[2026-03-20 13:30:01] [FLEET] [aria] gematria: DOWN (no ping response)
[2026-03-20 13:30:01] [FLEET] [aria] lucidia: DOWN (no ping response)
[2026-03-20 13:30:01] [FLEET] [aria] anastasia: DOWN (no ping response)
[2026-03-20 13:30:01] [DIAL] [aria] Switchboard unreachable
[2026-03-20 13:31:01] [BEAT] [aria] load=0.23 mem=6930/8059MB temp=52.9C disk=82%
[2026-03-20 13:32:01] [BEAT] [aria] load=0.08 mem=6930/8059MB temp=53.5C disk=82%
[2026-03-20 13:33:01] [BEAT] [aria] load=0.09 mem=6927/8059MB temp=54.0C disk=82%
[2026-03-20 13:34:01] [BEAT] [aria] load=0.11 mem=6930/8059MB temp=53.5C disk=82%
[2026-03-20 13:35:01] [BEAT] [aria] load=0.09 mem=6905/8059MB temp=55.1C disk=82%
[2026-03-20 13:36:01] [BEAT] [aria] load=0.03 mem=6926/8059MB temp=53.5C disk=82%
[2026-03-20 13:37:01] [BEAT] [aria] load=0.05 mem=6922/8059MB temp=53.5C disk=82%
[2026-03-20 13:38:01] [BEAT] [aria] load=0.02 mem=6931/8059MB temp=52.9C disk=82%
[2026-03-20 13:39:01] [BEAT] [aria] load=0.04 mem=6930/8059MB temp=54.0C disk=82%
[2026-03-20 13:40:01] [FLEET] [aria] Starting cross-node health check
[2026-03-20 13:40:01] [FLEET] [aria] alice: DOWN (no ping response)
[2026-03-20 13:40:01] [FLEET] [aria] octavia: DOWN (no ping response)
[2026-03-20 13:40:01] [FLEET] [aria] cecilia: DOWN (no ping response)
[2026-03-20 13:40:01] [FLEET] [aria] gematria: DOWN (no ping response)
[2026-03-20 13:40:01] [BEAT] [aria] load=0.08 mem=6897/8059MB temp=55.6C disk=82%
[2026-03-20 13:40:01] [FLEET] [aria] lucidia: DOWN (no ping response)
[2026-03-20 13:40:01] [FLEET] [aria] anastasia: DOWN (no ping response)
[2026-03-20 13:41:01] [BEAT] [aria] load=0.03 mem=6924/8059MB temp=54.5C disk=82%
[2026-03-20 13:42:01] [BEAT] [aria] load=0.01 mem=6926/8059MB temp=53.5C disk=82%
[2026-03-20 13:43:01] [BEAT] [aria] load=0.00 mem=6927/8059MB temp=53.5C disk=82%
[2026-03-20 13:44:01] [BEAT] [aria] load=0.04 mem=6926/8059MB temp=55.6C disk=82%
[2026-03-20 13:45:01] [BEAT] [aria] load=0.01 mem=6902/8059MB temp=55.1C disk=82%
[2026-03-20 13:45:01] [DIAL] [aria] Switchboard unreachable
[2026-03-20 13:46:01] [BEAT] [aria] load=0.10 mem=6925/8059MB temp=54.0C disk=82%
[2026-03-20 13:47:01] [BEAT] [aria] load=0.03 mem=6925/8059MB temp=53.5C disk=82%
[2026-03-20 13:48:01] [BEAT] [aria] load=0.01 mem=6925/8059MB temp=54.5C disk=82%
[2026-03-20 13:49:01] [BEAT] [aria] load=0.15 mem=6920/8059MB temp=55.1C disk=82%
[2026-03-20 13:50:01] [FLEET] [aria] Starting cross-node health check
[2026-03-20 13:50:01] [FLEET] [aria] alice: DOWN (no ping response)
[2026-03-20 13:50:01] [FLEET] [aria] octavia: DOWN (no ping response)
[2026-03-20 13:50:01] [BEAT] [aria] load=0.81 mem=6880/8059MB temp=54.0C disk=82%
[2026-03-20 13:50:01] [FLEET] [aria] cecilia: DOWN (no ping response)
[2026-03-20 13:50:01] [FLEET] [aria] gematria: DOWN (no ping response)
[2026-03-20 13:50:01] [FLEET] [aria] lucidia: DOWN (no ping response)
[2026-03-20 13:50:01] [FLEET] [aria] anastasia: DOWN (no ping response)
[2026-03-20 13:51:01] [BEAT] [aria] load=0.61 mem=6930/8059MB temp=54.5C disk=82%
[2026-03-20 13:52:01] [BEAT] [aria] load=0.22 mem=6926/8059MB temp=54.5C disk=82%
[2026-03-20 13:53:01] [BEAT] [aria] load=0.24 mem=6929/8059MB temp=55.1C disk=82%
[2026-03-20 13:54:01] [BEAT] [aria] load=0.08 mem=6925/8059MB temp=53.5C disk=82%
[2026-03-20 13:55:01] [BEAT] [aria] load=0.09 mem=6895/8059MB temp=52.4C disk=82%
[2026-03-20 13:56:01] [BEAT] [aria] load=0.26 mem=6926/8059MB temp=51.8C disk=82%
[2026-03-20 13:57:01] [BEAT] [aria] load=0.09 mem=6924/8059MB temp=53.5C disk=82%
[2026-03-20 13:58:01] [BEAT] [aria] load=0.35 mem=6926/8059MB temp=51.8C disk=82%
[2026-03-20 13:59:01] [BEAT] [aria] load=0.12 mem=6926/8059MB temp=51.2C disk=82%
[2026-03-20 14:00:01] [FLEET] [aria] Starting cross-node health check
[2026-03-20 14:00:01] [FLEET] [aria] alice: DOWN (no ping response)
[2026-03-20 14:00:01] [FLEET] [aria] octavia: DOWN (no ping response)
[2026-03-20 14:00:01] [FLEET] [aria] cecilia: DOWN (no ping response)
[2026-03-20 14:00:01] [FLEET] [aria] gematria: DOWN (no ping response)
[2026-03-20 14:00:01] [BEAT] [aria] load=0.13 mem=6888/8059MB temp=51.8C disk=82%
[2026-03-20 14:00:01] [FLEET] [aria] lucidia: DOWN (no ping response)
[2026-03-20 14:00:01] [FLEET] [aria] anastasia: DOWN (no ping response)
[2026-03-20 14:00:01] [DIAL] [aria] Switchboard unreachable
[2026-03-20 14:01:02] [BEAT] [aria] load=0.08 mem=6922/8059MB temp=50.7C disk=82%
[2026-03-20 14:02:01] [BEAT] [aria] load=0.03 mem=6923/8059MB temp=52.4C disk=82%
[2026-03-20 14:03:01] [BEAT] [aria] load=0.17 mem=6926/8059MB temp=52.9C disk=82%
[2026-03-20 14:04:01] [BEAT] [aria] load=0.06 mem=6917/8059MB temp=51.8C disk=82%
[2026-03-20 14:05:01] [BEAT] [aria] load=0.08 mem=6878/8059MB temp=52.9C disk=82%
[2026-03-20 14:06:01] [BEAT] [aria] load=0.03 mem=6900/8059MB temp=51.8C disk=82%
[2026-03-20 14:07:01] [BEAT] [aria] load=0.01 mem=6899/8059MB temp=52.9C disk=82%
[2026-03-20 14:08:01] [BEAT] [aria] load=0.00 mem=6900/8059MB temp=52.4C disk=82%
[2026-03-20 14:09:01] [BEAT] [aria] load=0.18 mem=6913/8059MB temp=53.5C disk=82%
[2026-03-20 14:10:01] [FLEET] [aria] Starting cross-node health check
[2026-03-20 14:10:01] [FLEET] [aria] alice: DOWN (no ping response)
[2026-03-20 14:10:01] [BEAT] [aria] load=0.58 mem=6875/8059MB temp=54.0C disk=82%
[2026-03-20 14:10:01] [FLEET] [aria] octavia: DOWN (no ping response)
[2026-03-20 14:10:01] [FLEET] [aria] cecilia: DOWN (no ping response)
[2026-03-20 14:10:01] [FLEET] [aria] gematria: DOWN (no ping response)
[2026-03-20 14:10:01] [FLEET] [aria] lucidia: DOWN (no ping response)
[2026-03-20 14:10:01] [FLEET] [aria] anastasia: DOWN (no ping response)
[2026-03-20 14:11:01] [BEAT] [aria] load=1.24 mem=6910/8059MB temp=52.4C disk=82%
[2026-03-20 14:12:01] [BEAT] [aria] load=0.59 mem=6905/8059MB temp=52.9C disk=82%
[2026-03-20 14:13:01] [BEAT] [aria] load=0.21 mem=6910/8059MB temp=52.9C disk=82%
[2026-03-20 14:14:01] [BEAT] [aria] load=0.13 mem=6910/8059MB temp=52.9C disk=82%
[2026-03-20 14:15:01] [BEAT] [aria] load=0.13 mem=6884/8059MB temp=54.0C disk=82%
[2026-03-20 14:15:01] [DIAL] [aria] Switchboard unreachable
[2026-03-20 14:16:01] [BEAT] [aria] load=0.12 mem=6912/8059MB temp=52.4C disk=82%
[2026-03-20 14:17:01] [BEAT] [aria] load=0.04 mem=6908/8059MB temp=52.9C disk=82%
[2026-03-20 14:18:01] [BEAT] [aria] load=0.01 mem=6910/8059MB temp=52.9C disk=82%
[2026-03-20 14:19:01] [BEAT] [aria] load=0.19 mem=6909/8059MB temp=54.5C disk=82%
[2026-03-20 14:20:01] [FLEET] [aria] Starting cross-node health check
[2026-03-20 14:20:01] [FLEET] [aria] alice: DOWN (no ping response)
[2026-03-20 14:20:01] [FLEET] [aria] octavia: DOWN (no ping response)
[2026-03-20 14:20:01] [BEAT] [aria] load=0.07 mem=6883/8059MB temp=54.0C disk=82%
[2026-03-20 14:20:01] [FLEET] [aria] cecilia: DOWN (no ping response)
[2026-03-20 14:20:01] [FLEET] [aria] gematria: DOWN (no ping response)
[2026-03-20 14:20:01] [FLEET] [aria] lucidia: DOWN (no ping response)
[2026-03-20 14:20:01] [FLEET] [aria] anastasia: DOWN (no ping response)
[2026-03-20 14:21:01] [BEAT] [aria] load=0.08 mem=6914/8059MB temp=52.9C disk=82%
[2026-03-20 14:22:01] [BEAT] [aria] load=0.03 mem=6903/8059MB temp=53.5C disk=82%
[2026-03-20 14:23:01] [BEAT] [aria] load=0.01 mem=6910/8059MB temp=53.5C disk=82%
[2026-03-20 14:24:01] [BEAT] [aria] load=0.00 mem=6911/8059MB temp=53.5C disk=82%
[2026-03-20 14:25:01] [BEAT] [aria] load=0.04 mem=6885/8059MB temp=54.0C disk=82%
[2026-03-20 14:26:01] [BEAT] [aria] load=0.01 mem=6912/8059MB temp=55.1C disk=82%
[2026-03-20 14:27:01] [BEAT] [aria] load=0.08 mem=6904/8059MB temp=53.5C disk=82%
[2026-03-20 14:28:02] [BEAT] [aria] load=0.03 mem=6911/8059MB temp=55.1C disk=82%
[2026-03-20 14:29:01] [BEAT] [aria] load=0.01 mem=6910/8059MB temp=54.0C disk=82%
[2026-03-20 14:30:01] [FLEET] [aria] Starting cross-node health check
[2026-03-20 14:30:01] [FLEET] [aria] alice: DOWN (no ping response)
[2026-03-20 14:30:01] [FLEET] [aria] octavia: DOWN (no ping response)
[2026-03-20 14:30:01] [FLEET] [aria] cecilia: DOWN (no ping response)
[2026-03-20 14:30:01] [FLEET] [aria] gematria: DOWN (no ping response)
[2026-03-20 14:30:01] [BEAT] [aria] load=0.12 mem=6874/8059MB temp=54.5C disk=82%
[2026-03-20 14:30:01] [FLEET] [aria] lucidia: DOWN (no ping response)
[2026-03-20 14:30:01] [FLEET] [aria] anastasia: DOWN (no ping response)
[2026-03-20 14:30:01] [DIAL] [aria] Switchboard unreachable
[2026-03-20 14:31:01] [BEAT] [aria] load=0.45 mem=6906/8059MB temp=54.0C disk=82%
[2026-03-20 14:32:01] [BEAT] [aria] load=1.16 mem=6908/8059MB temp=54.0C disk=82%
[2026-03-20 14:33:01] [BEAT] [aria] load=0.64 mem=6909/8059MB temp=53.5C disk=82%
[2026-03-20 14:34:01] [BEAT] [aria] load=0.40 mem=6911/8059MB temp=54.0C disk=82%
[2026-03-20 14:35:01] [BEAT] [aria] load=0.22 mem=6864/8059MB temp=52.9C disk=82%
[2026-03-20 14:36:01] [BEAT] [aria] load=0.08 mem=6909/8059MB temp=52.9C disk=82%
[2026-03-20 14:37:01] [BEAT] [aria] load=0.16 mem=6909/8059MB temp=54.0C disk=82%
[2026-03-20 14:38:01] [BEAT] [aria] load=0.06 mem=6904/8059MB temp=54.0C disk=82%
[2026-03-20 14:39:01] [BEAT] [aria] load=0.02 mem=6900/8059MB temp=52.9C disk=82%
[2026-03-20 14:40:01] [FLEET] [aria] Starting cross-node health check
[2026-03-20 14:40:01] [FLEET] [aria] alice: DOWN (no ping response)
[2026-03-20 14:40:01] [FLEET] [aria] octavia: DOWN (no ping response)
[2026-03-20 14:40:01] [FLEET] [aria] cecilia: DOWN (no ping response)
[2026-03-20 14:40:01] [BEAT] [aria] load=0.01 mem=6868/8059MB temp=55.1C disk=82%
[2026-03-20 14:40:01] [FLEET] [aria] gematria: DOWN (no ping response)
[2026-03-20 14:40:01] [FLEET] [aria] lucidia: DOWN (no ping response)
[2026-03-20 14:40:01] [FLEET] [aria] anastasia: DOWN (no ping response)
[2026-03-20 14:41:01] [BEAT] [aria] load=0.04 mem=6902/8059MB temp=53.5C disk=82%
[2026-03-20 14:42:01] [BEAT] [aria] load=0.06 mem=6903/8059MB temp=54.5C disk=82%
[2026-03-20 14:43:01] [BEAT] [aria] load=0.06 mem=6907/8059MB temp=53.5C disk=82%
[2026-03-20 14:44:01] [BEAT] [aria] load=0.05 mem=6905/8059MB temp=54.0C disk=82%
[2026-03-20 14:45:01] [BEAT] [aria] load=0.02 mem=6876/8059MB temp=54.5C disk=82%
[2026-03-20 14:45:01] [DIAL] [aria] Switchboard unreachable
[2026-03-20 14:46:01] [BEAT] [aria] load=0.18 mem=6900/8059MB temp=55.6C disk=82%
[2026-03-20 14:47:01] [BEAT] [aria] load=0.07 mem=6900/8059MB temp=54.0C disk=82%
[2026-03-20 14:48:01] [BEAT] [aria] load=0.02 mem=6905/8059MB temp=52.4C disk=82%
[2026-03-20 14:49:01] [BEAT] [aria] load=0.01 mem=6900/8059MB temp=54.0C disk=82%
[2026-03-20 14:50:01] [FLEET] [aria] Starting cross-node health check
[2026-03-20 14:50:01] [FLEET] [aria] alice: DOWN (no ping response)
[2026-03-20 14:50:01] [FLEET] [aria] octavia: DOWN (no ping response)
[2026-03-20 14:50:01] [FLEET] [aria] cecilia: DOWN (no ping response)
[2026-03-20 14:50:01] [BEAT] [aria] load=0.00 mem=6872/8059MB temp=54.5C disk=82%
[2026-03-20 14:50:01] [FLEET] [aria] gematria: DOWN (no ping response)
[2026-03-20 14:50:01] [FLEET] [aria] lucidia: DOWN (no ping response)
[2026-03-20 14:50:01] [FLEET] [aria] anastasia: DOWN (no ping response)
[2026-03-20 14:51:02] [BEAT] [aria] load=0.13 mem=6902/8059MB temp=54.0C disk=82%
[2026-03-20 14:52:02] [BEAT] [aria] load=0.47 mem=6901/8059MB temp=54.0C disk=82%
[2026-03-20 14:53:01] [BEAT] [aria] load=0.93 mem=6901/8059MB temp=55.1C disk=82%
[2026-03-20 14:54:01] [BEAT] [aria] load=0.37 mem=6902/8059MB temp=53.5C disk=82%
[2026-03-20 14:55:01] [BEAT] [aria] load=0.26 mem=6869/8059MB temp=52.9C disk=82%
[2026-03-20 14:56:01] [BEAT] [aria] load=0.40 mem=6904/8059MB temp=51.2C disk=82%
[2026-03-20 14:57:01] [BEAT] [aria] load=0.19 mem=6905/8059MB temp=52.4C disk=82%
[2026-03-20 14:58:01] [BEAT] [aria] load=0.07 mem=6904/8059MB temp=50.7C disk=82%
[2026-03-20 14:59:01] [BEAT] [aria] load=0.02 mem=6906/8059MB temp=50.7C disk=82%
[2026-03-20 15:00:01] [FLEET] [aria] Starting cross-node health check
[2026-03-20 15:00:01] [FLEET] [aria] alice: DOWN (no ping response)
[2026-03-20 15:00:01] [FLEET] [aria] octavia: DOWN (no ping response)
[2026-03-20 15:00:01] [FLEET] [aria] cecilia: DOWN (no ping response)
[2026-03-20 15:00:01] [BEAT] [aria] load=0.01 mem=6869/8059MB temp=52.4C disk=82%
[2026-03-20 15:00:01] [FLEET] [aria] gematria: DOWN (no ping response)
[2026-03-20 15:00:01] [FLEET] [aria] lucidia: DOWN (no ping response)
[2026-03-20 15:00:01] [FLEET] [aria] anastasia: DOWN (no ping response)
[2026-03-20 15:00:01] [DIAL] [aria] Switchboard unreachable
[2026-03-20 15:01:01] [BEAT] [aria] load=0.07 mem=6903/8059MB temp=50.1C disk=82%
[2026-03-20 15:02:01] [BEAT] [aria] load=0.09 mem=6903/8059MB temp=50.1C disk=82%
[2026-03-20 15:03:01] [BEAT] [aria] load=0.03 mem=6902/8059MB temp=51.2C disk=82%
[2026-03-20 15:04:01] [BEAT] [aria] load=0.06 mem=6905/8059MB temp=51.2C disk=82%
[2026-03-20 15:05:01] [BEAT] [aria] load=0.02 mem=6885/8059MB temp=52.9C disk=82%
[2026-03-20 15:06:01] [BEAT] [aria] load=0.09 mem=6902/8059MB temp=51.2C disk=82%
[2026-03-20 15:07:01] [BEAT] [aria] load=0.03 mem=6904/8059MB temp=52.4C disk=82%
[2026-03-20 15:08:01] [BEAT] [aria] load=0.13 mem=6900/8059MB temp=52.4C disk=82%
[2026-03-20 15:09:01] [BEAT] [aria] load=0.05 mem=6903/8059MB temp=51.8C disk=82%
[2026-03-20 15:10:01] [FLEET] [aria] Starting cross-node health check
[2026-03-20 15:10:01] [FLEET] [aria] alice: DOWN (no ping response)
[2026-03-20 15:10:01] [FLEET] [aria] octavia: DOWN (no ping response)
[2026-03-20 15:10:01] [FLEET] [aria] cecilia: DOWN (no ping response)
[2026-03-20 15:10:01] [BEAT] [aria] load=0.02 mem=6873/8059MB temp=54.5C disk=82%
[2026-03-20 15:10:01] [FLEET] [aria] gematria: DOWN (no ping response)
[2026-03-20 15:10:01] [FLEET] [aria] lucidia: DOWN (no ping response)
[2026-03-20 15:10:01] [FLEET] [aria] anastasia: DOWN (no ping response)
[2026-03-20 15:11:01] [BEAT] [aria] load=0.12 mem=6904/8059MB temp=52.9C disk=82%
[2026-03-20 15:12:01] [BEAT] [aria] load=0.04 mem=6903/8059MB temp=53.5C disk=82%
[2026-03-20 15:13:01] [BEAT] [aria] load=0.65 mem=6899/8059MB temp=52.4C disk=82%
[2026-03-20 15:14:01] [BEAT] [aria] load=1.25 mem=6902/8059MB temp=52.9C disk=82%
[2026-03-20 15:15:01] [BEAT] [aria] load=0.63 mem=6873/8059MB temp=54.0C disk=82%
[2026-03-20 15:15:01] [DIAL] [aria] Switchboard unreachable
[2026-03-20 15:16:01] [BEAT] [aria] load=0.39 mem=6902/8059MB temp=53.5C disk=82%
[2026-03-20 15:17:02] [BEAT] [aria] load=0.14 mem=6903/8059MB temp=55.1C disk=82%
[2026-03-20 15:18:01] [BEAT] [aria] load=0.11 mem=6903/8059MB temp=54.0C disk=82%
[2026-03-20 15:19:01] [BEAT] [aria] load=0.04 mem=6904/8059MB temp=53.5C disk=82%
[2026-03-20 15:20:01] [FLEET] [aria] Starting cross-node health check
[2026-03-20 15:20:01] [FLEET] [aria] alice: DOWN (no ping response)
[2026-03-20 15:20:01] [FLEET] [aria] octavia: DOWN (no ping response)
[2026-03-20 15:20:01] [FLEET] [aria] cecilia: DOWN (no ping response)
[2026-03-20 15:20:01] [FLEET] [aria] gematria: DOWN (no ping response)
[2026-03-20 15:20:01] [BEAT] [aria] load=0.01 mem=6872/8059MB temp=54.0C disk=82%
[2026-03-20 15:20:01] [FLEET] [aria] lucidia: DOWN (no ping response)
[2026-03-20 15:20:01] [FLEET] [aria] anastasia: DOWN (no ping response)
[2026-03-20 15:21:01] [BEAT] [aria] load=0.00 mem=6929/8059MB temp=53.5C disk=82%
[2026-03-20 15:22:01] [BEAT] [aria] load=0.04 mem=6926/8059MB temp=52.9C disk=82%
[2026-03-20 15:23:01] [BEAT] [aria] load=0.01 mem=6925/8059MB temp=52.9C disk=82%
[2026-03-20 15:24:01] [BEAT] [aria] load=0.04 mem=6927/8059MB temp=52.9C disk=82%
[2026-03-20 15:25:01] [BEAT] [aria] load=0.01 mem=6902/8059MB temp=54.5C disk=82%
[2026-03-20 15:26:01] [BEAT] [aria] load=0.00 mem=6932/8059MB temp=54.5C disk=82%
[2026-03-20 15:27:01] [BEAT] [aria] load=0.15 mem=6933/8059MB temp=54.0C disk=82%
[2026-03-20 15:28:01] [BEAT] [aria] load=0.05 mem=6932/8059MB temp=53.5C disk=82%
[2026-03-20 15:29:34] [BEAT] [aria] load=3.10 mem=6970/8059MB temp=54.5C disk=81%
[2026-03-20 15:29:34] [BEAT] [aria] load=3.10 mem=6970/8059MB temp=55.6C disk=81%
[2026-03-20 15:30:01] [FLEET] [aria] Starting cross-node health check
[2026-03-20 15:30:01] [BEAT] [aria] load=3.38 mem=6970/8059MB temp=56.2C disk=82%
[2026-03-20 15:30:02] [FLEET] [aria] alice: UP temp=40C mem=2931MB disk=82%
[2026-03-20 15:30:04] [FLEET] [aria] octavia: DOWN (no ping response)
[2026-03-20 15:30:05] [FLEET] [aria] cecilia: UP temp=42C mem=6707MB disk=34%
[2026-03-20 15:30:07] [BEAT] [aria] load=3.51 mem=6946/8059MB temp=55.6C disk=82%
[2026-03-20 15:30:07] [BEAT] [aria] load=3.51 mem=6944/8059MB temp=55.6C disk=82%
[2026-03-20 15:30:08] [FLEET] [aria] gematria: UP temp=C mem=2615MB disk=57%
[2026-03-20 15:30:09] [FLEET] [aria] lucidia: PING OK but SSH failed
[2026-03-20 15:30:11] [FLEET] [aria] anastasia: DOWN (no ping response)
[2026-03-20 15:30:47] [DIAL] [aria] Switchboard unreachable
[2026-03-20 15:31:01] [BEAT] [aria] load=1.40 mem=7031/8059MB temp=54.5C disk=82%
[2026-03-20 15:32:01] [BEAT] [aria] load=0.63 mem=7044/8059MB temp=55.6C disk=82%
[2026-03-20 15:33:01] [BEAT] [aria] load=0.23 mem=7061/8059MB temp=55.1C disk=82%
[2026-03-20 15:34:01] [BEAT] [aria] load=0.08 mem=7066/8059MB temp=56.2C disk=82%
[2026-03-20 15:35:01] [BEAT] [aria] load=0.03 mem=7045/8059MB temp=55.6C disk=82%
[2026-03-20 15:36:01] [BEAT] [aria] load=0.08 mem=7087/8059MB temp=54.5C disk=82%
[2026-03-20 15:36:33] [BEAT] [aria] load=0.05 mem=7086/8059MB temp=54.5C disk=82%
[2026-03-20 15:36:33] [BEAT] [aria] load=0.05 mem=7085/8059MB temp=55.1C disk=82%
[2026-03-20 15:37:01] [BEAT] [aria] load=0.03 mem=7090/8059MB temp=55.1C disk=82%
[2026-03-20 15:38:01] [BEAT] [aria] load=0.01 mem=7086/8059MB temp=54.0C disk=82%
[2026-03-20 15:39:01] [BEAT] [aria] load=0.38 mem=7089/8059MB temp=54.5C disk=82%
[2026-03-20 15:40:01] [FLEET] [aria] Starting cross-node health check
[2026-03-20 15:40:01] [BEAT] [aria] load=0.14 mem=7056/8059MB temp=56.2C disk=82%
[2026-03-20 15:40:02] [FLEET] [aria] alice: UP temp=39C mem=3183MB disk=82%
[2026-03-20 15:40:04] [FLEET] [aria] octavia: DOWN (no ping response)
[2026-03-20 15:40:05] [FLEET] [aria] cecilia: UP temp=42C mem=6945MB disk=34%
[2026-03-20 15:40:07] [FLEET] [aria] gematria: UP temp=C mem=2606MB disk=57%
[2026-03-20 15:40:08] [FLEET] [aria] lucidia: PING OK but SSH failed
[2026-03-20 15:40:10] [FLEET] [aria] anastasia: DOWN (no ping response)
[2026-03-20 15:41:01] [BEAT] [aria] load=0.59 mem=7077/8059MB temp=55.1C disk=82%
[2026-03-20 15:41:41] [BEAT] [aria] load=0.77 mem=7073/8059MB temp=56.8C disk=82%
[2026-03-20 15:41:41] [BEAT] [aria] load=0.77 mem=7071/8059MB temp=55.1C disk=82%
[2026-03-20 15:42:01] [BEAT] [aria] load=0.62 mem=7078/8059MB temp=54.5C disk=82%
[2026-03-20 15:43:01] [BEAT] [aria] load=0.46 mem=7073/8059MB temp=55.1C disk=82%
[2026-03-20 15:44:01] [BEAT] [aria] load=0.16 mem=7073/8059MB temp=54.5C disk=82%
[2026-03-20 15:45:01] [BEAT] [aria] load=0.17 mem=7036/8059MB temp=56.2C disk=82%
[2026-03-20 15:45:46] [DIAL] [aria] Switchboard unreachable
[2026-03-20 15:46:01] [BEAT] [aria] load=0.14 mem=7077/8059MB temp=55.1C disk=82%
[2026-03-20 15:46:44] [BEAT] [aria] load=0.12 mem=7072/8059MB temp=55.6C disk=82%
[2026-03-20 15:46:44] [BEAT] [aria] load=0.12 mem=7070/8059MB temp=55.1C disk=82%
[2026-03-20 15:47:01] [BEAT] [aria] load=0.10 mem=7076/8059MB temp=55.6C disk=82%
[2026-03-20 15:48:01] [BEAT] [aria] load=0.15 mem=7077/8059MB temp=54.0C disk=82%
[2026-03-20 15:49:01] [BEAT] [aria] load=0.09 mem=7076/8059MB temp=55.1C disk=82%
[2026-03-20 15:50:01] [FLEET] [aria] Starting cross-node health check
[2026-03-20 15:50:01] [BEAT] [aria] load=0.14 mem=7045/8059MB temp=54.5C disk=82%
[2026-03-20 15:50:02] [FLEET] [aria] alice: UP temp=39C mem=3160MB disk=82%
[2026-03-20 15:50:04] [FLEET] [aria] octavia: DOWN (no ping response)
[2026-03-20 15:50:04] [FLEET] [aria] cecilia: UP temp=40C mem=6907MB disk=34%
[2026-03-20 15:50:05] [FLEET] [aria] gematria: UP temp=C mem=2624MB disk=57%
[2026-03-20 15:50:06] [FLEET] [aria] lucidia: PING OK but SSH failed
[2026-03-20 15:50:08] [FLEET] [aria] anastasia: DOWN (no ping response)
[2026-03-20 15:51:01] [BEAT] [aria] load=0.16 mem=7077/8059MB temp=55.1C disk=82%
[2026-03-20 15:51:47] [BEAT] [aria] load=0.12 mem=7073/8059MB temp=55.6C disk=82%
[2026-03-20 15:51:47] [BEAT] [aria] load=0.12 mem=7071/8059MB temp=55.6C disk=82%
[2026-03-20 15:52:01] [BEAT] [aria] load=0.10 mem=7059/8059MB temp=57.9C disk=82%
[2026-03-20 15:53:01] [BEAT] [aria] load=0.26 mem=7075/8059MB temp=55.1C disk=82%
[2026-03-20 15:54:01] [BEAT] [aria] load=0.09 mem=7077/8059MB temp=54.5C disk=82%
[2026-03-20 15:55:01] [BEAT] [aria] load=0.18 mem=7049/8059MB temp=55.1C disk=82%
[2026-03-20 15:56:01] [BEAT] [aria] load=0.27 mem=7074/8059MB temp=54.0C disk=82%
[2026-03-20 15:56:51] [BEAT] [aria] load=0.18 mem=7071/8059MB temp=53.5C disk=82%
[2026-03-20 15:56:51] [BEAT] [aria] load=0.18 mem=7070/8059MB temp=52.9C disk=82%
[2026-03-20 15:57:01] [BEAT] [aria] load=0.15 mem=7070/8059MB temp=52.4C disk=82%
[2026-03-20 15:58:01] [BEAT] [aria] load=0.05 mem=7070/8059MB temp=51.8C disk=82%
[2026-03-20 15:59:01] [BEAT] [aria] load=0.14 mem=7071/8059MB temp=53.5C disk=82%
[2026-03-20 16:00:01] [FLEET] [aria] Starting cross-node health check
[2026-03-20 16:00:02] [BEAT] [aria] load=0.05 mem=7010/8059MB temp=54.0C disk=82%
[2026-03-20 16:00:02] [FLEET] [aria] alice: UP temp=38C mem=3174MB disk=82%
[2026-03-20 16:00:04] [FLEET] [aria] octavia: DOWN (no ping response)
[2026-03-20 16:00:04] [FLEET] [aria] cecilia: UP temp=39C mem=6878MB disk=34%
[2026-03-20 16:00:06] [FLEET] [aria] gematria: UP temp=C mem=2570MB disk=57%
[2026-03-20 16:00:07] [FLEET] [aria] lucidia: PING OK but SSH failed
[2026-03-20 16:00:09] [FLEET] [aria] anastasia: DOWN (no ping response)
[2026-03-20 16:00:47] [DIAL] [aria] Switchboard unreachable
[2026-03-20 16:01:01] [BEAT] [aria] load=0.29 mem=7064/8059MB temp=52.4C disk=82%
[2026-03-20 16:01:57] [BEAT] [aria] load=0.71 mem=7059/8059MB temp=52.9C disk=82%
[2026-03-20 16:01:57] [BEAT] [aria] load=0.71 mem=7052/8059MB temp=52.9C disk=82%
[2026-03-20 16:02:01] [BEAT] [aria] load=1.05 mem=7048/8059MB temp=52.4C disk=82%
[2026-03-20 16:03:01] [BEAT] [aria] load=0.68 mem=7065/8059MB temp=50.7C disk=82%
[2026-03-20 16:04:01] [BEAT] [aria] load=0.25 mem=7066/8059MB temp=52.9C disk=82%
[2026-03-20 16:05:01] [BEAT] [aria] load=0.15 mem=7031/8059MB temp=54.5C disk=82%
[2026-03-20 16:06:01] [BEAT] [aria] load=0.35 mem=7063/8059MB temp=53.5C disk=82%
[2026-03-20 16:07:00] [BEAT] [aria] load=0.12 mem=7057/8059MB temp=54.0C disk=82%
[2026-03-20 16:07:00] [BEAT] [aria] load=0.12 mem=7054/8059MB temp=53.5C disk=82%
[2026-03-20 16:07:01] [BEAT] [aria] load=0.12 mem=7049/8059MB temp=54.5C disk=82%
[2026-03-20 16:08:01] [BEAT] [aria] load=0.23 mem=7059/8059MB temp=52.9C disk=82%
[2026-03-20 16:09:01] [BEAT] [aria] load=0.08 mem=7065/8059MB temp=54.0C disk=82%
[2026-03-20 16:10:01] [FLEET] [aria] Starting cross-node health check
[2026-03-20 16:10:01] [BEAT] [aria] load=0.07 mem=7033/8059MB temp=54.0C disk=82%
[2026-03-20 16:10:02] [FLEET] [aria] alice: UP temp=39C mem=3178MB disk=82%
[2026-03-20 16:10:04] [FLEET] [aria] octavia: DOWN (no ping response)
[2026-03-20 16:10:04] [FLEET] [aria] cecilia: UP temp=39C mem=6886MB disk=34%
[2026-03-20 16:10:06] [FLEET] [aria] gematria: UP temp=C mem=2566MB disk=57%
[2026-03-20 16:10:06] [FLEET] [aria] lucidia: PING OK but SSH failed
[2026-03-20 16:10:08] [FLEET] [aria] anastasia: DOWN (no ping response)
[2026-03-20 16:11:01] [BEAT] [aria] load=0.25 mem=7052/8059MB temp=53.5C disk=82%
[2026-03-20 16:12:01] [BEAT] [aria] load=0.09 mem=7050/8059MB temp=54.5C disk=82%
[2026-03-20 16:12:04] [BEAT] [aria] load=0.08 mem=7047/8059MB temp=53.5C disk=82%
[2026-03-20 16:12:04] [BEAT] [aria] load=0.08 mem=7046/8059MB temp=54.0C disk=82%
[2026-03-20 16:13:01] [BEAT] [aria] load=0.14 mem=7055/8059MB temp=54.0C disk=82%
[2026-03-20 16:14:01] [BEAT] [aria] load=0.05 mem=7051/8059MB temp=54.0C disk=82%
[2026-03-20 16:15:01] [BEAT] [aria] load=0.02 mem=7021/8059MB temp=54.5C disk=82%
[2026-03-20 16:15:46] [DIAL] [aria] Switchboard unreachable
[2026-03-20 16:16:01] [BEAT] [aria] load=0.00 mem=7049/8059MB temp=54.0C disk=82%
[2026-03-20 16:17:01] [BEAT] [aria] load=0.04 mem=7045/8059MB temp=55.1C disk=82%
[2026-03-20 16:17:09] [BEAT] [aria] load=0.03 mem=7038/8059MB temp=52.9C disk=82%
[2026-03-20 16:17:09] [BEAT] [aria] load=0.03 mem=7037/8059MB temp=55.1C disk=82%
[2026-03-20 16:18:01] [BEAT] [aria] load=0.17 mem=7043/8059MB temp=55.6C disk=82%
[2026-03-20 16:19:01] [BEAT] [aria] load=0.10 mem=7043/8059MB temp=54.5C disk=82%
[2026-03-20 16:20:01] [FLEET] [aria] Starting cross-node health check
[2026-03-20 16:20:01] [BEAT] [aria] load=0.04 mem=7013/8059MB temp=54.5C disk=82%
[2026-03-20 16:20:02] [FLEET] [aria] alice: UP temp=38C mem=3181MB disk=82%
[2026-03-20 16:20:04] [FLEET] [aria] octavia: DOWN (no ping response)
[2026-03-20 16:20:04] [FLEET] [aria] cecilia: UP temp=39C mem=6877MB disk=34%
[2026-03-20 16:20:05] [FLEET] [aria] gematria: UP temp=C mem=2585MB disk=57%
[2026-03-20 16:20:06] [FLEET] [aria] lucidia: PING OK but SSH failed
[2026-03-20 16:20:08] [FLEET] [aria] anastasia: DOWN (no ping response)
[2026-03-20 16:21:01] [BEAT] [aria] load=0.01 mem=7040/8059MB temp=55.1C disk=82%
[2026-03-20 16:22:01] [BEAT] [aria] load=0.22 mem=7042/8059MB temp=54.5C disk=82%
[2026-03-20 16:22:13] [BEAT] [aria] load=0.40 mem=7041/8059MB temp=55.1C disk=82%
[2026-03-20 16:22:13] [BEAT] [aria] load=0.40 mem=7039/8059MB temp=55.6C disk=82%
[2026-03-20 16:23:01] [BEAT] [aria] load=0.88 mem=7042/8059MB temp=54.5C disk=82%
[2026-03-20 16:24:01] [BEAT] [aria] load=0.71 mem=7042/8059MB temp=55.1C disk=82%
[2026-03-20 16:25:01] [BEAT] [aria] load=0.26 mem=7013/8059MB temp=55.6C disk=82%
[2026-03-20 16:26:01] [BEAT] [aria] load=0.17 mem=7037/8059MB temp=54.5C disk=82%
[2026-03-20 16:27:01] [BEAT] [aria] load=0.14 mem=7043/8059MB temp=54.5C disk=82%
[2026-03-20 16:27:16] [BEAT] [aria] load=0.10 mem=7038/8059MB temp=54.5C disk=82%
[2026-03-20 16:27:16] [BEAT] [aria] load=0.10 mem=7036/8059MB temp=55.1C disk=82%
[2026-03-20 16:28:01] [BEAT] [aria] load=0.24 mem=7035/8059MB temp=54.5C disk=82%
[2026-03-20 16:29:01] [BEAT] [aria] load=0.22 mem=7039/8059MB temp=54.5C disk=82%
[2026-03-20 16:30:01] [FLEET] [aria] Starting cross-node health check
[2026-03-20 16:30:02] [BEAT] [aria] load=0.13 mem=7014/8059MB temp=54.5C disk=82%
[2026-03-20 16:30:02] [FLEET] [aria] alice: UP temp=38C mem=3176MB disk=82%
[2026-03-20 16:30:04] [FLEET] [aria] octavia: DOWN (no ping response)
[2026-03-20 16:30:05] [FLEET] [aria] cecilia: UP temp=39C mem=6846MB disk=34%
[2026-03-20 16:30:06] [FLEET] [aria] gematria: UP temp=C mem=2598MB disk=57%
[2026-03-20 16:30:07] [FLEET] [aria] lucidia: PING OK but SSH failed
[2026-03-20 16:30:09] [FLEET] [aria] anastasia: DOWN (no ping response)
[2026-03-20 16:30:47] [DIAL] [aria] Switchboard unreachable
[2026-03-20 16:31:01] [BEAT] [aria] load=0.05 mem=7041/8059MB temp=53.5C disk=82%
[2026-03-20 16:32:01] [BEAT] [aria] load=0.20 mem=7043/8059MB temp=55.1C disk=82%
[2026-03-20 16:32:22] [BEAT] [aria] load=0.22 mem=7038/8059MB temp=55.1C disk=82%
[2026-03-20 16:32:22] [BEAT] [aria] load=0.22 mem=7037/8059MB temp=55.1C disk=82%
[2026-03-20 16:33:01] [BEAT] [aria] load=0.11 mem=7022/8059MB temp=54.5C disk=82%
[2026-03-20 16:34:01] [BEAT] [aria] load=0.12 mem=7034/8059MB temp=55.1C disk=82%
[2026-03-20 16:35:01] [BEAT] [aria] load=0.04 mem=7008/8059MB temp=55.1C disk=82%
[2026-03-20 16:36:01] [BEAT] [aria] load=0.01 mem=7032/8059MB temp=55.1C disk=82%
[2026-03-20 16:37:01] [BEAT] [aria] load=0.00 mem=7034/8059MB temp=55.1C disk=82%
[2026-03-20 16:37:25] [BEAT] [aria] load=0.00 mem=7032/8059MB temp=55.1C disk=82%
[2026-03-20 16:37:25] [BEAT] [aria] load=0.00 mem=7030/8059MB temp=55.6C disk=82%
[2026-03-20 16:38:01] [BEAT] [aria] load=0.05 mem=7037/8059MB temp=56.2C disk=82%
[2026-03-20 16:39:01] [BEAT] [aria] load=0.02 mem=7034/8059MB temp=55.1C disk=82%
[2026-03-20 16:40:01] [FLEET] [aria] Starting cross-node health check
[2026-03-20 16:40:01] [BEAT] [aria] load=0.05 mem=6989/8059MB temp=55.6C disk=82%
[2026-03-20 16:40:01] [FLEET] [aria] alice: UP temp=38C mem=3165MB disk=82%
[2026-03-20 16:40:03] [FLEET] [aria] octavia: DOWN (no ping response)
[2026-03-20 16:40:04] [FLEET] [aria] cecilia: UP temp=40C mem=6869MB disk=34%
[2026-03-20 16:40:05] [FLEET] [aria] gematria: UP temp=C mem=2577MB disk=57%
[2026-03-20 16:40:06] [FLEET] [aria] lucidia: PING OK but SSH failed
[2026-03-20 16:40:08] [FLEET] [aria] anastasia: DOWN (no ping response)
[2026-03-20 16:41:01] [BEAT] [aria] load=0.02 mem=7031/8059MB temp=55.1C disk=82%
[2026-03-20 16:42:01] [BEAT] [aria] load=0.00 mem=7033/8059MB temp=55.1C disk=82%
[2026-03-20 16:42:29] [BEAT] [aria] load=0.00 mem=7033/8059MB temp=55.1C disk=82%
[2026-03-20 16:42:29] [BEAT] [aria] load=0.00 mem=7029/8059MB temp=55.1C disk=82%
[2026-03-20 16:43:01] [BEAT] [aria] load=0.15 mem=7032/8059MB temp=55.1C disk=82%
[2026-03-20 16:44:01] [BEAT] [aria] load=1.01 mem=7035/8059MB temp=54.5C disk=82%
[2026-03-20 16:45:01] [BEAT] [aria] load=0.63 mem=7008/8059MB temp=55.6C disk=82%
[2026-03-20 16:45:46] [DIAL] [aria] Switchboard unreachable
[2026-03-20 16:46:01] [BEAT] [aria] load=0.31 mem=7029/8059MB temp=55.1C disk=82%
[2026-03-20 16:47:01] [BEAT] [aria] load=0.24 mem=7032/8059MB temp=54.5C disk=82%
[2026-03-20 16:47:33] [BEAT] [aria] load=0.14 mem=7029/8059MB temp=55.1C disk=82%
[2026-03-20 16:47:33] [BEAT] [aria] load=0.14 mem=7026/8059MB temp=55.6C disk=82%
[2026-03-20 16:48:01] [BEAT] [aria] load=0.08 mem=7030/8059MB temp=54.5C disk=82%
[2026-03-20 16:49:01] [BEAT] [aria] load=0.07 mem=7029/8059MB temp=55.6C disk=82%
[2026-03-20 16:50:01] [FLEET] [aria] Starting cross-node health check
[2026-03-20 16:50:01] [BEAT] [aria] load=0.02 mem=6990/8059MB temp=56.2C disk=82%
[2026-03-20 16:50:02] [FLEET] [aria] alice: UP temp=39C mem=3175MB disk=82%
[2026-03-20 16:50:04] [FLEET] [aria] octavia: DOWN (no ping response)
[2026-03-20 16:50:04] [FLEET] [aria] cecilia: UP temp=44C mem=5194MB disk=34%
[2026-03-20 16:50:06] [FLEET] [aria] gematria: UP temp=C mem=2507MB disk=57%
[2026-03-20 16:50:06] [FLEET] [aria] lucidia: PING OK but SSH failed
[2026-03-20 16:50:08] [FLEET] [aria] anastasia: DOWN (no ping response)
[2026-03-20 16:51:01] [BEAT] [aria] load=0.01 mem=7024/8059MB temp=55.1C disk=82%
[2026-03-20 16:52:01] [BEAT] [aria] load=0.42 mem=6974/8059MB temp=56.8C disk=59%
[2026-03-20 16:52:49] [BEAT] [aria] load=5.63 mem=6888/8059MB temp=57.3C disk=60%
[2026-03-20 16:52:49] [BEAT] [aria] load=8.61 mem=6875/8059MB temp=57.9C disk=61%
[2026-03-20 16:53:01] [BEAT] [aria] load=11.25 mem=6895/8059MB temp=57.3C disk=61%
[2026-03-20 16:54:09] [BEAT] [aria] load=17.39 mem=6901/8059MB temp=56.8C disk=63%
[2026-03-20 16:55:04] [BEAT] [aria] load=18.30 mem=6937/8059MB temp=56.2C disk=64%
[2026-03-20 16:56:01] [BEAT] [aria] load=8.57 mem=7009/8059MB temp=55.6C disk=64%
[2026-03-20 16:57:01] [BEAT] [aria] load=3.18 mem=7006/8059MB temp=54.0C disk=64%
[2026-03-20 16:58:01] [BEAT] [aria] load=1.28 mem=7002/8059MB temp=52.9C disk=64%
[2026-03-20 16:58:11] [BEAT] [aria] load=1.08 mem=7002/8059MB temp=54.5C disk=64%
[2026-03-20 16:58:11] [BEAT] [aria] load=1.08 mem=6998/8059MB temp=52.4C disk=64%
[2026-03-20 16:59:01] [BEAT] [aria] load=0.54 mem=6997/8059MB temp=53.5C disk=64%
[2026-03-20 17:00:01] [FLEET] [aria] Starting cross-node health check
[2026-03-20 17:00:02] [BEAT] [aria] load=0.20 mem=6960/8059MB temp=53.5C disk=64%
[2026-03-20 17:00:02] [FLEET] [aria] alice: UP temp=37C mem=3169MB disk=82%
[2026-03-20 17:00:04] [FLEET] [aria] octavia: DOWN (no ping response)
[2026-03-20 17:00:04] [FLEET] [aria] cecilia: UP temp=40C mem=6878MB disk=28%
[2026-03-20 17:00:06] [FLEET] [aria] gematria: UP temp=C mem=5400MB disk=57%
[2026-03-20 17:00:07] [FLEET] [aria] lucidia: PING OK but SSH failed
[2026-03-20 17:00:09] [FLEET] [aria] anastasia: DOWN (no ping response)
[2026-03-20 17:00:47] [DIAL] [aria] Switchboard unreachable
[2026-03-20 17:01:01] [BEAT] [aria] load=0.10 mem=6985/8059MB temp=52.4C disk=64%
[2026-03-20 17:02:01] [BEAT] [aria] load=0.04 mem=6998/8059MB temp=53.5C disk=64%
[2026-03-20 17:03:01] [BEAT] [aria] load=0.11 mem=6996/8059MB temp=54.0C disk=64%
[2026-03-20 17:03:14] [BEAT] [aria] load=0.09 mem=6998/8059MB temp=54.0C disk=64%
[2026-03-20 17:03:14] [BEAT] [aria] load=0.09 mem=6995/8059MB temp=53.5C disk=64%
[2026-03-20 17:04:01] [BEAT] [aria] load=0.45 mem=6998/8059MB temp=53.5C disk=64%
[2026-03-20 17:05:01] [BEAT] [aria] load=1.16 mem=6963/8059MB temp=53.5C disk=64%
[2026-03-20 17:06:01] [BEAT] [aria] load=0.64 mem=6994/8059MB temp=53.5C disk=64%
[2026-03-20 17:07:01] [BEAT] [aria] load=0.23 mem=6995/8059MB temp=53.5C disk=64%
[2026-03-20 17:08:01] [BEAT] [aria] load=0.15 mem=6984/8059MB temp=54.0C disk=64%
[2026-03-20 17:08:17] [BEAT] [aria] load=0.12 mem=6989/8059MB temp=55.1C disk=64%
[2026-03-20 17:08:17] [BEAT] [aria] load=0.12 mem=6987/8059MB temp=53.5C disk=64%
[2026-03-20 17:09:01] [BEAT] [aria] load=0.17 mem=6989/8059MB temp=54.0C disk=64%
[2026-03-20 17:10:01] [FLEET] [aria] Starting cross-node health check
[2026-03-20 17:10:01] [BEAT] [aria] load=0.19 mem=6935/8059MB temp=55.1C disk=64%
[2026-03-20 17:10:02] [FLEET] [aria] alice: UP temp=39C mem=3172MB disk=82%
[2026-03-20 17:10:04] [FLEET] [aria] octavia: DOWN (no ping response)
[2026-03-20 17:10:04] [FLEET] [aria] cecilia: UP temp=40C mem=6856MB disk=28%
[2026-03-20 17:10:05] [FLEET] [aria] gematria: UP temp=C mem=5384MB disk=58%
[2026-03-20 17:10:06] [FLEET] [aria] lucidia: PING OK but SSH failed
[2026-03-20 17:10:08] [FLEET] [aria] anastasia: DOWN (no ping response)
[2026-03-20 17:11:01] [BEAT] [aria] load=0.16 mem=6989/8059MB temp=54.5C disk=64%
[2026-03-20 17:12:01] [BEAT] [aria] load=0.06 mem=6993/8059MB temp=55.6C disk=64%
[2026-03-20 17:13:01] [BEAT] [aria] load=0.16 mem=6976/8059MB temp=54.0C disk=64%
[2026-03-20 17:13:20] [BEAT] [aria] load=0.42 mem=6940/8059MB temp=54.5C disk=64%
[2026-03-20 17:13:20] [BEAT] [aria] load=0.42 mem=6939/8059MB temp=54.0C disk=64%
[2026-03-20 17:14:01] [BEAT] [aria] load=0.41 mem=6982/8059MB temp=55.1C disk=64%
[2026-03-20 17:15:01] [BEAT] [aria] load=0.22 mem=6954/8059MB temp=55.6C disk=64%
[2026-03-20 17:15:46] [DIAL] [aria] Switchboard unreachable
[2026-03-20 17:16:01] [BEAT] [aria] load=0.60 mem=6988/8059MB temp=54.5C disk=64%
[2026-03-20 17:17:01] [BEAT] [aria] load=0.22 mem=6989/8059MB temp=55.1C disk=64%
[2026-03-20 17:18:01] [BEAT] [aria] load=0.08 mem=6990/8059MB temp=54.5C disk=64%
[2026-03-20 17:18:25] [ALERT] [aria] Temperature critical: 79.8C
[2026-03-20 17:18:25] [AUTO] [aria] Thermal protection triggered
[2026-03-20 17:18:25] [AUTO] [aria] CRITICAL HEAT — throttling heavy processes
[2026-03-20 17:18:25] [BEAT] [aria] load=1.01 mem=4830/8059MB temp=79.8C disk=64%
[2026-03-20 17:18:25] [ALERT] [aria] Temperature critical: 79.3C
[2026-03-20 17:18:25] [AUTO] [aria] Thermal protection triggered
[2026-03-20 17:18:25] [AUTO] [aria] CRITICAL HEAT — throttling heavy processes
[2026-03-20 17:18:25] [BEAT] [aria] load=1.01 mem=4825/8059MB temp=79.3C disk=64%
[2026-03-20 17:19:01] [ALERT] [aria] Temperature critical: 84.2C
[2026-03-20 17:19:01] [AUTO] [aria] Thermal protection triggered
[2026-03-20 17:19:01] [AUTO] [aria] CRITICAL HEAT — throttling heavy processes
[2026-03-20 17:19:01] [BEAT] [aria] load=2.70 mem=4835/8059MB temp=84.2C disk=64%
[2026-03-20 17:20:01] [FLEET] [aria] Starting cross-node health check
[2026-03-20 17:20:01] [ALERT] [aria] Temperature critical: 83.7C
[2026-03-20 17:20:01] [AUTO] [aria] Thermal protection triggered
[2026-03-20 17:20:02] [AUTO] [aria] CRITICAL HEAT — throttling heavy processes
[2026-03-20 17:20:02] [BEAT] [aria] load=3.32 mem=4814/8059MB temp=83.7C disk=64%
[2026-03-20 17:20:02] [FLEET] [aria] alice: UP temp=38C mem=3169MB disk=82%
[2026-03-20 17:20:04] [FLEET] [aria] octavia: DOWN (no ping response)
[2026-03-20 17:20:04] [FLEET] [aria] cecilia: UP temp=56C mem=4569MB disk=28%
[2026-03-20 17:20:06] [FLEET] [aria] gematria: UP temp=C mem=3209MB disk=58%
[2026-03-20 17:20:07] [FLEET] [aria] lucidia: PING OK but SSH failed
[2026-03-20 17:20:09] [FLEET] [aria] anastasia: DOWN (no ping response)
[2026-03-20 17:21:01] [ALERT] [aria] Temperature critical: 84.8C
[2026-03-20 17:21:01] [AUTO] [aria] Thermal protection triggered
[2026-03-20 17:21:01] [AUTO] [aria] CRITICAL HEAT — throttling heavy processes
[2026-03-20 17:21:01] [BEAT] [aria] load=3.68 mem=4843/8059MB temp=84.8C disk=64%
[2026-03-20 17:22:01] [BEAT] [aria] load=2.34 mem=4857/8059MB temp=68.8C disk=64%
[2026-03-20 17:23:01] [BEAT] [aria] load=0.86 mem=4854/8059MB temp=62.2C disk=64%
[2026-03-20 17:24:01] [BEAT] [aria] load=0.47 mem=4866/8059MB temp=59.5C disk=64%
[2026-03-20 17:25:01] [BEAT] [aria] load=0.62 mem=4841/8059MB temp=59.0C disk=64%
[2026-03-20 17:26:01] [BEAT] [aria] load=1.31 mem=4866/8059MB temp=57.3C disk=64%
[2026-03-20 17:27:01] [BEAT] [aria] load=0.54 mem=6943/8059MB temp=56.2C disk=64%
[2026-03-20 17:28:01] [BEAT] [aria] load=0.20 mem=6938/8059MB temp=54.5C disk=64%
[2026-03-20 17:28:27] [BEAT] [aria] load=0.13 mem=6936/8059MB temp=56.2C disk=64%
[2026-03-20 17:28:27] [BEAT] [aria] load=0.13 mem=6935/8059MB temp=57.3C disk=64%
[2026-03-20 17:29:01] [BEAT] [aria] load=0.07 mem=6937/8059MB temp=55.6C disk=64%
[2026-03-20 17:30:01] [FLEET] [aria] Starting cross-node health check
[2026-03-20 17:30:01] [BEAT] [aria] load=0.09 mem=6904/8059MB temp=54.5C disk=64%
[2026-03-20 17:30:02] [FLEET] [aria] alice: UP temp=39C mem=3153MB disk=82%
[2026-03-20 17:30:04] [FLEET] [aria] octavia: DOWN (no ping response)
[2026-03-20 17:30:04] [FLEET] [aria] cecilia: UP temp=56C mem=4495MB disk=28%
[2026-03-20 17:30:06] [FLEET] [aria] gematria: UP temp=C mem=3257MB disk=58%
[2026-03-20 17:30:07] [FLEET] [aria] lucidia: PING OK but SSH failed
[2026-03-20 17:30:09] [FLEET] [aria] anastasia: DOWN (no ping response)
[2026-03-20 17:30:47] [DIAL] [aria] Switchboard unreachable
[2026-03-20 17:31:01] [BEAT] [aria] load=0.28 mem=6940/8059MB temp=55.1C disk=64%
[2026-03-20 17:32:01] [BEAT] [aria] load=0.14 mem=6937/8059MB temp=55.1C disk=64%
[2026-03-20 17:33:01] [BEAT] [aria] load=0.05 mem=6934/8059MB temp=55.6C disk=64%
[2026-03-20 17:34:01] [BEAT] [aria] load=0.02 mem=6931/8059MB temp=55.6C disk=64%
[2026-03-20 17:35:01] [BEAT] [aria] load=0.31 mem=6912/8059MB temp=55.6C disk=64%
[2026-03-20 17:36:01] [BEAT] [aria] load=0.11 mem=6930/8059MB temp=54.5C disk=64%
[2026-03-20 17:37:01] [BEAT] [aria] load=0.08 mem=6936/8059MB temp=55.6C disk=64%
[2026-03-20 17:38:01] [BEAT] [aria] load=0.03 mem=6937/8059MB temp=55.1C disk=64%
[2026-03-20 17:39:01] [BEAT] [aria] load=0.14 mem=6941/8059MB temp=55.1C disk=64%
[2026-03-20 17:40:01] [FLEET] [aria] Starting cross-node health check
[2026-03-20 17:40:01] [FLEET] [aria] alice: DOWN (no ping response)
[2026-03-20 17:40:01] [FLEET] [aria] octavia: DOWN (no ping response)
[2026-03-20 17:40:01] [FLEET] [aria] cecilia: DOWN (no ping response)
[2026-03-20 17:40:01] [BEAT] [aria] load=0.13 mem=6896/8059MB temp=55.1C disk=64%
[2026-03-20 17:40:01] [FLEET] [aria] gematria: DOWN (no ping response)
[2026-03-20 17:40:01] [FLEET] [aria] lucidia: DOWN (no ping response)
[2026-03-20 17:40:01] [FLEET] [aria] anastasia: DOWN (no ping response)
[2026-03-20 17:41:01] [BEAT] [aria] load=0.04 mem=6938/8059MB temp=55.1C disk=64%
[2026-03-20 17:42:01] [BEAT] [aria] load=0.13 mem=6935/8059MB temp=55.1C disk=64%
[2026-03-20 17:43:01] [BEAT] [aria] load=0.05 mem=6939/8059MB temp=56.2C disk=64%
[2026-03-20 17:44:01] [BEAT] [aria] load=0.02 mem=6934/8059MB temp=55.1C disk=64%
[2026-03-20 17:45:01] [BEAT] [aria] load=0.00 mem=6899/8059MB temp=56.2C disk=64%
[2026-03-20 17:45:01] [DIAL] [aria] Switchboard unreachable
[2026-03-20 17:46:01] [BEAT] [aria] load=0.49 mem=6930/8059MB temp=55.6C disk=64%
[2026-03-20 17:47:01] [BEAT] [aria] load=1.17 mem=6931/8059MB temp=55.1C disk=64%
[2026-03-20 17:48:01] [BEAT] [aria] load=0.56 mem=6930/8059MB temp=55.1C disk=64%
[2026-03-20 17:49:01] [BEAT] [aria] load=0.20 mem=6927/8059MB temp=55.6C disk=64%
[2026-03-20 17:50:01] [FLEET] [aria] Starting cross-node health check
[2026-03-20 17:50:01] [FLEET] [aria] alice: DOWN (no ping response)
[2026-03-20 17:50:01] [FLEET] [aria] octavia: DOWN (no ping response)
[2026-03-20 17:50:01] [BEAT] [aria] load=0.15 mem=6905/8059MB temp=55.6C disk=64%
[2026-03-20 17:50:01] [FLEET] [aria] cecilia: DOWN (no ping response)
[2026-03-20 17:50:01] [FLEET] [aria] gematria: DOWN (no ping response)
[2026-03-20 17:50:01] [FLEET] [aria] lucidia: DOWN (no ping response)
[2026-03-20 17:50:01] [FLEET] [aria] anastasia: DOWN (no ping response)
[2026-03-20 17:51:01] [BEAT] [aria] load=0.16 mem=6930/8059MB temp=55.6C disk=64%
[2026-03-20 17:52:01] [BEAT] [aria] load=0.54 mem=6932/8059MB temp=55.1C disk=64%
[2026-03-20 17:53:01] [BEAT] [aria] load=0.24 mem=6930/8059MB temp=55.1C disk=64%
[2026-03-20 17:54:01] [BEAT] [aria] load=0.08 mem=6929/8059MB temp=54.0C disk=64%
[2026-03-20 17:55:01] [BEAT] [aria] load=0.03 mem=6892/8059MB temp=54.5C disk=64%
[2026-03-20 17:56:01] [BEAT] [aria] load=0.08 mem=6929/8059MB temp=54.0C disk=64%
[2026-03-20 17:57:01] [BEAT] [aria] load=0.06 mem=6928/8059MB temp=52.9C disk=64%
[2026-03-20 17:58:01] [BEAT] [aria] load=0.12 mem=6927/8059MB temp=52.9C disk=64%
[2026-03-20 17:59:02] [BEAT] [aria] load=0.04 mem=6931/8059MB temp=52.9C disk=64%
[2026-03-20 18:00:01] [FLEET] [aria] Starting cross-node health check
[2026-03-20 18:00:01] [FLEET] [aria] alice: DOWN (no ping response)
[2026-03-20 18:00:01] [FLEET] [aria] octavia: DOWN (no ping response)
[2026-03-20 18:00:01] [BEAT] [aria] load=0.01 mem=6894/8059MB temp=54.5C disk=64%
[2026-03-20 18:00:01] [FLEET] [aria] cecilia: DOWN (no ping response)
[2026-03-20 18:00:01] [FLEET] [aria] gematria: DOWN (no ping response)
[2026-03-20 18:00:01] [FLEET] [aria] lucidia: DOWN (no ping response)
[2026-03-20 18:00:01] [FLEET] [aria] anastasia: DOWN (no ping response)
[2026-03-20 18:00:01] [DIAL] [aria] Switchboard unreachable
[2026-03-20 18:01:01] [BEAT] [aria] load=0.00 mem=6924/8059MB temp=52.4C disk=64%
[2026-03-20 18:02:01] [BEAT] [aria] load=0.04 mem=6925/8059MB temp=52.9C disk=64%
[2026-03-20 18:03:01] [BEAT] [aria] load=0.09 mem=6927/8059MB temp=52.9C disk=64%
[2026-03-20 18:04:01] [BEAT] [aria] load=0.06 mem=6930/8059MB temp=53.5C disk=64%
[2026-03-20 18:05:02] [BEAT] [aria] load=0.31 mem=6897/8059MB temp=53.5C disk=64%
[2026-03-20 18:06:01] [BEAT] [aria] load=0.11 mem=6920/8059MB temp=53.5C disk=64%
[2026-03-20 18:07:01] [BEAT] [aria] load=0.58 mem=6922/8059MB temp=54.0C disk=64%
[2026-03-20 18:08:01] [BEAT] [aria] load=0.68 mem=6919/8059MB temp=53.5C disk=64%
[2026-03-20 18:09:01] [BEAT] [aria] load=0.28 mem=6924/8059MB temp=54.0C disk=64%
[2026-03-20 18:10:01] [FLEET] [aria] Starting cross-node health check
[2026-03-20 18:10:01] [FLEET] [aria] alice: DOWN (no ping response)
[2026-03-20 18:10:01] [FLEET] [aria] octavia: DOWN (no ping response)
[2026-03-20 18:10:01] [FLEET] [aria] cecilia: DOWN (no ping response)
[2026-03-20 18:10:01] [FLEET] [aria] gematria: DOWN (no ping response)
[2026-03-20 18:10:01] [BEAT] [aria] load=0.17 mem=6874/8059MB temp=54.5C disk=64%
[2026-03-20 18:10:01] [FLEET] [aria] lucidia: DOWN (no ping response)
[2026-03-20 18:10:01] [FLEET] [aria] anastasia: DOWN (no ping response)
[2026-03-20 18:11:01] [BEAT] [aria] load=0.13 mem=6904/8059MB temp=52.9C disk=64%
[2026-03-20 18:12:01] [BEAT] [aria] load=0.12 mem=6899/8059MB temp=54.0C disk=64%
[2026-03-20 18:13:01] [BEAT] [aria] load=0.08 mem=6901/8059MB temp=52.9C disk=64%
[2026-03-20 18:14:01] [BEAT] [aria] load=0.14 mem=6905/8059MB temp=55.1C disk=64%
[2026-03-20 18:15:01] [BEAT] [aria] load=0.05 mem=6879/8059MB temp=54.5C disk=64%
[2026-03-20 18:15:01] [DIAL] [aria] Switchboard unreachable
[2026-03-20 18:16:01] [BEAT] [aria] load=0.19 mem=6903/8059MB temp=54.5C disk=64%
[2026-03-20 18:17:01] [BEAT] [aria] load=0.07 mem=6902/8059MB temp=55.1C disk=64%
[2026-03-20 18:18:01] [BEAT] [aria] load=0.06 mem=6904/8059MB temp=54.5C disk=64%
[2026-03-20 18:19:01] [BEAT] [aria] load=0.02 mem=6902/8059MB temp=54.5C disk=64%
[2026-03-20 18:20:01] [FLEET] [aria] Starting cross-node health check
[2026-03-20 18:20:01] [FLEET] [aria] alice: DOWN (no ping response)
[2026-03-20 18:20:01] [FLEET] [aria] octavia: DOWN (no ping response)
[2026-03-20 18:20:01] [FLEET] [aria] cecilia: DOWN (no ping response)
[2026-03-20 18:20:01] [FLEET] [aria] gematria: DOWN (no ping response)
[2026-03-20 18:20:01] [BEAT] [aria] load=0.13 mem=6855/8059MB temp=54.5C disk=64%
[2026-03-20 18:20:01] [FLEET] [aria] lucidia: DOWN (no ping response)
[2026-03-20 18:20:01] [FLEET] [aria] anastasia: DOWN (no ping response)
[2026-03-20 18:21:01] [BEAT] [aria] load=0.18 mem=6904/8059MB temp=54.0C disk=64%
[2026-03-20 18:22:01] [BEAT] [aria] load=0.06 mem=6906/8059MB temp=54.5C disk=64%
[2026-03-20 18:23:01] [BEAT] [aria] load=0.08 mem=6905/8059MB temp=54.0C disk=64%
[2026-03-20 18:24:01] [BEAT] [aria] load=0.03 mem=6902/8059MB temp=54.5C disk=64%
[2026-03-20 18:25:01] [BEAT] [aria] load=0.01 mem=6876/8059MB temp=55.1C disk=64%
[2026-03-20 18:26:01] [BEAT] [aria] load=0.00 mem=6898/8059MB temp=54.5C disk=64%
[2026-03-20 18:27:01] [BEAT] [aria] load=0.03 mem=6897/8059MB temp=54.5C disk=64%
[2026-03-20 18:28:01] [BEAT] [aria] load=0.84 mem=6899/8059MB temp=55.1C disk=64%
[2026-03-20 18:29:01] [BEAT] [aria] load=0.80 mem=6899/8059MB temp=55.6C disk=64%
[2026-03-20 18:30:01] [FLEET] [aria] Starting cross-node health check
[2026-03-20 18:30:01] [FLEET] [aria] alice: DOWN (no ping response)
[2026-03-20 18:30:01] [FLEET] [aria] octavia: DOWN (no ping response)
[2026-03-20 18:30:01] [BEAT] [aria] load=0.29 mem=6867/8059MB temp=55.6C disk=64%
[2026-03-20 18:30:01] [FLEET] [aria] cecilia: DOWN (no ping response)
[2026-03-20 18:30:02] [FLEET] [aria] gematria: DOWN (no ping response)
[2026-03-20 18:30:02] [FLEET] [aria] lucidia: DOWN (no ping response)
[2026-03-20 18:30:02] [FLEET] [aria] anastasia: DOWN (no ping response)
[2026-03-20 18:30:02] [DIAL] [aria] Switchboard unreachable
[2026-03-20 18:31:01] [BEAT] [aria] load=0.10 mem=6896/8059MB temp=55.1C disk=64%
[2026-03-20 18:32:01] [BEAT] [aria] load=0.08 mem=6894/8059MB temp=55.1C disk=64%
[2026-03-20 18:33:01] [BEAT] [aria] load=0.03 mem=6895/8059MB temp=55.1C disk=64%
[2026-03-20 18:34:01] [BEAT] [aria] load=0.05 mem=6897/8059MB temp=55.1C disk=64%
[2026-03-20 18:35:01] [BEAT] [aria] load=0.02 mem=6863/8059MB temp=56.2C disk=64%
[2026-03-20 18:36:01] [BEAT] [aria] load=0.08 mem=6895/8059MB temp=55.1C disk=64%
[2026-03-20 18:37:01] [BEAT] [aria] load=0.10 mem=6896/8059MB temp=56.8C disk=64%
[2026-03-20 18:38:01] [BEAT] [aria] load=0.03 mem=6896/8059MB temp=56.2C disk=64%
[2026-03-20 18:39:01] [BEAT] [aria] load=0.06 mem=6894/8059MB temp=55.1C disk=64%
[2026-03-20 18:40:01] [FLEET] [aria] Starting cross-node health check
[2026-03-20 18:40:01] [FLEET] [aria] alice: DOWN (no ping response)
[2026-03-20 18:40:01] [FLEET] [aria] octavia: DOWN (no ping response)
[2026-03-20 18:40:01] [FLEET] [aria] cecilia: DOWN (no ping response)
[2026-03-20 18:40:01] [BEAT] [aria] load=0.17 mem=6873/8059MB temp=55.1C disk=64%
[2026-03-20 18:40:01] [FLEET] [aria] gematria: DOWN (no ping response)
[2026-03-20 18:40:01] [FLEET] [aria] lucidia: DOWN (no ping response)
[2026-03-20 18:40:01] [FLEET] [aria] anastasia: DOWN (no ping response)
[2026-03-20 18:41:01] [BEAT] [aria] load=0.06 mem=6896/8059MB temp=55.6C disk=64%
[2026-03-20 18:42:01] [BEAT] [aria] load=0.09 mem=6897/8059MB temp=55.1C disk=64%
[2026-03-20 18:43:01] [BEAT] [aria] load=0.07 mem=6900/8059MB temp=55.1C disk=64%
[2026-03-20 18:44:01] [BEAT] [aria] load=0.10 mem=6894/8059MB temp=56.2C disk=64%
[2026-03-20 18:45:01] [BEAT] [aria] load=0.03 mem=6867/8059MB temp=55.6C disk=64%
[2026-03-20 18:45:01] [DIAL] [aria] Switchboard unreachable
[2026-03-20 18:46:01] [BEAT] [aria] load=0.13 mem=6886/8059MB temp=53.5C disk=64%
[2026-03-20 18:47:01] [BEAT] [aria] load=0.04 mem=6877/8059MB temp=56.8C disk=64%
[2026-03-20 18:48:01] [BEAT] [aria] load=0.06 mem=6883/8059MB temp=55.1C disk=64%
[2026-03-20 18:49:01] [BEAT] [aria] load=0.73 mem=6881/8059MB temp=55.1C disk=64%
[2026-03-20 18:50:01] [FLEET] [aria] Starting cross-node health check
[2026-03-20 18:50:01] [FLEET] [aria] alice: DOWN (no ping response)
[2026-03-20 18:50:01] [FLEET] [aria] octavia: DOWN (no ping response)
[2026-03-20 18:50:01] [FLEET] [aria] cecilia: DOWN (no ping response)
[2026-03-20 18:50:01] [BEAT] [aria] load=0.69 mem=6845/8059MB temp=57.3C disk=64%
[2026-03-20 18:50:01] [FLEET] [aria] gematria: DOWN (no ping response)
[2026-03-20 18:50:01] [FLEET] [aria] lucidia: DOWN (no ping response)
[2026-03-20 18:50:01] [FLEET] [aria] anastasia: DOWN (no ping response)
[2026-03-20 18:51:01] [BEAT] [aria] load=0.75 mem=6874/8059MB temp=55.1C disk=64%
[2026-03-20 18:52:01] [BEAT] [aria] load=0.32 mem=6878/8059MB temp=56.2C disk=64%
[2026-03-20 18:53:01] [BEAT] [aria] load=0.18 mem=6878/8059MB temp=55.1C disk=64%
[2026-03-20 18:54:01] [BEAT] [aria] load=0.07 mem=6878/8059MB temp=54.5C disk=64%
[2026-03-20 18:55:02] [BEAT] [aria] load=0.08 mem=6839/8059MB temp=54.5C disk=64%
[2026-03-20 18:56:01] [BEAT] [aria] load=0.03 mem=6874/8059MB temp=53.5C disk=64%
[2026-03-20 18:57:01] [BEAT] [aria] load=0.08 mem=6879/8059MB temp=51.8C disk=64%
[2026-03-20 18:58:01] [BEAT] [aria] load=0.03 mem=6880/8059MB temp=52.4C disk=64%
[2026-03-20 18:59:01] [BEAT] [aria] load=0.04 mem=6873/8059MB temp=52.4C disk=64%
[2026-03-20 19:00:01] [FLEET] [aria] Starting cross-node health check
[2026-03-20 19:00:01] [FLEET] [aria] alice: DOWN (no ping response)
[2026-03-20 19:00:01] [FLEET] [aria] octavia: DOWN (no ping response)
[2026-03-20 19:00:01] [FLEET] [aria] cecilia: DOWN (no ping response)
[2026-03-20 19:00:01] [FLEET] [aria] gematria: DOWN (no ping response)
[2026-03-20 19:00:01] [BEAT] [aria] load=0.09 mem=6844/8059MB temp=52.9C disk=64%
[2026-03-20 19:00:01] [FLEET] [aria] lucidia: DOWN (no ping response)
[2026-03-20 19:00:01] [FLEET] [aria] anastasia: DOWN (no ping response)
[2026-03-20 19:00:01] [DIAL] [aria] Switchboard unreachable
[2026-03-20 19:01:01] [BEAT] [aria] load=0.03 mem=6871/8059MB temp=52.9C disk=64%
[2026-03-20 19:02:01] [BEAT] [aria] load=0.01 mem=6872/8059MB temp=52.4C disk=64%
[2026-03-20 19:03:01] [BEAT] [aria] load=0.00 mem=6877/8059MB temp=52.4C disk=64%
[2026-03-20 19:04:01] [BEAT] [aria] load=0.05 mem=6881/8059MB temp=52.9C disk=64%
[2026-03-20 19:05:01] [BEAT] [aria] load=0.02 mem=6852/8059MB temp=53.5C disk=64%
[2026-03-20 19:06:01] [BEAT] [aria] load=0.04 mem=6883/8059MB temp=54.5C disk=64%
[2026-03-20 19:07:01] [BEAT] [aria] load=0.01 mem=6879/8059MB temp=53.5C disk=64%
[2026-03-20 19:08:01] [BEAT] [aria] load=0.16 mem=6883/8059MB temp=54.0C disk=64%
[2026-03-20 19:09:01] [BEAT] [aria] load=0.35 mem=6880/8059MB temp=52.9C disk=64%
[2026-03-20 19:10:01] [FLEET] [aria] Starting cross-node health check
[2026-03-20 19:10:01] [FLEET] [aria] alice: DOWN (no ping response)
[2026-03-20 19:10:01] [FLEET] [aria] octavia: DOWN (no ping response)
[2026-03-20 19:10:01] [FLEET] [aria] cecilia: DOWN (no ping response)
[2026-03-20 19:10:01] [FLEET] [aria] gematria: DOWN (no ping response)
[2026-03-20 19:10:01] [BEAT] [aria] load=1.06 mem=6852/8059MB temp=55.1C disk=64%
[2026-03-20 19:10:01] [FLEET] [aria] lucidia: DOWN (no ping response)
[2026-03-20 19:10:01] [FLEET] [aria] anastasia: DOWN (no ping response)
[2026-03-20 19:11:01] [BEAT] [aria] load=0.74 mem=6884/8059MB temp=54.0C disk=64%
[2026-03-20 19:12:01] [BEAT] [aria] load=0.27 mem=6890/8059MB temp=54.0C disk=64%
[2026-03-20 19:13:01] [BEAT] [aria] load=0.10 mem=6886/8059MB temp=54.0C disk=64%
[2026-03-20 19:14:01] [BEAT] [aria] load=0.03 mem=6910/8059MB temp=52.9C disk=64%
[2026-03-20 19:15:01] [BEAT] [aria] load=0.05 mem=6885/8059MB temp=55.1C disk=64%
[2026-03-20 19:15:01] [DIAL] [aria] Switchboard unreachable
[2026-03-20 19:16:01] [BEAT] [aria] load=0.09 mem=6906/8059MB temp=54.0C disk=64%
[2026-03-20 19:17:01] [BEAT] [aria] load=0.03 mem=6914/8059MB temp=54.0C disk=64%
[2026-03-20 19:18:01] [BEAT] [aria] load=0.13 mem=6914/8059MB temp=54.5C disk=64%
[2026-03-20 19:19:01] [BEAT] [aria] load=0.05 mem=6915/8059MB temp=54.0C disk=64%
[2026-03-20 19:20:02] [FLEET] [aria] Starting cross-node health check
[2026-03-20 19:20:02] [FLEET] [aria] alice: DOWN (no ping response)
[2026-03-20 19:20:02] [FLEET] [aria] octavia: DOWN (no ping response)
[2026-03-20 19:20:02] [BEAT] [aria] load=0.06 mem=6878/8059MB temp=56.2C disk=64%
[2026-03-20 19:20:02] [FLEET] [aria] cecilia: DOWN (no ping response)
[2026-03-20 19:20:02] [FLEET] [aria] gematria: DOWN (no ping response)
[2026-03-20 19:20:02] [FLEET] [aria] lucidia: DOWN (no ping response)
[2026-03-20 19:20:02] [FLEET] [aria] anastasia: DOWN (no ping response)
[2026-03-20 19:21:01] [BEAT] [aria] load=0.02 mem=6914/8059MB temp=55.1C disk=64%
[2026-03-20 19:22:01] [BEAT] [aria] load=0.09 mem=6910/8059MB temp=55.1C disk=64%
[2026-03-20 19:23:01] [BEAT] [aria] load=0.03 mem=6914/8059MB temp=54.5C disk=64%
[2026-03-20 19:24:01] [BEAT] [aria] load=0.08 mem=6916/8059MB temp=54.5C disk=64%
[2026-03-20 19:25:01] [BEAT] [aria] load=0.10 mem=6882/8059MB temp=54.5C disk=64%
[2026-03-20 19:26:01] [BEAT] [aria] load=0.04 mem=6913/8059MB temp=54.5C disk=64%
[2026-03-20 19:27:01] [BEAT] [aria] load=0.12 mem=6914/8059MB temp=55.1C disk=64%
[2026-03-20 19:28:01] [BEAT] [aria] load=0.04 mem=6911/8059MB temp=55.6C disk=64%
[2026-03-20 19:29:01] [BEAT] [aria] load=0.11 mem=6908/8059MB temp=54.5C disk=64%
[2026-03-20 19:30:01] [FLEET] [aria] Starting cross-node health check
[2026-03-20 19:30:01] [FLEET] [aria] alice: DOWN (no ping response)
[2026-03-20 19:30:01] [FLEET] [aria] octavia: DOWN (no ping response)
[2026-03-20 19:30:01] [FLEET] [aria] cecilia: DOWN (no ping response)
[2026-03-20 19:30:01] [FLEET] [aria] gematria: DOWN (no ping response)
[2026-03-20 19:30:01] [FLEET] [aria] lucidia: DOWN (no ping response)
[2026-03-20 19:30:01] [BEAT] [aria] load=0.41 mem=6877/8059MB temp=55.6C disk=64%
[2026-03-20 19:30:01] [FLEET] [aria] anastasia: DOWN (no ping response)
[2026-03-20 19:30:01] [DIAL] [aria] Switchboard unreachable
[2026-03-20 19:31:01] [BEAT] [aria] load=0.90 mem=6911/8059MB temp=55.6C disk=64%
[2026-03-20 19:32:01] [BEAT] [aria] load=0.69 mem=6912/8059MB temp=55.6C disk=64%
[2026-03-20 19:33:01] [BEAT] [aria] load=0.25 mem=6915/8059MB temp=55.6C disk=64%
[2026-03-20 19:34:01] [BEAT] [aria] load=0.16 mem=6914/8059MB temp=56.2C disk=64%
[2026-03-20 19:35:01] [BEAT] [aria] load=0.09 mem=6881/8059MB temp=56.8C disk=64%
[2026-03-20 19:36:01] [BEAT] [aria] load=0.08 mem=6909/8059MB temp=53.5C disk=64%
[2026-03-20 19:37:01] [BEAT] [aria] load=0.03 mem=6911/8059MB temp=55.1C disk=64%
[2026-03-20 19:38:01] [BEAT] [aria] load=0.01 mem=6914/8059MB temp=56.2C disk=64%
[2026-03-20 19:39:01] [BEAT] [aria] load=0.16 mem=6911/8059MB temp=54.5C disk=64%
[2026-03-20 19:40:01] [FLEET] [aria] Starting cross-node health check
[2026-03-20 19:40:01] [FLEET] [aria] alice: DOWN (no ping response)
[2026-03-20 19:40:01] [FLEET] [aria] octavia: DOWN (no ping response)
[2026-03-20 19:40:01] [FLEET] [aria] cecilia: DOWN (no ping response)
[2026-03-20 19:40:01] [BEAT] [aria] load=0.09 mem=6890/8059MB temp=55.6C disk=64%
[2026-03-20 19:40:01] [FLEET] [aria] gematria: DOWN (no ping response)
[2026-03-20 19:40:01] [FLEET] [aria] lucidia: DOWN (no ping response)
[2026-03-20 19:40:01] [FLEET] [aria] anastasia: DOWN (no ping response)
[2026-03-20 19:41:01] [BEAT] [aria] load=0.11 mem=6913/8059MB temp=55.1C disk=64%
[2026-03-20 19:42:01] [BEAT] [aria] load=0.04 mem=6909/8059MB temp=55.1C disk=64%
[2026-03-20 19:43:01] [BEAT] [aria] load=0.01 mem=6909/8059MB temp=56.2C disk=64%
[2026-03-20 19:44:01] [BEAT] [aria] load=0.06 mem=6910/8059MB temp=54.0C disk=64%
[2026-03-20 19:45:01] [BEAT] [aria] load=0.07 mem=6876/8059MB temp=56.8C disk=64%
[2026-03-20 19:45:02] [DIAL] [aria] Switchboard unreachable
[2026-03-20 19:46:01] [BEAT] [aria] load=0.02 mem=6908/8059MB temp=55.1C disk=64%
[2026-03-20 19:47:01] [BEAT] [aria] load=0.12 mem=6911/8059MB temp=55.1C disk=64%
[2026-03-20 19:48:01] [BEAT] [aria] load=0.12 mem=6908/8059MB temp=55.6C disk=64%
[2026-03-20 19:49:01] [BEAT] [aria] load=0.04 mem=6910/8059MB temp=55.1C disk=64%
[2026-03-20 19:50:01] [FLEET] [aria] Starting cross-node health check
[2026-03-20 19:50:01] [FLEET] [aria] alice: DOWN (no ping response)
[2026-03-20 19:50:01] [FLEET] [aria] octavia: DOWN (no ping response)
[2026-03-20 19:50:01] [FLEET] [aria] cecilia: DOWN (no ping response)
[2026-03-20 19:50:01] [BEAT] [aria] load=0.15 mem=6882/8059MB temp=56.2C disk=64%
[2026-03-20 19:50:01] [FLEET] [aria] gematria: DOWN (no ping response)
[2026-03-20 19:50:01] [FLEET] [aria] lucidia: DOWN (no ping response)
[2026-03-20 19:50:01] [FLEET] [aria] anastasia: DOWN (no ping response)
[2026-03-20 19:51:01] [BEAT] [aria] load=0.40 mem=6907/8059MB temp=55.1C disk=64%
[2026-03-20 19:52:01] [BEAT] [aria] load=0.88 mem=6901/8059MB temp=55.1C disk=64%
[2026-03-20 19:53:01] [BEAT] [aria] load=0.36 mem=6904/8059MB temp=56.8C disk=64%
[2026-03-20 19:54:01] [BEAT] [aria] load=0.13 mem=6904/8059MB temp=54.5C disk=64%
[2026-03-20 19:55:01] [BEAT] [aria] load=0.05 mem=6879/8059MB temp=54.0C disk=64%
[2026-03-20 19:56:01] [BEAT] [aria] load=0.05 mem=6897/8059MB temp=53.5C disk=64%
[2026-03-20 19:57:01] [BEAT] [aria] load=0.13 mem=6903/8059MB temp=52.9C disk=64%
[2026-03-20 19:58:01] [BEAT] [aria] load=0.05 mem=6905/8059MB temp=52.9C disk=64%
[2026-03-20 19:59:01] [BEAT] [aria] load=0.02 mem=6900/8059MB temp=52.4C disk=64%
[2026-03-20 20:00:01] [FLEET] [aria] Starting cross-node health check
[2026-03-20 20:00:01] [FLEET] [aria] alice: DOWN (no ping response)
[2026-03-20 20:00:01] [FLEET] [aria] octavia: DOWN (no ping response)
[2026-03-20 20:00:01] [FLEET] [aria] cecilia: DOWN (no ping response)
[2026-03-20 20:00:01] [FLEET] [aria] gematria: DOWN (no ping response)
[2026-03-20 20:00:01] [FLEET] [aria] lucidia: DOWN (no ping response)
[2026-03-20 20:00:01] [BEAT] [aria] load=0.09 mem=6881/8059MB temp=54.0C disk=64%
[2026-03-20 20:00:01] [FLEET] [aria] anastasia: DOWN (no ping response)
[2026-03-20 20:00:01] [DIAL] [aria] Switchboard unreachable
[2026-03-20 20:01:01] [BEAT] [aria] load=0.11 mem=6906/8059MB temp=52.4C disk=64%
[2026-03-20 20:02:01] [BEAT] [aria] load=0.13 mem=6901/8059MB temp=52.4C disk=64%
[2026-03-20 20:03:01] [BEAT] [aria] load=0.08 mem=6901/8059MB temp=52.4C disk=64%
[2026-03-20 20:04:01] [BEAT] [aria] load=0.03 mem=6902/8059MB temp=52.9C disk=64%
[2026-03-20 20:05:01] [BEAT] [aria] load=0.23 mem=6875/8059MB temp=52.9C disk=64%
[2026-03-20 20:06:01] [BEAT] [aria] load=0.15 mem=6900/8059MB temp=52.9C disk=64%
[2026-03-20 20:07:01] [BEAT] [aria] load=0.05 mem=6903/8059MB temp=53.5C disk=64%
[2026-03-20 20:08:01] [BEAT] [aria] load=0.07 mem=6903/8059MB temp=54.5C disk=64%
[2026-03-20 20:09:01] [BEAT] [aria] load=0.02 mem=6902/8059MB temp=55.1C disk=64%
[2026-03-20 20:10:01] [FLEET] [aria] Starting cross-node health check
[2026-03-20 20:10:01] [FLEET] [aria] alice: DOWN (no ping response)
[2026-03-20 20:10:01] [FLEET] [aria] octavia: DOWN (no ping response)
[2026-03-20 20:10:01] [FLEET] [aria] cecilia: DOWN (no ping response)
[2026-03-20 20:10:01] [BEAT] [aria] load=0.01 mem=6873/8059MB temp=53.5C disk=64%
[2026-03-20 20:10:01] [FLEET] [aria] gematria: DOWN (no ping response)
[2026-03-20 20:10:01] [FLEET] [aria] lucidia: DOWN (no ping response)
[2026-03-20 20:10:01] [FLEET] [aria] anastasia: DOWN (no ping response)
[2026-03-20 20:11:01] [BEAT] [aria] load=0.00 mem=6900/8059MB temp=54.0C disk=64%
[2026-03-20 20:12:02] [BEAT] [aria] load=0.84 mem=6902/8059MB temp=54.0C disk=64%
[2026-03-20 20:13:01] [BEAT] [aria] load=1.12 mem=6904/8059MB temp=53.5C disk=64%
[2026-03-20 20:14:01] [BEAT] [aria] load=0.41 mem=6902/8059MB temp=55.6C disk=64%
[2026-03-20 20:15:01] [BEAT] [aria] load=0.28 mem=6873/8059MB temp=55.1C disk=64%
[2026-03-20 20:15:01] [DIAL] [aria] Switchboard unreachable
[2026-03-20 20:16:01] [BEAT] [aria] load=0.10 mem=6900/8059MB temp=54.5C disk=64%
[2026-03-20 20:17:01] [BEAT] [aria] load=0.08 mem=6895/8059MB temp=55.1C disk=64%
[2026-03-20 20:18:01] [BEAT] [aria] load=0.09 mem=6901/8059MB temp=53.5C disk=64%
[2026-03-20 20:19:01] [BEAT] [aria] load=0.07 mem=6901/8059MB temp=55.1C disk=64%
[2026-03-20 20:20:01] [FLEET] [aria] Starting cross-node health check
[2026-03-20 20:20:01] [FLEET] [aria] alice: DOWN (no ping response)
[2026-03-20 20:20:01] [FLEET] [aria] octavia: DOWN (no ping response)
[2026-03-20 20:20:01] [BEAT] [aria] load=0.10 mem=6870/8059MB temp=55.1C disk=64%
[2026-03-20 20:20:01] [FLEET] [aria] cecilia: DOWN (no ping response)
[2026-03-20 20:20:01] [FLEET] [aria] gematria: DOWN (no ping response)
[2026-03-20 20:20:01] [FLEET] [aria] lucidia: DOWN (no ping response)
[2026-03-20 20:20:01] [FLEET] [aria] anastasia: DOWN (no ping response)
[2026-03-20 20:21:01] [BEAT] [aria] load=0.04 mem=6905/8059MB temp=54.5C disk=64%
[2026-03-20 20:22:01] [BEAT] [aria] load=0.08 mem=6905/8059MB temp=55.1C disk=64%
[2026-03-20 20:23:01] [BEAT] [aria] load=0.03 mem=6906/8059MB temp=54.5C disk=64%
[2026-03-20 20:24:01] [BEAT] [aria] load=0.06 mem=6905/8059MB temp=55.1C disk=64%
[2026-03-20 20:25:01] [BEAT] [aria] load=0.24 mem=6878/8059MB temp=56.2C disk=64%
[2026-03-20 20:26:01] [BEAT] [aria] load=0.09 mem=6898/8059MB temp=55.1C disk=64%
[2026-03-20 20:27:01] [BEAT] [aria] load=0.34 mem=6900/8059MB temp=56.2C disk=64%
[2026-03-20 20:28:01] [BEAT] [aria] load=0.16 mem=6902/8059MB temp=55.1C disk=64%
[2026-03-20 20:29:01] [BEAT] [aria] load=0.06 mem=6901/8059MB temp=55.6C disk=64%
[2026-03-20 20:30:01] [FLEET] [aria] Starting cross-node health check
[2026-03-20 20:30:01] [FLEET] [aria] alice: DOWN (no ping response)
[2026-03-20 20:30:01] [FLEET] [aria] octavia: DOWN (no ping response)
[2026-03-20 20:30:01] [FLEET] [aria] cecilia: DOWN (no ping response)
[2026-03-20 20:30:01] [BEAT] [aria] load=0.02 mem=6851/8059MB temp=56.2C disk=64%
[2026-03-20 20:30:01] [FLEET] [aria] gematria: DOWN (no ping response)
[2026-03-20 20:30:01] [FLEET] [aria] lucidia: DOWN (no ping response)
[2026-03-20 20:30:01] [FLEET] [aria] anastasia: DOWN (no ping response)
[2026-03-20 20:30:01] [DIAL] [aria] Switchboard unreachable
[2026-03-20 20:31:01] [BEAT] [aria] load=0.13 mem=6881/8059MB temp=54.0C disk=64%
[2026-03-20 20:32:01] [BEAT] [aria] load=0.05 mem=6893/8059MB temp=54.5C disk=64%
[2026-03-20 20:33:01] [BEAT] [aria] load=0.59 mem=6893/8059MB temp=54.5C disk=64%
[2026-03-20 20:34:01] [BEAT] [aria] load=0.98 mem=6895/8059MB temp=55.6C disk=64%
[2026-03-20 20:35:01] [BEAT] [aria] load=0.40 mem=6869/8059MB temp=56.2C disk=64%
[2026-03-20 20:36:01] [BEAT] [aria] load=0.14 mem=6887/8059MB temp=54.5C disk=64%
[2026-03-20 20:37:01] [BEAT] [aria] load=0.11 mem=6895/8059MB temp=55.1C disk=64%
[2026-03-20 20:38:01] [BEAT] [aria] load=0.11 mem=6897/8059MB temp=54.0C disk=64%
[2026-03-20 20:39:01] [BEAT] [aria] load=0.04 mem=6889/8059MB temp=55.1C disk=64%
[2026-03-20 20:40:01] [FLEET] [aria] Starting cross-node health check
[2026-03-20 20:40:01] [FLEET] [aria] alice: DOWN (no ping response)
[2026-03-20 20:40:01] [FLEET] [aria] octavia: DOWN (no ping response)
[2026-03-20 20:40:01] [BEAT] [aria] load=0.18 mem=6846/8059MB temp=55.6C disk=64%
[2026-03-20 20:40:01] [FLEET] [aria] cecilia: DOWN (no ping response)
[2026-03-20 20:40:01] [FLEET] [aria] gematria: DOWN (no ping response)
[2026-03-20 20:40:01] [FLEET] [aria] lucidia: DOWN (no ping response)
[2026-03-20 20:40:01] [FLEET] [aria] anastasia: DOWN (no ping response)
[2026-03-20 20:41:01] [BEAT] [aria] load=0.07 mem=6886/8059MB temp=55.1C disk=64%
[2026-03-20 20:42:01] [BEAT] [aria] load=0.28 mem=6888/8059MB temp=55.6C disk=64%
[2026-03-20 20:43:01] [BEAT] [aria] load=0.10 mem=6889/8059MB temp=55.6C disk=64%
[2026-03-20 20:44:01] [BEAT] [aria] load=0.07 mem=6883/8059MB temp=56.2C disk=64%
[2026-03-20 20:45:01] [BEAT] [aria] load=0.02 mem=6853/8059MB temp=56.2C disk=64%
[2026-03-20 20:45:02] [DIAL] [aria] Switchboard unreachable
[2026-03-20 20:46:01] [BEAT] [aria] load=0.01 mem=6886/8059MB temp=55.1C disk=64%
[2026-03-20 20:47:01] [BEAT] [aria] load=0.20 mem=6885/8059MB temp=55.6C disk=64%
[2026-03-20 20:48:01] [BEAT] [aria] load=0.07 mem=6888/8059MB temp=55.6C disk=64%
[2026-03-20 20:49:01] [BEAT] [aria] load=0.08 mem=6887/8059MB temp=55.6C disk=64%
[2026-03-20 20:50:01] [FLEET] [aria] Starting cross-node health check
[2026-03-20 20:50:01] [FLEET] [aria] alice: DOWN (no ping response)
[2026-03-20 20:50:01] [FLEET] [aria] octavia: DOWN (no ping response)
[2026-03-20 20:50:01] [FLEET] [aria] cecilia: DOWN (no ping response)
[2026-03-20 20:50:01] [BEAT] [aria] load=0.03 mem=6859/8059MB temp=56.2C disk=64%
[2026-03-20 20:50:01] [FLEET] [aria] gematria: DOWN (no ping response)
[2026-03-20 20:50:01] [FLEET] [aria] lucidia: DOWN (no ping response)
[2026-03-20 20:50:01] [FLEET] [aria] anastasia: DOWN (no ping response)
[2026-03-20 20:51:01] [BEAT] [aria] load=0.01 mem=6884/8059MB temp=56.2C disk=64%
[2026-03-20 20:52:01] [BEAT] [aria] load=0.00 mem=6887/8059MB temp=55.6C disk=64%
[2026-03-20 20:53:01] [BEAT] [aria] load=0.03 mem=6886/8059MB temp=53.5C disk=64%
[2026-03-20 20:54:01] [BEAT] [aria] load=0.74 mem=6888/8059MB temp=55.1C disk=64%
[2026-03-20 20:55:01] [BEAT] [aria] load=0.65 mem=6857/8059MB temp=54.5C disk=64%
[2026-03-20 20:56:01] [BEAT] [aria] load=0.30 mem=6886/8059MB temp=53.5C disk=64%
[2026-03-20 20:57:01] [BEAT] [aria] load=0.11 mem=6887/8059MB temp=52.9C disk=64%
[2026-03-20 20:58:01] [BEAT] [aria] load=0.14 mem=6885/8059MB temp=52.9C disk=64%
[2026-03-20 20:59:01] [BEAT] [aria] load=0.05 mem=6890/8059MB temp=52.9C disk=64%
[2026-03-20 21:00:01] [FLEET] [aria] Starting cross-node health check
[2026-03-20 21:00:01] [FLEET] [aria] alice: DOWN (no ping response)
[2026-03-20 21:00:01] [FLEET] [aria] octavia: DOWN (no ping response)
[2026-03-20 21:00:01] [BEAT] [aria] load=0.13 mem=6850/8059MB temp=54.0C disk=64%
[2026-03-20 21:00:01] [FLEET] [aria] cecilia: DOWN (no ping response)
[2026-03-20 21:00:01] [FLEET] [aria] gematria: DOWN (no ping response)
[2026-03-20 21:00:01] [FLEET] [aria] lucidia: DOWN (no ping response)
[2026-03-20 21:00:01] [FLEET] [aria] anastasia: DOWN (no ping response)
[2026-03-20 21:00:01] [DIAL] [aria] Switchboard unreachable
[2026-03-20 21:01:01] [BEAT] [aria] load=0.05 mem=6888/8059MB temp=52.9C disk=64%
[2026-03-20 21:02:01] [BEAT] [aria] load=0.02 mem=6887/8059MB temp=53.5C disk=64%
[2026-03-20 21:03:01] [BEAT] [aria] load=0.07 mem=6884/8059MB temp=54.0C disk=64%
[2026-03-20 21:04:01] [BEAT] [aria] load=0.02 mem=6882/8059MB temp=53.5C disk=64%
[2026-03-20 21:05:01] [BEAT] [aria] load=0.06 mem=6861/8059MB temp=52.9C disk=64%
[2026-03-20 21:06:01] [BEAT] [aria] load=0.02 mem=6887/8059MB temp=54.5C disk=64%
[2026-03-20 21:07:01] [BEAT] [aria] load=0.01 mem=6884/8059MB temp=53.5C disk=64%
[2026-03-20 21:08:01] [BEAT] [aria] load=0.10 mem=6882/8059MB temp=53.5C disk=64%
[2026-03-20 21:09:01] [BEAT] [aria] load=0.07 mem=6885/8059MB temp=54.0C disk=64%
[2026-03-20 21:10:01] [FLEET] [aria] Starting cross-node health check
[2026-03-20 21:10:01] [FLEET] [aria] alice: DOWN (no ping response)
[2026-03-20 21:10:01] [FLEET] [aria] octavia: DOWN (no ping response)
[2026-03-20 21:10:01] [FLEET] [aria] cecilia: DOWN (no ping response)
[2026-03-20 21:10:01] [BEAT] [aria] load=0.10 mem=6858/8059MB temp=55.1C disk=64%
[2026-03-20 21:10:01] [FLEET] [aria] gematria: DOWN (no ping response)
[2026-03-20 21:10:01] [FLEET] [aria] lucidia: DOWN (no ping response)
[2026-03-20 21:10:01] [FLEET] [aria] anastasia: DOWN (no ping response)
[2026-03-20 21:11:01] [BEAT] [aria] load=0.03 mem=6888/8059MB temp=53.5C disk=64%
[2026-03-20 21:12:02] [BEAT] [aria] load=0.01 mem=6883/8059MB temp=54.0C disk=64%
[2026-03-20 21:13:01] [BEAT] [aria] load=0.00 mem=6887/8059MB temp=54.0C disk=64%
[2026-03-20 21:14:01] [BEAT] [aria] load=0.05 mem=6884/8059MB temp=54.5C disk=64%
[2026-03-20 21:15:01] [BEAT] [aria] load=0.72 mem=6852/8059MB temp=54.5C disk=64%
[2026-03-20 21:15:01] [DIAL] [aria] Switchboard unreachable
[2026-03-20 21:16:01] [BEAT] [aria] load=0.71 mem=6884/8059MB temp=54.0C disk=64%
[2026-03-20 21:17:01] [BEAT] [aria] load=0.26 mem=6884/8059MB temp=55.1C disk=64%
[2026-03-20 21:18:01] [BEAT] [aria] load=0.28 mem=6885/8059MB temp=54.5C disk=64%
[2026-03-20 21:19:01] [BEAT] [aria] load=0.28 mem=6884/8059MB temp=54.5C disk=64%
[2026-03-20 21:20:01] [FLEET] [aria] Starting cross-node health check
[2026-03-20 21:20:01] [FLEET] [aria] alice: DOWN (no ping response)
[2026-03-20 21:20:01] [FLEET] [aria] octavia: DOWN (no ping response)
[2026-03-20 21:20:01] [FLEET] [aria] cecilia: DOWN (no ping response)
[2026-03-20 21:20:01] [BEAT] [aria] load=0.10 mem=6855/8059MB temp=55.6C disk=64%
[2026-03-20 21:20:01] [FLEET] [aria] gematria: DOWN (no ping response)
[2026-03-20 21:20:01] [FLEET] [aria] lucidia: DOWN (no ping response)
[2026-03-20 21:20:01] [FLEET] [aria] anastasia: DOWN (no ping response)
[2026-03-20 21:21:01] [BEAT] [aria] load=0.09 mem=6883/8059MB temp=54.5C disk=64%
[2026-03-20 21:22:01] [BEAT] [aria] load=0.10 mem=6883/8059MB temp=54.5C disk=64%
[2026-03-20 21:23:01] [BEAT] [aria] load=0.04 mem=6884/8059MB temp=54.5C disk=64%
[2026-03-20 21:24:01] [BEAT] [aria] load=0.01 mem=6885/8059MB temp=55.1C disk=64%
[2026-03-20 21:25:01] [BEAT] [aria] load=0.04 mem=6853/8059MB temp=55.1C disk=64%
[2026-03-20 21:26:01] [BEAT] [aria] load=0.09 mem=6884/8059MB temp=55.1C disk=64%
[2026-03-20 21:27:01] [BEAT] [aria] load=0.03 mem=6887/8059MB temp=54.5C disk=64%
[2026-03-20 21:28:01] [BEAT] [aria] load=0.01 mem=6885/8059MB temp=55.6C disk=64%
[2026-03-20 21:29:01] [BEAT] [aria] load=0.00 mem=6885/8059MB temp=55.1C disk=64%
[2026-03-20 21:30:01] [FLEET] [aria] Starting cross-node health check
[2026-03-20 21:30:01] [FLEET] [aria] alice: DOWN (no ping response)
[2026-03-20 21:30:01] [FLEET] [aria] octavia: DOWN (no ping response)
[2026-03-20 21:30:01] [FLEET] [aria] cecilia: DOWN (no ping response)
[2026-03-20 21:30:01] [FLEET] [aria] gematria: DOWN (no ping response)
[2026-03-20 21:30:01] [BEAT] [aria] load=0.05 mem=6846/8059MB temp=55.6C disk=64%
[2026-03-20 21:30:01] [FLEET] [aria] lucidia: DOWN (no ping response)
[2026-03-20 21:30:01] [FLEET] [aria] anastasia: DOWN (no ping response)
[2026-03-20 21:30:01] [DIAL] [aria] Switchboard unreachable
[2026-03-20 21:31:01] [BEAT] [aria] load=0.02 mem=6882/8059MB temp=55.1C disk=64%
[2026-03-20 21:32:01] [BEAT] [aria] load=0.04 mem=6877/8059MB temp=55.1C disk=64%
[2026-03-20 21:33:01] [BEAT] [aria] load=0.01 mem=6883/8059MB temp=55.6C disk=64%
[2026-03-20 21:34:01] [BEAT] [aria] load=0.13 mem=6880/8059MB temp=55.6C disk=64%
[2026-03-20 21:35:01] [BEAT] [aria] load=0.34 mem=6858/8059MB temp=55.6C disk=64%
[2026-03-20 21:36:01] [BEAT] [aria] load=1.06 mem=6876/8059MB temp=55.6C disk=64%
[2026-03-20 21:37:02] [BEAT] [aria] load=0.58 mem=6885/8059MB temp=55.6C disk=64%
[2026-03-20 21:38:02] [BEAT] [aria] load=0.30 mem=6884/8059MB temp=56.2C disk=64%
[2026-03-20 21:39:01] [BEAT] [aria] load=0.11 mem=6885/8059MB temp=56.8C disk=64%
[2026-03-20 21:40:01] [FLEET] [aria] Starting cross-node health check
[2026-03-20 21:40:01] [FLEET] [aria] alice: DOWN (no ping response)
[2026-03-20 21:40:01] [FLEET] [aria] octavia: DOWN (no ping response)
[2026-03-20 21:40:01] [FLEET] [aria] cecilia: DOWN (no ping response)
[2026-03-20 21:40:01] [FLEET] [aria] gematria: DOWN (no ping response)
[2026-03-20 21:40:01] [BEAT] [aria] load=0.04 mem=6856/8059MB temp=55.6C disk=64%
[2026-03-20 21:40:01] [FLEET] [aria] lucidia: DOWN (no ping response)
[2026-03-20 21:40:01] [FLEET] [aria] anastasia: DOWN (no ping response)
[2026-03-20 21:41:01] [BEAT] [aria] load=0.08 mem=6882/8059MB temp=55.1C disk=64%
[2026-03-20 21:42:01] [BEAT] [aria] load=0.03 mem=6875/8059MB temp=55.6C disk=64%
[2026-03-20 21:43:01] [BEAT] [aria] load=0.01 mem=6886/8059MB temp=55.6C disk=64%
[2026-03-20 21:44:01] [BEAT] [aria] load=0.13 mem=6885/8059MB temp=55.1C disk=64%
[2026-03-20 21:45:01] [BEAT] [aria] load=0.04 mem=6855/8059MB temp=57.3C disk=64%
[2026-03-20 21:45:01] [DIAL] [aria] Switchboard unreachable
[2026-03-20 21:46:01] [BEAT] [aria] load=0.06 mem=6884/8059MB temp=56.2C disk=64%
[2026-03-20 21:47:01] [BEAT] [aria] load=0.02 mem=6874/8059MB temp=55.1C disk=64%
[2026-03-20 21:48:01] [BEAT] [aria] load=0.12 mem=6882/8059MB temp=56.2C disk=64%
[2026-03-20 21:49:01] [BEAT] [aria] load=0.12 mem=6883/8059MB temp=55.6C disk=64%
[2026-03-20 21:50:01] [FLEET] [aria] Starting cross-node health check
[2026-03-20 21:50:01] [FLEET] [aria] alice: DOWN (no ping response)
[2026-03-20 21:50:01] [FLEET] [aria] octavia: DOWN (no ping response)
[2026-03-20 21:50:01] [FLEET] [aria] cecilia: DOWN (no ping response)
[2026-03-20 21:50:01] [BEAT] [aria] load=0.10 mem=6860/8059MB temp=55.6C disk=64%
[2026-03-20 21:50:01] [FLEET] [aria] gematria: DOWN (no ping response)
[2026-03-20 21:50:01] [FLEET] [aria] lucidia: DOWN (no ping response)
[2026-03-20 21:50:01] [FLEET] [aria] anastasia: DOWN (no ping response)
[2026-03-20 21:51:01] [BEAT] [aria] load=0.10 mem=6865/8059MB temp=55.1C disk=64%
[2026-03-20 21:52:01] [BEAT] [aria] load=0.04 mem=6864/8059MB temp=55.6C disk=64%
[2026-03-20 21:53:01] [BEAT] [aria] load=0.01 mem=6865/8059MB temp=54.5C disk=64%
[2026-03-20 21:54:01] [BEAT] [aria] load=0.00 mem=6868/8059MB temp=55.1C disk=64%
[2026-03-20 21:55:01] [BEAT] [aria] load=0.09 mem=6828/8059MB temp=54.5C disk=64%
[2026-03-20 21:56:01] [BEAT] [aria] load=0.54 mem=6863/8059MB temp=54.0C disk=64%
[2026-03-20 21:57:01] [BEAT] [aria] load=0.92 mem=6866/8059MB temp=52.9C disk=64%
[2026-03-20 21:58:01] [BEAT] [aria] load=0.41 mem=6863/8059MB temp=54.0C disk=64%
[2026-03-20 21:59:01] [BEAT] [aria] load=0.15 mem=6867/8059MB temp=51.8C disk=64%
[2026-03-20 22:00:01] [FLEET] [aria] Starting cross-node health check
[2026-03-20 22:00:01] [FLEET] [aria] alice: DOWN (no ping response)
[2026-03-20 22:00:01] [FLEET] [aria] octavia: DOWN (no ping response)
[2026-03-20 22:00:01] [FLEET] [aria] cecilia: DOWN (no ping response)
[2026-03-20 22:00:01] [BEAT] [aria] load=0.25 mem=6834/8059MB temp=52.9C disk=64%
[2026-03-20 22:00:01] [FLEET] [aria] gematria: DOWN (no ping response)
[2026-03-20 22:00:01] [FLEET] [aria] lucidia: DOWN (no ping response)
[2026-03-20 22:00:01] [FLEET] [aria] anastasia: DOWN (no ping response)
[2026-03-20 22:00:01] [DIAL] [aria] Switchboard unreachable
[2026-03-20 22:01:02] [BEAT] [aria] load=0.09 mem=6865/8059MB temp=52.9C disk=64%
[2026-03-20 22:02:01] [BEAT] [aria] load=0.08 mem=6864/8059MB temp=52.9C disk=64%
[2026-03-20 22:03:01] [BEAT] [aria] load=0.03 mem=6864/8059MB temp=52.9C disk=64%
[2026-03-20 22:04:01] [BEAT] [aria] load=0.01 mem=6864/8059MB temp=53.5C disk=64%
[2026-03-20 22:05:01] [BEAT] [aria] load=0.00 mem=6834/8059MB temp=54.0C disk=64%
[2026-03-20 22:06:01] [BEAT] [aria] load=0.11 mem=6867/8059MB temp=52.9C disk=64%
[2026-03-20 22:07:01] [BEAT] [aria] load=0.11 mem=6868/8059MB temp=54.0C disk=64%
[2026-03-20 22:08:01] [BEAT] [aria] load=0.15 mem=6867/8059MB temp=53.5C disk=64%
[2026-03-20 22:09:01] [BEAT] [aria] load=0.23 mem=6857/8059MB temp=54.0C disk=64%
[2026-03-20 22:10:01] [FLEET] [aria] Starting cross-node health check
[2026-03-20 22:10:01] [FLEET] [aria] alice: DOWN (no ping response)
[2026-03-20 22:10:01] [FLEET] [aria] octavia: DOWN (no ping response)
[2026-03-20 22:10:01] [BEAT] [aria] load=0.08 mem=6856/8059MB temp=55.1C disk=64%
[2026-03-20 22:10:01] [FLEET] [aria] cecilia: DOWN (no ping response)
[2026-03-20 22:10:01] [FLEET] [aria] gematria: DOWN (no ping response)
[2026-03-20 22:10:01] [FLEET] [aria] lucidia: DOWN (no ping response)
[2026-03-20 22:10:01] [FLEET] [aria] anastasia: DOWN (no ping response)
[2026-03-20 22:11:01] [BEAT] [aria] load=0.07 mem=6866/8059MB temp=53.5C disk=64%
[2026-03-20 22:12:01] [BEAT] [aria] load=0.02 mem=6859/8059MB temp=54.5C disk=64%
[2026-03-20 22:13:01] [BEAT] [aria] load=0.30 mem=6864/8059MB temp=52.9C disk=64%
[2026-03-20 22:14:01] [BEAT] [aria] load=0.11 mem=6864/8059MB temp=54.0C disk=64%
[2026-03-20 22:15:01] [BEAT] [aria] load=0.04 mem=6830/8059MB temp=53.5C disk=64%
[2026-03-20 22:15:01] [DIAL] [aria] Switchboard unreachable
[2026-03-20 22:16:01] [BEAT] [aria] load=0.08 mem=6866/8059MB temp=55.6C disk=64%
[2026-03-20 22:17:01] [BEAT] [aria] load=0.48 mem=6867/8059MB temp=55.1C disk=64%
[2026-03-20 22:18:01] [BEAT] [aria] load=1.12 mem=6862/8059MB temp=54.0C disk=64%
[2026-03-20 22:19:01] [BEAT] [aria] load=0.61 mem=6868/8059MB temp=54.5C disk=64%
[2026-03-20 22:20:01] [FLEET] [aria] Starting cross-node health check
[2026-03-20 22:20:01] [FLEET] [aria] alice: DOWN (no ping response)
[2026-03-20 22:20:01] [FLEET] [aria] octavia: DOWN (no ping response)
[2026-03-20 22:20:01] [FLEET] [aria] cecilia: DOWN (no ping response)
[2026-03-20 22:20:01] [FLEET] [aria] gematria: DOWN (no ping response)
[2026-03-20 22:20:01] [FLEET] [aria] lucidia: DOWN (no ping response)
[2026-03-20 22:20:01] [BEAT] [aria] load=0.22 mem=6839/8059MB temp=56.8C disk=64%
[2026-03-20 22:20:01] [FLEET] [aria] anastasia: DOWN (no ping response)
[2026-03-20 22:21:01] [BEAT] [aria] load=0.08 mem=6866/8059MB temp=54.0C disk=64%
[2026-03-20 22:22:01] [BEAT] [aria] load=0.06 mem=6864/8059MB temp=55.1C disk=64%
[2026-03-20 22:23:01] [BEAT] [aria] load=0.09 mem=6868/8059MB temp=54.5C disk=64%
[2026-03-20 22:24:01] [BEAT] [aria] load=0.12 mem=6864/8059MB temp=54.0C disk=64%
[2026-03-20 22:25:01] [BEAT] [aria] load=0.12 mem=6844/8059MB temp=54.5C disk=64%
[2026-03-20 22:26:01] [BEAT] [aria] load=0.17 mem=6865/8059MB temp=55.6C disk=64%
[2026-03-20 22:27:01] [BEAT] [aria] load=0.10 mem=6865/8059MB temp=55.1C disk=64%
[2026-03-20 22:28:01] [BEAT] [aria] load=0.08 mem=6865/8059MB temp=53.5C disk=64%
[2026-03-20 22:29:01] [BEAT] [aria] load=0.06 mem=6864/8059MB temp=55.6C disk=64%
[2026-03-20 22:30:02] [FLEET] [aria] Starting cross-node health check
[2026-03-20 22:30:02] [FLEET] [aria] alice: DOWN (no ping response)
[2026-03-20 22:30:02] [FLEET] [aria] octavia: DOWN (no ping response)
[2026-03-20 22:30:02] [FLEET] [aria] cecilia: DOWN (no ping response)
[2026-03-20 22:30:02] [BEAT] [aria] load=0.02 mem=6832/8059MB temp=56.2C disk=64%
[2026-03-20 22:30:02] [FLEET] [aria] gematria: DOWN (no ping response)
[2026-03-20 22:30:02] [FLEET] [aria] lucidia: DOWN (no ping response)
[2026-03-20 22:30:02] [FLEET] [aria] anastasia: DOWN (no ping response)
[2026-03-20 22:30:02] [DIAL] [aria] Switchboard unreachable
[2026-03-20 22:31:01] [BEAT] [aria] load=0.01 mem=6867/8059MB temp=54.5C disk=64%
[2026-03-20 22:32:01] [BEAT] [aria] load=0.06 mem=6868/8059MB temp=54.5C disk=64%
[2026-03-20 22:33:01] [BEAT] [aria] load=0.02 mem=6866/8059MB temp=55.1C disk=64%
[2026-03-20 22:34:01] [BEAT] [aria] load=0.10 mem=6868/8059MB temp=55.6C disk=64%
[2026-03-20 22:35:01] [BEAT] [aria] load=0.07 mem=6835/8059MB temp=56.2C disk=64%
[2026-03-20 22:36:01] [BEAT] [aria] load=0.21 mem=6865/8059MB temp=55.1C disk=64%
[2026-03-20 22:37:01] [BEAT] [aria] load=0.21 mem=6864/8059MB temp=55.6C disk=64%
[2026-03-20 22:38:01] [BEAT] [aria] load=0.70 mem=6848/8059MB temp=55.6C disk=64%
[2026-03-20 22:39:01] [BEAT] [aria] load=1.07 mem=6851/8059MB temp=54.5C disk=64%
[2026-03-20 22:40:01] [FLEET] [aria] Starting cross-node health check
[2026-03-20 22:40:01] [FLEET] [aria] alice: DOWN (no ping response)
[2026-03-20 22:40:01] [FLEET] [aria] octavia: DOWN (no ping response)
[2026-03-20 22:40:01] [FLEET] [aria] cecilia: DOWN (no ping response)
[2026-03-20 22:40:01] [FLEET] [aria] gematria: DOWN (no ping response)
[2026-03-20 22:40:01] [BEAT] [aria] load=0.42 mem=6814/8059MB temp=55.6C disk=64%
[2026-03-20 22:40:01] [FLEET] [aria] lucidia: DOWN (no ping response)
[2026-03-20 22:40:01] [FLEET] [aria] anastasia: DOWN (no ping response)
[2026-03-20 22:41:01] [BEAT] [aria] load=0.21 mem=6854/8059MB temp=55.6C disk=64%
[2026-03-20 22:42:01] [BEAT] [aria] load=0.08 mem=6855/8059MB temp=55.1C disk=64%
[2026-03-20 22:43:01] [BEAT] [aria] load=0.12 mem=6853/8059MB temp=55.6C disk=64%
[2026-03-20 22:44:01] [BEAT] [aria] load=0.04 mem=6852/8059MB temp=54.5C disk=64%
[2026-03-20 22:45:01] [BEAT] [aria] load=0.05 mem=6820/8059MB temp=55.6C disk=64%
[2026-03-20 22:45:01] [DIAL] [aria] Switchboard unreachable
[2026-03-20 22:46:01] [BEAT] [aria] load=0.02 mem=6849/8059MB temp=55.1C disk=64%
[2026-03-20 22:47:01] [BEAT] [aria] load=0.00 mem=6850/8059MB temp=55.6C disk=64%
[2026-03-20 22:48:01] [BEAT] [aria] load=0.07 mem=6855/8059MB temp=55.6C disk=64%
[2026-03-20 22:49:01] [BEAT] [aria] load=0.09 mem=6851/8059MB temp=55.6C disk=64%
[2026-03-20 22:50:01] [FLEET] [aria] Starting cross-node health check
[2026-03-20 22:50:01] [FLEET] [aria] alice: DOWN (no ping response)
[2026-03-20 22:50:01] [FLEET] [aria] octavia: DOWN (no ping response)
[2026-03-20 22:50:01] [FLEET] [aria] cecilia: DOWN (no ping response)
[2026-03-20 22:50:01] [FLEET] [aria] gematria: DOWN (no ping response)
[2026-03-20 22:50:01] [BEAT] [aria] load=0.03 mem=6823/8059MB temp=56.2C disk=64%
[2026-03-20 22:50:01] [FLEET] [aria] lucidia: DOWN (no ping response)
[2026-03-20 22:50:01] [FLEET] [aria] anastasia: DOWN (no ping response)
[2026-03-20 22:51:01] [BEAT] [aria] load=0.08 mem=6853/8059MB temp=55.6C disk=64%
[2026-03-20 22:52:01] [BEAT] [aria] load=0.10 mem=6855/8059MB temp=55.6C disk=65%
[2026-03-20 22:53:01] [BEAT] [aria] load=0.04 mem=6848/8059MB temp=54.0C disk=65%
[2026-03-20 22:54:01] [BEAT] [aria] load=0.05 mem=6856/8059MB temp=54.5C disk=65%
[2026-03-20 22:55:02] [BEAT] [aria] load=0.09 mem=6827/8059MB temp=54.5C disk=65%
[2026-03-20 22:56:01] [BEAT] [aria] load=0.03 mem=6856/8059MB temp=53.5C disk=65%
[2026-03-20 22:57:01] [BEAT] [aria] load=0.13 mem=6855/8059MB temp=52.4C disk=65%
[2026-03-20 22:58:01] [BEAT] [aria] load=0.05 mem=6853/8059MB temp=52.4C disk=65%
[2026-03-20 22:59:01] [BEAT] [aria] load=0.86 mem=6853/8059MB temp=52.4C disk=65%
[2026-03-20 23:00:01] [FLEET] [aria] Starting cross-node health check
[2026-03-20 23:00:01] [FLEET] [aria] alice: DOWN (no ping response)
[2026-03-20 23:00:01] [FLEET] [aria] octavia: DOWN (no ping response)
[2026-03-20 23:00:01] [BEAT] [aria] load=0.82 mem=6811/8059MB temp=54.5C disk=65%
[2026-03-20 23:00:01] [FLEET] [aria] cecilia: DOWN (no ping response)
[2026-03-20 23:00:01] [FLEET] [aria] gematria: DOWN (no ping response)
[2026-03-20 23:00:01] [FLEET] [aria] lucidia: DOWN (no ping response)
[2026-03-20 23:00:01] [FLEET] [aria] anastasia: DOWN (no ping response)
[2026-03-20 23:00:01] [DIAL] [aria] Switchboard unreachable
[2026-03-20 23:01:01] [BEAT] [aria] load=0.30 mem=6856/8059MB temp=52.9C disk=65%
[2026-03-20 23:02:01] [BEAT] [aria] load=0.11 mem=6855/8059MB temp=52.9C disk=65%
[2026-03-20 23:03:01] [BEAT] [aria] load=0.13 mem=6855/8059MB temp=52.9C disk=64%
[2026-03-20 23:04:01] [BEAT] [aria] load=0.12 mem=6850/8059MB temp=52.4C disk=64%
[2026-03-20 23:05:01] [BEAT] [aria] load=0.04 mem=6835/8059MB temp=54.0C disk=64%
[2026-03-20 23:06:01] [BEAT] [aria] load=0.01 mem=6862/8059MB temp=52.9C disk=64%
[2026-03-20 23:07:01] [BEAT] [aria] load=0.00 mem=6882/8059MB temp=53.5C disk=64%
[2026-03-20 23:08:01] [BEAT] [aria] load=0.09 mem=6883/8059MB temp=54.0C disk=64%
[2026-03-20 23:09:01] [BEAT] [aria] load=0.03 mem=6881/8059MB temp=55.6C disk=64%
[2026-03-20 23:10:01] [FLEET] [aria] Starting cross-node health check
[2026-03-20 23:10:01] [FLEET] [aria] alice: DOWN (no ping response)
[2026-03-20 23:10:01] [FLEET] [aria] octavia: DOWN (no ping response)
[2026-03-20 23:10:01] [FLEET] [aria] cecilia: DOWN (no ping response)
[2026-03-20 23:10:01] [FLEET] [aria] gematria: DOWN (no ping response)
[2026-03-20 23:10:01] [BEAT] [aria] load=0.04 mem=6718/8059MB temp=54.5C disk=64%
[2026-03-20 23:10:01] [FLEET] [aria] lucidia: DOWN (no ping response)
[2026-03-20 23:10:01] [FLEET] [aria] anastasia: DOWN (no ping response)
[2026-03-20 23:11:01] [BEAT] [aria] load=0.01 mem=6764/8059MB temp=54.0C disk=64%
[2026-03-20 23:12:01] [BEAT] [aria] load=0.00 mem=6867/8059MB temp=54.5C disk=64%
[2026-03-20 23:13:01] [BEAT] [aria] load=0.12 mem=6867/8059MB temp=55.1C disk=64%
[2026-03-20 23:14:01] [BEAT] [aria] load=0.04 mem=6883/8059MB temp=54.5C disk=64%
[2026-03-20 23:15:01] [BEAT] [aria] load=0.06 mem=6848/8059MB temp=54.5C disk=64%
[2026-03-20 23:15:01] [DIAL] [aria] Switchboard unreachable
[2026-03-20 23:16:01] [BEAT] [aria] load=0.02 mem=6883/8059MB temp=55.1C disk=64%
[2026-03-20 23:17:01] [BEAT] [aria] load=0.01 mem=6881/8059MB temp=55.1C disk=64%
[2026-03-20 23:18:01] [BEAT] [aria] load=0.14 mem=6880/8059MB temp=54.0C disk=64%
[2026-03-20 23:19:01] [BEAT] [aria] load=0.17 mem=6879/8059MB temp=55.1C disk=64%
[2026-03-20 23:20:02] [FLEET] [aria] Starting cross-node health check
[2026-03-20 23:20:02] [FLEET] [aria] alice: DOWN (no ping response)
[2026-03-20 23:20:02] [FLEET] [aria] octavia: DOWN (no ping response)
[2026-03-20 23:20:02] [FLEET] [aria] cecilia: DOWN (no ping response)
[2026-03-20 23:20:02] [BEAT] [aria] load=0.77 mem=6844/8059MB temp=55.6C disk=64%
[2026-03-20 23:20:02] [FLEET] [aria] gematria: DOWN (no ping response)
[2026-03-20 23:20:02] [FLEET] [aria] lucidia: DOWN (no ping response)
[2026-03-20 23:20:02] [FLEET] [aria] anastasia: DOWN (no ping response)
[2026-03-20 23:21:01] [BEAT] [aria] load=0.69 mem=6881/8059MB temp=55.1C disk=64%
[2026-03-20 23:22:01] [BEAT] [aria] load=0.25 mem=6876/8059MB temp=54.5C disk=64%
[2026-03-20 23:23:01] [BEAT] [aria] load=0.21 mem=6881/8059MB temp=54.5C disk=64%
[2026-03-20 23:24:01] [BEAT] [aria] load=0.19 mem=6882/8059MB temp=54.5C disk=64%
[2026-03-20 23:25:01] [BEAT] [aria] load=0.07 mem=6852/8059MB temp=56.8C disk=64%
[2026-03-20 23:26:01] [BEAT] [aria] load=0.10 mem=6878/8059MB temp=55.6C disk=64%
[2026-03-20 23:27:01] [BEAT] [aria] load=0.03 mem=6878/8059MB temp=53.5C disk=64%
[2026-03-20 23:28:01] [BEAT] [aria] load=0.01 mem=6874/8059MB temp=55.6C disk=64%
[2026-03-20 23:29:01] [BEAT] [aria] load=0.07 mem=6879/8059MB temp=55.1C disk=64%
[2026-03-20 23:30:01] [FLEET] [aria] Starting cross-node health check
[2026-03-20 23:30:01] [FLEET] [aria] alice: DOWN (no ping response)
[2026-03-20 23:30:01] [FLEET] [aria] octavia: DOWN (no ping response)
[2026-03-20 23:30:01] [FLEET] [aria] cecilia: DOWN (no ping response)
[2026-03-20 23:30:01] [FLEET] [aria] gematria: DOWN (no ping response)
[2026-03-20 23:30:01] [BEAT] [aria] load=0.09 mem=6845/8059MB temp=55.6C disk=64%
[2026-03-20 23:30:01] [FLEET] [aria] lucidia: DOWN (no ping response)
[2026-03-20 23:30:01] [FLEET] [aria] anastasia: DOWN (no ping response)
[2026-03-20 23:30:01] [DIAL] [aria] Switchboard unreachable
[2026-03-20 23:31:01] [BEAT] [aria] load=0.08 mem=6875/8059MB temp=55.1C disk=64%
[2026-03-20 23:32:01] [BEAT] [aria] load=0.03 mem=6876/8059MB temp=55.6C disk=64%
[2026-03-20 23:33:01] [BEAT] [aria] load=0.01 mem=6872/8059MB temp=56.2C disk=64%
[2026-03-20 23:34:01] [BEAT] [aria] load=0.00 mem=6876/8059MB temp=55.1C disk=64%
[2026-03-20 23:35:01] [BEAT] [aria] load=0.06 mem=6857/8059MB temp=55.1C disk=64%
[2026-03-20 23:36:01] [BEAT] [aria] load=0.30 mem=6880/8059MB temp=55.1C disk=64%
[2026-03-20 23:37:01] [BEAT] [aria] load=0.11 mem=6880/8059MB temp=55.1C disk=64%
[2026-03-20 23:38:01] [BEAT] [aria] load=0.04 mem=6879/8059MB temp=55.1C disk=64%
[2026-03-20 23:39:01] [BEAT] [aria] load=0.01 mem=6877/8059MB temp=53.5C disk=64%
[2026-03-20 23:40:01] [FLEET] [aria] Starting cross-node health check
[2026-03-20 23:40:01] [FLEET] [aria] alice: DOWN (no ping response)
[2026-03-20 23:40:01] [FLEET] [aria] octavia: DOWN (no ping response)
[2026-03-20 23:40:01] [BEAT] [aria] load=0.13 mem=6833/8059MB temp=56.2C disk=64%
[2026-03-20 23:40:01] [FLEET] [aria] cecilia: DOWN (no ping response)
[2026-03-20 23:40:01] [FLEET] [aria] gematria: DOWN (no ping response)
[2026-03-20 23:40:01] [FLEET] [aria] lucidia: DOWN (no ping response)
[2026-03-20 23:40:01] [FLEET] [aria] anastasia: DOWN (no ping response)
[2026-03-20 23:41:01] [BEAT] [aria] load=0.75 mem=6876/8059MB temp=55.1C disk=64%
[2026-03-20 23:42:01] [BEAT] [aria] load=0.49 mem=6882/8059MB temp=55.1C disk=64%
[2026-03-20 23:43:01] [BEAT] [aria] load=0.32 mem=6877/8059MB temp=55.1C disk=64%
[2026-03-20 23:44:01] [BEAT] [aria] load=0.30 mem=6881/8059MB temp=55.6C disk=64%
[2026-03-20 23:45:01] [BEAT] [aria] load=0.17 mem=6855/8059MB temp=55.6C disk=64%
[2026-03-20 23:45:01] [DIAL] [aria] Switchboard unreachable
[2026-03-20 23:46:01] [BEAT] [aria] load=0.06 mem=6880/8059MB temp=55.1C disk=64%
[2026-03-20 23:47:01] [BEAT] [aria] load=0.07 mem=6877/8059MB temp=54.5C disk=64%
[2026-03-20 23:48:01] [BEAT] [aria] load=0.02 mem=6876/8059MB temp=55.1C disk=64%
[2026-03-20 23:49:01] [BEAT] [aria] load=0.01 mem=6877/8059MB temp=56.2C disk=64%
[2026-03-20 23:50:01] [FLEET] [aria] Starting cross-node health check
[2026-03-20 23:50:01] [FLEET] [aria] alice: DOWN (no ping response)
[2026-03-20 23:50:01] [FLEET] [aria] octavia: DOWN (no ping response)
[2026-03-20 23:50:01] [FLEET] [aria] cecilia: DOWN (no ping response)
[2026-03-20 23:50:01] [FLEET] [aria] gematria: DOWN (no ping response)
[2026-03-20 23:50:01] [BEAT] [aria] load=0.15 mem=6848/8059MB temp=56.2C disk=64%
[2026-03-20 23:50:01] [FLEET] [aria] lucidia: DOWN (no ping response)
[2026-03-20 23:50:01] [FLEET] [aria] anastasia: DOWN (no ping response)
[2026-03-20 23:51:01] [BEAT] [aria] load=0.08 mem=6919/8059MB temp=54.5C disk=64%
[2026-03-20 23:52:01] [BEAT] [aria] load=0.20 mem=6942/8059MB temp=55.1C disk=64%
[2026-03-20 23:53:01] [BEAT] [aria] load=0.32 mem=6935/8059MB temp=55.6C disk=64%
[2026-03-20 23:54:01] [BEAT] [aria] load=0.12 mem=6934/8059MB temp=54.5C disk=64%
[2026-03-20 23:55:01] [BEAT] [aria] load=0.04 mem=6906/8059MB temp=54.0C disk=64%
[2026-03-20 23:56:01] [BEAT] [aria] load=0.06 mem=6943/8059MB temp=53.5C disk=64%
[2026-03-20 23:57:01] [BEAT] [aria] load=0.02 mem=6943/8059MB temp=52.9C disk=64%
                                                                                  [2026-03-20 23:58:01] [BEAT] [aria] load=1.38 mem=7421/8059MB temp=53.5C disk=64%
[2026-03-21 00:00:07] [BEAT] [aria] load=3.82 mem=7024/8059MB temp=54.0C disk=64%
[2026-03-21 00:00:07] [FLEET] [aria] Starting cross-node health check
[2026-03-21 00:00:07] [BEAT] [aria] load=3.82 mem=7011/8059MB temp=54.5C disk=64%
[2026-03-21 00:00:07] [FLEET] [aria] alice: UP temp=36C mem=3179MB disk=84%
[2026-03-21 00:00:09] [FLEET] [aria] octavia: DOWN (no ping response)
[2026-03-21 00:00:11] [FLEET] [aria] cecilia: DOWN (no ping response)
[2026-03-21 00:00:13] [FLEET] [aria] gematria: UP temp=C mem=3821MB disk=57%
[2026-03-21 00:00:15] [FLEET] [aria] lucidia: DOWN (no ping response)
[2026-03-21 00:00:17] [FLEET] [aria] anastasia: DOWN (no ping response)
[2026-03-21 00:00:52] [DIAL] [aria] Switchboard unreachable
[2026-03-21 00:01:01] [BEAT] [aria] load=2.03 mem=7045/8059MB temp=53.5C disk=64%
[2026-03-21 00:02:01] [BEAT] [aria] load=0.74 mem=7054/8059MB temp=53.5C disk=64%
[2026-03-21 00:03:01] [BEAT] [aria] load=0.27 mem=7046/8059MB temp=52.9C disk=64%
[2026-03-21 00:03:37] [BEAT] [aria] load=0.22 mem=7062/8059MB temp=53.5C disk=64%
[2026-03-21 00:03:37] [BEAT] [aria] load=0.22 mem=7059/8059MB temp=53.5C disk=64%
[2026-03-21 00:04:01] [BEAT] [aria] load=0.14 mem=7038/8059MB temp=54.5C disk=64%
[2026-03-21 00:05:01] [BEAT] [aria] load=0.10 mem=7045/8059MB temp=54.5C disk=64%
[2026-03-21 00:06:01] [BEAT] [aria] load=0.26 mem=7076/8059MB temp=54.0C disk=64%
[2026-03-21 00:07:01] [BEAT] [aria] load=0.10 mem=7074/8059MB temp=54.5C disk=64%
[2026-03-21 00:08:01] [BEAT] [aria] load=0.03 mem=7068/8059MB temp=53.5C disk=64%
[2026-03-21 00:09:01] [BEAT] [aria] load=0.11 mem=7065/8059MB temp=54.0C disk=64%
[2026-03-21 00:10:02] [FLEET] [aria] Starting cross-node health check
[2026-03-21 00:10:02] [BEAT] [aria] load=0.97 mem=7032/8059MB temp=54.5C disk=64%
[2026-03-21 00:10:02] [FLEET] [aria] alice: UP temp=37C mem=3186MB disk=84%
[2026-03-21 00:10:04] [FLEET] [aria] octavia: DOWN (no ping response)
[2026-03-21 00:10:06] [FLEET] [aria] cecilia: DOWN (no ping response)
[2026-03-21 00:10:07] [FLEET] [aria] gematria: UP temp=C mem=3888MB disk=57%
[2026-03-21 00:10:08] [FLEET] [aria] lucidia: PING OK but SSH failed
[2026-03-21 00:10:10] [FLEET] [aria] anastasia: DOWN (no ping response)
[2026-03-21 00:11:01] [BEAT] [aria] load=0.95 mem=7066/8059MB temp=53.5C disk=64%
[2026-03-21 00:12:01] [BEAT] [aria] load=0.48 mem=7064/8059MB temp=54.0C disk=64%
[2026-03-21 00:13:01] [BEAT] [aria] load=0.25 mem=7068/8059MB temp=54.0C disk=64%
[2026-03-21 00:14:01] [BEAT] [aria] load=0.09 mem=7058/8059MB temp=55.1C disk=64%
[2026-03-21 00:15:01] [BEAT] [aria] load=0.06 mem=7014/8059MB temp=55.1C disk=64%
[2026-03-21 00:15:46] [DIAL] [aria] Switchboard unreachable
[2026-03-21 00:16:01] [BEAT] [aria] load=0.09 mem=7056/8059MB temp=54.5C disk=64%
[2026-03-21 00:17:01] [BEAT] [aria] load=0.06 mem=7060/8059MB temp=54.0C disk=64%
[2026-03-21 00:18:01] [BEAT] [aria] load=0.02 mem=7053/8059MB temp=54.5C disk=64%
[2026-03-21 00:18:49] [BEAT] [aria] load=0.01 mem=7050/8059MB temp=55.1C disk=64%
[2026-03-21 00:18:49] [BEAT] [aria] load=0.01 mem=7049/8059MB temp=54.5C disk=64%
[2026-03-21 00:19:01] [BEAT] [aria] load=0.09 mem=7049/8059MB temp=54.5C disk=64%
[2026-03-21 00:20:01] [FLEET] [aria] Starting cross-node health check
[2026-03-21 00:20:01] [BEAT] [aria] load=0.08 mem=7009/8059MB temp=55.1C disk=64%
[2026-03-21 00:20:02] [FLEET] [aria] alice: UP temp=38C mem=3175MB disk=84%
[2026-03-21 00:20:04] [FLEET] [aria] octavia: DOWN (no ping response)
[2026-03-21 00:20:06] [FLEET] [aria] cecilia: DOWN (no ping response)
[2026-03-21 00:20:07] [FLEET] [aria] gematria: UP temp=C mem=3838MB disk=57%
[2026-03-21 00:20:08] [FLEET] [aria] lucidia: PING OK but SSH failed
[2026-03-21 00:20:10] [FLEET] [aria] anastasia: DOWN (no ping response)
[2026-03-21 00:21:01] [BEAT] [aria] load=0.09 mem=7047/8059MB temp=55.6C disk=64%
[2026-03-21 00:22:01] [BEAT] [aria] load=0.36 mem=7055/8059MB temp=54.5C disk=64%
[2026-03-21 00:23:01] [BEAT] [aria] load=0.13 mem=7054/8059MB temp=55.1C disk=64%
[2026-03-21 00:24:01] [BEAT] [aria] load=0.14 mem=7050/8059MB temp=54.0C disk=64%
[2026-03-21 00:25:01] [BEAT] [aria] load=0.11 mem=7014/8059MB temp=56.2C disk=64%
[2026-03-21 00:26:01] [BEAT] [aria] load=0.07 mem=7056/8059MB temp=54.5C disk=64%
[2026-03-21 00:27:01] [BEAT] [aria] load=0.07 mem=7053/8059MB temp=53.5C disk=64%
[2026-03-21 00:28:01] [BEAT] [aria] load=0.03 mem=7052/8059MB temp=55.1C disk=64%
[2026-03-21 00:29:01] [BEAT] [aria] load=0.01 mem=7045/8059MB temp=56.2C disk=64%
[2026-03-21 00:30:01] [FLEET] [aria] Starting cross-node health check
[2026-03-21 00:30:01] [BEAT] [aria] load=0.19 mem=7020/8059MB temp=55.6C disk=64%
[2026-03-21 00:30:02] [FLEET] [aria] alice: UP temp=38C mem=3177MB disk=84%
[2026-03-21 00:30:04] [FLEET] [aria] octavia: DOWN (no ping response)
[2026-03-21 00:30:06] [FLEET] [aria] cecilia: DOWN (no ping response)
[2026-03-21 00:30:07] [FLEET] [aria] gematria: UP temp=C mem=3772MB disk=57%
[2026-03-21 00:30:08] [FLEET] [aria] lucidia: PING OK but SSH failed
[2026-03-21 00:30:10] [FLEET] [aria] anastasia: DOWN (no ping response)
[2026-03-21 00:30:46] [DIAL] [aria] Switchboard unreachable
[2026-03-21 00:31:01] [BEAT] [aria] load=0.84 mem=7045/8059MB temp=55.1C disk=64%
[2026-03-21 00:32:01] [BEAT] [aria] load=0.96 mem=7044/8059MB temp=55.6C disk=64%
[2026-03-21 00:33:01] [BEAT] [aria] load=0.35 mem=7044/8059MB temp=55.1C disk=64%
[2026-03-21 00:34:01] [BEAT] [aria] load=0.31 mem=7049/8059MB temp=55.1C disk=64%
[2026-03-21 00:35:01] [BEAT] [aria] load=0.11 mem=7018/8059MB temp=55.6C disk=64%
[2026-03-21 00:36:01] [BEAT] [aria] load=0.46 mem=7034/8059MB temp=55.6C disk=64%
[2026-03-21 00:37:01] [BEAT] [aria] load=0.17 mem=7035/8059MB temp=54.0C disk=64%
[2026-03-21 00:38:01] [BEAT] [aria] load=0.13 mem=7037/8059MB temp=55.6C disk=64%
[2026-03-21 00:39:01] [BEAT] [aria] load=0.21 mem=7023/8059MB temp=54.0C disk=64%
[2026-03-21 00:40:01] [FLEET] [aria] Starting cross-node health check
[2026-03-21 00:40:01] [BEAT] [aria] load=0.07 mem=6989/8059MB temp=55.6C disk=64%
[2026-03-21 00:40:02] [FLEET] [aria] alice: UP temp=37C mem=3182MB disk=84%
[2026-03-21 00:40:04] [FLEET] [aria] octavia: DOWN (no ping response)
[2026-03-21 00:40:06] [FLEET] [aria] cecilia: DOWN (no ping response)
[2026-03-21 00:40:08] [FLEET] [aria] gematria: UP temp=C mem=3834MB disk=58%
[2026-03-21 00:40:08] [FLEET] [aria] lucidia: PING OK but SSH failed
[2026-03-21 00:40:10] [FLEET] [aria] anastasia: DOWN (no ping response)
[2026-03-21 00:41:01] [BEAT] [aria] load=0.10 mem=7033/8059MB temp=54.5C disk=64%
[2026-03-21 00:42:01] [BEAT] [aria] load=0.03 mem=7034/8059MB temp=54.0C disk=64%
[2026-03-21 00:43:01] [BEAT] [aria] load=0.04 mem=7019/8059MB temp=55.1C disk=64%
[2026-03-21 00:44:01] [BEAT] [aria] load=0.07 mem=7019/8059MB temp=55.1C disk=64%
[2026-03-21 00:45:01] [BEAT] [aria] load=0.11 mem=6982/8059MB temp=56.2C disk=64%
[2026-03-21 00:45:46] [DIAL] [aria] Switchboard unreachable
[2026-03-21 00:46:01] [BEAT] [aria] load=0.27 mem=7018/8059MB temp=56.2C disk=64%
[2026-03-21 00:47:01] [BEAT] [aria] load=0.19 mem=7018/8059MB temp=54.5C disk=64%
[2026-03-21 00:48:01] [BEAT] [aria] load=0.11 mem=7022/8059MB temp=54.5C disk=64%
[2026-03-21 00:49:01] [BEAT] [aria] load=0.04 mem=7017/8059MB temp=55.1C disk=64%
[2026-03-21 00:50:01] [FLEET] [aria] Starting cross-node health check
[2026-03-21 00:50:01] [BEAT] [aria] load=0.27 mem=6983/8059MB temp=55.6C disk=64%
[2026-03-21 00:50:02] [FLEET] [aria] alice: UP temp=37C mem=3175MB disk=84%
[2026-03-21 00:50:04] [FLEET] [aria] octavia: DOWN (no ping response)
[2026-03-21 00:50:06] [FLEET] [aria] cecilia: DOWN (no ping response)
[2026-03-21 00:50:08] [FLEET] [aria] gematria: UP temp=C mem=3824MB disk=58%
[2026-03-21 00:50:08] [FLEET] [aria] lucidia: PING OK but SSH failed
[2026-03-21 00:50:10] [FLEET] [aria] anastasia: DOWN (no ping response)
[2026-03-21 00:51:01] [BEAT] [aria] load=0.51 mem=7014/8059MB temp=56.8C disk=64%
[2026-03-21 00:52:01] [BEAT] [aria] load=1.09 mem=7015/8059MB temp=55.1C disk=64%
[2026-03-21 00:53:01] [BEAT] [aria] load=0.60 mem=7014/8059MB temp=54.5C disk=64%
[2026-03-21 00:54:01] [BEAT] [aria] load=0.30 mem=7012/8059MB temp=54.0C disk=64%
[2026-03-21 00:55:01] [BEAT] [aria] load=0.11 mem=6971/8059MB temp=52.9C disk=64%
[2026-03-21 00:56:01] [BEAT] [aria] load=0.11 mem=7013/8059MB temp=54.5C disk=64%
[2026-03-21 00:57:01] [BEAT] [aria] load=0.15 mem=7010/8059MB temp=54.5C disk=64%
[2026-03-21 00:58:01] [BEAT] [aria] load=0.09 mem=7003/8059MB temp=52.9C disk=64%
[2026-03-21 00:59:01] [BEAT] [aria] load=0.07 mem=7010/8059MB temp=51.8C disk=64%
[2026-03-21 01:00:01] [FLEET] [aria] Starting cross-node health check
[2026-03-21 01:00:01] [BEAT] [aria] load=0.02 mem=7035/8059MB temp=52.9C disk=64%
[2026-03-21 01:00:02] [FLEET] [aria] alice: UP temp=37C mem=3176MB disk=84%
[2026-03-21 01:00:04] [FLEET] [aria] octavia: DOWN (no ping response)
[2026-03-21 01:00:06] [FLEET] [aria] cecilia: DOWN (no ping response)
[2026-03-21 01:00:08] [FLEET] [aria] gematria: DOWN (no ping response)
[2026-03-21 01:00:09] [FLEET] [aria] lucidia: PING OK but SSH failed
[2026-03-21 01:00:11] [FLEET] [aria] anastasia: DOWN (no ping response)
[2026-03-21 01:00:47] [DIAL] [aria] Switchboard unreachable
[2026-03-21 01:01:01] [BEAT] [aria] load=0.10 mem=7069/8059MB temp=52.9C disk=64%
[2026-03-21 01:02:01] [BEAT] [aria] load=0.04 mem=7073/8059MB temp=54.0C disk=64%
[2026-03-21 01:03:01] [BEAT] [aria] load=0.08 mem=7072/8059MB temp=52.4C disk=64%
[2026-03-21 01:04:01] [BEAT] [aria] load=0.03 mem=7067/8059MB temp=54.0C disk=64%
[2026-03-21 01:05:01] [BEAT] [aria] load=0.01 mem=7038/8059MB temp=52.9C disk=64%
[2026-03-21 01:06:01] [BEAT] [aria] load=0.06 mem=7068/8059MB temp=52.9C disk=64%
[2026-03-21 01:07:01] [BEAT] [aria] load=0.02 mem=7063/8059MB temp=52.9C disk=64%
[2026-03-21 01:08:01] [BEAT] [aria] load=0.10 mem=7074/8059MB temp=53.5C disk=64%
[2026-03-21 01:09:01] [BEAT] [aria] load=0.04 mem=7072/8059MB temp=52.9C disk=64%
[2026-03-21 01:10:01] [FLEET] [aria] Starting cross-node health check
[2026-03-21 01:10:01] [BEAT] [aria] load=0.01 mem=7037/8059MB temp=53.5C disk=64%
[2026-03-21 01:10:02] [FLEET] [aria] alice: UP temp=37C mem=3181MB disk=84%
[2026-03-21 01:10:04] [FLEET] [aria] octavia: DOWN (no ping response)
[2026-03-21 01:10:06] [FLEET] [aria] cecilia: DOWN (no ping response)
[2026-03-21 01:10:08] [FLEET] [aria] gematria: UP temp=C mem=3828MB disk=58%
[2026-03-21 01:10:08] [FLEET] [aria] lucidia: PING OK but SSH failed
[2026-03-21 01:10:10] [FLEET] [aria] anastasia: DOWN (no ping response)
[2026-03-21 01:11:01] [BEAT] [aria] load=0.00 mem=7065/8059MB temp=55.1C disk=64%
[2026-03-21 01:12:01] [BEAT] [aria] load=0.48 mem=7067/8059MB temp=53.5C disk=64%
[2026-03-21 01:13:01] [BEAT] [aria] load=1.24 mem=7069/8059MB temp=52.9C disk=64%
[2026-03-21 01:14:01] [BEAT] [aria] load=0.60 mem=7067/8059MB temp=52.9C disk=64%
[2026-03-21 01:15:01] [BEAT] [aria] load=0.29 mem=7042/8059MB temp=54.5C disk=64%
[2026-03-21 01:15:46] [DIAL] [aria] Switchboard unreachable
[2026-03-21 01:16:01] [BEAT] [aria] load=0.21 mem=7068/8059MB temp=54.0C disk=64%
[2026-03-21 01:17:01] [BEAT] [aria] load=0.15 mem=7071/8059MB temp=54.5C disk=64%
[2026-03-21 01:18:01] [BEAT] [aria] load=0.06 mem=7069/8059MB temp=54.5C disk=64%
[2026-03-21 01:19:01] [BEAT] [aria] load=0.09 mem=7063/8059MB temp=55.6C disk=64%
[2026-03-21 01:20:01] [FLEET] [aria] Starting cross-node health check
[2026-03-21 01:20:01] [BEAT] [aria] load=0.03 mem=7032/8059MB temp=54.5C disk=64%
[2026-03-21 01:20:02] [FLEET] [aria] alice: UP temp=37C mem=3178MB disk=84%
[2026-03-21 01:20:04] [FLEET] [aria] octavia: DOWN (no ping response)
[2026-03-21 01:20:06] [FLEET] [aria] cecilia: DOWN (no ping response)
[2026-03-21 01:20:07] [FLEET] [aria] gematria: UP temp=C mem=3819MB disk=58%
[2026-03-21 01:20:08] [FLEET] [aria] lucidia: PING OK but SSH failed
[2026-03-21 01:20:10] [FLEET] [aria] anastasia: DOWN (no ping response)
[2026-03-21 01:21:01] [BEAT] [aria] load=0.04 mem=7062/8059MB temp=53.5C disk=64%
[2026-03-21 01:22:01] [BEAT] [aria] load=0.17 mem=7066/8059MB temp=53.5C disk=64%
[2026-03-21 01:23:01] [BEAT] [aria] load=0.18 mem=7062/8059MB temp=54.0C disk=64%
[2026-03-21 01:24:01] [BEAT] [aria] load=0.19 mem=7064/8059MB temp=54.0C disk=64%
[2026-03-21 01:25:01] [BEAT] [aria] load=0.14 mem=7041/8059MB temp=54.5C disk=64%
[2026-03-21 01:26:01] [BEAT] [aria] load=0.14 mem=7061/8059MB temp=54.0C disk=64%
[2026-03-21 01:27:01] [BEAT] [aria] load=0.12 mem=7063/8059MB temp=54.0C disk=64%
[2026-03-21 01:28:01] [BEAT] [aria] load=0.07 mem=7057/8059MB temp=54.0C disk=64%
[2026-03-21 01:29:01] [BEAT] [aria] load=0.09 mem=7055/8059MB temp=55.1C disk=64%
[2026-03-21 01:30:01] [FLEET] [aria] Starting cross-node health check
[2026-03-21 01:30:01] [BEAT] [aria] load=0.03 mem=7029/8059MB temp=55.1C disk=64%
[2026-03-21 01:30:02] [FLEET] [aria] alice: UP temp=38C mem=3170MB disk=84%
[2026-03-21 01:30:04] [FLEET] [aria] octavia: DOWN (no ping response)
[2026-03-21 01:30:06] [FLEET] [aria] cecilia: DOWN (no ping response)
[2026-03-21 01:30:08] [FLEET] [aria] gematria: UP temp=C mem=3834MB disk=58%
[2026-03-21 01:30:08] [FLEET] [aria] lucidia: PING OK but SSH failed
[2026-03-21 01:30:10] [FLEET] [aria] anastasia: DOWN (no ping response)
[2026-03-21 01:30:47] [DIAL] [aria] Switchboard unreachable
[2026-03-21 01:31:01] [BEAT] [aria] load=0.12 mem=7056/8059MB temp=54.5C disk=64%
[2026-03-21 01:32:01] [BEAT] [aria] load=0.04 mem=7053/8059MB temp=55.6C disk=64%
[2026-03-21 01:33:01] [BEAT] [aria] load=0.68 mem=7055/8059MB temp=54.5C disk=64%
[2026-03-21 01:34:01] [BEAT] [aria] load=0.83 mem=7055/8059MB temp=55.1C disk=64%
[2026-03-21 01:35:01] [BEAT] [aria] load=0.34 mem=7028/8059MB temp=55.1C disk=64%
[2026-03-21 01:36:01] [BEAT] [aria] load=0.12 mem=7056/8059MB temp=56.2C disk=64%
[2026-03-21 01:37:01] [BEAT] [aria] load=0.04 mem=7055/8059MB temp=55.6C disk=64%
[2026-03-21 01:38:01] [BEAT] [aria] load=0.08 mem=7055/8059MB temp=54.5C disk=64%
[2026-03-21 01:39:01] [BEAT] [aria] load=0.03 mem=7057/8059MB temp=54.5C disk=64%
[2026-03-21 01:40:01] [FLEET] [aria] Starting cross-node health check
[2026-03-21 01:40:01] [BEAT] [aria] load=0.11 mem=7027/8059MB temp=54.5C disk=64%
[2026-03-21 01:40:02] [FLEET] [aria] alice: UP temp=37C mem=3174MB disk=84%
[2026-03-21 01:40:04] [FLEET] [aria] octavia: DOWN (no ping response)
[2026-03-21 01:40:06] [FLEET] [aria] cecilia: DOWN (no ping response)
[2026-03-21 01:40:08] [FLEET] [aria] gematria: UP temp=C mem=3850MB disk=58%
[2026-03-21 01:40:08] [FLEET] [aria] lucidia: PING OK but SSH failed
[2026-03-21 01:40:10] [FLEET] [aria] anastasia: DOWN (no ping response)
[2026-03-21 01:41:01] [BEAT] [aria] load=0.12 mem=7055/8059MB temp=55.1C disk=64%
[2026-03-21 01:42:01] [BEAT] [aria] load=0.18 mem=7050/8059MB temp=54.0C disk=64%
[2026-03-21 01:43:01] [BEAT] [aria] load=0.06 mem=7052/8059MB temp=54.5C disk=64%
[2026-03-21 01:44:01] [BEAT] [aria] load=0.05 mem=7052/8059MB temp=55.1C disk=64%
[2026-03-21 01:45:01] [BEAT] [aria] load=0.26 mem=7017/8059MB temp=55.1C disk=64%
[2026-03-21 01:45:46] [DIAL] [aria] Switchboard unreachable
[2026-03-21 01:46:01] [BEAT] [aria] load=0.15 mem=7048/8059MB temp=55.6C disk=64%
[2026-03-21 01:47:01] [BEAT] [aria] load=0.17 mem=7048/8059MB temp=55.1C disk=64%
[2026-03-21 01:48:01] [BEAT] [aria] load=0.06 mem=7051/8059MB temp=54.5C disk=64%
[2026-03-21 01:49:01] [BEAT] [aria] load=0.07 mem=7050/8059MB temp=53.5C disk=64%
[2026-03-21 01:50:01] [FLEET] [aria] Starting cross-node health check
[2026-03-21 01:50:01] [BEAT] [aria] load=0.06 mem=7023/8059MB temp=55.1C disk=64%
[2026-03-21 01:50:02] [FLEET] [aria] alice: UP temp=37C mem=3172MB disk=84%
[2026-03-21 01:50:04] [FLEET] [aria] octavia: DOWN (no ping response)
[2026-03-21 01:50:06] [FLEET] [aria] cecilia: DOWN (no ping response)
[2026-03-21 01:50:07] [FLEET] [aria] gematria: UP temp=C mem=3859MB disk=58%
[2026-03-21 01:50:08] [FLEET] [aria] lucidia: PING OK but SSH failed
[2026-03-21 01:50:10] [FLEET] [aria] anastasia: DOWN (no ping response)
[2026-03-21 01:51:01] [BEAT] [aria] load=0.09 mem=7048/8059MB temp=55.1C disk=64%
[2026-03-21 01:52:01] [BEAT] [aria] load=0.19 mem=7051/8059MB temp=54.0C disk=64%
[2026-03-21 01:53:01] [BEAT] [aria] load=0.07 mem=7046/8059MB temp=54.5C disk=64%
[2026-03-21 01:54:01] [BEAT] [aria] load=0.67 mem=7048/8059MB temp=54.0C disk=64%
[2026-03-21 01:55:01] [BEAT] [aria] load=1.16 mem=6989/8059MB temp=54.0C disk=64%
[2026-03-21 01:56:01] [BEAT] [aria] load=0.52 mem=7016/8059MB temp=52.4C disk=64%
[2026-03-21 01:57:01] [BEAT] [aria] load=0.19 mem=7023/8059MB temp=51.8C disk=64%
[2026-03-21 01:58:01] [BEAT] [aria] load=0.15 mem=7026/8059MB temp=51.2C disk=64%
[2026-03-21 01:59:01] [BEAT] [aria] load=0.05 mem=7027/8059MB temp=51.8C disk=64%
[2026-03-21 02:00:01] [FLEET] [aria] Starting cross-node health check
[2026-03-21 02:00:01] [BEAT] [aria] load=0.05 mem=6988/8059MB temp=52.9C disk=64%
[2026-03-21 02:00:02] [FLEET] [aria] alice: UP temp=36C mem=3168MB disk=84%
[2026-03-21 02:00:04] [FLEET] [aria] octavia: DOWN (no ping response)
[2026-03-21 02:00:06] [FLEET] [aria] cecilia: DOWN (no ping response)
[2026-03-21 02:00:08] [FLEET] [aria] gematria: UP temp=C mem=3855MB disk=58%
[2026-03-21 02:00:08] [FLEET] [aria] lucidia: PING OK but SSH failed
[2026-03-21 02:00:10] [FLEET] [aria] anastasia: DOWN (no ping response)
[2026-03-21 02:00:47] [DIAL] [aria] Switchboard unreachable
[2026-03-21 02:01:01] [BEAT] [aria] load=0.02 mem=7019/8059MB temp=53.5C disk=64%
[2026-03-21 02:02:01] [BEAT] [aria] load=0.00 mem=7021/8059MB temp=52.4C disk=64%
[2026-03-21 02:03:01] [BEAT] [aria] load=0.19 mem=7022/8059MB temp=52.4C disk=64%
[2026-03-21 02:04:01] [BEAT] [aria] load=0.34 mem=7023/8059MB temp=52.9C disk=64%
[2026-03-21 02:05:01] [BEAT] [aria] load=0.38 mem=6993/8059MB temp=54.0C disk=64%
[2026-03-21 02:06:01] [BEAT] [aria] load=0.14 mem=7025/8059MB temp=52.9C disk=64%
[2026-03-21 02:07:01] [BEAT] [aria] load=0.05 mem=7024/8059MB temp=53.5C disk=64%
[2026-03-21 02:08:01] [BEAT] [aria] load=0.17 mem=7025/8059MB temp=53.5C disk=64%
[2026-03-21 02:09:01] [BEAT] [aria] load=0.09 mem=7023/8059MB temp=53.5C disk=64%
[2026-03-21 02:10:01] [FLEET] [aria] Starting cross-node health check
[2026-03-21 02:10:01] [BEAT] [aria] load=0.10 mem=6996/8059MB temp=53.5C disk=64%
[2026-03-21 02:10:02] [FLEET] [aria] alice: UP temp=38C mem=3171MB disk=84%
[2026-03-21 02:10:04] [FLEET] [aria] octavia: DOWN (no ping response)
[2026-03-21 02:10:06] [FLEET] [aria] cecilia: DOWN (no ping response)
[2026-03-21 02:10:07] [FLEET] [aria] gematria: UP temp=C mem=3852MB disk=58%
[2026-03-21 02:10:08] [FLEET] [aria] lucidia: PING OK but SSH failed
[2026-03-21 02:10:10] [FLEET] [aria] anastasia: DOWN (no ping response)
[2026-03-21 02:11:01] [BEAT] [aria] load=0.03 mem=7021/8059MB temp=54.0C disk=64%
[2026-03-21 02:12:01] [BEAT] [aria] load=0.01 mem=7025/8059MB temp=54.0C disk=64%
[2026-03-21 02:13:01] [BEAT] [aria] load=0.00 mem=7026/8059MB temp=53.5C disk=64%
[2026-03-21 02:14:01] [BEAT] [aria] load=0.04 mem=7025/8059MB temp=54.0C disk=64%
[2026-03-21 02:15:01] [BEAT] [aria] load=0.73 mem=6996/8059MB temp=53.5C disk=64%
[2026-03-21 02:15:46] [DIAL] [aria] Switchboard unreachable
[2026-03-21 02:16:01] [BEAT] [aria] load=0.95 mem=7024/8059MB temp=55.6C disk=64%
[2026-03-21 02:17:01] [BEAT] [aria] load=0.35 mem=7017/8059MB temp=54.0C disk=64%
[2026-03-21 02:18:01] [BEAT] [aria] load=0.12 mem=7019/8059MB temp=53.5C disk=64%
[2026-03-21 02:19:01] [BEAT] [aria] load=0.10 mem=7020/8059MB temp=55.6C disk=64%
[2026-03-21 02:20:01] [FLEET] [aria] Starting cross-node health check
[2026-03-21 02:20:01] [BEAT] [aria] load=0.08 mem=6995/8059MB temp=54.5C disk=64%
[2026-03-21 02:20:02] [FLEET] [aria] alice: UP temp=36C mem=3174MB disk=84%
[2026-03-21 02:20:04] [FLEET] [aria] octavia: DOWN (no ping response)
[2026-03-21 02:20:06] [FLEET] [aria] cecilia: DOWN (no ping response)
[2026-03-21 02:20:08] [FLEET] [aria] gematria: UP temp=C mem=3839MB disk=58%
[2026-03-21 02:20:08] [FLEET] [aria] lucidia: PING OK but SSH failed
[2026-03-21 02:20:10] [FLEET] [aria] anastasia: DOWN (no ping response)
[2026-03-21 02:21:01] [BEAT] [aria] load=0.13 mem=7014/8059MB temp=54.5C disk=64%
[2026-03-21 02:22:01] [BEAT] [aria] load=0.05 mem=7023/8059MB temp=55.1C disk=64%
[2026-03-21 02:23:01] [BEAT] [aria] load=0.02 mem=7015/8059MB temp=53.5C disk=64%
[2026-03-21 02:24:01] [BEAT] [aria] load=0.14 mem=7007/8059MB temp=53.5C disk=64%
[2026-03-21 02:25:01] [BEAT] [aria] load=0.05 mem=6975/8059MB temp=55.1C disk=64%
[2026-03-21 02:26:01] [BEAT] [aria] load=0.21 mem=7009/8059MB temp=54.0C disk=64%
[2026-03-21 02:27:01] [BEAT] [aria] load=0.15 mem=7015/8059MB temp=54.0C disk=64%
[2026-03-21 02:28:01] [BEAT] [aria] load=0.10 mem=7014/8059MB temp=55.1C disk=64%
[2026-03-21 02:29:01] [BEAT] [aria] load=0.04 mem=7012/8059MB temp=54.0C disk=64%
[2026-03-21 02:30:01] [FLEET] [aria] Starting cross-node health check
[2026-03-21 02:30:01] [BEAT] [aria] load=0.05 mem=6977/8059MB temp=55.1C disk=64%
[2026-03-21 02:30:02] [FLEET] [aria] alice: UP temp=38C mem=3166MB disk=84%
[2026-03-21 02:30:04] [FLEET] [aria] octavia: DOWN (no ping response)
[2026-03-21 02:30:06] [FLEET] [aria] cecilia: DOWN (no ping response)
[2026-03-21 02:30:08] [FLEET] [aria] gematria: UP temp=C mem=3862MB disk=58%
[2026-03-21 02:30:08] [FLEET] [aria] lucidia: PING OK but SSH failed
[2026-03-21 02:30:10] [FLEET] [aria] anastasia: DOWN (no ping response)
[2026-03-21 02:30:47] [DIAL] [aria] Switchboard unreachable
[2026-03-21 02:31:01] [BEAT] [aria] load=0.06 mem=7006/8059MB temp=54.5C disk=64%
[2026-03-21 02:32:01] [BEAT] [aria] load=0.06 mem=7014/8059MB temp=54.5C disk=64%
[2026-03-21 02:33:01] [BEAT] [aria] load=0.02 mem=7013/8059MB temp=55.6C disk=64%
[2026-03-21 02:34:01] [BEAT] [aria] load=0.00 mem=7012/8059MB temp=54.5C disk=64%
[2026-03-21 02:35:01] [BEAT] [aria] load=0.06 mem=6993/8059MB temp=55.1C disk=64%
[2026-03-21 02:36:01] [BEAT] [aria] load=0.70 mem=7003/8059MB temp=56.2C disk=64%
[2026-03-21 02:37:01] [BEAT] [aria] load=0.78 mem=7008/8059MB temp=55.6C disk=64%
[2026-03-21 02:38:01] [BEAT] [aria] load=0.28 mem=7014/8059MB temp=56.2C disk=64%
[2026-03-21 02:39:01] [BEAT] [aria] load=0.18 mem=7011/8059MB temp=54.5C disk=64%
[2026-03-21 02:40:01] [FLEET] [aria] Starting cross-node health check
[2026-03-21 02:40:01] [BEAT] [aria] load=0.06 mem=6983/8059MB temp=55.6C disk=64%
[2026-03-21 02:40:02] [FLEET] [aria] alice: UP temp=37C mem=3167MB disk=84%
[2026-03-21 02:40:04] [FLEET] [aria] octavia: DOWN (no ping response)
[2026-03-21 02:40:06] [FLEET] [aria] cecilia: DOWN (no ping response)
[2026-03-21 02:40:07] [FLEET] [aria] gematria: UP temp=C mem=3838MB disk=58%
[2026-03-21 02:40:08] [FLEET] [aria] lucidia: PING OK but SSH failed
[2026-03-21 02:40:10] [FLEET] [aria] anastasia: DOWN (no ping response)
[2026-03-21 02:41:01] [BEAT] [aria] load=0.10 mem=7003/8059MB temp=55.1C disk=64%
[2026-03-21 02:42:01] [BEAT] [aria] load=0.10 mem=7012/8059MB temp=54.0C disk=64%
[2026-03-21 02:43:01] [BEAT] [aria] load=0.04 mem=7011/8059MB temp=55.1C disk=64%
[2026-03-21 02:44:01] [BEAT] [aria] load=0.01 mem=7007/8059MB temp=55.1C disk=64%
[2026-03-21 02:45:01] [BEAT] [aria] load=0.05 mem=6975/8059MB temp=55.1C disk=64%
[2026-03-21 02:45:46] [DIAL] [aria] Switchboard unreachable
[2026-03-21 02:46:01] [BEAT] [aria] load=0.11 mem=7004/8059MB temp=55.1C disk=64%
[2026-03-21 02:47:01] [BEAT] [aria] load=0.04 mem=7006/8059MB temp=55.1C disk=64%
[2026-03-21 02:48:01] [BEAT] [aria] load=0.13 mem=7009/8059MB temp=54.5C disk=64%
[2026-03-21 02:49:01] [BEAT] [aria] load=0.04 mem=7011/8059MB temp=54.5C disk=64%
[2026-03-21 02:50:01] [FLEET] [aria] Starting cross-node health check
[2026-03-21 02:50:01] [BEAT] [aria] load=0.09 mem=6979/8059MB temp=55.6C disk=64%
[2026-03-21 02:50:02] [FLEET] [aria] alice: UP temp=37C mem=3167MB disk=84%
[2026-03-21 02:50:04] [FLEET] [aria] octavia: DOWN (no ping response)
[2026-03-21 02:50:06] [FLEET] [aria] cecilia: DOWN (no ping response)
[2026-03-21 02:50:07] [FLEET] [aria] gematria: UP temp=C mem=3772MB disk=58%
[2026-03-21 02:50:08] [FLEET] [aria] lucidia: PING OK but SSH failed
[2026-03-21 02:50:10] [FLEET] [aria] anastasia: DOWN (no ping response)
[2026-03-21 02:51:01] [BEAT] [aria] load=0.16 mem=6994/8059MB temp=55.1C disk=64%
[2026-03-21 02:52:01] [BEAT] [aria] load=0.09 mem=7003/8059MB temp=54.5C disk=64%
[2026-03-21 02:53:01] [BEAT] [aria] load=0.13 mem=7002/8059MB temp=55.1C disk=64%
[2026-03-21 02:54:01] [BEAT] [aria] load=0.05 mem=7002/8059MB temp=53.5C disk=64%
[2026-03-21 02:55:01] [BEAT] [aria] load=0.02 mem=6973/8059MB temp=54.0C disk=64%
[2026-03-21 02:56:01] [BEAT] [aria] load=0.16 mem=6983/8059MB temp=52.9C disk=64%
[2026-03-21 02:57:01] [BEAT] [aria] load=0.72 mem=7002/8059MB temp=52.4C disk=64%
[2026-03-21 02:58:01] [BEAT] [aria] load=0.79 mem=7002/8059MB temp=51.2C disk=64%
[2026-03-21 02:59:01] [BEAT] [aria] load=0.29 mem=7004/8059MB temp=52.4C disk=64%
[2026-03-21 03:00:01] [FLEET] [aria] Starting cross-node health check
[2026-03-21 03:00:01] [BEAT] [aria] load=0.28 mem=6961/8059MB temp=51.8C disk=64%
[2026-03-21 03:00:02] [FLEET] [aria] alice: UP temp=37C mem=3151MB disk=84%
[2026-03-21 03:00:04] [FLEET] [aria] octavia: DOWN (no ping response)
[2026-03-21 03:00:06] [FLEET] [aria] cecilia: DOWN (no ping response)
[2026-03-21 03:00:08] [FLEET] [aria] gematria: UP temp=C mem=3823MB disk=58%
[2026-03-21 03:00:08] [FLEET] [aria] lucidia: PING OK but SSH failed
[2026-03-21 03:00:10] [FLEET] [aria] anastasia: DOWN (no ping response)
[2026-03-21 03:00:46] [DIAL] [aria] Switchboard unreachable
[2026-03-21 03:01:01] [BEAT] [aria] load=0.21 mem=6983/8059MB temp=51.8C disk=64%
[2026-03-21 03:02:01] [BEAT] [aria] load=0.15 mem=6997/8059MB temp=51.8C disk=64%
[2026-03-21 03:03:01] [BEAT] [aria] load=0.06 mem=6998/8059MB temp=52.4C disk=64%
[2026-03-21 03:04:01] [BEAT] [aria] load=0.09 mem=6996/8059MB temp=52.9C disk=64%
[2026-03-21 03:05:02] [BEAT] [aria] load=0.19 mem=6956/8059MB temp=53.5C disk=64%
[2026-03-21 03:06:01] [BEAT] [aria] load=0.07 mem=6999/8059MB temp=52.4C disk=64%
[2026-03-21 03:07:01] [BEAT] [aria] load=0.08 mem=7000/8059MB temp=54.0C disk=64%
[2026-03-21 03:08:01] [BEAT] [aria] load=0.11 mem=6995/8059MB temp=52.9C disk=64%
[2026-03-21 03:09:01] [BEAT] [aria] load=0.04 mem=6995/8059MB temp=52.9C disk=64%
[2026-03-21 03:10:01] [FLEET] [aria] Starting cross-node health check
[2026-03-21 03:10:01] [BEAT] [aria] load=0.06 mem=6976/8059MB temp=54.0C disk=64%
[2026-03-21 03:10:02] [FLEET] [aria] alice: UP temp=37C mem=3167MB disk=84%
[2026-03-21 03:10:04] [FLEET] [aria] octavia: DOWN (no ping response)
[2026-03-21 03:10:06] [FLEET] [aria] cecilia: DOWN (no ping response)
[2026-03-21 03:10:08] [FLEET] [aria] gematria: UP temp=C mem=3804MB disk=58%
[2026-03-21 03:10:08] [FLEET] [aria] lucidia: PING OK but SSH failed
[2026-03-21 03:10:10] [FLEET] [aria] anastasia: DOWN (no ping response)
[2026-03-21 03:11:01] [BEAT] [aria] load=0.10 mem=7002/8059MB temp=52.4C disk=64%
[2026-03-21 03:12:01] [BEAT] [aria] load=0.07 mem=7031/8059MB temp=52.9C disk=64%
[2026-03-21 03:13:01] [BEAT] [aria] load=0.06 mem=7028/8059MB temp=54.0C disk=64%
[2026-03-21 03:14:01] [BEAT] [aria] load=0.02 mem=7032/8059MB temp=54.0C disk=64%
[2026-03-21 03:15:01] [BEAT] [aria] load=0.13 mem=7005/8059MB temp=55.1C disk=64%
[2026-03-21 03:15:46] [DIAL] [aria] Switchboard unreachable
[2026-03-21 03:16:01] [BEAT] [aria] load=0.24 mem=7031/8059MB temp=55.1C disk=64%
[2026-03-21 03:17:01] [BEAT] [aria] load=0.37 mem=7023/8059MB temp=53.5C disk=64%
[2026-03-21 03:18:01] [BEAT] [aria] load=1.17 mem=7025/8059MB temp=56.2C disk=64%
[2026-03-21 03:19:01] [BEAT] [aria] load=0.95 mem=7018/8059MB temp=54.0C disk=64%
[2026-03-21 03:20:01] [FLEET] [aria] Starting cross-node health check
[2026-03-21 03:20:01] [BEAT] [aria] load=0.35 mem=7002/8059MB temp=54.5C disk=64%
[2026-03-21 03:20:03] [FLEET] [aria] alice: UP temp=38C mem=3164MB disk=84%
[2026-03-21 03:20:05] [FLEET] [aria] octavia: DOWN (no ping response)
[2026-03-21 03:20:07] [FLEET] [aria] cecilia: DOWN (no ping response)
[2026-03-21 03:20:08] [FLEET] [aria] gematria: UP temp=C mem=3814MB disk=58%
[2026-03-21 03:20:08] [FLEET] [aria] lucidia: PING OK but SSH failed
[2026-03-21 03:20:10] [FLEET] [aria] anastasia: DOWN (no ping response)
[2026-03-21 03:21:01] [BEAT] [aria] load=0.21 mem=7025/8059MB temp=53.5C disk=64%
[2026-03-21 03:22:01] [BEAT] [aria] load=0.07 mem=7023/8059MB temp=54.5C disk=64%
[2026-03-21 03:23:01] [BEAT] [aria] load=0.16 mem=7023/8059MB temp=55.6C disk=64%
[2026-03-21 03:24:01] [BEAT] [aria] load=0.06 mem=7024/8059MB temp=54.5C disk=64%
[2026-03-21 03:25:01] [BEAT] [aria] load=0.07 mem=6999/8059MB temp=55.1C disk=64%
[2026-03-21 03:26:01] [BEAT] [aria] load=0.02 mem=7022/8059MB temp=55.1C disk=64%
[2026-03-21 03:27:01] [BEAT] [aria] load=0.05 mem=7023/8059MB temp=55.1C disk=64%
[2026-03-21 03:28:01] [BEAT] [aria] load=0.02 mem=7023/8059MB temp=54.5C disk=64%
[2026-03-21 03:29:01] [BEAT] [aria] load=0.10 mem=7023/8059MB temp=54.5C disk=64%
[2026-03-21 03:30:01] [FLEET] [aria] Starting cross-node health check
[2026-03-21 03:30:01] [BEAT] [aria] load=0.04 mem=6984/8059MB temp=55.6C disk=64%
[2026-03-21 03:30:03] [FLEET] [aria] alice: UP temp=37C mem=3158MB disk=84%
[2026-03-21 03:30:05] [FLEET] [aria] octavia: DOWN (no ping response)
[2026-03-21 03:30:07] [FLEET] [aria] cecilia: DOWN (no ping response)
[2026-03-21 03:30:08] [FLEET] [aria] gematria: UP temp=C mem=3816MB disk=58%
[2026-03-21 03:30:08] [FLEET] [aria] lucidia: PING OK but SSH failed
[2026-03-21 03:30:10] [FLEET] [aria] anastasia: DOWN (no ping response)
[2026-03-21 03:30:46] [DIAL] [aria] Switchboard unreachable
[2026-03-21 03:31:01] [BEAT] [aria] load=0.01 mem=7022/8059MB temp=55.6C disk=64%
[2026-03-21 03:32:01] [BEAT] [aria] load=0.12 mem=7020/8059MB temp=54.5C disk=64%
[2026-03-21 03:33:01] [BEAT] [aria] load=0.12 mem=7021/8059MB temp=56.2C disk=64%
[2026-03-21 03:34:01] [BEAT] [aria] load=0.16 mem=7009/8059MB temp=55.1C disk=64%
[2026-03-21 03:35:01] [BEAT] [aria] load=0.06 mem=6998/8059MB temp=55.1C disk=64%
[2026-03-21 03:36:01] [BEAT] [aria] load=0.02 mem=7019/8059MB temp=56.2C disk=64%
[2026-03-21 03:37:01] [BEAT] [aria] load=0.12 mem=7018/8059MB temp=54.5C disk=64%
[2026-03-21 03:38:01] [BEAT] [aria] load=0.44 mem=7015/8059MB temp=55.1C disk=64%
[2026-03-21 03:39:01] [BEAT] [aria] load=1.25 mem=7017/8059MB temp=54.5C disk=64%
[2026-03-21 03:40:02] [FLEET] [aria] Starting cross-node health check
[2026-03-21 03:40:02] [BEAT] [aria] load=0.52 mem=6986/8059MB temp=56.2C disk=64%
[2026-03-21 03:40:02] [FLEET] [aria] alice: UP temp=37C mem=3160MB disk=84%
[2026-03-21 03:40:04] [FLEET] [aria] octavia: DOWN (no ping response)
[2026-03-21 03:40:06] [FLEET] [aria] cecilia: DOWN (no ping response)
[2026-03-21 03:40:08] [FLEET] [aria] gematria: UP temp=C mem=3830MB disk=58%
[2026-03-21 03:40:08] [FLEET] [aria] lucidia: PING OK but SSH failed
[2026-03-21 03:40:10] [FLEET] [aria] anastasia: DOWN (no ping response)
[2026-03-21 03:41:01] [BEAT] [aria] load=0.19 mem=7015/8059MB temp=55.1C disk=64%
[2026-03-21 03:42:01] [BEAT] [aria] load=0.20 mem=7020/8059MB temp=54.5C disk=64%
[2026-03-21 03:43:01] [BEAT] [aria] load=0.16 mem=7015/8059MB temp=54.5C disk=64%
[2026-03-21 03:44:01] [BEAT] [aria] load=0.06 mem=7014/8059MB temp=55.1C disk=64%
[2026-03-21 03:45:01] [BEAT] [aria] load=0.05 mem=6981/8059MB temp=55.6C disk=64%
[2026-03-21 03:45:46] [DIAL] [aria] Switchboard unreachable
[2026-03-21 03:46:01] [BEAT] [aria] load=0.02 mem=7007/8059MB temp=54.0C disk=64%
[2026-03-21 03:47:01] [BEAT] [aria] load=0.00 mem=7014/8059MB temp=54.5C disk=64%
[2026-03-21 03:48:01] [BEAT] [aria] load=0.06 mem=7013/8059MB temp=54.0C disk=64%
[2026-03-21 03:49:01] [BEAT] [aria] load=0.13 mem=7013/8059MB temp=55.1C disk=64%
[2026-03-21 03:50:02] [FLEET] [aria] Starting cross-node health check
[2026-03-21 03:50:02] [BEAT] [aria] load=0.14 mem=6976/8059MB temp=54.5C disk=64%
[2026-03-21 03:50:03] [FLEET] [aria] alice: UP temp=38C mem=3160MB disk=84%
[2026-03-21 03:50:05] [FLEET] [aria] octavia: DOWN (no ping response)
[2026-03-21 03:50:07] [FLEET] [aria] cecilia: DOWN (no ping response)
[2026-03-21 03:50:08] [FLEET] [aria] gematria: UP temp=C mem=3823MB disk=58%
[2026-03-21 03:50:08] [FLEET] [aria] lucidia: PING OK but SSH failed
[2026-03-21 03:50:10] [FLEET] [aria] anastasia: DOWN (no ping response)
[2026-03-21 03:51:01] [BEAT] [aria] load=0.05 mem=7003/8059MB temp=54.5C disk=64%
[2026-03-21 03:52:01] [BEAT] [aria] load=0.06 mem=7000/8059MB temp=56.2C disk=64%
[2026-03-21 03:53:01] [BEAT] [aria] load=0.16 mem=6996/8059MB temp=54.0C disk=64%
[2026-03-21 03:54:01] [BEAT] [aria] load=0.10 mem=7007/8059MB temp=53.5C disk=64%
[2026-03-21 03:55:01] [BEAT] [aria] load=0.10 mem=6989/8059MB temp=54.0C disk=64%
[2026-03-21 03:56:01] [BEAT] [aria] load=0.03 mem=7007/8059MB temp=52.4C disk=64%
[2026-03-21 03:57:01] [BEAT] [aria] load=0.06 mem=7005/8059MB temp=52.9C disk=64%
[2026-03-21 03:58:01] [BEAT] [aria] load=0.02 mem=7003/8059MB temp=52.9C disk=64%
[2026-03-21 03:59:01] [BEAT] [aria] load=0.67 mem=6999/8059MB temp=52.4C disk=64%
[2026-03-21 04:00:01] [FLEET] [aria] Starting cross-node health check
[2026-03-21 04:00:01] [BEAT] [aria] load=1.08 mem=6972/8059MB temp=53.5C disk=64%
[2026-03-21 04:00:02] [FLEET] [aria] alice: UP temp=37C mem=3151MB disk=84%
[2026-03-21 04:00:04] [FLEET] [aria] octavia: DOWN (no ping response)
[2026-03-21 04:00:06] [FLEET] [aria] cecilia: DOWN (no ping response)
[2026-03-21 04:00:08] [FLEET] [aria] gematria: UP temp=C mem=3896MB disk=58%
[2026-03-21 04:00:08] [FLEET] [aria] lucidia: PING OK but SSH failed
[2026-03-21 04:00:10] [FLEET] [aria] anastasia: DOWN (no ping response)
[2026-03-21 04:00:46] [DIAL] [aria] Switchboard unreachable
[2026-03-21 04:01:01] [BEAT] [aria] load=0.43 mem=6998/8059MB temp=52.4C disk=64%
[2026-03-21 04:02:01] [BEAT] [aria] load=0.23 mem=7004/8059MB temp=54.0C disk=64%
[2026-03-21 04:03:01] [BEAT] [aria] load=0.08 mem=7000/8059MB temp=53.5C disk=64%
[2026-03-21 04:04:01] [BEAT] [aria] load=0.09 mem=7003/8059MB temp=52.4C disk=64%
[2026-03-21 04:05:01] [BEAT] [aria] load=0.13 mem=6964/8059MB temp=53.5C disk=64%
[2026-03-21 04:06:02] [BEAT] [aria] load=0.09 mem=7002/8059MB temp=52.4C disk=64%
[2026-03-21 04:07:01] [BEAT] [aria] load=0.18 mem=7003/8059MB temp=52.4C disk=64%
[2026-03-21 04:08:01] [BEAT] [aria] load=0.13 mem=7004/8059MB temp=52.9C disk=64%
[2026-03-21 04:09:01] [BEAT] [aria] load=0.05 mem=7000/8059MB temp=53.5C disk=64%
[2026-03-21 04:10:01] [FLEET] [aria] Starting cross-node health check
[2026-03-21 04:10:01] [BEAT] [aria] load=0.05 mem=6965/8059MB temp=53.5C disk=64%
[2026-03-21 04:10:02] [FLEET] [aria] alice: UP temp=36C mem=3167MB disk=84%
[2026-03-21 04:10:04] [FLEET] [aria] octavia: DOWN (no ping response)
[2026-03-21 04:10:06] [FLEET] [aria] cecilia: DOWN (no ping response)
[2026-03-21 04:10:07] [FLEET] [aria] gematria: UP temp=C mem=3880MB disk=58%
[2026-03-21 04:10:07] [FLEET] [aria] lucidia: PING OK but SSH failed
[2026-03-21 04:10:09] [FLEET] [aria] anastasia: DOWN (no ping response)
[2026-03-21 04:11:01] [BEAT] [aria] load=0.08 mem=6997/8059MB temp=54.5C disk=64%
[2026-03-21 04:12:01] [BEAT] [aria] load=0.03 mem=6992/8059MB temp=54.0C disk=64%
[2026-03-21 04:13:01] [BEAT] [aria] load=0.11 mem=6995/8059MB temp=54.5C disk=64%
[2026-03-21 04:14:01] [BEAT] [aria] load=0.04 mem=6992/8059MB temp=54.0C disk=64%
[2026-03-21 04:15:02] [BEAT] [aria] load=0.13 mem=6965/8059MB temp=54.5C disk=64%
[2026-03-21 04:15:47] [DIAL] [aria] Switchboard unreachable
[2026-03-21 04:16:01] [BEAT] [aria] load=0.05 mem=6995/8059MB temp=54.5C disk=64%
[2026-03-21 04:17:01] [BEAT] [aria] load=0.11 mem=6994/8059MB temp=53.5C disk=64%
[2026-03-21 04:18:01] [BEAT] [aria] load=0.20 mem=6995/8059MB temp=53.5C disk=64%
[2026-03-21 04:19:01] [BEAT] [aria] load=0.11 mem=6994/8059MB temp=54.5C disk=64%
[2026-03-21 04:20:01] [FLEET] [aria] Starting cross-node health check
[2026-03-21 04:20:01] [BEAT] [aria] load=0.68 mem=6972/8059MB temp=55.1C disk=64%
[2026-03-21 04:20:02] [FLEET] [aria] alice: UP temp=37C mem=3163MB disk=84%
[2026-03-21 04:20:04] [FLEET] [aria] octavia: DOWN (no ping response)
[2026-03-21 04:20:06] [FLEET] [aria] cecilia: DOWN (no ping response)
[2026-03-21 04:20:09] [FLEET] [aria] gematria: UP temp=C mem=3865MB disk=58%
[2026-03-21 04:20:10] [FLEET] [aria] lucidia: PING OK but SSH failed
[2026-03-21 04:20:12] [FLEET] [aria] anastasia: DOWN (no ping response)
[2026-03-21 04:21:01] [BEAT] [aria] load=0.93 mem=6999/8059MB temp=54.5C disk=64%
[2026-03-21 04:22:01] [BEAT] [aria] load=0.46 mem=6996/8059MB temp=55.6C disk=64%
[2026-03-21 04:22:51] [BEAT] [aria] load=0.20 mem=6997/8059MB temp=54.0C disk=64%
[2026-03-21 04:22:52] [BEAT] [aria] load=0.20 mem=6993/8059MB temp=54.5C disk=64%
[2026-03-21 04:23:01] [BEAT] [aria] load=0.31 mem=6994/8059MB temp=54.0C disk=64%
[2026-03-21 04:24:01] [BEAT] [aria] load=0.25 mem=6996/8059MB temp=55.6C disk=64%
[2026-03-21 04:25:01] [BEAT] [aria] load=0.09 mem=6974/8059MB temp=54.0C disk=64%
[2026-03-21 04:26:01] [BEAT] [aria] load=0.06 mem=6998/8059MB temp=55.1C disk=64%
[2026-03-21 04:27:01] [BEAT] [aria] load=0.02 mem=6996/8059MB temp=55.6C disk=64%
[2026-03-21 04:28:01] [BEAT] [aria] load=0.01 mem=6996/8059MB temp=55.6C disk=64%
[2026-03-21 04:29:01] [BEAT] [aria] load=0.12 mem=6993/8059MB temp=54.0C disk=64%
[2026-03-21 04:30:01] [FLEET] [aria] Starting cross-node health check
[2026-03-21 04:30:01] [BEAT] [aria] load=0.04 mem=6942/8059MB temp=55.1C disk=64%
[2026-03-21 04:30:02] [FLEET] [aria] alice: UP temp=38C mem=3156MB disk=84%
[2026-03-21 04:30:04] [FLEET] [aria] octavia: DOWN (no ping response)
[2026-03-21 04:30:06] [FLEET] [aria] cecilia: DOWN (no ping response)
[2026-03-21 04:30:08] [FLEET] [aria] gematria: UP temp=C mem=3849MB disk=58%
[2026-03-21 04:30:08] [FLEET] [aria] lucidia: PING OK but SSH failed
[2026-03-21 04:30:10] [FLEET] [aria] anastasia: DOWN (no ping response)
[2026-03-21 04:30:46] [DIAL] [aria] Switchboard unreachable
[2026-03-21 04:31:01] [BEAT] [aria] load=0.06 mem=6992/8059MB temp=54.5C disk=64%
[2026-03-21 04:32:01] [BEAT] [aria] load=0.17 mem=6994/8059MB temp=54.5C disk=64%
[2026-03-21 04:33:01] [BEAT] [aria] load=0.06 mem=6992/8059MB temp=54.5C disk=64%
[2026-03-21 04:34:01] [BEAT] [aria] load=0.24 mem=6994/8059MB temp=54.5C disk=64%
[2026-03-21 04:35:02] [BEAT] [aria] load=0.21 mem=6967/8059MB temp=56.8C disk=64%
[2026-03-21 04:36:01] [BEAT] [aria] load=0.18 mem=6993/8059MB temp=54.0C disk=64%
[2026-03-21 04:37:01] [BEAT] [aria] load=0.06 mem=6993/8059MB temp=54.5C disk=64%
[2026-03-21 04:38:01] [BEAT] [aria] load=0.05 mem=6996/8059MB temp=54.5C disk=64%
[2026-03-21 04:39:01] [BEAT] [aria] load=0.02 mem=6996/8059MB temp=54.0C disk=64%
[2026-03-21 04:40:01] [FLEET] [aria] Starting cross-node health check
[2026-03-21 04:40:01] [BEAT] [aria] load=0.05 mem=6970/8059MB temp=54.0C disk=64%
[2026-03-21 04:40:02] [FLEET] [aria] alice: UP temp=37C mem=3157MB disk=84%
[2026-03-21 04:40:04] [FLEET] [aria] octavia: DOWN (no ping response)
[2026-03-21 04:40:06] [FLEET] [aria] cecilia: DOWN (no ping response)
[2026-03-21 04:40:07] [FLEET] [aria] gematria: UP temp=C mem=3872MB disk=58%
[2026-03-21 04:40:08] [FLEET] [aria] lucidia: PING OK but SSH failed
[2026-03-21 04:40:10] [FLEET] [aria] anastasia: DOWN (no ping response)
[2026-03-21 04:41:01] [BEAT] [aria] load=0.65 mem=6994/8059MB temp=54.5C disk=64%
[2026-03-21 04:42:01] [BEAT] [aria] load=1.00 mem=6990/8059MB temp=54.5C disk=64%
[2026-03-21 04:43:01] [BEAT] [aria] load=0.37 mem=6993/8059MB temp=55.1C disk=64%
[2026-03-21 04:44:01] [BEAT] [aria] load=0.13 mem=6998/8059MB temp=54.5C disk=64%
[2026-03-21 04:45:01] [BEAT] [aria] load=0.10 mem=6964/8059MB temp=55.1C disk=64%
[2026-03-21 04:45:46] [DIAL] [aria] Switchboard unreachable
[2026-03-21 04:46:01] [BEAT] [aria] load=0.04 mem=6990/8059MB temp=54.5C disk=64%
[2026-03-21 04:47:01] [BEAT] [aria] load=0.10 mem=6982/8059MB temp=54.5C disk=64%
[2026-03-21 04:48:01] [BEAT] [aria] load=0.22 mem=6986/8059MB temp=54.5C disk=64%
[2026-03-21 04:49:01] [BEAT] [aria] load=0.08 mem=6976/8059MB temp=54.5C disk=64%
[2026-03-21 04:50:01] [FLEET] [aria] Starting cross-node health check
[2026-03-21 04:50:01] [BEAT] [aria] load=0.11 mem=6958/8059MB temp=55.1C disk=64%
[2026-03-21 04:50:02] [FLEET] [aria] alice: UP temp=37C mem=3144MB disk=84%
[2026-03-21 04:50:04] [FLEET] [aria] octavia: DOWN (no ping response)
[2026-03-21 04:50:06] [FLEET] [aria] cecilia: DOWN (no ping response)
[2026-03-21 04:50:07] [FLEET] [aria] gematria: UP temp=C mem=3851MB disk=58%
[2026-03-21 04:50:08] [FLEET] [aria] lucidia: PING OK but SSH failed
[2026-03-21 04:50:10] [FLEET] [aria] anastasia: DOWN (no ping response)
[2026-03-21 04:51:01] [BEAT] [aria] load=0.12 mem=6983/8059MB temp=54.0C disk=64%
[2026-03-21 04:52:01] [BEAT] [aria] load=0.17 mem=6984/8059MB temp=55.1C disk=64%
[2026-03-21 04:53:01] [BEAT] [aria] load=0.06 mem=6987/8059MB temp=52.4C disk=64%
[2026-03-21 04:54:01] [BEAT] [aria] load=0.02 mem=6987/8059MB temp=54.0C disk=64%
[2026-03-21 04:55:01] [BEAT] [aria] load=0.01 mem=6952/8059MB temp=53.5C disk=64%
[2026-03-21 04:56:01] [BEAT] [aria] load=0.12 mem=6981/8059MB temp=52.9C disk=64%
[2026-03-21 04:57:01] [BEAT] [aria] load=0.04 mem=6984/8059MB temp=53.5C disk=64%
[2026-03-21 04:58:01] [BEAT] [aria] load=0.14 mem=6983/8059MB temp=52.9C disk=64%
[2026-03-21 04:59:01] [BEAT] [aria] load=0.05 mem=6976/8059MB temp=50.7C disk=64%
[2026-03-21 05:00:01] [FLEET] [aria] Starting cross-node health check
[2026-03-21 05:00:01] [BEAT] [aria] load=0.02 mem=6938/8059MB temp=52.4C disk=64%
[2026-03-21 05:00:03] [FLEET] [aria] alice: UP temp=37C mem=3154MB disk=84%
[2026-03-21 05:00:05] [FLEET] [aria] octavia: DOWN (no ping response)
[2026-03-21 05:00:07] [FLEET] [aria] cecilia: DOWN (no ping response)
[2026-03-21 05:00:08] [FLEET] [aria] gematria: UP temp=C mem=3837MB disk=58%
[2026-03-21 05:00:09] [FLEET] [aria] lucidia: PING OK but SSH failed
[2026-03-21 05:00:11] [FLEET] [aria] anastasia: DOWN (no ping response)
[2026-03-21 05:00:47] [DIAL] [aria] Switchboard unreachable
[2026-03-21 05:01:01] [BEAT] [aria] load=0.17 mem=6975/8059MB temp=52.4C disk=64%
[2026-03-21 05:02:01] [BEAT] [aria] load=0.85 mem=6974/8059MB temp=53.5C disk=64%
[2026-03-21 05:03:01] [BEAT] [aria] load=0.84 mem=6977/8059MB temp=53.5C disk=64%
[2026-03-21 05:04:01] [BEAT] [aria] load=0.36 mem=6976/8059MB temp=51.8C disk=64%
[2026-03-21 05:05:01] [BEAT] [aria] load=0.22 mem=6941/8059MB temp=52.4C disk=64%
[2026-03-21 05:06:01] [BEAT] [aria] load=0.16 mem=6979/8059MB temp=52.9C disk=64%
[2026-03-21 05:07:01] [BEAT] [aria] load=0.06 mem=6973/8059MB temp=52.9C disk=64%
[2026-03-21 05:08:01] [BEAT] [aria] load=0.13 mem=6981/8059MB temp=52.9C disk=64%
[2026-03-21 05:09:01] [BEAT] [aria] load=0.09 mem=6978/8059MB temp=52.9C disk=64%
[2026-03-21 05:10:01] [FLEET] [aria] Starting cross-node health check
[2026-03-21 05:10:01] [BEAT] [aria] load=0.06 mem=6953/8059MB temp=53.5C disk=64%
[2026-03-21 05:10:02] [FLEET] [aria] alice: UP temp=38C mem=3156MB disk=84%
[2026-03-21 05:10:04] [FLEET] [aria] octavia: DOWN (no ping response)
[2026-03-21 05:10:06] [FLEET] [aria] cecilia: DOWN (no ping response)
[2026-03-21 05:10:07] [FLEET] [aria] gematria: UP temp=C mem=3839MB disk=58%
[2026-03-21 05:10:08] [FLEET] [aria] lucidia: PING OK but SSH failed
[2026-03-21 05:10:10] [FLEET] [aria] anastasia: DOWN (no ping response)
[2026-03-21 05:11:01] [BEAT] [aria] load=0.02 mem=6977/8059MB temp=55.1C disk=64%
[2026-03-21 05:12:01] [BEAT] [aria] load=0.09 mem=6967/8059MB temp=55.1C disk=64%
[2026-03-21 05:13:01] [BEAT] [aria] load=0.03 mem=6980/8059MB temp=54.5C disk=64%
[2026-03-21 05:14:01] [BEAT] [aria] load=0.04 mem=6980/8059MB temp=52.9C disk=64%
[2026-03-21 05:15:01] [BEAT] [aria] load=0.01 mem=6954/8059MB temp=54.5C disk=64%
[2026-03-21 05:15:46] [DIAL] [aria] Switchboard unreachable
[2026-03-21 05:16:01] [BEAT] [aria] load=0.04 mem=6980/8059MB temp=54.0C disk=64%
[2026-03-21 05:17:01] [BEAT] [aria] load=0.07 mem=6964/8059MB temp=54.0C disk=64%
[2026-03-21 05:18:01] [BEAT] [aria] load=0.02 mem=6975/8059MB temp=54.0C disk=64%
[2026-03-21 05:19:01] [BEAT] [aria] load=0.05 mem=6968/8059MB temp=54.5C disk=64%
[2026-03-21 05:20:01] [FLEET] [aria] Starting cross-node health check
[2026-03-21 05:20:01] [BEAT] [aria] load=0.02 mem=6948/8059MB temp=55.1C disk=64%
[2026-03-21 05:20:03] [FLEET] [aria] alice: UP temp=37C mem=3159MB disk=84%
[2026-03-21 05:20:05] [FLEET] [aria] octavia: DOWN (no ping response)
[2026-03-21 05:20:07] [FLEET] [aria] cecilia: DOWN (no ping response)
[2026-03-21 05:20:08] [FLEET] [aria] gematria: UP temp=C mem=3815MB disk=58%
[2026-03-21 05:20:09] [FLEET] [aria] lucidia: PING OK but SSH failed
[2026-03-21 05:20:11] [FLEET] [aria] anastasia: DOWN (no ping response)
[2026-03-21 05:21:01] [BEAT] [aria] load=0.00 mem=6978/8059MB temp=53.5C disk=64%
[2026-03-21 05:22:01] [BEAT] [aria] load=0.30 mem=6973/8059MB temp=54.5C disk=64%
[2026-03-21 05:23:01] [BEAT] [aria] load=0.97 mem=6977/8059MB temp=54.0C disk=64%
[2026-03-21 05:24:01] [BEAT] [aria] load=0.56 mem=6981/8059MB temp=55.1C disk=64%
[2026-03-21 05:25:01] [BEAT] [aria] load=0.20 mem=6942/8059MB temp=55.1C disk=64%
[2026-03-21 05:26:01] [BEAT] [aria] load=0.18 mem=6972/8059MB temp=54.0C disk=64%
[2026-03-21 05:27:01] [BEAT] [aria] load=0.10 mem=6964/8059MB temp=54.5C disk=64%
[2026-03-21 05:28:01] [BEAT] [aria] load=0.16 mem=6979/8059MB temp=55.6C disk=64%
[2026-03-21 05:29:01] [BEAT] [aria] load=0.06 mem=6973/8059MB temp=55.1C disk=64%
[2026-03-21 05:30:01] [FLEET] [aria] Starting cross-node health check
[2026-03-21 05:30:01] [BEAT] [aria] load=0.05 mem=6948/8059MB temp=54.5C disk=64%
[2026-03-21 05:30:02] [FLEET] [aria] alice: UP temp=37C mem=3156MB disk=84%
[2026-03-21 05:30:04] [FLEET] [aria] octavia: DOWN (no ping response)
[2026-03-21 05:30:06] [FLEET] [aria] cecilia: DOWN (no ping response)
[2026-03-21 05:30:08] [FLEET] [aria] gematria: UP temp=C mem=3819MB disk=58%
[2026-03-21 05:30:08] [FLEET] [aria] lucidia: PING OK but SSH failed
[2026-03-21 05:30:10] [FLEET] [aria] anastasia: DOWN (no ping response)
[2026-03-21 05:30:46] [DIAL] [aria] Switchboard unreachable
[2026-03-21 05:31:01] [BEAT] [aria] load=0.16 mem=6976/8059MB temp=54.0C disk=64%
[2026-03-21 05:32:01] [BEAT] [aria] load=0.14 mem=6968/8059MB temp=55.1C disk=64%
[2026-03-21 05:33:01] [BEAT] [aria] load=0.11 mem=6979/8059MB temp=56.2C disk=64%
[2026-03-21 05:34:01] [BEAT] [aria] load=0.09 mem=6973/8059MB temp=54.5C disk=64%
[2026-03-21 05:35:02] [BEAT] [aria] load=0.08 mem=6952/8059MB temp=54.5C disk=64%
[2026-03-21 05:36:01] [BEAT] [aria] load=0.09 mem=6981/8059MB temp=55.1C disk=64%
[2026-03-21 05:37:01] [BEAT] [aria] load=0.11 mem=6970/8059MB temp=55.1C disk=64%
[2026-03-21 05:38:01] [BEAT] [aria] load=0.12 mem=6979/8059MB temp=54.5C disk=64%
[2026-03-21 05:39:01] [BEAT] [aria] load=0.20 mem=6979/8059MB temp=53.5C disk=64%
[2026-03-21 05:40:01] [FLEET] [aria] Starting cross-node health check
[2026-03-21 05:40:01] [BEAT] [aria] load=0.10 mem=6951/8059MB temp=54.5C disk=64%
[2026-03-21 05:40:02] [FLEET] [aria] alice: UP temp=38C mem=3149MB disk=84%
[2026-03-21 05:40:04] [FLEET] [aria] octavia: DOWN (no ping response)
[2026-03-21 05:40:06] [FLEET] [aria] cecilia: DOWN (no ping response)
[2026-03-21 05:40:08] [FLEET] [aria] gematria: UP temp=C mem=3815MB disk=58%
[2026-03-21 05:40:08] [FLEET] [aria] lucidia: PING OK but SSH failed
[2026-03-21 05:40:10] [FLEET] [aria] anastasia: DOWN (no ping response)
[2026-03-21 05:41:01] [BEAT] [aria] load=0.04 mem=6975/8059MB temp=54.5C disk=64%
[2026-03-21 05:42:01] [BEAT] [aria] load=0.12 mem=6961/8059MB temp=55.1C disk=64%
[2026-03-21 05:43:01] [BEAT] [aria] load=0.45 mem=6976/8059MB temp=55.1C disk=64%
[2026-03-21 05:44:01] [BEAT] [aria] load=0.76 mem=6981/8059MB temp=55.1C disk=64%
[2026-03-21 05:45:01] [BEAT] [aria] load=0.54 mem=6941/8059MB temp=56.2C disk=64%
[2026-03-21 05:45:46] [DIAL] [aria] Switchboard unreachable
[2026-03-21 05:46:01] [BEAT] [aria] load=0.29 mem=6979/8059MB temp=54.5C disk=64%
[2026-03-21 05:47:01] [BEAT] [aria] load=0.31 mem=6960/8059MB temp=55.1C disk=64%
[2026-03-21 05:48:01] [BEAT] [aria] load=0.11 mem=6976/8059MB temp=55.1C disk=64%
[2026-03-21 05:49:01] [BEAT] [aria] load=0.10 mem=6979/8059MB temp=55.1C disk=64%
[2026-03-21 05:50:01] [FLEET] [aria] Starting cross-node health check
[2026-03-21 05:50:01] [BEAT] [aria] load=0.12 mem=6958/8059MB temp=55.1C disk=64%
[2026-03-21 05:50:02] [FLEET] [aria] alice: UP temp=39C mem=3157MB disk=84%
[2026-03-21 05:50:04] [FLEET] [aria] octavia: DOWN (no ping response)
[2026-03-21 05:50:06] [FLEET] [aria] cecilia: DOWN (no ping response)
[2026-03-21 05:50:08] [FLEET] [aria] gematria: UP temp=C mem=3841MB disk=58%
[2026-03-21 05:50:08] [FLEET] [aria] lucidia: PING OK but SSH failed
[2026-03-21 05:50:10] [FLEET] [aria] anastasia: DOWN (no ping response)
[2026-03-21 05:51:01] [BEAT] [aria] load=0.08 mem=6977/8059MB temp=54.5C disk=64%
[2026-03-21 05:52:01] [BEAT] [aria] load=0.03 mem=6975/8059MB temp=54.5C disk=64%
[2026-03-21 05:53:01] [BEAT] [aria] load=0.08 mem=6978/8059MB temp=54.5C disk=64%
[2026-03-21 05:54:01] [BEAT] [aria] load=0.16 mem=6978/8059MB temp=52.4C disk=64%
[2026-03-21 05:55:01] [BEAT] [aria] load=0.06 mem=6940/8059MB temp=54.5C disk=64%
[2026-03-21 05:56:01] [BEAT] [aria] load=0.02 mem=6979/8059MB temp=52.9C disk=64%
[2026-03-21 05:57:02] [BEAT] [aria] load=0.11 mem=6978/8059MB temp=52.4C disk=64%
[2026-03-21 05:58:01] [BEAT] [aria] load=0.10 mem=6955/8059MB temp=53.5C disk=64%
[2026-03-21 05:59:01] [BEAT] [aria] load=0.03 mem=6958/8059MB temp=52.9C disk=64%
[2026-03-21 06:00:01] [FLEET] [aria] Starting cross-node health check
[2026-03-21 06:00:01] [BEAT] [aria] load=0.11 mem=6909/8059MB temp=52.4C disk=64%
[2026-03-21 06:00:02] [FLEET] [aria] alice: UP temp=37C mem=3144MB disk=84%
[2026-03-21 06:00:04] [FLEET] [aria] octavia: DOWN (no ping response)
[2026-03-21 06:00:06] [FLEET] [aria] cecilia: DOWN (no ping response)
[2026-03-21 06:00:07] [FLEET] [aria] gematria: UP temp=C mem=3832MB disk=58%
[2026-03-21 06:00:08] [FLEET] [aria] lucidia: PING OK but SSH failed
[2026-03-21 06:00:10] [FLEET] [aria] anastasia: DOWN (no ping response)
[2026-03-21 06:00:46] [DIAL] [aria] Switchboard unreachable
[2026-03-21 06:01:01] [BEAT] [aria] load=0.04 mem=6929/8059MB temp=52.4C disk=64%
[2026-03-21 06:02:01] [BEAT] [aria] load=0.01 mem=6930/8059MB temp=52.9C disk=64%
[2026-03-21 06:03:01] [BEAT] [aria] load=0.12 mem=6931/8059MB temp=53.5C disk=64%
[2026-03-21 06:04:01] [BEAT] [aria] load=0.50 mem=6930/8059MB temp=52.9C disk=64%
[2026-03-21 06:05:01] [BEAT] [aria] load=1.17 mem=6905/8059MB temp=53.5C disk=64%
[2026-03-21 06:06:01] [BEAT] [aria] load=0.64 mem=6919/8059MB temp=53.5C disk=64%
[2026-03-21 06:07:01] [BEAT] [aria] load=0.27 mem=6923/8059MB temp=54.0C disk=64%
[2026-03-21 06:08:01] [BEAT] [aria] load=0.13 mem=6919/8059MB temp=53.5C disk=64%
[2026-03-21 06:09:01] [BEAT] [aria] load=0.09 mem=6914/8059MB temp=53.5C disk=64%
[2026-03-21 06:10:01] [FLEET] [aria] Starting cross-node health check
[2026-03-21 06:10:01] [BEAT] [aria] load=0.11 mem=6885/8059MB temp=55.1C disk=64%
[2026-03-21 06:10:02] [FLEET] [aria] alice: UP temp=36C mem=3153MB disk=84%
[2026-03-21 06:10:04] [FLEET] [aria] octavia: DOWN (no ping response)
[2026-03-21 06:10:06] [FLEET] [aria] cecilia: DOWN (no ping response)
[2026-03-21 06:10:07] [FLEET] [aria] gematria: UP temp=C mem=3825MB disk=58%
[2026-03-21 06:10:08] [FLEET] [aria] lucidia: PING OK but SSH failed
[2026-03-21 06:10:10] [FLEET] [aria] anastasia: DOWN (no ping response)
[2026-03-21 06:11:01] [BEAT] [aria] load=0.10 mem=6918/8059MB temp=53.5C disk=64%
[2026-03-21 06:12:01] [BEAT] [aria] load=0.07 mem=6915/8059MB temp=55.1C disk=64%
[2026-03-21 06:13:01] [BEAT] [aria] load=0.38 mem=6917/8059MB temp=53.5C disk=64%
[2026-03-21 06:14:01] [BEAT] [aria] load=0.27 mem=6914/8059MB temp=54.0C disk=64%
[2026-03-21 06:15:01] [BEAT] [aria] load=0.19 mem=6879/8059MB temp=54.5C disk=64%
[2026-03-21 06:15:46] [DIAL] [aria] Switchboard unreachable
[2026-03-21 06:16:01] [BEAT] [aria] load=0.23 mem=6914/8059MB temp=54.0C disk=64%
[2026-03-21 06:17:01] [BEAT] [aria] load=0.08 mem=6907/8059MB temp=54.0C disk=64%
[2026-03-21 06:18:01] [BEAT] [aria] load=0.03 mem=6918/8059MB temp=52.9C disk=64%
[2026-03-21 06:19:01] [BEAT] [aria] load=0.13 mem=6915/8059MB temp=52.4C disk=64%
[2026-03-21 06:20:01] [FLEET] [aria] Starting cross-node health check
[2026-03-21 06:20:01] [BEAT] [aria] load=0.25 mem=6891/8059MB temp=54.5C disk=64%
[2026-03-21 06:20:02] [FLEET] [aria] alice: UP temp=37C mem=3143MB disk=84%
[2026-03-21 06:20:04] [FLEET] [aria] octavia: DOWN (no ping response)
[2026-03-21 06:20:06] [FLEET] [aria] cecilia: DOWN (no ping response)
[2026-03-21 06:20:07] [FLEET] [aria] gematria: UP temp=C mem=3807MB disk=58%
[2026-03-21 06:20:08] [FLEET] [aria] lucidia: PING OK but SSH failed
[2026-03-21 06:20:10] [FLEET] [aria] anastasia: DOWN (no ping response)
[2026-03-21 06:21:01] [BEAT] [aria] load=0.27 mem=6909/8059MB temp=54.0C disk=64%
[2026-03-21 06:22:01] [BEAT] [aria] load=0.18 mem=6911/8059MB temp=54.5C disk=64%
[2026-03-21 06:23:01] [BEAT] [aria] load=0.10 mem=6909/8059MB temp=55.6C disk=64%
[2026-03-21 06:24:01] [BEAT] [aria] load=0.04 mem=6900/8059MB temp=54.0C disk=64%
[2026-03-21 06:25:01] [BEAT] [aria] load=0.54 mem=6875/8059MB temp=54.5C disk=64%
[2026-03-21 06:26:01] [BEAT] [aria] load=0.96 mem=6897/8059MB temp=54.0C disk=64%
[2026-03-21 06:27:01] [BEAT] [aria] load=0.42 mem=6900/8059MB temp=54.0C disk=64%
[2026-03-21 06:28:01] [BEAT] [aria] load=0.15 mem=6902/8059MB temp=54.5C disk=64%
[2026-03-21 06:29:01] [BEAT] [aria] load=0.18 mem=6899/8059MB temp=54.5C disk=64%
[2026-03-21 06:30:01] [FLEET] [aria] Starting cross-node health check
[2026-03-21 06:30:01] [BEAT] [aria] load=0.12 mem=6869/8059MB temp=56.2C disk=64%
[2026-03-21 06:30:02] [FLEET] [aria] alice: UP temp=38C mem=3150MB disk=84%
[2026-03-21 06:30:04] [FLEET] [aria] octavia: DOWN (no ping response)
[2026-03-21 06:30:06] [FLEET] [aria] cecilia: DOWN (no ping response)
[2026-03-21 06:30:08] [FLEET] [aria] gematria: UP temp=C mem=3810MB disk=58%
[2026-03-21 06:30:08] [FLEET] [aria] lucidia: PING OK but SSH failed
[2026-03-21 06:30:10] [FLEET] [aria] anastasia: DOWN (no ping response)
[2026-03-21 06:30:47] [DIAL] [aria] Switchboard unreachable
[2026-03-21 06:31:01] [BEAT] [aria] load=0.04 mem=6898/8059MB temp=54.5C disk=64%
[2026-03-21 06:32:01] [BEAT] [aria] load=0.10 mem=6900/8059MB temp=54.5C disk=64%
[2026-03-21 06:33:01] [BEAT] [aria] load=0.04 mem=6898/8059MB temp=54.5C disk=64%
[2026-03-21 06:34:01] [BEAT] [aria] load=0.17 mem=6900/8059MB temp=54.0C disk=64%
[2026-03-21 06:35:01] [BEAT] [aria] load=0.30 mem=6871/8059MB temp=55.1C disk=64%
[2026-03-21 06:36:01] [BEAT] [aria] load=0.35 mem=6898/8059MB temp=55.1C disk=64%
[2026-03-21 06:37:01] [BEAT] [aria] load=0.13 mem=6883/8059MB temp=56.2C disk=64%
[2026-03-21 06:38:01] [BEAT] [aria] load=0.09 mem=6892/8059MB temp=55.1C disk=64%
[2026-03-21 06:39:01] [BEAT] [aria] load=0.14 mem=6893/8059MB temp=54.5C disk=64%
[2026-03-21 06:40:01] [FLEET] [aria] Starting cross-node health check
[2026-03-21 06:40:01] [BEAT] [aria] load=0.09 mem=6872/8059MB temp=55.1C disk=64%
[2026-03-21 06:40:02] [FLEET] [aria] alice: UP temp=38C mem=3154MB disk=84%
[2026-03-21 06:40:04] [FLEET] [aria] octavia: DOWN (no ping response)
[2026-03-21 06:40:06] [FLEET] [aria] cecilia: DOWN (no ping response)
[2026-03-21 06:40:08] [FLEET] [aria] gematria: UP temp=C mem=3815MB disk=58%
[2026-03-21 06:40:08] [FLEET] [aria] lucidia: PING OK but SSH failed
[2026-03-21 06:40:10] [FLEET] [aria] anastasia: DOWN (no ping response)
[2026-03-21 06:41:01] [BEAT] [aria] load=0.15 mem=6893/8059MB temp=55.1C disk=64%
[2026-03-21 06:42:01] [BEAT] [aria] load=0.12 mem=6893/8059MB temp=54.0C disk=64%
[2026-03-21 06:43:01] [BEAT] [aria] load=0.09 mem=6886/8059MB temp=55.6C disk=64%
[2026-03-21 06:44:01] [BEAT] [aria] load=0.18 mem=6893/8059MB temp=55.1C disk=64%
[2026-03-21 06:45:01] [BEAT] [aria] load=0.11 mem=6853/8059MB temp=56.2C disk=64%
[2026-03-21 06:45:46] [DIAL] [aria] Switchboard unreachable
[2026-03-21 06:46:01] [BEAT] [aria] load=0.80 mem=6891/8059MB temp=54.5C disk=64%
[2026-03-21 06:47:01] [BEAT] [aria] load=0.72 mem=6891/8059MB temp=54.5C disk=64%
[2026-03-21 06:48:01] [BEAT] [aria] load=0.26 mem=6887/8059MB temp=55.1C disk=64%
[2026-03-21 06:49:01] [BEAT] [aria] load=0.09 mem=6889/8059MB temp=56.2C disk=64%
[2026-03-21 06:50:01] [FLEET] [aria] Starting cross-node health check
[2026-03-21 06:50:01] [BEAT] [aria] load=0.17 mem=6852/8059MB temp=55.1C disk=64%
[2026-03-21 06:50:02] [FLEET] [aria] alice: UP temp=40C mem=3149MB disk=84%
[2026-03-21 06:50:04] [FLEET] [aria] octavia: DOWN (no ping response)
[2026-03-21 06:50:06] [FLEET] [aria] cecilia: DOWN (no ping response)
[2026-03-21 06:50:07] [FLEET] [aria] gematria: UP temp=C mem=3822MB disk=58%
[2026-03-21 06:50:08] [FLEET] [aria] lucidia: PING OK but SSH failed
[2026-03-21 06:50:10] [FLEET] [aria] anastasia: DOWN (no ping response)
[2026-03-21 06:51:01] [BEAT] [aria] load=0.25 mem=6890/8059MB temp=55.1C disk=64%
[2026-03-21 06:52:01] [BEAT] [aria] load=0.09 mem=6889/8059MB temp=55.1C disk=64%
[2026-03-21 06:53:01] [BEAT] [aria] load=0.03 mem=6884/8059MB temp=54.5C disk=64%
[2026-03-21 06:54:01] [BEAT] [aria] load=0.01 mem=6888/8059MB temp=54.0C disk=64%
[2026-03-21 06:55:01] [BEAT] [aria] load=0.11 mem=6855/8059MB temp=54.0C disk=64%
[2026-03-21 06:56:01] [BEAT] [aria] load=0.08 mem=6885/8059MB temp=53.5C disk=64%
[2026-03-21 06:57:01] [BEAT] [aria] load=0.07 mem=6889/8059MB temp=52.4C disk=64%
[2026-03-21 06:58:01] [BEAT] [aria] load=0.08 mem=6885/8059MB temp=52.4C disk=64%
[2026-03-21 06:59:01] [BEAT] [aria] load=0.03 mem=6886/8059MB temp=52.4C disk=64%
[2026-03-21 07:00:01] [FLEET] [aria] Starting cross-node health check
[2026-03-21 07:00:01] [BEAT] [aria] load=0.25 mem=6909/8059MB temp=52.9C disk=64%
[2026-03-21 07:00:02] [FLEET] [aria] alice: UP temp=38C mem=3143MB disk=84%
[2026-03-21 07:00:04] [FLEET] [aria] octavia: DOWN (no ping response)
[2026-03-21 07:00:06] [FLEET] [aria] cecilia: DOWN (no ping response)
[2026-03-21 07:00:08] [FLEET] [aria] gematria: UP temp=C mem=3837MB disk=58%
[2026-03-21 07:00:08] [FLEET] [aria] lucidia: PING OK but SSH failed
[2026-03-21 07:00:10] [FLEET] [aria] anastasia: DOWN (no ping response)
[2026-03-21 07:00:47] [DIAL] [aria] Switchboard unreachable
[2026-03-21 07:01:01] [BEAT] [aria] load=0.29 mem=6947/8059MB temp=53.5C disk=64%
[2026-03-21 07:02:01] [BEAT] [aria] load=0.16 mem=6947/8059MB temp=52.4C disk=64%
[2026-03-21 07:03:01] [BEAT] [aria] load=0.11 mem=6947/8059MB temp=52.4C disk=64%
[2026-03-21 07:04:01] [BEAT] [aria] load=0.04 mem=6947/8059MB temp=52.9C disk=65%
[2026-03-21 07:05:01] [BEAT] [aria] load=0.01 mem=6925/8059MB temp=54.5C disk=65%
[2026-03-21 07:06:01] [BEAT] [aria] load=0.04 mem=6947/8059MB temp=52.4C disk=65%
[2026-03-21 07:07:01] [BEAT] [aria] load=0.77 mem=6945/8059MB temp=51.2C disk=65%
[2026-03-21 07:08:01] [BEAT] [aria] load=0.93 mem=6945/8059MB temp=55.1C disk=65%
[2026-03-21 07:09:01] [BEAT] [aria] load=0.34 mem=6947/8059MB temp=54.0C disk=65%
[2026-03-21 07:10:01] [FLEET] [aria] Starting cross-node health check
[2026-03-21 07:10:01] [BEAT] [aria] load=0.12 mem=6918/8059MB temp=53.5C disk=65%
[2026-03-21 07:10:02] [FLEET] [aria] alice: UP temp=40C mem=3149MB disk=84%
[2026-03-21 07:10:04] [FLEET] [aria] octavia: DOWN (no ping response)
[2026-03-21 07:10:06] [FLEET] [aria] cecilia: DOWN (no ping response)
[2026-03-21 07:10:07] [FLEET] [aria] gematria: UP temp=C mem=3833MB disk=58%
[2026-03-21 07:10:08] [FLEET] [aria] lucidia: PING OK but SSH failed
[2026-03-21 07:10:10] [FLEET] [aria] anastasia: DOWN (no ping response)
[2026-03-21 07:11:01] [BEAT] [aria] load=0.31 mem=6949/8059MB temp=52.9C disk=65%
[2026-03-21 07:12:01] [BEAT] [aria] load=0.11 mem=6955/8059MB temp=53.5C disk=64%
[2026-03-21 07:13:01] [BEAT] [aria] load=0.14 mem=6951/8059MB temp=53.5C disk=64%
[2026-03-21 07:14:01] [BEAT] [aria] load=0.05 mem=6974/8059MB temp=55.1C disk=64%
[2026-03-21 07:15:01] [BEAT] [aria] load=0.02 mem=6949/8059MB temp=53.5C disk=64%
[2026-03-21 07:15:46] [DIAL] [aria] Switchboard unreachable
[2026-03-21 07:16:01] [BEAT] [aria] load=0.16 mem=6974/8059MB temp=54.5C disk=64%
[2026-03-21 07:17:01] [BEAT] [aria] load=0.06 mem=6975/8059MB temp=54.0C disk=64%
[2026-03-21 07:18:01] [BEAT] [aria] load=0.08 mem=6975/8059MB temp=53.5C disk=64%
[2026-03-21 07:19:01] [BEAT] [aria] load=0.03 mem=6972/8059MB temp=52.4C disk=64%
[2026-03-21 07:20:01] [FLEET] [aria] Starting cross-node health check
[2026-03-21 07:20:01] [BEAT] [aria] load=0.01 mem=6943/8059MB temp=54.5C disk=64%
[2026-03-21 07:20:02] [FLEET] [aria] alice: UP temp=39C mem=3147MB disk=84%
[2026-03-21 07:20:04] [FLEET] [aria] octavia: DOWN (no ping response)
[2026-03-21 07:20:06] [FLEET] [aria] cecilia: DOWN (no ping response)
[2026-03-21 07:20:07] [FLEET] [aria] gematria: UP temp=C mem=3821MB disk=58%
[2026-03-21 07:20:08] [FLEET] [aria] lucidia: PING OK but SSH failed
[2026-03-21 07:20:10] [FLEET] [aria] anastasia: DOWN (no ping response)
[2026-03-21 07:21:01] [BEAT] [aria] load=0.00 mem=6973/8059MB temp=54.0C disk=64%
[2026-03-21 07:22:01] [BEAT] [aria] load=0.04 mem=6973/8059MB temp=54.0C disk=64%
[2026-03-21 07:23:01] [BEAT] [aria] load=0.09 mem=6973/8059MB temp=55.6C disk=64%
[2026-03-21 07:24:01] [BEAT] [aria] load=0.03 mem=6976/8059MB temp=53.5C disk=64%
[2026-03-21 07:25:01] [BEAT] [aria] load=0.01 mem=6935/8059MB temp=55.6C disk=64%
[2026-03-21 07:26:01] [BEAT] [aria] load=0.11 mem=6972/8059MB temp=52.9C disk=64%
[2026-03-21 07:27:01] [BEAT] [aria] load=0.29 mem=6972/8059MB temp=55.6C disk=64%
[2026-03-21 07:28:01] [BEAT] [aria] load=0.83 mem=6977/8059MB temp=54.5C disk=64%
[2026-03-21 07:29:01] [BEAT] [aria] load=0.81 mem=6973/8059MB temp=54.0C disk=64%
[2026-03-21 07:30:01] [FLEET] [aria] Starting cross-node health check
[2026-03-21 07:30:01] [BEAT] [aria] load=0.30 mem=6943/8059MB temp=55.1C disk=64%
[2026-03-21 07:30:02] [FLEET] [aria] alice: UP temp=39C mem=3147MB disk=84%
[2026-03-21 07:30:04] [FLEET] [aria] octavia: DOWN (no ping response)
[2026-03-21 07:30:06] [FLEET] [aria] cecilia: DOWN (no ping response)
[2026-03-21 07:30:08] [FLEET] [aria] gematria: UP temp=C mem=3814MB disk=58%
[2026-03-21 07:30:08] [FLEET] [aria] lucidia: PING OK but SSH failed
[2026-03-21 07:30:10] [FLEET] [aria] anastasia: DOWN (no ping response)
[2026-03-21 07:30:46] [DIAL] [aria] Switchboard unreachable
[2026-03-21 07:31:01] [BEAT] [aria] load=0.11 mem=6974/8059MB temp=55.6C disk=64%
[2026-03-21 07:32:02] [BEAT] [aria] load=0.11 mem=6976/8059MB temp=55.1C disk=64%
[2026-03-21 07:33:01] [BEAT] [aria] load=0.12 mem=6973/8059MB temp=55.1C disk=64%
[2026-03-21 07:34:01] [BEAT] [aria] load=0.11 mem=6973/8059MB temp=54.5C disk=64%
[2026-03-21 07:35:01] [BEAT] [aria] load=0.04 mem=6953/8059MB temp=55.1C disk=64%
[2026-03-21 07:36:01] [BEAT] [aria] load=0.01 mem=6973/8059MB temp=54.5C disk=64%
[2026-03-21 07:37:01] [BEAT] [aria] load=0.07 mem=6975/8059MB temp=55.1C disk=64%
[2026-03-21 07:38:01] [BEAT] [aria] load=0.19 mem=6972/8059MB temp=54.5C disk=64%
[2026-03-21 07:39:01] [BEAT] [aria] load=0.07 mem=6965/8059MB temp=53.5C disk=64%
[2026-03-21 07:40:01] [FLEET] [aria] Starting cross-node health check
[2026-03-21 07:40:01] [BEAT] [aria] load=0.09 mem=6946/8059MB temp=56.2C disk=64%
[2026-03-21 07:40:02] [FLEET] [aria] alice: UP temp=39C mem=3151MB disk=84%
[2026-03-21 07:40:04] [FLEET] [aria] octavia: DOWN (no ping response)
[2026-03-21 07:40:06] [FLEET] [aria] cecilia: DOWN (no ping response)
[2026-03-21 07:40:08] [FLEET] [aria] gematria: UP temp=C mem=3815MB disk=58%
[2026-03-21 07:40:13] [FLEET] [aria] lucidia: PING OK but SSH failed
[2026-03-21 07:40:15] [FLEET] [aria] anastasia: DOWN (no ping response)
[2026-03-21 07:41:01] [BEAT] [aria] load=0.03 mem=6971/8059MB temp=54.5C disk=64%
[2026-03-21 07:42:01] [BEAT] [aria] load=0.01 mem=6972/8059MB temp=54.5C disk=64%
[2026-03-21 07:43:01] [BEAT] [aria] load=0.06 mem=6971/8059MB temp=55.6C disk=64%
[2026-03-21 07:44:01] [BEAT] [aria] load=0.02 mem=6975/8059MB temp=55.1C disk=64%
[2026-03-21 07:45:01] [BEAT] [aria] load=0.05 mem=6933/8059MB temp=55.1C disk=64%
[2026-03-21 07:45:46] [DIAL] [aria] Switchboard unreachable
[2026-03-21 07:46:01] [BEAT] [aria] load=0.02 mem=6971/8059MB temp=54.5C disk=64%
[2026-03-21 07:47:01] [BEAT] [aria] load=0.00 mem=6974/8059MB temp=55.1C disk=64%
[2026-03-21 07:48:01] [BEAT] [aria] load=0.51 mem=6971/8059MB temp=56.2C disk=64%
[2026-03-21 07:49:01] [BEAT] [aria] load=1.05 mem=6976/8059MB temp=54.5C disk=64%
[2026-03-21 07:50:01] [FLEET] [aria] Starting cross-node health check
[2026-03-21 07:50:01] [BEAT] [aria] load=0.71 mem=6931/8059MB temp=55.6C disk=64%
[2026-03-21 07:50:02] [FLEET] [aria] alice: UP temp=39C mem=3151MB disk=84%
[2026-03-21 07:50:04] [FLEET] [aria] octavia: DOWN (no ping response)
[2026-03-21 07:50:06] [FLEET] [aria] cecilia: DOWN (no ping response)
[2026-03-21 07:50:07] [FLEET] [aria] gematria: UP temp=C mem=3827MB disk=58%
[2026-03-21 07:50:08] [FLEET] [aria] lucidia: PING OK but SSH failed
[2026-03-21 07:50:10] [FLEET] [aria] anastasia: DOWN (no ping response)
[2026-03-21 07:51:01] [BEAT] [aria] load=0.36 mem=6972/8059MB temp=55.1C disk=64%
[2026-03-21 07:52:01] [BEAT] [aria] load=0.36 mem=6972/8059MB temp=56.2C disk=64%
[2026-03-21 07:53:01] [BEAT] [aria] load=0.13 mem=6974/8059MB temp=54.0C disk=64%
[2026-03-21 07:54:01] [BEAT] [aria] load=0.09 mem=6972/8059MB temp=55.1C disk=64%
[2026-03-21 07:55:01] [BEAT] [aria] load=0.03 mem=6946/8059MB temp=54.5C disk=64%
[2026-03-21 07:56:01] [BEAT] [aria] load=0.07 mem=6974/8059MB temp=52.9C disk=64%
[2026-03-21 07:57:01] [BEAT] [aria] load=0.17 mem=6973/8059MB temp=51.8C disk=64%
[2026-03-21 07:58:01] [BEAT] [aria] load=0.14 mem=6972/8059MB temp=51.8C disk=64%
[2026-03-21 07:59:01] [BEAT] [aria] load=0.10 mem=6974/8059MB temp=52.4C disk=64%
[2026-03-21 08:00:01] [FLEET] [aria] Starting cross-node health check
[2026-03-21 08:00:01] [BEAT] [aria] load=0.07 mem=6938/8059MB temp=52.4C disk=64%
[2026-03-21 08:00:03] [FLEET] [aria] alice: UP temp=37C mem=3145MB disk=84%
[2026-03-21 08:00:05] [FLEET] [aria] octavia: DOWN (no ping response)
[2026-03-21 08:00:07] [FLEET] [aria] cecilia: DOWN (no ping response)
[2026-03-21 08:00:08] [FLEET] [aria] gematria: UP temp=C mem=3890MB disk=58%
[2026-03-21 08:00:09] [FLEET] [aria] lucidia: PING OK but SSH failed
[2026-03-21 08:00:11] [FLEET] [aria] anastasia: DOWN (no ping response)
[2026-03-21 08:00:47] [DIAL] [aria] Switchboard unreachable
[2026-03-21 08:01:01] [BEAT] [aria] load=0.02 mem=6967/8059MB temp=52.4C disk=64%
[2026-03-21 08:02:01] [BEAT] [aria] load=0.06 mem=6962/8059MB temp=51.8C disk=64%
[2026-03-21 08:03:01] [BEAT] [aria] load=0.27 mem=6954/8059MB temp=52.4C disk=64%
[2026-03-21 08:04:01] [BEAT] [aria] load=0.18 mem=6962/8059MB temp=52.9C disk=64%
[2026-03-21 08:05:01] [BEAT] [aria] load=0.06 mem=6936/8059MB temp=52.4C disk=64%
[2026-03-21 08:06:01] [BEAT] [aria] load=0.02 mem=6961/8059MB temp=51.8C disk=64%
[2026-03-21 08:07:01] [BEAT] [aria] load=0.04 mem=6939/8059MB temp=53.5C disk=64%
[2026-03-21 08:08:01] [BEAT] [aria] load=0.12 mem=6938/8059MB temp=53.5C disk=64%
[2026-03-21 08:08:46] [BEAT] [aria] load=0.21 mem=6935/8059MB temp=52.9C disk=64%
[2026-03-21 08:08:46] [BEAT] [aria] load=0.21 mem=6930/8059MB temp=52.9C disk=64%
[2026-03-21 08:09:01] [BEAT] [aria] load=0.52 mem=6941/8059MB temp=52.4C disk=64%
[2026-03-21 08:10:01] [FLEET] [aria] Starting cross-node health check
[2026-03-21 08:10:01] [BEAT] [aria] load=0.92 mem=6926/8059MB temp=52.4C disk=64%
[2026-03-21 08:10:03] [FLEET] [aria] alice: UP temp=38C mem=3148MB disk=84%
[2026-03-21 08:10:05] [FLEET] [aria] octavia: DOWN (no ping response)
[2026-03-21 08:10:07] [FLEET] [aria] cecilia: DOWN (no ping response)
[2026-03-21 08:10:08] [FLEET] [aria] gematria: UP temp=C mem=3838MB disk=58%
[2026-03-21 08:10:09] [FLEET] [aria] lucidia: PING OK but SSH failed
[2026-03-21 08:10:11] [FLEET] [aria] anastasia: DOWN (no ping response)
[2026-03-21 08:11:01] [BEAT] [aria] load=0.44 mem=6952/8059MB temp=53.5C disk=64%
[2026-03-21 08:12:01] [BEAT] [aria] load=0.30 mem=6955/8059MB temp=54.0C disk=64%
[2026-03-21 08:13:01] [BEAT] [aria] load=0.33 mem=6943/8059MB temp=53.5C disk=64%
[2026-03-21 08:14:01] [BEAT] [aria] load=0.27 mem=6954/8059MB temp=55.1C disk=64%
[2026-03-21 08:15:01] [BEAT] [aria] load=0.16 mem=6930/8059MB temp=54.5C disk=64%
[2026-03-21 08:15:46] [DIAL] [aria] Switchboard unreachable
[2026-03-21 08:16:01] [BEAT] [aria] load=0.06 mem=6956/8059MB temp=53.5C disk=64%
[2026-03-21 08:17:01] [BEAT] [aria] load=0.02 mem=6954/8059MB temp=53.5C disk=64%
[2026-03-21 08:18:01] [BEAT] [aria] load=0.24 mem=6943/8059MB temp=54.5C disk=64%
[2026-03-21 08:19:01] [BEAT] [aria] load=0.12 mem=6953/8059MB temp=54.0C disk=64%
[2026-03-21 08:20:01] [FLEET] [aria] Starting cross-node health check
[2026-03-21 08:20:01] [BEAT] [aria] load=0.18 mem=6929/8059MB temp=54.5C disk=64%
[2026-03-21 08:20:02] [FLEET] [aria] alice: UP temp=37C mem=3150MB disk=84%
[2026-03-21 08:20:04] [FLEET] [aria] octavia: DOWN (no ping response)
[2026-03-21 08:20:06] [FLEET] [aria] cecilia: DOWN (no ping response)
[2026-03-21 08:20:09] [FLEET] [aria] gematria: UP temp=C mem=3830MB disk=58%
[2026-03-21 08:20:09] [FLEET] [aria] lucidia: PING OK but SSH failed
[2026-03-21 08:20:11] [FLEET] [aria] anastasia: DOWN (no ping response)
[2026-03-21 08:21:01] [BEAT] [aria] load=0.06 mem=6958/8059MB temp=53.5C disk=64%
[2026-03-21 08:22:01] [BEAT] [aria] load=0.02 mem=6959/8059MB temp=54.0C disk=64%
[2026-03-21 08:23:01] [BEAT] [aria] load=0.05 mem=6944/8059MB temp=54.0C disk=64%
[2026-03-21 08:24:01] [BEAT] [aria] load=0.12 mem=6960/8059MB temp=53.5C disk=64%
[2026-03-21 08:25:01] [BEAT] [aria] load=0.04 mem=6918/8059MB temp=55.1C disk=64%
[2026-03-21 08:26:01] [BEAT] [aria] load=0.06 mem=6959/8059MB temp=54.0C disk=64%
[2026-03-21 08:27:01] [BEAT] [aria] load=0.02 mem=6955/8059MB temp=55.1C disk=64%
[2026-03-21 08:28:01] [BEAT] [aria] load=0.14 mem=6937/8059MB temp=54.5C disk=64%
[2026-03-21 08:29:01] [BEAT] [aria] load=0.12 mem=6956/8059MB temp=54.0C disk=64%
[2026-03-21 08:30:01] [FLEET] [aria] Starting cross-node health check
[2026-03-21 08:30:01] [BEAT] [aria] load=0.49 mem=6926/8059MB temp=55.1C disk=64%
[2026-03-21 08:30:02] [FLEET] [aria] alice: UP temp=37C mem=3145MB disk=84%
[2026-03-21 08:30:04] [FLEET] [aria] octavia: DOWN (no ping response)
[2026-03-21 08:30:06] [FLEET] [aria] cecilia: DOWN (no ping response)
[2026-03-21 08:30:08] [FLEET] [aria] gematria: UP temp=C mem=3838MB disk=58%
[2026-03-21 08:30:08] [FLEET] [aria] lucidia: PING OK but SSH failed
[2026-03-21 08:30:10] [FLEET] [aria] anastasia: DOWN (no ping response)
[2026-03-21 08:30:46] [DIAL] [aria] Switchboard unreachable
[2026-03-21 08:31:01] [BEAT] [aria] load=1.05 mem=6947/8059MB temp=54.5C disk=64%
[2026-03-21 08:32:01] [BEAT] [aria] load=0.50 mem=6948/8059MB temp=55.6C disk=64%
[2026-03-21 08:33:01] [BEAT] [aria] load=0.18 mem=6940/8059MB temp=54.5C disk=64%
[2026-03-21 08:34:01] [BEAT] [aria] load=0.07 mem=6955/8059MB temp=55.1C disk=64%
[2026-03-21 08:35:01] [BEAT] [aria] load=0.10 mem=6931/8059MB temp=55.6C disk=64%
[2026-03-21 08:36:01] [BEAT] [aria] load=0.21 mem=6957/8059MB temp=55.6C disk=64%
[2026-03-21 08:37:01] [BEAT] [aria] load=0.12 mem=6955/8059MB temp=54.5C disk=64%
[2026-03-21 08:38:01] [BEAT] [aria] load=0.08 mem=6946/8059MB temp=54.5C disk=64%
[2026-03-21 08:39:01] [BEAT] [aria] load=0.19 mem=6957/8059MB temp=54.0C disk=64%
[2026-03-21 08:40:01] [FLEET] [aria] Starting cross-node health check
[2026-03-21 08:40:01] [BEAT] [aria] load=0.16 mem=6932/8059MB temp=55.1C disk=64%
[2026-03-21 08:40:03] [FLEET] [aria] alice: UP temp=37C mem=3149MB disk=84%
[2026-03-21 08:40:05] [FLEET] [aria] octavia: DOWN (no ping response)
[2026-03-21 08:40:07] [FLEET] [aria] cecilia: DOWN (no ping response)
[2026-03-21 08:40:08] [FLEET] [aria] gematria: UP temp=C mem=3830MB disk=58%
[2026-03-21 08:40:09] [FLEET] [aria] lucidia: PING OK but SSH failed
[2026-03-21 08:40:11] [FLEET] [aria] anastasia: DOWN (no ping response)
[2026-03-21 08:41:01] [BEAT] [aria] load=0.06 mem=6954/8059MB temp=54.5C disk=64%
[2026-03-21 08:42:01] [BEAT] [aria] load=0.06 mem=6959/8059MB temp=55.1C disk=64%
[2026-03-21 08:43:01] [BEAT] [aria] load=0.02 mem=6956/8059MB temp=55.6C disk=64%
[2026-03-21 08:44:01] [BEAT] [aria] load=0.19 mem=6952/8059MB temp=55.1C disk=64%
[2026-03-21 08:45:01] [BEAT] [aria] load=0.14 mem=6938/8059MB temp=54.5C disk=64%
[2026-03-21 08:45:46] [DIAL] [aria] Switchboard unreachable
[2026-03-21 08:46:01] [BEAT] [aria] load=0.05 mem=6953/8059MB temp=56.2C disk=64%
[2026-03-21 08:47:01] [BEAT] [aria] load=0.07 mem=6954/8059MB temp=54.5C disk=64%
[2026-03-21 08:48:01] [BEAT] [aria] load=0.03 mem=6954/8059MB temp=55.1C disk=64%
[2026-03-21 08:49:01] [BEAT] [aria] load=0.01 mem=6954/8059MB temp=55.1C disk=64%
[2026-03-21 08:50:01] [FLEET] [aria] Starting cross-node health check
[2026-03-21 08:50:01] [BEAT] [aria] load=0.00 mem=6923/8059MB temp=55.1C disk=64%
[2026-03-21 08:50:03] [FLEET] [aria] alice: UP temp=37C mem=3147MB disk=84%
[2026-03-21 08:50:05] [FLEET] [aria] octavia: DOWN (no ping response)
[2026-03-21 08:50:07] [FLEET] [aria] cecilia: DOWN (no ping response)
[2026-03-21 08:50:08] [FLEET] [aria] gematria: UP temp=C mem=3829MB disk=58%
[2026-03-21 08:50:08] [FLEET] [aria] lucidia: PING OK but SSH failed
[2026-03-21 08:50:10] [FLEET] [aria] anastasia: DOWN (no ping response)
[2026-03-21 08:51:01] [BEAT] [aria] load=0.57 mem=6947/8059MB temp=54.5C disk=64%
[2026-03-21 08:52:02] [BEAT] [aria] load=1.07 mem=6948/8059MB temp=54.5C disk=64%
[2026-03-21 08:53:01] [BEAT] [aria] load=0.39 mem=6948/8059MB temp=55.6C disk=64%
[2026-03-21 08:54:01] [BEAT] [aria] load=0.14 mem=6948/8059MB temp=53.5C disk=64%
[2026-03-21 08:55:01] [BEAT] [aria] load=0.05 mem=6918/8059MB temp=53.5C disk=64%
[2026-03-21 08:56:01] [BEAT] [aria] load=0.07 mem=6945/8059MB temp=52.4C disk=64%
[2026-03-21 08:57:01] [BEAT] [aria] load=0.02 mem=6949/8059MB temp=52.4C disk=64%
[2026-03-21 08:58:01] [BEAT] [aria] load=0.01 mem=6945/8059MB temp=52.4C disk=64%
[2026-03-21 08:59:01] [BEAT] [aria] load=0.12 mem=6946/8059MB temp=51.8C disk=64%
[2026-03-21 09:00:01] [FLEET] [aria] Starting cross-node health check
[2026-03-21 09:00:01] [BEAT] [aria] load=0.12 mem=6907/8059MB temp=51.2C disk=64%
[2026-03-21 09:00:02] [FLEET] [aria] alice: UP temp=36C mem=3134MB disk=84%
[2026-03-21 09:00:04] [FLEET] [aria] octavia: DOWN (no ping response)
[2026-03-21 09:00:06] [FLEET] [aria] cecilia: DOWN (no ping response)
[2026-03-21 09:00:08] [FLEET] [aria] gematria: UP temp=C mem=3814MB disk=58%
[2026-03-21 09:00:08] [FLEET] [aria] lucidia: PING OK but SSH failed
[2026-03-21 09:00:10] [FLEET] [aria] anastasia: DOWN (no ping response)
[2026-03-21 09:00:46] [DIAL] [aria] Switchboard unreachable
[2026-03-21 09:01:01] [BEAT] [aria] load=0.16 mem=6950/8059MB temp=52.9C disk=64%
[2026-03-21 09:02:01] [BEAT] [aria] load=0.06 mem=6945/8059MB temp=51.8C disk=64%
[2026-03-21 09:03:01] [BEAT] [aria] load=0.30 mem=6949/8059MB temp=51.8C disk=64%
[2026-03-21 09:04:01] [BEAT] [aria] load=0.18 mem=6948/8059MB temp=52.4C disk=64%
[2026-03-21 09:05:01] [BEAT] [aria] load=0.23 mem=6914/8059MB temp=53.5C disk=64%
[2026-03-21 09:06:01] [BEAT] [aria] load=0.08 mem=6946/8059MB temp=52.4C disk=64%
[2026-03-21 09:07:01] [BEAT] [aria] load=0.07 mem=6946/8059MB temp=53.5C disk=64%
[2026-03-21 09:08:01] [BEAT] [aria] load=0.02 mem=6948/8059MB temp=54.0C disk=64%
[2026-03-21 09:09:01] [BEAT] [aria] load=0.10 mem=6946/8059MB temp=53.5C disk=64%
[2026-03-21 09:10:01] [FLEET] [aria] Starting cross-node health check
[2026-03-21 09:10:01] [BEAT] [aria] load=0.33 mem=6916/8059MB temp=54.5C disk=64%
[2026-03-21 09:10:02] [FLEET] [aria] alice: UP temp=37C mem=3146MB disk=85%
[2026-03-21 09:10:04] [FLEET] [aria] octavia: DOWN (no ping response)
[2026-03-21 09:10:06] [FLEET] [aria] cecilia: DOWN (no ping response)
[2026-03-21 09:10:07] [FLEET] [aria] gematria: UP temp=C mem=3847MB disk=58%
[2026-03-21 09:10:07] [FLEET] [aria] lucidia: PING OK but SSH failed
[2026-03-21 09:10:09] [FLEET] [aria] anastasia: DOWN (no ping response)
[2026-03-21 09:11:01] [BEAT] [aria] load=0.12 mem=6944/8059MB temp=53.5C disk=64%
[2026-03-21 09:12:02] [BEAT] [aria] load=0.85 mem=6948/8059MB temp=53.5C disk=64%
[2026-03-21 09:13:01] [BEAT] [aria] load=0.96 mem=6950/8059MB temp=54.5C disk=64%
[2026-03-21 09:14:01] [BEAT] [aria] load=0.39 mem=6946/8059MB temp=55.1C disk=64%
[2026-03-21 09:15:01] [BEAT] [aria] load=0.14 mem=6918/8059MB temp=54.0C disk=64%
[2026-03-21 09:15:46] [DIAL] [aria] Switchboard unreachable
[2026-03-21 09:16:01] [BEAT] [aria] load=0.23 mem=6947/8059MB temp=55.1C disk=64%
[2026-03-21 09:17:01] [BEAT] [aria] load=0.25 mem=6947/8059MB temp=54.5C disk=64%
[2026-03-21 09:18:01] [BEAT] [aria] load=0.18 mem=6950/8059MB temp=53.5C disk=64%
[2026-03-21 09:19:01] [BEAT] [aria] load=0.13 mem=6948/8059MB temp=53.5C disk=64%
[2026-03-21 09:20:01] [FLEET] [aria] Starting cross-node health check
[2026-03-21 09:20:01] [BEAT] [aria] load=0.08 mem=6915/8059MB temp=54.5C disk=64%
[2026-03-21 09:20:02] [FLEET] [aria] alice: UP temp=37C mem=3147MB disk=85%
[2026-03-21 09:20:04] [FLEET] [aria] octavia: DOWN (no ping response)
[2026-03-21 09:20:06] [FLEET] [aria] cecilia: DOWN (no ping response)
[2026-03-21 09:20:07] [FLEET] [aria] gematria: UP temp=C mem=3839MB disk=58%
[2026-03-21 09:20:08] [FLEET] [aria] lucidia: PING OK but SSH failed
[2026-03-21 09:20:10] [FLEET] [aria] anastasia: DOWN (no ping response)
[2026-03-21 09:21:01] [BEAT] [aria] load=0.21 mem=6945/8059MB temp=54.0C disk=64%
[2026-03-21 09:22:01] [BEAT] [aria] load=0.08 mem=6945/8059MB temp=54.0C disk=64%
[2026-03-21 09:23:01] [BEAT] [aria] load=0.07 mem=6948/8059MB temp=54.0C disk=64%
[2026-03-21 09:24:01] [BEAT] [aria] load=0.07 mem=6944/8059MB temp=54.5C disk=64%
[2026-03-21 09:25:01] [BEAT] [aria] load=0.02 mem=6916/8059MB temp=54.5C disk=64%
[2026-03-21 09:26:01] [BEAT] [aria] load=0.08 mem=6949/8059MB temp=54.0C disk=64%
[2026-03-21 09:27:01] [BEAT] [aria] load=0.03 mem=6950/8059MB temp=54.0C disk=64%
[2026-03-21 09:28:01] [BEAT] [aria] load=0.07 mem=6949/8059MB temp=54.5C disk=64%
[2026-03-21 09:29:01] [BEAT] [aria] load=0.07 mem=6936/8059MB temp=54.0C disk=64%
[2026-03-21 09:30:01] [FLEET] [aria] Starting cross-node health check
[2026-03-21 09:30:01] [BEAT] [aria] load=0.02 mem=6911/8059MB temp=55.1C disk=64%
[2026-03-21 09:30:02] [FLEET] [aria] alice: UP temp=37C mem=3137MB disk=85%
[2026-03-21 09:30:04] [FLEET] [aria] octavia: DOWN (no ping response)
[2026-03-21 09:30:06] [FLEET] [aria] cecilia: DOWN (no ping response)
[2026-03-21 09:30:08] [FLEET] [aria] gematria: UP temp=C mem=3339MB disk=58%
[2026-03-21 09:30:08] [FLEET] [aria] lucidia: PING OK but SSH failed
[2026-03-21 09:30:10] [FLEET] [aria] anastasia: DOWN (no ping response)
[2026-03-21 09:30:46] [DIAL] [aria] Switchboard unreachable
[2026-03-21 09:31:01] [BEAT] [aria] load=0.01 mem=6944/8059MB temp=54.5C disk=64%
[2026-03-21 09:32:01] [BEAT] [aria] load=0.09 mem=6939/8059MB temp=55.1C disk=64%
[2026-03-21 09:33:01] [BEAT] [aria] load=0.75 mem=6947/8059MB temp=54.0C disk=64%
[2026-03-21 09:34:01] [BEAT] [aria] load=1.15 mem=6948/8059MB temp=54.5C disk=64%
[2026-03-21 09:35:01] [BEAT] [aria] load=0.52 mem=6917/8059MB temp=55.1C disk=64%
[2026-03-21 09:36:01] [BEAT] [aria] load=0.45 mem=6945/8059MB temp=55.1C disk=64%
[2026-03-21 09:37:01] [BEAT] [aria] load=0.28 mem=6947/8059MB temp=54.5C disk=64%
[2026-03-21 09:38:01] [BEAT] [aria] load=0.14 mem=6945/8059MB temp=54.0C disk=64%
[2026-03-21 09:39:01] [BEAT] [aria] load=0.13 mem=6945/8059MB temp=55.6C disk=64%
[2026-03-21 09:40:01] [FLEET] [aria] Starting cross-node health check
[2026-03-21 09:40:01] [BEAT] [aria] load=0.05 mem=6918/8059MB temp=54.5C disk=64%
[2026-03-21 09:40:02] [FLEET] [aria] alice: UP temp=37C mem=3145MB disk=85%
[2026-03-21 09:40:04] [FLEET] [aria] octavia: DOWN (no ping response)
[2026-03-21 09:40:06] [FLEET] [aria] cecilia: DOWN (no ping response)
[2026-03-21 09:40:07] [FLEET] [aria] gematria: UP temp=C mem=5828MB disk=58%
[2026-03-21 09:40:08] [FLEET] [aria] lucidia: PING OK but SSH failed
[2026-03-21 09:40:10] [FLEET] [aria] anastasia: DOWN (no ping response)
[2026-03-21 09:41:01] [BEAT] [aria] load=0.06 mem=6945/8059MB temp=54.5C disk=64%
[2026-03-21 09:42:01] [BEAT] [aria] load=0.09 mem=6946/8059MB temp=56.2C disk=64%
[2026-03-21 09:43:01] [BEAT] [aria] load=0.11 mem=6945/8059MB temp=55.1C disk=64%
[2026-03-21 09:44:01] [BEAT] [aria] load=0.14 mem=6943/8059MB temp=55.1C disk=64%
[2026-03-21 09:45:01] [BEAT] [aria] load=0.16 mem=6908/8059MB temp=55.1C disk=64%
[2026-03-21 09:45:46] [DIAL] [aria] Switchboard unreachable
[2026-03-21 09:46:01] [BEAT] [aria] load=0.06 mem=6944/8059MB temp=55.1C disk=64%
[2026-03-21 09:47:01] [BEAT] [aria] load=0.02 mem=6943/8059MB temp=55.6C disk=64%
[2026-03-21 09:48:01] [BEAT] [aria] load=0.08 mem=6948/8059MB temp=54.5C disk=64%
[2026-03-21 09:49:01] [BEAT] [aria] load=0.11 mem=6946/8059MB temp=54.5C disk=64%
[2026-03-21 09:50:01] [FLEET] [aria] Starting cross-node health check
[2026-03-21 09:50:01] [BEAT] [aria] load=0.04 mem=6904/8059MB temp=55.6C disk=64%
[2026-03-21 09:50:02] [FLEET] [aria] alice: UP temp=36C mem=3145MB disk=85%
[2026-03-21 09:50:04] [FLEET] [aria] octavia: DOWN (no ping response)
[2026-03-21 09:50:06] [FLEET] [aria] cecilia: DOWN (no ping response)
[2026-03-21 09:50:08] [FLEET] [aria] gematria: UP temp=C mem=5771MB disk=58%
[2026-03-21 09:50:08] [FLEET] [aria] lucidia: PING OK but SSH failed
[2026-03-21 09:50:10] [FLEET] [aria] anastasia: DOWN (no ping response)
[2026-03-21 09:51:01] [BEAT] [aria] load=0.07 mem=6946/8059MB temp=55.1C disk=64%
[2026-03-21 09:52:01] [BEAT] [aria] load=0.03 mem=6944/8059MB temp=54.0C disk=64%
[2026-03-21 09:53:01] [BEAT] [aria] load=0.21 mem=6946/8059MB temp=54.5C disk=64%
[2026-03-21 09:54:01] [BEAT] [aria] load=0.94 mem=6946/8059MB temp=53.5C disk=64%
[2026-03-21 09:55:01] [BEAT] [aria] load=0.67 mem=6925/8059MB temp=53.5C disk=64%
[2026-03-21 09:56:01] [BEAT] [aria] load=0.25 mem=6947/8059MB temp=52.9C disk=64%
[2026-03-21 09:57:01] [BEAT] [aria] load=0.09 mem=6948/8059MB temp=52.9C disk=64%
[2026-03-21 09:58:01] [BEAT] [aria] load=0.10 mem=6946/8059MB temp=52.4C disk=64%
[2026-03-21 09:59:01] [BEAT] [aria] load=0.04 mem=6943/8059MB temp=51.8C disk=64%
[2026-03-21 10:00:01] [FLEET] [aria] Starting cross-node health check
[2026-03-21 10:00:01] [BEAT] [aria] load=0.01 mem=6903/8059MB temp=53.5C disk=64%
[2026-03-21 10:00:03] [FLEET] [aria] alice: UP temp=37C mem=3139MB disk=85%
[2026-03-21 10:00:05] [FLEET] [aria] octavia: DOWN (no ping response)
[2026-03-21 10:00:07] [FLEET] [aria] cecilia: DOWN (no ping response)
[2026-03-21 10:00:08] [FLEET] [aria] gematria: UP temp=C mem=5825MB disk=58%
[2026-03-21 10:00:09] [FLEET] [aria] lucidia: PING OK but SSH failed
[2026-03-21 10:00:11] [FLEET] [aria] anastasia: DOWN (no ping response)
[2026-03-21 10:00:47] [DIAL] [aria] Switchboard unreachable
[2026-03-21 10:01:01] [BEAT] [aria] load=0.00 mem=6948/8059MB temp=51.8C disk=64%
[2026-03-21 10:02:01] [BEAT] [aria] load=0.00 mem=6924/8059MB temp=52.4C disk=64%
[2026-03-21 10:03:01] [BEAT] [aria] load=0.06 mem=6930/8059MB temp=52.9C disk=65%
[2026-03-21 10:04:01] [BEAT] [aria] load=0.06 mem=6924/8059MB temp=52.4C disk=65%
[2026-03-21 10:05:01] [BEAT] [aria] load=0.25 mem=6895/8059MB temp=53.5C disk=65%
[2026-03-21 10:06:01] [BEAT] [aria] load=0.09 mem=6923/8059MB temp=53.5C disk=65%
[2026-03-21 10:07:01] [BEAT] [aria] load=0.03 mem=6930/8059MB temp=54.0C disk=65%
[2026-03-21 10:08:01] [BEAT] [aria] load=0.01 mem=6930/8059MB temp=55.1C disk=65%
[2026-03-21 10:09:01] [BEAT] [aria] load=0.06 mem=6927/8059MB temp=55.1C disk=65%
[2026-03-21 10:10:01] [FLEET] [aria] Starting cross-node health check
[2026-03-21 10:10:01] [BEAT] [aria] load=0.02 mem=6892/8059MB temp=54.5C disk=65%
[2026-03-21 10:10:02] [FLEET] [aria] alice: UP temp=37C mem=3145MB disk=85%
[2026-03-21 10:10:04] [FLEET] [aria] octavia: DOWN (no ping response)
[2026-03-21 10:10:06] [FLEET] [aria] cecilia: DOWN (no ping response)
[2026-03-21 10:10:08] [FLEET] [aria] gematria: UP temp=C mem=5813MB disk=58%
[2026-03-21 10:10:08] [FLEET] [aria] lucidia: PING OK but SSH failed
[2026-03-21 10:10:10] [FLEET] [aria] anastasia: DOWN (no ping response)
[2026-03-21 10:11:01] [BEAT] [aria] load=0.00 mem=6927/8059MB temp=53.5C disk=65%
[2026-03-21 10:12:01] [BEAT] [aria] load=0.00 mem=6927/8059MB temp=53.5C disk=65%
[2026-03-21 10:13:01] [BEAT] [aria] load=0.00 mem=6932/8059MB temp=53.5C disk=65%
[2026-03-21 10:14:01] [BEAT] [aria] load=0.42 mem=6929/8059MB temp=54.0C disk=65%
[2026-03-21 10:15:01] [BEAT] [aria] load=0.93 mem=6883/8059MB temp=55.1C disk=65%
[2026-03-21 10:15:46] [DIAL] [aria] Switchboard unreachable
[2026-03-21 10:16:01] [BEAT] [aria] load=0.52 mem=6917/8059MB temp=55.1C disk=65%
[2026-03-21 10:17:01] [BEAT] [aria] load=0.19 mem=6913/8059MB temp=54.0C disk=65%
[2026-03-21 10:18:01] [BEAT] [aria] load=0.36 mem=6916/8059MB temp=54.0C disk=65%
[2026-03-21 10:19:01] [BEAT] [aria] load=0.20 mem=6923/8059MB temp=54.0C disk=65%
[2026-03-21 10:20:01] [FLEET] [aria] Starting cross-node health check
[2026-03-21 10:20:01] [BEAT] [aria] load=0.11 mem=6895/8059MB temp=55.1C disk=65%
[2026-03-21 10:20:02] [FLEET] [aria] alice: UP temp=37C mem=3144MB disk=85%
[2026-03-21 10:20:04] [FLEET] [aria] octavia: DOWN (no ping response)
[2026-03-21 10:20:06] [FLEET] [aria] cecilia: DOWN (no ping response)
[2026-03-21 10:20:08] [FLEET] [aria] gematria: UP temp=C mem=5840MB disk=58%
[2026-03-21 10:20:08] [FLEET] [aria] lucidia: PING OK but SSH failed
[2026-03-21 10:20:10] [FLEET] [aria] anastasia: DOWN (no ping response)
[2026-03-21 10:21:01] [BEAT] [aria] load=0.04 mem=6921/8059MB temp=52.4C disk=65%
[2026-03-21 10:22:01] [BEAT] [aria] load=0.01 mem=6924/8059MB temp=55.6C disk=65%
[2026-03-21 10:23:01] [BEAT] [aria] load=0.14 mem=6927/8059MB temp=54.5C disk=65%
[2026-03-21 10:24:01] [BEAT] [aria] load=0.17 mem=6920/8059MB temp=54.5C disk=65%
[2026-03-21 10:25:01] [BEAT] [aria] load=0.23 mem=6889/8059MB temp=54.5C disk=65%
[2026-03-21 10:26:01] [BEAT] [aria] load=0.20 mem=6926/8059MB temp=55.1C disk=65%
[2026-03-21 10:27:01] [BEAT] [aria] load=0.12 mem=6923/8059MB temp=54.0C disk=65%
[2026-03-21 10:28:01] [BEAT] [aria] load=0.20 mem=6922/8059MB temp=55.1C disk=65%
[2026-03-21 10:29:01] [BEAT] [aria] load=0.14 mem=6919/8059MB temp=54.5C disk=65%
[2026-03-21 10:30:01] [FLEET] [aria] Starting cross-node health check
[2026-03-21 10:30:01] [BEAT] [aria] load=0.12 mem=6893/8059MB temp=55.1C disk=65%
[2026-03-21 10:30:02] [FLEET] [aria] alice: UP temp=39C mem=3142MB disk=85%
[2026-03-21 10:30:04] [FLEET] [aria] octavia: DOWN (no ping response)
[2026-03-21 10:30:06] [FLEET] [aria] cecilia: DOWN (no ping response)
[2026-03-21 10:30:07] [FLEET] [aria] gematria: UP temp=C mem=5828MB disk=58%
[2026-03-21 10:30:07] [FLEET] [aria] lucidia: PING OK but SSH failed
[2026-03-21 10:30:09] [FLEET] [aria] anastasia: DOWN (no ping response)
[2026-03-21 10:30:46] [DIAL] [aria] Switchboard unreachable
[2026-03-21 10:31:01] [BEAT] [aria] load=0.04 mem=6922/8059MB temp=54.5C disk=65%
[2026-03-21 10:32:01] [BEAT] [aria] load=0.09 mem=6922/8059MB temp=54.5C disk=65%
[2026-03-21 10:33:01] [BEAT] [aria] load=0.03 mem=6925/8059MB temp=55.6C disk=65%
[2026-03-21 10:34:01] [BEAT] [aria] load=0.11 mem=6922/8059MB temp=55.6C disk=65%
[2026-03-21 10:35:01] [BEAT] [aria] load=0.62 mem=6898/8059MB temp=56.8C disk=65%
[2026-03-21 10:36:01] [BEAT] [aria] load=1.07 mem=6924/8059MB temp=55.1C disk=65%
[2026-03-21 10:37:01] [BEAT] [aria] load=0.47 mem=6928/8059MB temp=54.5C disk=65%
[2026-03-21 10:38:01] [BEAT] [aria] load=0.17 mem=6926/8059MB temp=54.5C disk=65%
[2026-03-21 10:39:01] [BEAT] [aria] load=0.54 mem=6912/8059MB temp=55.1C disk=65%
[2026-03-21 10:40:01] [FLEET] [aria] Starting cross-node health check
[2026-03-21 10:40:01] [BEAT] [aria] load=0.31 mem=6883/8059MB temp=55.1C disk=65%
[2026-03-21 10:40:03] [FLEET] [aria] alice: UP temp=39C mem=3132MB disk=85%
[2026-03-21 10:40:05] [FLEET] [aria] octavia: DOWN (no ping response)
[2026-03-21 10:40:07] [FLEET] [aria] cecilia: DOWN (no ping response)
[2026-03-21 10:40:08] [FLEET] [aria] gematria: UP temp=C mem=5830MB disk=58%
[2026-03-21 10:40:09] [FLEET] [aria] lucidia: PING OK but SSH failed
[2026-03-21 10:40:11] [FLEET] [aria] anastasia: DOWN (no ping response)
[2026-03-21 10:41:01] [BEAT] [aria] load=0.16 mem=6924/8059MB temp=55.6C disk=65%
[2026-03-21 10:42:01] [BEAT] [aria] load=0.06 mem=6924/8059MB temp=55.6C disk=65%
[2026-03-21 10:43:01] [BEAT] [aria] load=0.02 mem=6923/8059MB temp=55.6C disk=65%
[2026-03-21 10:44:01] [BEAT] [aria] load=0.09 mem=6913/8059MB temp=56.2C disk=65%
[2026-03-21 10:45:01] [BEAT] [aria] load=0.12 mem=6892/8059MB temp=56.2C disk=65%
[2026-03-21 10:45:46] [DIAL] [aria] Switchboard unreachable
[2026-03-21 10:46:01] [BEAT] [aria] load=0.12 mem=6923/8059MB temp=54.5C disk=65%
[2026-03-21 10:47:01] [BEAT] [aria] load=0.04 mem=6924/8059MB temp=55.1C disk=65%
[2026-03-21 10:48:01] [BEAT] [aria] load=0.01 mem=6926/8059MB temp=55.6C disk=65%
[2026-03-21 10:49:01] [BEAT] [aria] load=0.00 mem=6911/8059MB temp=56.2C disk=65%
[2026-03-21 10:50:01] [FLEET] [aria] Starting cross-node health check
[2026-03-21 10:50:01] [BEAT] [aria] load=0.11 mem=6891/8059MB temp=55.6C disk=65%
[2026-03-21 10:50:02] [FLEET] [aria] alice: UP temp=38C mem=3141MB disk=85%
[2026-03-21 10:50:04] [FLEET] [aria] octavia: DOWN (no ping response)
[2026-03-21 10:50:06] [FLEET] [aria] cecilia: DOWN (no ping response)
[2026-03-21 10:50:07] [FLEET] [aria] gematria: UP temp=C mem=5829MB disk=58%
[2026-03-21 10:50:08] [FLEET] [aria] lucidia: PING OK but SSH failed
[2026-03-21 10:50:10] [FLEET] [aria] anastasia: DOWN (no ping response)
[2026-03-21 10:51:01] [BEAT] [aria] load=0.04 mem=6927/8059MB temp=54.5C disk=65%
[2026-03-21 10:52:01] [BEAT] [aria] load=0.05 mem=6922/8059MB temp=56.8C disk=65%
[2026-03-21 10:53:01] [BEAT] [aria] load=0.02 mem=6920/8059MB temp=55.1C disk=65%
[2026-03-21 10:54:01] [BEAT] [aria] load=0.16 mem=6913/8059MB temp=55.1C disk=65%
[2026-03-21 10:55:01] [BEAT] [aria] load=0.26 mem=6889/8059MB temp=54.0C disk=65%
[2026-03-21 10:56:01] [BEAT] [aria] load=0.74 mem=6919/8059MB temp=52.4C disk=65%
[2026-03-21 10:57:01] [BEAT] [aria] load=0.97 mem=6922/8059MB temp=52.9C disk=65%
[2026-03-21 10:58:01] [BEAT] [aria] load=0.54 mem=6924/8059MB temp=52.4C disk=65%
[2026-03-21 10:59:01] [BEAT] [aria] load=0.25 mem=6906/8059MB temp=54.0C disk=65%
[2026-03-21 11:00:01] [FLEET] [aria] Starting cross-node health check
[2026-03-21 11:00:01] [BEAT] [aria] load=0.09 mem=6889/8059MB temp=54.0C disk=65%
[2026-03-21 11:00:02] [FLEET] [aria] alice: UP temp=36C mem=3139MB disk=85%
[2026-03-21 11:00:04] [FLEET] [aria] octavia: DOWN (no ping response)
[2026-03-21 11:00:06] [FLEET] [aria] cecilia: DOWN (no ping response)
[2026-03-21 11:00:08] [FLEET] [aria] gematria: UP temp=C mem=5814MB disk=58%
[2026-03-21 11:00:08] [FLEET] [aria] lucidia: PING OK but SSH failed
[2026-03-21 11:00:10] [FLEET] [aria] anastasia: DOWN (no ping response)
[2026-03-21 11:00:46] [DIAL] [aria] Switchboard unreachable
[2026-03-21 11:01:01] [BEAT] [aria] load=0.07 mem=6925/8059MB temp=51.8C disk=65%
[2026-03-21 11:02:01] [BEAT] [aria] load=0.31 mem=6874/8059MB temp=54.0C disk=64%
[2026-03-21 11:03:01] [BEAT] [aria] load=0.27 mem=6877/8059MB temp=51.2C disk=64%
[2026-03-21 11:04:01] [BEAT] [aria] load=0.16 mem=6866/8059MB temp=52.9C disk=64%
[2026-03-21 11:05:02] [BEAT] [aria] load=0.06 mem=6923/8059MB temp=53.5C disk=64%
[2026-03-21 11:06:01] [BEAT] [aria] load=0.07 mem=6962/8059MB temp=54.0C disk=64%
[2026-03-21 11:07:01] [BEAT] [aria] load=0.03 mem=6962/8059MB temp=53.5C disk=64%
[2026-03-21 11:08:01] [BEAT] [aria] load=0.09 mem=6962/8059MB temp=53.5C disk=64%
[2026-03-21 11:09:01] [BEAT] [aria] load=0.03 mem=6961/8059MB temp=53.5C disk=64%
[2026-03-21 11:10:01] [FLEET] [aria] Starting cross-node health check
[2026-03-21 11:10:01] [BEAT] [aria] load=0.05 mem=6933/8059MB temp=54.0C disk=64%
[2026-03-21 11:10:02] [FLEET] [aria] alice: UP temp=37C mem=3140MB disk=85%
[2026-03-21 11:10:04] [FLEET] [aria] octavia: DOWN (no ping response)
[2026-03-21 11:10:06] [FLEET] [aria] cecilia: DOWN (no ping response)
[2026-03-21 11:10:07] [FLEET] [aria] gematria: UP temp=C mem=5820MB disk=58%
[2026-03-21 11:10:08] [FLEET] [aria] lucidia: PING OK but SSH failed
[2026-03-21 11:10:10] [FLEET] [aria] anastasia: DOWN (no ping response)
[2026-03-21 11:11:01] [BEAT] [aria] load=0.09 mem=6958/8059MB temp=54.0C disk=64%
[2026-03-21 11:12:01] [BEAT] [aria] load=0.03 mem=6961/8059MB temp=55.1C disk=64%
[2026-03-21 11:13:01] [BEAT] [aria] load=0.07 mem=6960/8059MB temp=54.0C disk=64%
[2026-03-21 11:14:01] [BEAT] [aria] load=0.02 mem=6960/8059MB temp=54.0C disk=64%
[2026-03-21 11:15:01] [BEAT] [aria] load=0.04 mem=6922/8059MB temp=54.5C disk=64%
[2026-03-21 11:15:46] [DIAL] [aria] Switchboard unreachable
[2026-03-21 11:16:01] [BEAT] [aria] load=0.01 mem=6951/8059MB temp=55.1C disk=64%
[2026-03-21 11:17:01] [BEAT] [aria] load=0.70 mem=6985/8059MB temp=54.5C disk=64%
[2026-03-21 11:18:01] [BEAT] [aria] load=1.13 mem=6984/8059MB temp=53.5C disk=64%
[2026-03-21 11:19:01] [BEAT] [aria] load=0.48 mem=7027/8059MB temp=54.0C disk=64%
[2026-03-21 11:20:01] [FLEET] [aria] Starting cross-node health check
[2026-03-21 11:20:01] [BEAT] [aria] load=0.40 mem=6998/8059MB temp=54.5C disk=64%
[2026-03-21 11:20:02] [FLEET] [aria] alice: UP temp=38C mem=3144MB disk=85%
[2026-03-21 11:20:04] [FLEET] [aria] octavia: DOWN (no ping response)
[2026-03-21 11:20:06] [FLEET] [aria] cecilia: DOWN (no ping response)
[2026-03-21 11:20:08] [FLEET] [aria] gematria: UP temp=C mem=3045MB disk=58%
[2026-03-21 11:21:01] [BEAT] [aria] load=0.24 mem=7022/8059MB temp=54.0C disk=64%
[2026-03-21 11:22:01] [BEAT] [aria] load=0.19 mem=7023/8059MB temp=55.1C disk=64%
[2026-03-21 11:22:08] [FLEET] [aria] lucidia: PING OK but SSH failed
[2026-03-21 11:22:10] [FLEET] [aria] anastasia: DOWN (no ping response)
[2026-03-21 11:23:01] [BEAT] [aria] load=0.07 mem=7029/8059MB temp=54.5C disk=64%
[2026-03-21 11:24:01] [BEAT] [aria] load=0.06 mem=7029/8059MB temp=55.1C disk=64%
[2026-03-21 11:25:01] [BEAT] [aria] load=0.02 mem=6994/8059MB temp=56.2C disk=64%
[2026-03-21 11:26:01] [BEAT] [aria] load=0.01 mem=7026/8059MB temp=54.5C disk=64%
[2026-03-21 11:27:01] [BEAT] [aria] load=0.07 mem=7028/8059MB temp=54.5C disk=64%
[2026-03-21 11:28:01] [BEAT] [aria] load=0.09 mem=7028/8059MB temp=54.5C disk=64%
[2026-03-21 11:29:01] [BEAT] [aria] load=0.03 mem=7028/8059MB temp=55.1C disk=64%
[2026-03-21 11:30:01] [FLEET] [aria] Starting cross-node health check
[2026-03-21 11:30:01] [BEAT] [aria] load=0.01 mem=6994/8059MB temp=55.6C disk=64%
[2026-03-21 11:30:03] [FLEET] [aria] alice: UP temp=39C mem=3133MB disk=85%
[2026-03-21 11:30:05] [FLEET] [aria] octavia: DOWN (no ping response)
[2026-03-21 11:30:07] [FLEET] [aria] cecilia: DOWN (no ping response)
[2026-03-21 11:30:09] [FLEET] [aria] gematria: UP temp=C mem=5780MB disk=58%
[2026-03-21 11:30:09] [FLEET] [aria] lucidia: PING OK but SSH failed
[2026-03-21 11:30:11] [FLEET] [aria] anastasia: DOWN (no ping response)
[2026-03-21 11:30:46] [DIAL] [aria] Switchboard unreachable
[2026-03-21 11:31:01] [BEAT] [aria] load=0.23 mem=7025/8059MB temp=55.6C disk=64%
[2026-03-21 11:32:02] [BEAT] [aria] load=0.13 mem=7026/8059MB temp=55.1C disk=64%
[2026-03-21 11:33:01] [BEAT] [aria] load=0.08 mem=7024/8059MB temp=55.1C disk=64%
[2026-03-21 11:34:01] [BEAT] [aria] load=0.03 mem=7029/8059MB temp=56.2C disk=64%
[2026-03-21 11:35:01] [BEAT] [aria] load=0.09 mem=7003/8059MB temp=55.6C disk=64%
[2026-03-21 11:36:01] [BEAT] [aria] load=0.30 mem=7023/8059MB temp=54.5C disk=64%
[2026-03-21 11:37:01] [BEAT] [aria] load=0.11 mem=7025/8059MB temp=55.1C disk=64%
[2026-03-21 11:38:01] [BEAT] [aria] load=0.78 mem=7022/8059MB temp=54.5C disk=64%
[2026-03-21 11:39:01] [BEAT] [aria] load=1.10 mem=7024/8059MB temp=54.5C disk=64%
[2026-03-21 11:40:01] [FLEET] [aria] Starting cross-node health check
[2026-03-21 11:40:01] [BEAT] [aria] load=0.40 mem=7000/8059MB temp=55.6C disk=64%
[2026-03-21 11:40:02] [FLEET] [aria] alice: UP temp=38C mem=3127MB disk=85%
[2026-03-21 11:40:04] [FLEET] [aria] octavia: DOWN (no ping response)
[2026-03-21 11:40:06] [FLEET] [aria] cecilia: DOWN (no ping response)
[2026-03-21 11:40:08] [FLEET] [aria] gematria: UP temp=C mem=5786MB disk=58%
[2026-03-21 11:40:08] [FLEET] [aria] lucidia: PING OK but SSH failed
[2026-03-21 11:40:10] [FLEET] [aria] anastasia: DOWN (no ping response)
[2026-03-21 11:41:01] [BEAT] [aria] load=0.15 mem=7020/8059MB temp=55.6C disk=64%
[2026-03-21 11:42:01] [BEAT] [aria] load=0.12 mem=7018/8059MB temp=55.6C disk=64%
[2026-03-21 11:43:01] [BEAT] [aria] load=0.12 mem=7024/8059MB temp=55.6C disk=64%
[2026-03-21 11:44:01] [BEAT] [aria] load=0.04 mem=7020/8059MB temp=55.1C disk=64%
[2026-03-21 11:45:02] [BEAT] [aria] load=0.01 mem=6995/8059MB temp=55.1C disk=64%
[2026-03-21 11:45:47] [DIAL] [aria] Switchboard unreachable
[2026-03-21 11:46:01] [BEAT] [aria] load=0.00 mem=7018/8059MB temp=55.6C disk=64%
[2026-03-21 11:47:01] [BEAT] [aria] load=0.20 mem=7020/8059MB temp=54.5C disk=64%
[2026-03-21 11:48:01] [BEAT] [aria] load=0.07 mem=7020/8059MB temp=55.6C disk=64%
[2026-03-21 11:49:01] [BEAT] [aria] load=0.06 mem=7019/8059MB temp=54.5C disk=64%
[2026-03-21 11:50:01] [FLEET] [aria] Starting cross-node health check
[2026-03-21 11:50:01] [BEAT] [aria] load=0.06 mem=6987/8059MB temp=56.2C disk=64%
[2026-03-21 11:50:02] [FLEET] [aria] alice: UP temp=38C mem=3141MB disk=85%
[2026-03-21 11:50:04] [FLEET] [aria] octavia: DOWN (no ping response)
[2026-03-21 11:50:06] [FLEET] [aria] cecilia: DOWN (no ping response)
[2026-03-21 11:50:07] [FLEET] [aria] gematria: UP temp=C mem=5778MB disk=58%
[2026-03-21 11:50:08] [FLEET] [aria] lucidia: PING OK but SSH failed
[2026-03-21 11:50:10] [FLEET] [aria] anastasia: DOWN (no ping response)
[2026-03-21 11:51:01] [BEAT] [aria] load=0.02 mem=7021/8059MB temp=55.6C disk=64%
[2026-03-21 11:52:01] [BEAT] [aria] load=0.07 mem=7021/8059MB temp=55.6C disk=64%
[2026-03-21 11:53:01] [BEAT] [aria] load=0.02 mem=7020/8059MB temp=55.1C disk=64%
[2026-03-21 11:54:01] [BEAT] [aria] load=0.13 mem=7020/8059MB temp=54.5C disk=64%
[2026-03-21 11:54:14] [BEAT] [aria] load=0.10 mem=7020/8059MB temp=54.0C disk=64%
[2026-03-21 11:54:14] [BEAT] [aria] load=0.10 mem=7016/8059MB temp=55.1C disk=64%
[2026-03-21 11:55:01] [BEAT] [aria] load=0.09 mem=6984/8059MB temp=55.1C disk=64%
[2026-03-21 11:56:01] [BEAT] [aria] load=0.03 mem=7020/8059MB temp=53.5C disk=64%
[2026-03-21 11:57:01] [BEAT] [aria] load=0.01 mem=7018/8059MB temp=54.0C disk=64%
[2026-03-21 11:58:01] [BEAT] [aria] load=0.12 mem=7017/8059MB temp=54.0C disk=64%
[2026-03-21 11:59:01] [BEAT] [aria] load=0.93 mem=7022/8059MB temp=52.9C disk=64%
[2026-03-21 11:59:21] [BEAT] [aria] load=1.18 mem=7014/8059MB temp=53.5C disk=64%
[2026-03-21 11:59:21] [BEAT] [aria] load=1.18 mem=7012/8059MB temp=54.0C disk=64%
[2026-03-21 12:00:01] [FLEET] [aria] Starting cross-node health check
[2026-03-21 12:00:01] [BEAT] [aria] load=0.96 mem=6976/8059MB temp=55.6C disk=64%
[2026-03-21 12:00:02] [FLEET] [aria] alice: UP temp=38C mem=3130MB disk=85%
[2026-03-21 12:00:04] [FLEET] [aria] octavia: DOWN (no ping response)
[2026-03-21 12:00:06] [FLEET] [aria] cecilia: DOWN (no ping response)
[2026-03-21 12:00:07] [FLEET] [aria] gematria: UP temp=C mem=5780MB disk=58%
[2026-03-21 12:00:08] [FLEET] [aria] lucidia: PING OK but SSH failed
[2026-03-21 12:00:10] [FLEET] [aria] anastasia: DOWN (no ping response)
[2026-03-21 12:00:46] [DIAL] [aria] Switchboard unreachable
[2026-03-21 12:01:01] [BEAT] [aria] load=0.41 mem=6995/8059MB temp=53.5C disk=64%
[2026-03-21 12:02:01] [BEAT] [aria] load=0.19 mem=6980/8059MB temp=52.9C disk=64%
[2026-03-21 12:03:01] [BEAT] [aria] load=0.12 mem=6985/8059MB temp=54.5C disk=64%
[2026-03-21 12:04:02] [BEAT] [aria] load=0.09 mem=6987/8059MB temp=54.0C disk=64%
[2026-03-21 12:04:27] [BEAT] [aria] load=0.13 mem=6968/8059MB temp=54.0C disk=64%
[2026-03-21 12:04:27] [BEAT] [aria] load=0.13 mem=6967/8059MB temp=54.5C disk=64%
[2026-03-21 12:05:01] [BEAT] [aria] load=0.12 mem=6958/8059MB temp=53.5C disk=64%
[2026-03-21 12:06:01] [BEAT] [aria] load=0.12 mem=6975/8059MB temp=55.1C disk=64%
[2026-03-21 12:07:01] [BEAT] [aria] load=0.04 mem=6971/8059MB temp=54.0C disk=64%
[2026-03-21 12:08:01] [BEAT] [aria] load=0.08 mem=6971/8059MB temp=54.0C disk=64%
[2026-03-21 12:09:01] [BEAT] [aria] load=0.16 mem=6971/8059MB temp=54.0C disk=64%
[2026-03-21 12:10:01] [FLEET] [aria] Starting cross-node health check
[2026-03-21 12:10:01] [BEAT] [aria] load=0.15 mem=6935/8059MB temp=55.1C disk=64%
[2026-03-21 12:10:02] [FLEET] [aria] alice: UP temp=38C mem=3138MB disk=85%
[2026-03-21 12:10:04] [FLEET] [aria] octavia: DOWN (no ping response)
[2026-03-21 12:10:06] [FLEET] [aria] cecilia: DOWN (no ping response)
[2026-03-21 12:10:07] [FLEET] [aria] gematria: UP temp=C mem=5774MB disk=58%
[2026-03-21 12:10:08] [FLEET] [aria] lucidia: PING OK but SSH failed
[2026-03-21 12:10:10] [FLEET] [aria] anastasia: DOWN (no ping response)
[2026-03-21 12:11:01] [BEAT] [aria] load=0.05 mem=6968/8059MB temp=54.0C disk=64%
[2026-03-21 12:12:01] [BEAT] [aria] load=0.05 mem=6966/8059MB temp=54.0C disk=64%
[2026-03-21 12:13:01] [BEAT] [aria] load=0.16 mem=6971/8059MB temp=55.6C disk=64%
[2026-03-21 12:14:01] [BEAT] [aria] load=0.09 mem=6968/8059MB temp=55.1C disk=64%
[2026-03-21 12:15:01] [BEAT] [aria] load=0.19 mem=6937/8059MB temp=56.8C disk=64%
[2026-03-21 12:15:46] [DIAL] [aria] Switchboard unreachable
[2026-03-21 12:16:01] [BEAT] [aria] load=0.07 mem=6961/8059MB temp=54.5C disk=64%
[2026-03-21 12:17:01] [BEAT] [aria] load=0.02 mem=6966/8059MB temp=54.5C disk=64%
[2026-03-21 12:18:01] [BEAT] [aria] load=0.15 mem=6965/8059MB temp=55.1C disk=64%
[2026-03-21 12:19:01] [BEAT] [aria] load=0.49 mem=6967/8059MB temp=55.1C disk=64%
[2026-03-21 12:20:01] [FLEET] [aria] Starting cross-node health check
[2026-03-21 12:20:01] [BEAT] [aria] load=1.18 mem=6938/8059MB temp=56.2C disk=64%
[2026-03-21 12:20:02] [FLEET] [aria] alice: UP temp=39C mem=3138MB disk=85%
[2026-03-21 12:20:04] [FLEET] [aria] octavia: DOWN (no ping response)
[2026-03-21 12:20:06] [FLEET] [aria] cecilia: DOWN (no ping response)
[2026-03-21 12:20:09] [FLEET] [aria] gematria: UP temp=C mem=5759MB disk=58%
[2026-03-21 12:20:09] [FLEET] [aria] lucidia: PING OK but SSH failed
[2026-03-21 12:20:11] [FLEET] [aria] anastasia: DOWN (no ping response)
[2026-03-21 12:21:01] [BEAT] [aria] load=0.88 mem=6961/8059MB temp=54.5C disk=64%
[2026-03-21 12:22:01] [BEAT] [aria] load=0.48 mem=6967/8059MB temp=56.8C disk=64%
[2026-03-21 12:23:01] [BEAT] [aria] load=0.35 mem=6964/8059MB temp=55.1C disk=64%
[2026-03-21 12:24:01] [BEAT] [aria] load=0.24 mem=6961/8059MB temp=55.1C disk=64%
[2026-03-21 12:24:36] [BEAT] [aria] load=0.13 mem=6946/8059MB temp=55.1C disk=64%
[2026-03-21 12:24:36] [BEAT] [aria] load=0.13 mem=6943/8059MB temp=55.6C disk=64%
[2026-03-21 12:25:01] [BEAT] [aria] load=0.09 mem=6928/8059MB temp=56.8C disk=64%
[2026-03-21 12:26:01] [BEAT] [aria] load=0.23 mem=6966/8059MB temp=56.8C disk=64%
[2026-03-21 12:27:01] [BEAT] [aria] load=0.08 mem=6963/8059MB temp=54.5C disk=64%
[2026-03-21 12:28:01] [BEAT] [aria] load=0.16 mem=6962/8059MB temp=56.8C disk=64%
[2026-03-21 12:29:01] [BEAT] [aria] load=0.12 mem=6958/8059MB temp=55.1C disk=64%
[2026-03-21 12:29:40] [BEAT] [aria] load=0.12 mem=6948/8059MB temp=57.3C disk=64%
[2026-03-21 12:29:40] [BEAT] [aria] load=0.12 mem=6946/8059MB temp=56.2C disk=64%
[2026-03-21 12:30:01] [FLEET] [aria] Starting cross-node health check
[2026-03-21 12:30:01] [BEAT] [aria] load=0.24 mem=6926/8059MB temp=56.2C disk=64%
[2026-03-21 12:30:02] [FLEET] [aria] alice: UP temp=40C mem=3129MB disk=85%
[2026-03-21 12:30:04] [FLEET] [aria] octavia: DOWN (no ping response)
[2026-03-21 12:30:06] [FLEET] [aria] cecilia: DOWN (no ping response)
[2026-03-21 12:30:08] [FLEET] [aria] gematria: UP temp=C mem=5775MB disk=58%
[2026-03-21 12:30:08] [FLEET] [aria] lucidia: PING OK but SSH failed
[2026-03-21 12:30:10] [FLEET] [aria] anastasia: DOWN (no ping response)
[2026-03-21 12:30:47] [DIAL] [aria] Switchboard unreachable
[2026-03-21 12:31:01] [BEAT] [aria] load=0.24 mem=6956/8059MB temp=55.6C disk=64%
[2026-03-21 12:32:01] [BEAT] [aria] load=0.09 mem=6958/8059MB temp=55.1C disk=64%
[2026-03-21 12:33:01] [BEAT] [aria] load=0.06 mem=6957/8059MB temp=55.6C disk=64%
[2026-03-21 12:34:01] [BEAT] [aria] load=0.12 mem=6959/8059MB temp=55.1C disk=64%
[2026-03-21 12:34:44] [BEAT] [aria] load=0.13 mem=6941/8059MB temp=57.9C disk=64%
[2026-03-21 12:34:44] [BEAT] [aria] load=0.13 mem=6939/8059MB temp=55.6C disk=64%
[2026-03-21 12:35:01] [BEAT] [aria] load=0.09 mem=6929/8059MB temp=56.8C disk=64%
[2026-03-21 12:36:01] [BEAT] [aria] load=0.03 mem=6953/8059MB temp=56.2C disk=64%
[2026-03-21 12:37:01] [BEAT] [aria] load=0.01 mem=6954/8059MB temp=55.6C disk=64%
[2026-03-21 12:38:01] [BEAT] [aria] load=0.18 mem=6952/8059MB temp=55.1C disk=64%
[2026-03-21 12:39:01] [BEAT] [aria] load=0.12 mem=6955/8059MB temp=55.1C disk=64%
[2026-03-21 12:39:48] [BEAT] [aria] load=0.28 mem=6939/8059MB temp=56.2C disk=64%
[2026-03-21 12:39:48] [BEAT] [aria] load=0.28 mem=6938/8059MB temp=56.2C disk=64%
[2026-03-21 12:40:01] [FLEET] [aria] Starting cross-node health check
[2026-03-21 12:40:01] [BEAT] [aria] load=0.51 mem=6918/8059MB temp=56.8C disk=64%
[2026-03-21 12:40:02] [FLEET] [aria] alice: UP temp=40C mem=3133MB disk=85%
[2026-03-21 12:40:04] [FLEET] [aria] octavia: DOWN (no ping response)
[2026-03-21 12:40:06] [FLEET] [aria] cecilia: DOWN (no ping response)
[2026-03-21 12:40:08] [FLEET] [aria] gematria: UP temp=C mem=5790MB disk=58%
[2026-03-21 12:40:08] [FLEET] [aria] lucidia: PING OK but SSH failed
[2026-03-21 12:40:10] [FLEET] [aria] anastasia: DOWN (no ping response)
[2026-03-21 12:41:01] [BEAT] [aria] load=0.90 mem=6952/8059MB temp=57.3C disk=64%
[2026-03-21 12:42:01] [BEAT] [aria] load=0.46 mem=6954/8059MB temp=55.1C disk=64%
[2026-03-21 12:43:01] [BEAT] [aria] load=0.17 mem=6953/8059MB temp=55.6C disk=64%
[2026-03-21 12:44:01] [BEAT] [aria] load=0.44 mem=6949/8059MB temp=54.0C disk=64%
[2026-03-21 12:44:53] [BEAT] [aria] load=0.49 mem=6942/8059MB temp=55.6C disk=64%
[2026-03-21 12:44:53] [BEAT] [aria] load=0.49 mem=6941/8059MB temp=56.2C disk=64%
[2026-03-21 12:45:01] [BEAT] [aria] load=0.41 mem=6912/8059MB temp=56.8C disk=64%
[2026-03-21 12:45:46] [DIAL] [aria] Switchboard unreachable
[2026-03-21 12:46:01] [BEAT] [aria] load=0.29 mem=6943/8059MB temp=55.6C disk=64%
[2026-03-21 12:47:01] [BEAT] [aria] load=0.18 mem=6948/8059MB temp=56.2C disk=64%
[2026-03-21 12:48:01] [BEAT] [aria] load=0.07 mem=6947/8059MB temp=55.1C disk=64%
[2026-03-21 12:49:02] [BEAT] [aria] load=0.15 mem=6946/8059MB temp=55.6C disk=64%
[2026-03-21 12:49:57] [BEAT] [aria] load=0.25 mem=6941/8059MB temp=56.2C disk=64%
[2026-03-21 12:49:57] [BEAT] [aria] load=0.25 mem=6939/8059MB temp=56.2C disk=64%
[2026-03-21 12:50:01] [FLEET] [aria] Starting cross-node health check
[2026-03-21 12:50:01] [BEAT] [aria] load=0.25 mem=6914/8059MB temp=57.3C disk=64%
[2026-03-21 12:50:01] [FLEET] [aria] alice: UP temp=40C mem=3135MB disk=85%
[2026-03-21 12:50:03] [FLEET] [aria] octavia: DOWN (no ping response)
[2026-03-21 12:50:05] [FLEET] [aria] cecilia: DOWN (no ping response)
[2026-03-21 12:50:07] [FLEET] [aria] gematria: UP temp=C mem=5778MB disk=58%
[2026-03-21 12:50:07] [FLEET] [aria] lucidia: PING OK but SSH failed
[2026-03-21 12:50:09] [FLEET] [aria] anastasia: DOWN (no ping response)
[2026-03-21 12:51:01] [BEAT] [aria] load=0.27 mem=6944/8059MB temp=56.2C disk=64%
[2026-03-21 12:52:01] [BEAT] [aria] load=0.10 mem=6946/8059MB temp=55.6C disk=64%
[2026-03-21 12:53:01] [BEAT] [aria] load=0.03 mem=6944/8059MB temp=55.1C disk=64%
[2026-03-21 12:54:01] [BEAT] [aria] load=0.01 mem=6922/8059MB temp=54.5C disk=64%
[2026-03-21 12:55:01] [BEAT] [aria] load=0.09 mem=6898/8059MB temp=55.6C disk=64%
[2026-03-21 12:55:04] [BEAT] [aria] load=0.08 mem=6848/8059MB temp=55.1C disk=64%
[2026-03-21 12:55:04] [BEAT] [aria] load=0.08 mem=6847/8059MB temp=55.6C disk=64%
[2026-03-21 12:56:01] [BEAT] [aria] load=0.10 mem=6924/8059MB temp=54.0C disk=64%
[2026-03-21 12:57:01] [BEAT] [aria] load=0.07 mem=6929/8059MB temp=53.5C disk=64%
[2026-03-21 12:58:01] [BEAT] [aria] load=0.10 mem=6992/8059MB temp=54.0C disk=64%
[2026-03-21 12:59:01] [BEAT] [aria] load=0.04 mem=6992/8059MB temp=54.0C disk=64%
[2026-03-21 13:00:01] [FLEET] [aria] Starting cross-node health check
[2026-03-21 13:00:01] [BEAT] [aria] load=0.13 mem=6956/8059MB temp=54.5C disk=64%
[2026-03-21 13:00:02] [FLEET] [aria] alice: UP temp=40C mem=3130MB disk=85%
[2026-03-21 13:00:04] [FLEET] [aria] octavia: DOWN (no ping response)
[2026-03-21 13:00:06] [FLEET] [aria] cecilia: DOWN (no ping response)
[2026-03-21 13:00:08] [FLEET] [aria] gematria: UP temp=C mem=5777MB disk=58%
[2026-03-21 13:00:08] [FLEET] [aria] lucidia: PING OK but SSH failed
[2026-03-21 13:00:09] [BEAT] [aria] load=0.18 mem=6957/8059MB temp=54.0C disk=64%
[2026-03-21 13:00:09] [BEAT] [aria] load=0.18 mem=6956/8059MB temp=54.0C disk=64%
[2026-03-21 13:00:10] [FLEET] [aria] anastasia: DOWN (no ping response)
[2026-03-21 13:00:46] [DIAL] [aria] Switchboard unreachable
[2026-03-21 13:01:01] [BEAT] [aria] load=0.54 mem=6993/8059MB temp=54.5C disk=64%
[2026-03-21 13:02:01] [BEAT] [aria] load=1.38 mem=6996/8059MB temp=54.5C disk=64%
[2026-03-21 13:03:01] [BEAT] [aria] load=0.82 mem=6994/8059MB temp=52.9C disk=64%
[2026-03-21 13:04:01] [BEAT] [aria] load=0.30 mem=6994/8059MB temp=54.0C disk=64%
[2026-03-21 13:05:01] [BEAT] [aria] load=0.18 mem=6966/8059MB temp=55.1C disk=64%
[2026-03-21 13:05:16] [BEAT] [aria] load=0.20 mem=6985/8059MB temp=54.5C disk=64%
[2026-03-21 13:05:16] [BEAT] [aria] load=0.20 mem=6983/8059MB temp=54.5C disk=64%
[2026-03-21 13:06:01] [BEAT] [aria] load=0.10 mem=6992/8059MB temp=55.1C disk=64%
[2026-03-21 13:07:01] [BEAT] [aria] load=0.09 mem=6991/8059MB temp=54.0C disk=64%
[2026-03-21 13:08:01] [BEAT] [aria] load=0.03 mem=6992/8059MB temp=55.6C disk=64%
[2026-03-21 13:09:01] [BEAT] [aria] load=0.01 mem=6997/8059MB temp=54.5C disk=64%
[2026-03-21 13:10:01] [FLEET] [aria] Starting cross-node health check
[2026-03-21 13:10:01] [BEAT] [aria] load=0.00 mem=6964/8059MB temp=54.0C disk=64%
[2026-03-21 13:10:01] [FLEET] [aria] alice: UP temp=38C mem=3134MB disk=85%
[2026-03-21 13:10:03] [FLEET] [aria] octavia: DOWN (no ping response)
[2026-03-21 13:10:05] [FLEET] [aria] cecilia: DOWN (no ping response)
[2026-03-21 13:10:07] [FLEET] [aria] gematria: UP temp=C mem=5796MB disk=58%
[2026-03-21 13:10:07] [FLEET] [aria] lucidia: PING OK but SSH failed
[2026-03-21 13:10:09] [FLEET] [aria] anastasia: DOWN (no ping response)
[2026-03-21 13:10:22] [BEAT] [aria] load=0.14 mem=6989/8059MB temp=55.1C disk=64%
[2026-03-21 13:10:22] [BEAT] [aria] load=0.14 mem=6986/8059MB temp=55.6C disk=64%
[2026-03-21 13:11:01] [BEAT] [aria] load=0.07 mem=6992/8059MB temp=54.0C disk=64%
[2026-03-21 13:12:01] [BEAT] [aria] load=0.18 mem=6995/8059MB temp=55.1C disk=64%
[2026-03-21 13:13:01] [BEAT] [aria] load=0.06 mem=6994/8059MB temp=54.5C disk=64%
[2026-03-21 13:14:01] [BEAT] [aria] load=0.02 mem=6993/8059MB temp=54.5C disk=64%
[2026-03-21 13:15:01] [BEAT] [aria] load=0.09 mem=6960/8059MB temp=56.8C disk=64%
[2026-03-21 13:15:28] [BEAT] [aria] load=0.13 mem=6984/8059MB temp=55.6C disk=64%
[2026-03-21 13:15:28] [BEAT] [aria] load=0.13 mem=6981/8059MB temp=55.1C disk=64%
[2026-03-21 13:15:46] [DIAL] [aria] Switchboard unreachable
[2026-03-21 13:16:01] [BEAT] [aria] load=0.08 mem=6992/8059MB temp=55.1C disk=64%
[2026-03-21 13:17:01] [BEAT] [aria] load=0.17 mem=6993/8059MB temp=56.8C disk=64%
[2026-03-21 13:18:02] [BEAT] [aria] load=0.10 mem=6998/8059MB temp=55.1C disk=64%
[2026-03-21 13:19:01] [BEAT] [aria] load=0.08 mem=6992/8059MB temp=56.8C disk=64%
[2026-03-21 13:20:01] [FLEET] [aria] Starting cross-node health check
[2026-03-21 13:20:01] [BEAT] [aria] load=0.03 mem=6963/8059MB temp=57.3C disk=64%
[2026-03-21 13:20:01] [FLEET] [aria] alice: UP temp=38C mem=3132MB disk=85%
[2026-03-21 13:20:03] [FLEET] [aria] octavia: DOWN (no ping response)
[2026-03-21 13:20:05] [FLEET] [aria] cecilia: DOWN (no ping response)
[2026-03-21 13:20:09] [FLEET] [aria] gematria: UP temp=C mem=5805MB disk=58%
[2026-03-21 13:20:09] [FLEET] [aria] lucidia: PING OK but SSH failed
[2026-03-21 13:20:11] [FLEET] [aria] anastasia: DOWN (no ping response)
[2026-03-21 13:21:01] [BEAT] [aria] load=0.33 mem=6993/8059MB temp=55.6C disk=64%
[2026-03-21 13:21:34] [BEAT] [aria] load=0.41 mem=6995/8059MB temp=54.0C disk=64%
[2026-03-21 13:21:34] [BEAT] [aria] load=0.41 mem=6992/8059MB temp=55.6C disk=64%
[2026-03-21 13:22:01] [BEAT] [aria] load=0.61 mem=6993/8059MB temp=55.1C disk=64%
[2026-03-21 13:23:01] [BEAT] [aria] load=1.16 mem=6993/8059MB temp=56.2C disk=64%
[2026-03-21 13:24:01] [BEAT] [aria] load=0.42 mem=6995/8059MB temp=55.1C disk=64%
[2026-03-21 13:25:02] [BEAT] [aria] load=0.23 mem=6957/8059MB temp=55.6C disk=64%
[2026-03-21 13:26:01] [BEAT] [aria] load=0.08 mem=6995/8059MB temp=55.6C disk=64%
[2026-03-21 13:26:47] [BEAT] [aria] load=0.08 mem=6991/8059MB temp=56.2C disk=64%
[2026-03-21 13:26:47] [BEAT] [aria] load=0.08 mem=6988/8059MB temp=57.3C disk=64%
[2026-03-21 13:27:01] [BEAT] [aria] load=0.06 mem=6986/8059MB temp=55.6C disk=64%
[2026-03-21 13:28:01] [BEAT] [aria] load=0.22 mem=6988/8059MB temp=55.6C disk=64%
[2026-03-21 13:29:01] [BEAT] [aria] load=0.08 mem=6986/8059MB temp=55.1C disk=64%
[2026-03-21 13:30:01] [FLEET] [aria] Starting cross-node health check
[2026-03-21 13:30:01] [BEAT] [aria] load=0.03 mem=6954/8059MB temp=57.9C disk=64%
[2026-03-21 13:30:02] [FLEET] [aria] alice: UP temp=38C mem=3133MB disk=85%
[2026-03-21 13:30:04] [FLEET] [aria] octavia: DOWN (no ping response)
[2026-03-21 13:30:06] [FLEET] [aria] cecilia: DOWN (no ping response)
[2026-03-21 13:30:08] [FLEET] [aria] gematria: UP temp=C mem=3848MB disk=58%
[2026-03-21 13:30:08] [FLEET] [aria] lucidia: PING OK but SSH failed
[2026-03-21 13:30:10] [FLEET] [aria] anastasia: DOWN (no ping response)
[2026-03-21 13:30:46] [DIAL] [aria] Switchboard unreachable
[2026-03-21 13:31:01] [BEAT] [aria] load=0.01 mem=6988/8059MB temp=55.6C disk=64%
[2026-03-21 13:31:50] [BEAT] [aria] load=0.06 mem=6991/8059MB temp=55.1C disk=64%
[2026-03-21 13:31:50] [BEAT] [aria] load=0.06 mem=6989/8059MB temp=56.2C disk=64%
[2026-03-21 13:32:01] [BEAT] [aria] load=0.12 mem=6990/8059MB temp=55.6C disk=64%
[2026-03-21 13:33:01] [BEAT] [aria] load=0.04 mem=6989/8059MB temp=55.6C disk=64%
[2026-03-21 13:34:01] [BEAT] [aria] load=0.05 mem=6992/8059MB temp=55.6C disk=64%
[2026-03-21 13:35:01] [BEAT] [aria] load=0.11 mem=6954/8059MB temp=56.8C disk=64%
[2026-03-21 13:36:01] [BEAT] [aria] load=0.15 mem=6985/8059MB temp=55.6C disk=64%
[2026-03-21 13:36:54] [BEAT] [aria] load=0.13 mem=6985/8059MB temp=55.6C disk=64%
[2026-03-21 13:36:54] [BEAT] [aria] load=0.13 mem=6983/8059MB temp=57.3C disk=64%
[2026-03-21 13:37:01] [BEAT] [aria] load=0.12 mem=6981/8059MB temp=56.8C disk=64%
[2026-03-21 13:38:01] [BEAT] [aria] load=0.04 mem=6989/8059MB temp=56.8C disk=64%
[2026-03-21 13:39:01] [BEAT] [aria] load=0.07 mem=6991/8059MB temp=55.6C disk=64%
[2026-03-21 13:40:01] [FLEET] [aria] Starting cross-node health check
[2026-03-21 13:40:01] [BEAT] [aria] load=0.02 mem=6951/8059MB temp=56.8C disk=64%
[2026-03-21 13:40:02] [FLEET] [aria] alice: UP temp=38C mem=3132MB disk=85%
[2026-03-21 13:40:04] [FLEET] [aria] octavia: DOWN (no ping response)
[2026-03-21 13:40:06] [FLEET] [aria] cecilia: DOWN (no ping response)
[2026-03-21 13:40:07] [FLEET] [aria] gematria: UP temp=C mem=5831MB disk=58%
[2026-03-21 13:40:07] [FLEET] [aria] lucidia: PING OK but SSH failed
[2026-03-21 13:40:09] [FLEET] [aria] anastasia: DOWN (no ping response)
[2026-03-21 13:41:02] [BEAT] [aria] load=0.01 mem=6990/8059MB temp=55.6C disk=64%
[2026-03-21 13:41:59] [BEAT] [aria] load=0.00 mem=6990/8059MB temp=57.3C disk=64%
[2026-03-21 13:41:59] [BEAT] [aria] load=0.00 mem=6987/8059MB temp=56.2C disk=64%
[2026-03-21 13:42:01] [BEAT] [aria] load=0.00 mem=6975/8059MB temp=56.8C disk=64%
[2026-03-21 13:43:01] [BEAT] [aria] load=0.77 mem=6985/8059MB temp=57.3C disk=64%
[2026-03-21 13:44:01] [BEAT] [aria] load=1.00 mem=6988/8059MB temp=56.2C disk=64%
[2026-03-21 13:45:01] [BEAT] [aria] load=0.37 mem=6964/8059MB temp=56.8C disk=64%
[2026-03-21 13:45:46] [DIAL] [aria] Switchboard unreachable
[2026-03-21 13:46:01] [BEAT] [aria] load=0.23 mem=6986/8059MB temp=55.6C disk=64%
[2026-03-21 13:47:01] [BEAT] [aria] load=0.19 mem=6988/8059MB temp=56.2C disk=64%
[2026-03-21 13:47:05] [BEAT] [aria] load=0.18 mem=6988/8059MB temp=55.6C disk=64%
[2026-03-21 13:47:05] [BEAT] [aria] load=0.18 mem=6987/8059MB temp=56.8C disk=64%
[2026-03-21 13:48:01] [BEAT] [aria] load=0.12 mem=6985/8059MB temp=56.8C disk=64%
[2026-03-21 13:49:01] [BEAT] [aria] load=0.11 mem=6990/8059MB temp=57.9C disk=64%
[2026-03-21 13:50:01] [FLEET] [aria] Starting cross-node health check
[2026-03-21 13:50:01] [BEAT] [aria] load=0.11 mem=6956/8059MB temp=55.6C disk=64%
[2026-03-21 13:50:02] [FLEET] [aria] alice: UP temp=38C mem=3134MB disk=85%
[2026-03-21 13:50:04] [FLEET] [aria] octavia: DOWN (no ping response)
[2026-03-21 13:50:06] [FLEET] [aria] cecilia: DOWN (no ping response)
[2026-03-21 13:50:07] [FLEET] [aria] gematria: UP temp=C mem=5778MB disk=58%
[2026-03-21 13:50:07] [FLEET] [aria] lucidia: PING OK but SSH failed
[2026-03-21 13:50:09] [FLEET] [aria] anastasia: DOWN (no ping response)
[2026-03-21 13:51:01] [BEAT] [aria] load=0.15 mem=6986/8059MB temp=56.2C disk=64%
[2026-03-21 13:52:01] [BEAT] [aria] load=0.05 mem=6989/8059MB temp=56.8C disk=64%
[2026-03-21 13:52:11] [BEAT] [aria] load=0.05 mem=6991/8059MB temp=56.8C disk=64%
[2026-03-21 13:52:11] [BEAT] [aria] load=0.05 mem=6986/8059MB temp=56.2C disk=64%
[2026-03-21 13:53:01] [BEAT] [aria] load=0.09 mem=6989/8059MB temp=55.1C disk=64%
[2026-03-21 13:54:01] [BEAT] [aria] load=0.03 mem=6986/8059MB temp=55.6C disk=64%
[2026-03-21 13:55:01] [BEAT] [aria] load=0.01 mem=6967/8059MB temp=55.6C disk=64%
[2026-03-21 13:56:01] [BEAT] [aria] load=0.00 mem=6989/8059MB temp=55.1C disk=64%
[2026-03-21 13:57:01] [BEAT] [aria] load=0.09 mem=6988/8059MB temp=54.0C disk=64%
[2026-03-21 13:57:16] [BEAT] [aria] load=0.07 mem=6987/8059MB temp=54.5C disk=64%
[2026-03-21 13:57:16] [BEAT] [aria] load=0.07 mem=6986/8059MB temp=54.0C disk=64%
[2026-03-21 13:58:01] [BEAT] [aria] load=0.03 mem=6988/8059MB temp=53.5C disk=64%
[2026-03-21 13:59:01] [BEAT] [aria] load=0.04 mem=6989/8059MB temp=54.0C disk=64%
[2026-03-21 14:00:01] [FLEET] [aria] Starting cross-node health check
[2026-03-21 14:00:01] [BEAT] [aria] load=0.01 mem=6959/8059MB temp=55.6C disk=64%
[2026-03-21 14:00:01] [FLEET] [aria] alice: UP temp=37C mem=3135MB disk=85%
[2026-03-21 14:00:03] [FLEET] [aria] octavia: DOWN (no ping response)
[2026-03-21 14:00:05] [FLEET] [aria] cecilia: DOWN (no ping response)
[2026-03-21 14:00:07] [FLEET] [aria] gematria: UP temp=C mem=5760MB disk=58%
[2026-03-21 14:00:08] [FLEET] [aria] lucidia: PING OK but SSH failed
[2026-03-21 14:00:10] [FLEET] [aria] anastasia: DOWN (no ping response)
[2026-03-21 14:00:46] [DIAL] [aria] Switchboard unreachable
[2026-03-21 14:01:01] [BEAT] [aria] load=0.04 mem=6988/8059MB temp=54.5C disk=64%
[2026-03-21 14:02:01] [BEAT] [aria] load=0.21 mem=6990/8059MB temp=53.5C disk=64%
[2026-03-21 14:02:22] [BEAT] [aria] load=0.15 mem=6990/8059MB temp=54.0C disk=64%
[2026-03-21 14:02:22] [BEAT] [aria] load=0.15 mem=6989/8059MB temp=55.1C disk=64%
[2026-03-21 14:03:01] [BEAT] [aria] load=0.08 mem=6986/8059MB temp=53.5C disk=64%
[2026-03-21 14:04:01] [BEAT] [aria] load=0.85 mem=6979/8059MB temp=54.0C disk=64%
[2026-03-21 14:05:01] [BEAT] [aria] load=0.91 mem=6964/8059MB temp=56.8C disk=64%
[2026-03-21 14:06:01] [BEAT] [aria] load=0.37 mem=6966/8059MB temp=55.1C disk=64%
[2026-03-21 14:07:01] [BEAT] [aria] load=0.13 mem=6964/8059MB temp=55.6C disk=64%
[2026-03-21 14:07:29] [BEAT] [aria] load=0.14 mem=6961/8059MB temp=55.1C disk=64%
[2026-03-21 14:07:29] [BEAT] [aria] load=0.14 mem=6959/8059MB temp=54.5C disk=64%
[2026-03-21 14:08:01] [BEAT] [aria] load=0.13 mem=6961/8059MB temp=56.2C disk=64%
[2026-03-21 14:09:02] [BEAT] [aria] load=0.11 mem=6967/8059MB temp=55.1C disk=64%
[2026-03-21 14:10:02] [FLEET] [aria] Starting cross-node health check
[2026-03-21 14:10:02] [BEAT] [aria] load=0.07 mem=6938/8059MB temp=55.6C disk=64%
[2026-03-21 14:10:02] [FLEET] [aria] alice: UP temp=40C mem=3134MB disk=85%
[2026-03-21 14:10:04] [FLEET] [aria] octavia: DOWN (no ping response)
[2026-03-21 14:10:06] [FLEET] [aria] cecilia: DOWN (no ping response)
[2026-03-21 14:10:08] [FLEET] [aria] gematria: UP temp=C mem=5749MB disk=58%
[2026-03-21 14:10:08] [FLEET] [aria] lucidia: PING OK but SSH failed
[2026-03-21 14:10:10] [FLEET] [aria] anastasia: DOWN (no ping response)
[2026-03-21 14:11:01] [BEAT] [aria] load=0.09 mem=6960/8059MB temp=57.3C disk=64%
[2026-03-21 14:12:01] [BEAT] [aria] load=0.03 mem=6967/8059MB temp=56.2C disk=64%
[2026-03-21 14:12:34] [BEAT] [aria] load=0.17 mem=6967/8059MB temp=55.6C disk=64%
[2026-03-21 14:12:34] [BEAT] [aria] load=0.17 mem=6965/8059MB temp=55.6C disk=64%
[2026-03-21 14:13:01] [BEAT] [aria] load=0.10 mem=6967/8059MB temp=54.5C disk=64%
[2026-03-21 14:14:01] [BEAT] [aria] load=0.04 mem=6971/8059MB temp=55.6C disk=64%
[2026-03-21 14:15:01] [BEAT] [aria] load=0.05 mem=6930/8059MB temp=56.2C disk=64%
[2026-03-21 14:15:46] [DIAL] [aria] Switchboard unreachable
[2026-03-21 14:16:01] [BEAT] [aria] load=0.02 mem=6969/8059MB temp=55.6C disk=64%
[2026-03-21 14:17:01] [BEAT] [aria] load=0.00 mem=6967/8059MB temp=55.6C disk=64%
[2026-03-21 14:17:40] [BEAT] [aria] load=0.00 mem=6967/8059MB temp=55.6C disk=64%
[2026-03-21 14:17:40] [BEAT] [aria] load=0.00 mem=6965/8059MB temp=55.6C disk=64%
[2026-03-21 14:18:01] [BEAT] [aria] load=0.25 mem=6970/8059MB temp=55.6C disk=64%
[2026-03-21 14:19:01] [BEAT] [aria] load=0.09 mem=6969/8059MB temp=56.8C disk=64%
[2026-03-21 14:20:01] [FLEET] [aria] Starting cross-node health check
[2026-03-21 14:20:01] [BEAT] [aria] load=0.23 mem=6936/8059MB temp=55.1C disk=64%
[2026-03-21 14:20:02] [FLEET] [aria] alice: UP temp=38C mem=3131MB disk=85%
[2026-03-21 14:20:04] [FLEET] [aria] octavia: DOWN (no ping response)
[2026-03-21 14:20:06] [FLEET] [aria] cecilia: DOWN (no ping response)
[2026-03-21 14:20:08] [FLEET] [aria] gematria: UP temp=C mem=5755MB disk=58%
[2026-03-21 14:20:08] [FLEET] [aria] lucidia: PING OK but SSH failed
[2026-03-21 14:20:10] [FLEET] [aria] anastasia: DOWN (no ping response)
[2026-03-21 14:21:01] [BEAT] [aria] load=0.12 mem=6969/8059MB temp=55.1C disk=64%
[2026-03-21 14:22:01] [BEAT] [aria] load=0.08 mem=6966/8059MB temp=56.8C disk=64%
[2026-03-21 14:22:46] [BEAT] [aria] load=0.03 mem=6965/8059MB temp=56.2C disk=64%
[2026-03-21 14:22:46] [BEAT] [aria] load=0.03 mem=6964/8059MB temp=56.8C disk=64%
[2026-03-21 14:23:01] [BEAT] [aria] load=0.03 mem=6960/8059MB temp=55.1C disk=64%
[2026-03-21 14:24:01] [BEAT] [aria] load=0.19 mem=6964/8059MB temp=55.6C disk=64%
[2026-03-21 14:25:01] [BEAT] [aria] load=0.81 mem=6937/8059MB temp=56.8C disk=64%
[2026-03-21 14:26:01] [BEAT] [aria] load=0.63 mem=6965/8059MB temp=56.2C disk=64%
[2026-03-21 14:27:01] [BEAT] [aria] load=0.40 mem=6965/8059MB temp=55.6C disk=64%
[2026-03-21 14:27:53] [BEAT] [aria] load=0.33 mem=6966/8059MB temp=56.2C disk=64%
[2026-03-21 14:27:53] [BEAT] [aria] load=0.33 mem=6965/8059MB temp=56.2C disk=64%
[2026-03-21 14:28:02] [BEAT] [aria] load=0.28 mem=6960/8059MB temp=57.3C disk=64%
[2026-03-21 14:29:02] [BEAT] [aria] load=0.15 mem=6968/8059MB temp=56.2C disk=64%
[2026-03-21 14:30:01] [FLEET] [aria] Starting cross-node health check
[2026-03-21 14:30:01] [BEAT] [aria] load=0.06 mem=6933/8059MB temp=56.2C disk=64%
[2026-03-21 14:30:02] [FLEET] [aria] alice: UP temp=39C mem=3122MB disk=85%
[2026-03-21 14:30:04] [FLEET] [aria] octavia: DOWN (no ping response)
[2026-03-21 14:30:06] [FLEET] [aria] cecilia: DOWN (no ping response)
[2026-03-21 14:30:07] [FLEET] [aria] gematria: UP temp=C mem=5707MB disk=58%
[2026-03-21 14:30:08] [FLEET] [aria] lucidia: PING OK but SSH failed
[2026-03-21 14:30:10] [FLEET] [aria] anastasia: DOWN (no ping response)
[2026-03-21 14:30:46] [DIAL] [aria] Switchboard unreachable
[2026-03-21 14:31:01] [BEAT] [aria] load=0.13 mem=6966/8059MB temp=55.6C disk=64%
[2026-03-21 14:32:01] [BEAT] [aria] load=0.05 mem=6970/8059MB temp=57.9C disk=64%
[2026-03-21 14:32:59] [BEAT] [aria] load=0.02 mem=6968/8059MB temp=56.2C disk=64%
[2026-03-21 14:32:59] [BEAT] [aria] load=0.02 mem=6967/8059MB temp=56.8C disk=64%
[2026-03-21 14:33:01] [BEAT] [aria] load=0.02 mem=6950/8059MB temp=56.2C disk=64%
[2026-03-21 14:34:01] [BEAT] [aria] load=0.07 mem=6968/8059MB temp=54.5C disk=64%
[2026-03-21 14:35:01] [BEAT] [aria] load=0.02 mem=6940/8059MB temp=56.8C disk=64%
[2026-03-21 14:36:01] [BEAT] [aria] load=0.10 mem=6969/8059MB temp=56.2C disk=64%
[2026-03-21 14:37:01] [BEAT] [aria] load=0.04 mem=6969/8059MB temp=56.8C disk=64%
[2026-03-21 14:38:01] [BEAT] [aria] load=0.01 mem=6972/8059MB temp=55.6C disk=64%
[2026-03-21 14:38:03] [BEAT] [aria] load=0.01 mem=6968/8059MB temp=56.8C disk=64%
[2026-03-21 14:38:03] [BEAT] [aria] load=0.01 mem=6965/8059MB temp=56.2C disk=64%
[2026-03-21 14:39:01] [BEAT] [aria] load=0.00 mem=6961/8059MB temp=55.6C disk=64%
[2026-03-21 14:40:01] [FLEET] [aria] Starting cross-node health check
[2026-03-21 14:40:01] [BEAT] [aria] load=0.03 mem=6935/8059MB temp=57.3C disk=64%
[2026-03-21 14:40:02] [FLEET] [aria] alice: UP temp=39C mem=3127MB disk=85%
[2026-03-21 14:40:04] [FLEET] [aria] octavia: DOWN (no ping response)
[2026-03-21 14:40:06] [FLEET] [aria] cecilia: DOWN (no ping response)
[2026-03-21 14:40:07] [FLEET] [aria] gematria: UP temp=C mem=5736MB disk=58%
[2026-03-21 14:40:08] [FLEET] [aria] lucidia: PING OK but SSH failed
[2026-03-21 14:40:10] [FLEET] [aria] anastasia: DOWN (no ping response)
[2026-03-21 14:41:01] [BEAT] [aria] load=0.12 mem=6967/8059MB temp=56.2C disk=64%
[2026-03-21 14:42:01] [BEAT] [aria] load=0.04 mem=6969/8059MB temp=56.2C disk=64%
[2026-03-21 14:43:01] [BEAT] [aria] load=0.01 mem=6968/8059MB temp=56.2C disk=64%
[2026-03-21 14:43:07] [BEAT] [aria] load=0.01 mem=6967/8059MB temp=56.2C disk=64%
[2026-03-21 14:43:07] [BEAT] [aria] load=0.01 mem=6965/8059MB temp=56.8C disk=64%
[2026-03-21 14:44:01] [BEAT] [aria] load=0.00 mem=6967/8059MB temp=56.2C disk=64%
[2026-03-21 14:45:01] [BEAT] [aria] load=0.41 mem=6941/8059MB temp=56.2C disk=64%
[2026-03-21 14:45:46] [DIAL] [aria] Switchboard unreachable
[2026-03-21 14:46:01] [BEAT] [aria] load=0.78 mem=6966/8059MB temp=56.2C disk=64%
[2026-03-21 14:47:01] [BEAT] [aria] load=0.76 mem=6971/8059MB temp=56.2C disk=64%
[2026-03-21 14:48:01] [BEAT] [aria] load=0.35 mem=6968/8059MB temp=56.2C disk=64%
[2026-03-21 14:48:11] [BEAT] [aria] load=0.29 mem=6967/8059MB temp=56.8C disk=64%
[2026-03-21 14:48:11] [BEAT] [aria] load=0.29 mem=6965/8059MB temp=56.8C disk=64%
[2026-03-21 14:49:01] [BEAT] [aria] load=0.16 mem=6967/8059MB temp=56.8C disk=64%
[2026-03-21 14:50:01] [FLEET] [aria] Starting cross-node health check
[2026-03-21 14:50:01] [BEAT] [aria] load=0.13 mem=6933/8059MB temp=57.3C disk=64%
[2026-03-21 14:50:02] [FLEET] [aria] alice: UP temp=39C mem=3128MB disk=85%
[2026-03-21 14:50:04] [FLEET] [aria] octavia: DOWN (no ping response)
[2026-03-21 14:50:06] [FLEET] [aria] cecilia: DOWN (no ping response)
[2026-03-21 14:50:08] [FLEET] [aria] gematria: UP temp=C mem=5761MB disk=58%
[2026-03-21 14:50:08] [FLEET] [aria] lucidia: PING OK but SSH failed
[2026-03-21 14:50:10] [FLEET] [aria] anastasia: DOWN (no ping response)
[2026-03-21 14:51:01] [BEAT] [aria] load=0.14 mem=6963/8059MB temp=56.2C disk=64%
[2026-03-21 14:52:01] [BEAT] [aria] load=0.10 mem=6966/8059MB temp=56.8C disk=64%
[2026-03-21 14:53:01] [BEAT] [aria] load=0.04 mem=6972/8059MB temp=56.2C disk=64%
[2026-03-21 14:53:17] [BEAT] [aria] load=0.02 mem=6963/8059MB temp=56.2C disk=64%
[2026-03-21 14:53:17] [BEAT] [aria] load=0.02 mem=6962/8059MB temp=55.6C disk=64%
[2026-03-21 14:54:01] [BEAT] [aria] load=0.07 mem=6968/8059MB temp=55.6C disk=64%
[2026-03-21 14:55:01] [BEAT] [aria] load=0.06 mem=6923/8059MB temp=56.8C disk=64%
[2026-03-21 14:56:01] [BEAT] [aria] load=0.06 mem=6968/8059MB temp=54.5C disk=64%
[2026-03-21 14:57:01] [BEAT] [aria] load=0.17 mem=6969/8059MB temp=55.6C disk=64%
[2026-03-21 14:58:01] [BEAT] [aria] load=0.06 mem=6967/8059MB temp=53.5C disk=64%
[2026-03-21 14:58:23] [BEAT] [aria] load=0.10 mem=6968/8059MB temp=54.0C disk=64%
[2026-03-21 14:58:23] [BEAT] [aria] load=0.10 mem=6967/8059MB temp=54.0C disk=64%
[2026-03-21 14:59:01] [BEAT] [aria] load=0.05 mem=6966/8059MB temp=52.9C disk=64%
[2026-03-21 15:00:01] [FLEET] [aria] Starting cross-node health check
[2026-03-21 15:00:01] [BEAT] [aria] load=0.12 mem=6932/8059MB temp=54.5C disk=64%
[2026-03-21 15:00:02] [FLEET] [aria] alice: UP temp=39C mem=3123MB disk=85%
[2026-03-21 15:00:04] [FLEET] [aria] octavia: DOWN (no ping response)
[2026-03-21 15:00:06] [FLEET] [aria] cecilia: DOWN (no ping response)
[2026-03-21 15:00:07] [FLEET] [aria] gematria: UP temp=C mem=5727MB disk=58%
[2026-03-21 15:00:08] [FLEET] [aria] lucidia: PING OK but SSH failed
[2026-03-21 15:00:10] [FLEET] [aria] anastasia: DOWN (no ping response)
[2026-03-21 15:00:46] [DIAL] [aria] Switchboard unreachable
[2026-03-21 15:01:01] [BEAT] [aria] load=0.09 mem=6960/8059MB temp=54.0C disk=64%
[2026-03-21 15:02:01] [BEAT] [aria] load=0.09 mem=6962/8059MB temp=53.5C disk=64%
[2026-03-21 15:03:01] [BEAT] [aria] load=0.07 mem=6963/8059MB temp=54.0C disk=64%
[2026-03-21 15:03:30] [BEAT] [aria] load=0.04 mem=6954/8059MB temp=54.5C disk=64%
[2026-03-21 15:03:30] [BEAT] [aria] load=0.04 mem=6953/8059MB temp=54.0C disk=64%
[2026-03-21 15:04:01] [BEAT] [aria] load=0.17 mem=6957/8059MB temp=54.5C disk=64%
[2026-03-21 15:05:01] [BEAT] [aria] load=0.06 mem=6920/8059MB temp=54.0C disk=64%
[2026-03-21 15:06:01] [BEAT] [aria] load=0.49 mem=6961/8059MB temp=54.5C disk=65%
[2026-03-21 15:07:01] [BEAT] [aria] load=0.90 mem=6957/8059MB temp=55.1C disk=65%
[2026-03-21 15:08:01] [BEAT] [aria] load=0.66 mem=6961/8059MB temp=55.1C disk=65%
[2026-03-21 15:08:36] [BEAT] [aria] load=0.36 mem=6958/8059MB temp=55.6C disk=65%
[2026-03-21 15:08:36] [BEAT] [aria] load=0.36 mem=6955/8059MB temp=55.6C disk=65%
[2026-03-21 15:09:01] [BEAT] [aria] load=0.61 mem=6955/8059MB temp=55.1C disk=65%
[2026-03-21 15:10:01] [FLEET] [aria] Starting cross-node health check
[2026-03-21 15:10:01] [BEAT] [aria] load=0.41 mem=6931/8059MB temp=54.5C disk=65%
[2026-03-21 15:10:02] [FLEET] [aria] alice: UP temp=39C mem=3129MB disk=85%
[2026-03-21 15:10:04] [FLEET] [aria] octavia: DOWN (no ping response)
[2026-03-21 15:10:06] [FLEET] [aria] cecilia: DOWN (no ping response)
[2026-03-21 15:10:08] [FLEET] [aria] gematria: UP temp=C mem=5753MB disk=58%
[2026-03-21 15:10:08] [FLEET] [aria] lucidia: PING OK but SSH failed
[2026-03-21 15:10:10] [FLEET] [aria] anastasia: DOWN (no ping response)
[2026-03-21 15:11:01] [BEAT] [aria] load=0.20 mem=6957/8059MB temp=55.6C disk=65%
[2026-03-21 15:12:01] [BEAT] [aria] load=0.20 mem=6956/8059MB temp=56.2C disk=65%
[2026-03-21 15:13:01] [BEAT] [aria] load=0.07 mem=6960/8059MB temp=55.6C disk=65%
[2026-03-21 15:13:40] [BEAT] [aria] load=0.04 mem=6958/8059MB temp=55.6C disk=65%
[2026-03-21 15:13:40] [BEAT] [aria] load=0.04 mem=6956/8059MB temp=55.1C disk=65%
[2026-03-21 15:14:01] [BEAT] [aria] load=0.02 mem=6953/8059MB temp=55.6C disk=65%
[2026-03-21 15:15:01] [BEAT] [aria] load=0.13 mem=6914/8059MB temp=57.3C disk=65%
[2026-03-21 15:15:47] [DIAL] [aria] Switchboard unreachable
[2026-03-21 15:16:01] [BEAT] [aria] load=0.05 mem=6954/8059MB temp=55.6C disk=65%
[2026-03-21 15:17:01] [BEAT] [aria] load=0.13 mem=6951/8059MB temp=56.2C disk=65%
[2026-03-21 15:18:01] [BEAT] [aria] load=0.05 mem=6951/8059MB temp=56.2C disk=65%
[2026-03-21 15:18:44] [BEAT] [aria] load=0.02 mem=6950/8059MB temp=55.1C disk=65%
[2026-03-21 15:18:44] [BEAT] [aria] load=0.02 mem=6949/8059MB temp=55.6C disk=65%
[2026-03-21 15:19:01] [BEAT] [aria] load=0.02 mem=6950/8059MB temp=55.6C disk=64%
[2026-03-21 15:20:01] [FLEET] [aria] Starting cross-node health check
[2026-03-21 15:20:01] [BEAT] [aria] load=0.06 mem=6923/8059MB temp=56.2C disk=64%
[2026-03-21 15:20:02] [FLEET] [aria] alice: UP temp=38C mem=3123MB disk=85%
[2026-03-21 15:20:04] [FLEET] [aria] octavia: DOWN (no ping response)
[2026-03-21 15:20:06] [FLEET] [aria] cecilia: DOWN (no ping response)
[2026-03-21 15:20:08] [FLEET] [aria] gematria: UP temp=C mem=5743MB disk=58%
[2026-03-21 15:20:09] [FLEET] [aria] lucidia: PING OK but SSH failed
[2026-03-21 15:20:11] [FLEET] [aria] anastasia: DOWN (no ping response)
[2026-03-21 15:21:01] [BEAT] [aria] load=0.17 mem=6961/8059MB temp=56.2C disk=64%
[2026-03-21 15:22:01] [BEAT] [aria] load=0.13 mem=6985/8059MB temp=55.6C disk=64%
[2026-03-21 15:23:01] [BEAT] [aria] load=0.05 mem=6984/8059MB temp=57.3C disk=64%
[2026-03-21 15:23:49] [BEAT] [aria] load=0.06 mem=6982/8059MB temp=55.6C disk=64%
[2026-03-21 15:23:49] [BEAT] [aria] load=0.06 mem=6979/8059MB temp=56.2C disk=64%
[2026-03-21 15:24:01] [BEAT] [aria] load=3.14 mem=7046/8059MB temp=56.8C disk=64%
[2026-03-21 15:25:55] [BEAT] [aria] load=2.94 mem=7031/8059MB temp=56.2C disk=64%
[2026-03-21 15:26:01] [BEAT] [aria] load=2.56 mem=7004/8059MB temp=57.9C disk=64%
[2026-03-21 15:27:01] [BEAT] [aria] load=1.06 mem=7037/8059MB temp=56.2C disk=64%
[2026-03-21 15:28:01] [BEAT] [aria] load=0.39 mem=7049/8059MB temp=57.3C disk=64%
[2026-03-21 15:28:51] [BEAT] [aria] load=0.23 mem=7042/8059MB temp=56.2C disk=64%
[2026-03-21 15:28:51] [BEAT] [aria] load=0.23 mem=7040/8059MB temp=55.6C disk=64%
[2026-03-21 15:29:01] [BEAT] [aria] load=0.20 mem=7050/8059MB temp=56.2C disk=64%
[2026-03-21 15:30:02] [FLEET] [aria] Starting cross-node health check
[2026-03-21 15:30:02] [BEAT] [aria] load=0.07 mem=7025/8059MB temp=55.6C disk=64%
[2026-03-21 15:30:02] [FLEET] [aria] alice: UP temp=41C mem=3158MB disk=85%
[2026-03-21 15:30:04] [FLEET] [aria] octavia: DOWN (no ping response)
[2026-03-21 15:30:05] [FLEET] [aria] cecilia: UP temp=44C mem=6927MB disk=28%
[2026-03-21 15:30:06] [FLEET] [aria] gematria: UP temp=C mem=5745MB disk=58%
[2026-03-21 15:30:07] [FLEET] [aria] lucidia: PING OK but SSH failed
[2026-03-21 15:30:09] [FLEET] [aria] anastasia: DOWN (no ping response)
[2026-03-21 15:30:47] [DIAL] [aria] Switchboard unreachable
[2026-03-21 15:31:01] [BEAT] [aria] load=0.03 mem=7083/8059MB temp=56.2C disk=64%
[2026-03-21 15:32:01] [BEAT] [aria] load=0.01 mem=7074/8059MB temp=56.2C disk=64%
[2026-03-21 15:33:01] [BEAT] [aria] load=0.04 mem=7078/8059MB temp=55.6C disk=64%
[2026-03-21 15:33:55] [BEAT] [aria] load=0.08 mem=7074/8059MB temp=56.8C disk=64%
[2026-03-21 15:33:55] [BEAT] [aria] load=0.08 mem=7071/8059MB temp=56.2C disk=64%
[2026-03-21 15:34:01] [BEAT] [aria] load=0.16 mem=7065/8059MB temp=55.6C disk=64%
[2026-03-21 15:35:01] [BEAT] [aria] load=0.09 mem=7051/8059MB temp=56.8C disk=64%
[2026-03-21 15:36:01] [BEAT] [aria] load=0.08 mem=7079/8059MB temp=56.2C disk=64%
[2026-03-21 15:37:01] [BEAT] [aria] load=0.03 mem=7073/8059MB temp=56.2C disk=64%
[2026-03-21 15:38:01] [BEAT] [aria] load=0.07 mem=7078/8059MB temp=56.2C disk=64%
[2026-03-21 15:38:59] [BEAT] [aria] load=0.02 mem=7078/8059MB temp=56.8C disk=64%
[2026-03-21 15:39:00] [BEAT] [aria] load=0.02 mem=7077/8059MB temp=56.8C disk=64%
[2026-03-21 15:39:01] [BEAT] [aria] load=0.02 mem=7063/8059MB temp=56.8C disk=64%
[2026-03-21 15:40:01] [FLEET] [aria] Starting cross-node health check
[2026-03-21 15:40:01] [BEAT] [aria] load=0.13 mem=7038/8059MB temp=56.8C disk=64%
[2026-03-21 15:40:02] [FLEET] [aria] alice: UP temp=40C mem=3147MB disk=85%
[2026-03-21 15:40:04] [FLEET] [aria] octavia: DOWN (no ping response)
[2026-03-21 15:40:04] [FLEET] [aria] cecilia: UP temp=41C mem=6915MB disk=28%
[2026-03-21 15:40:06] [FLEET] [aria] gematria: UP temp=C mem=5740MB disk=58%
[2026-03-21 15:40:06] [FLEET] [aria] lucidia: PING OK but SSH failed
[2026-03-21 15:40:08] [FLEET] [aria] anastasia: DOWN (no ping response)
[2026-03-21 15:41:01] [BEAT] [aria] load=0.25 mem=7063/8059MB temp=56.8C disk=64%
[2026-03-21 15:42:01] [BEAT] [aria] load=0.22 mem=7078/8059MB temp=56.8C disk=64%
[2026-03-21 15:43:01] [BEAT] [aria] load=0.16 mem=7077/8059MB temp=57.9C disk=64%
[2026-03-21 15:44:01] [BEAT] [aria] load=0.28 mem=7073/8059MB temp=57.9C disk=64%
[2026-03-21 15:44:03] [BEAT] [aria] load=0.34 mem=7072/8059MB temp=56.2C disk=64%
[2026-03-21 15:44:03] [BEAT] [aria] load=0.34 mem=7070/8059MB temp=56.8C disk=64%
[2026-03-21 15:45:01] [BEAT] [aria] load=0.97 mem=7039/8059MB temp=56.8C disk=64%
[2026-03-21 15:45:46] [DIAL] [aria] Switchboard unreachable
[2026-03-21 15:46:01] [BEAT] [aria] load=0.44 mem=7066/8059MB temp=57.9C disk=64%
[2026-03-21 15:47:01] [BEAT] [aria] load=0.27 mem=7068/8059MB temp=56.2C disk=64%
[2026-03-21 15:48:01] [BEAT] [aria] load=0.10 mem=7067/8059MB temp=56.8C disk=64%
[2026-03-21 15:49:02] [BEAT] [aria] load=0.14 mem=7067/8059MB temp=56.2C disk=64%
[2026-03-21 15:49:06] [BEAT] [aria] load=0.21 mem=7072/8059MB temp=56.8C disk=64%
[2026-03-21 15:49:06] [BEAT] [aria] load=0.21 mem=7069/8059MB temp=56.8C disk=64%
[2026-03-21 15:50:01] [FLEET] [aria] Starting cross-node health check
[2026-03-21 15:50:01] [BEAT] [aria] load=0.12 mem=7044/8059MB temp=57.3C disk=64%
[2026-03-21 15:50:01] [FLEET] [aria] alice: UP temp=40C mem=3161MB disk=85%
[2026-03-21 15:50:03] [FLEET] [aria] octavia: DOWN (no ping response)
[2026-03-21 15:50:04] [FLEET] [aria] cecilia: UP temp=40C mem=6889MB disk=28%
[2026-03-21 15:50:05] [FLEET] [aria] gematria: UP temp=C mem=5738MB disk=58%
[2026-03-21 15:50:06] [FLEET] [aria] lucidia: PING OK but SSH failed
[2026-03-21 15:50:08] [FLEET] [aria] anastasia: DOWN (no ping response)
[2026-03-21 15:51:01] [BEAT] [aria] load=0.52 mem=7071/8059MB temp=56.8C disk=64%
[2026-03-21 15:52:01] [BEAT] [aria] load=0.34 mem=7071/8059MB temp=56.2C disk=64%
[2026-03-21 15:53:01] [BEAT] [aria] load=0.30 mem=7074/8059MB temp=55.6C disk=64%
[2026-03-21 15:54:01] [BEAT] [aria] load=0.21 mem=7069/8059MB temp=55.6C disk=64%
[2026-03-21 15:54:11] [BEAT] [aria] load=0.18 mem=7068/8059MB temp=55.6C disk=64%
[2026-03-21 15:54:11] [BEAT] [aria] load=0.18 mem=7067/8059MB temp=55.6C disk=64%
[2026-03-21 15:55:01] [BEAT] [aria] load=0.08 mem=7046/8059MB temp=54.0C disk=64%
[2026-03-21 15:56:01] [BEAT] [aria] load=0.07 mem=7066/8059MB temp=54.5C disk=64%
[2026-03-21 15:57:01] [BEAT] [aria] load=0.08 mem=7065/8059MB temp=55.1C disk=64%
[2026-03-21 15:58:01] [BEAT] [aria] load=0.10 mem=7066/8059MB temp=54.0C disk=64%
[2026-03-21 15:59:01] [BEAT] [aria] load=0.12 mem=7068/8059MB temp=55.1C disk=64%
[2026-03-21 15:59:15] [BEAT] [aria] load=0.09 mem=7065/8059MB temp=53.5C disk=64%
[2026-03-21 15:59:15] [BEAT] [aria] load=0.09 mem=7064/8059MB temp=53.5C disk=64%
[2026-03-21 16:00:01] [FLEET] [aria] Starting cross-node health check
[2026-03-21 16:00:01] [BEAT] [aria] load=0.13 mem=7027/8059MB temp=56.2C disk=64%
[2026-03-21 16:00:02] [FLEET] [aria] alice: UP temp=38C mem=3152MB disk=85%
[2026-03-21 16:00:04] [FLEET] [aria] octavia: DOWN (no ping response)
[2026-03-21 16:00:04] [FLEET] [aria] cecilia: UP temp=40C mem=6850MB disk=28%
[2026-03-21 16:00:06] [FLEET] [aria] gematria: UP temp=C mem=5769MB disk=58%
[2026-03-21 16:00:07] [FLEET] [aria] lucidia: PING OK but SSH failed
[2026-03-21 16:00:09] [FLEET] [aria] anastasia: DOWN (no ping response)
[2026-03-21 16:00:46] [DIAL] [aria] Switchboard unreachable
[2026-03-21 16:01:01] [BEAT] [aria] load=0.05 mem=7062/8059MB temp=55.1C disk=64%
[2026-03-21 16:02:01] [BEAT] [aria] load=0.08 mem=7062/8059MB temp=54.5C disk=64%
[2026-03-21 16:03:01] [BEAT] [aria] load=0.13 mem=7062/8059MB temp=54.5C disk=64%
[2026-03-21 16:04:01] [BEAT] [aria] load=0.05 mem=7061/8059MB temp=55.1C disk=64%
[2026-03-21 16:05:01] [BEAT] [aria] load=0.46 mem=7031/8059MB temp=54.5C disk=64%
[2026-03-21 16:06:01] [BEAT] [aria] load=1.33 mem=7060/8059MB temp=55.6C disk=64%
[2026-03-21 16:06:49] [BEAT] [aria] load=0.73 mem=7062/8059MB temp=55.1C disk=64%
[2026-03-21 16:06:50] [BEAT] [aria] load=0.73 mem=7061/8059MB temp=55.6C disk=64%
[2026-03-21 16:07:01] [BEAT] [aria] load=0.62 mem=7055/8059MB temp=56.8C disk=64%
[2026-03-21 16:08:01] [BEAT] [aria] load=0.41 mem=7065/8059MB temp=55.1C disk=64%
[2026-03-21 16:09:01] [BEAT] [aria] load=0.27 mem=7058/8059MB temp=56.8C disk=64%
[2026-03-21 16:10:01] [FLEET] [aria] Starting cross-node health check
[2026-03-21 16:10:01] [BEAT] [aria] load=0.27 mem=7035/8059MB temp=56.2C disk=64%
[2026-03-21 16:10:01] [FLEET] [aria] alice: UP temp=40C mem=3144MB disk=85%
[2026-03-21 16:10:03] [FLEET] [aria] octavia: DOWN (no ping response)
[2026-03-21 16:10:04] [FLEET] [aria] cecilia: UP temp=39C mem=4632MB disk=28%
[2026-03-21 16:10:05] [FLEET] [aria] gematria: UP temp=C mem=5744MB disk=58%
[2026-03-21 16:10:05] [FLEET] [aria] lucidia: PING OK but SSH failed
[2026-03-21 16:10:07] [FLEET] [aria] anastasia: DOWN (no ping response)
[2026-03-21 16:11:01] [BEAT] [aria] load=0.10 mem=7036/8059MB temp=55.6C disk=64%
[2026-03-21 16:11:59] [BEAT] [aria] load=0.03 mem=7039/8059MB temp=55.1C disk=64%
[2026-03-21 16:11:59] [BEAT] [aria] load=0.03 mem=7038/8059MB temp=55.1C disk=64%
[2026-03-21 16:12:01] [BEAT] [aria] load=0.03 mem=7021/8059MB temp=56.2C disk=64%
[2026-03-21 16:13:02] [BEAT] [aria] load=0.01 mem=7034/8059MB temp=55.1C disk=64%
[2026-03-21 16:14:01] [BEAT] [aria] load=0.08 mem=7038/8059MB temp=56.8C disk=64%
[2026-03-21 16:15:01] [BEAT] [aria] load=0.11 mem=7015/8059MB temp=56.2C disk=64%
[2026-03-21 16:15:46] [DIAL] [aria] Switchboard unreachable
[2026-03-21 16:16:01] [BEAT] [aria] load=0.11 mem=7035/8059MB temp=56.2C disk=64%
[2026-03-21 16:17:01] [BEAT] [aria] load=0.04 mem=7040/8059MB temp=55.6C disk=64%
[2026-03-21 16:17:04] [BEAT] [aria] load=0.03 mem=7033/8059MB temp=56.8C disk=64%
[2026-03-21 16:17:04] [BEAT] [aria] load=0.03 mem=7032/8059MB temp=56.2C disk=64%
[2026-03-21 16:18:01] [BEAT] [aria] load=0.01 mem=7043/8059MB temp=56.2C disk=64%
[2026-03-21 16:19:01] [BEAT] [aria] load=0.06 mem=7041/8059MB temp=56.2C disk=64%
[2026-03-21 16:20:01] [FLEET] [aria] Starting cross-node health check
[2026-03-21 16:20:01] [BEAT] [aria] load=0.02 mem=7015/8059MB temp=57.9C disk=64%
[2026-03-21 16:20:01] [FLEET] [aria] alice: UP temp=39C mem=3153MB disk=85%
[2026-03-21 16:20:03] [FLEET] [aria] octavia: DOWN (no ping response)
[2026-03-21 16:20:04] [FLEET] [aria] cecilia: UP temp=40C mem=4636MB disk=28%
[2026-03-21 16:20:05] [FLEET] [aria] gematria: UP temp=C mem=5725MB disk=58%
[2026-03-21 16:20:05] [FLEET] [aria] lucidia: PING OK but SSH failed
[2026-03-21 16:20:07] [FLEET] [aria] anastasia: DOWN (no ping response)
[2026-03-21 16:21:01] [BEAT] [aria] load=0.11 mem=7034/8059MB temp=57.3C disk=64%
[2026-03-21 16:22:01] [BEAT] [aria] load=0.04 mem=7040/8059MB temp=56.2C disk=64%
[2026-03-21 16:22:09] [BEAT] [aria] load=0.03 mem=7041/8059MB temp=55.6C disk=64%
[2026-03-21 16:22:09] [BEAT] [aria] load=0.03 mem=7039/8059MB temp=55.6C disk=64%
[2026-03-21 16:23:01] [BEAT] [aria] load=0.17 mem=7041/8059MB temp=55.6C disk=64%
[2026-03-21 16:24:01] [BEAT] [aria] load=0.14 mem=7039/8059MB temp=55.6C disk=64%
[2026-03-21 16:25:01] [BEAT] [aria] load=0.05 mem=7015/8059MB temp=55.6C disk=64%
[2026-03-21 16:26:01] [BEAT] [aria] load=0.66 mem=7031/8059MB temp=56.8C disk=64%
[2026-03-21 16:27:01] [BEAT] [aria] load=0.90 mem=7040/8059MB temp=55.6C disk=64%
[2026-03-21 16:27:12] [BEAT] [aria] load=0.76 mem=7040/8059MB temp=57.3C disk=64%
[2026-03-21 16:27:12] [BEAT] [aria] load=0.76 mem=7038/8059MB temp=56.2C disk=64%
[2026-03-21 16:28:01] [BEAT] [aria] load=0.33 mem=7040/8059MB temp=57.9C disk=64%
[2026-03-21 16:29:01] [BEAT] [aria] load=0.12 mem=7038/8059MB temp=56.2C disk=64%
[2026-03-21 16:30:01] [FLEET] [aria] Starting cross-node health check
[2026-03-21 16:30:01] [BEAT] [aria] load=0.08 mem=6998/8059MB temp=56.8C disk=64%
[2026-03-21 16:30:02] [FLEET] [aria] alice: UP temp=40C mem=3140MB disk=85%
[2026-03-21 16:30:04] [FLEET] [aria] octavia: DOWN (no ping response)
[2026-03-21 16:30:05] [FLEET] [aria] cecilia: UP temp=40C mem=4616MB disk=28%
[2026-03-21 16:30:07] [FLEET] [aria] gematria: UP temp=C mem=5726MB disk=58%
[2026-03-21 16:30:07] [FLEET] [aria] lucidia: PING OK but SSH failed
[2026-03-21 16:30:09] [FLEET] [aria] anastasia: DOWN (no ping response)
[2026-03-21 16:30:46] [DIAL] [aria] Switchboard unreachable
[2026-03-21 16:31:01] [BEAT] [aria] load=0.15 mem=7018/8059MB temp=56.2C disk=64%
[2026-03-21 16:32:01] [BEAT] [aria] load=0.05 mem=7031/8059MB temp=56.8C disk=64%
[2026-03-21 16:32:15] [BEAT] [aria] load=0.04 mem=7032/8059MB temp=57.9C disk=64%
[2026-03-21 16:32:15] [BEAT] [aria] load=0.04 mem=7028/8059MB temp=56.8C disk=64%
[2026-03-21 16:33:01] [BEAT] [aria] load=0.02 mem=7033/8059MB temp=57.3C disk=64%
[2026-03-21 16:34:01] [BEAT] [aria] load=0.00 mem=7034/8059MB temp=55.6C disk=64%
[2026-03-21 16:35:01] [BEAT] [aria] load=0.08 mem=7003/8059MB temp=56.2C disk=64%
[2026-03-21 16:36:01] [BEAT] [aria] load=0.03 mem=7028/8059MB temp=56.8C disk=64%
[2026-03-21 16:37:01] [BEAT] [aria] load=0.18 mem=7032/8059MB temp=55.6C disk=64%
[2026-03-21 16:37:20] [BEAT] [aria] load=0.20 mem=7031/8059MB temp=56.8C disk=64%
[2026-03-21 16:37:20] [BEAT] [aria] load=0.20 mem=7029/8059MB temp=57.3C disk=64%
[2026-03-21 16:38:01] [BEAT] [aria] load=0.10 mem=7027/8059MB temp=57.3C disk=64%
[2026-03-21 16:39:01] [BEAT] [aria] load=0.10 mem=7033/8059MB temp=57.9C disk=64%
[2026-03-21 16:40:01] [FLEET] [aria] Starting cross-node health check
[2026-03-21 16:40:01] [BEAT] [aria] load=0.11 mem=7000/8059MB temp=57.9C disk=64%
[2026-03-21 16:40:02] [FLEET] [aria] alice: UP temp=40C mem=3144MB disk=85%
[2026-03-21 16:40:04] [FLEET] [aria] octavia: DOWN (no ping response)
[2026-03-21 16:40:04] [FLEET] [aria] cecilia: UP temp=41C mem=4679MB disk=28%
[2026-03-21 16:40:05] [FLEET] [aria] gematria: UP temp=C mem=5731MB disk=58%
[2026-03-21 16:40:06] [FLEET] [aria] lucidia: PING OK but SSH failed
[2026-03-21 16:40:08] [FLEET] [aria] anastasia: DOWN (no ping response)
[2026-03-21 16:41:01] [BEAT] [aria] load=0.23 mem=7020/8059MB temp=58.4C disk=64%
[2026-03-21 16:42:01] [BEAT] [aria] load=0.27 mem=7031/8059MB temp=56.2C disk=64%
[2026-03-21 16:42:24] [BEAT] [aria] load=0.27 mem=7028/8059MB temp=56.8C disk=64%
[2026-03-21 16:42:24] [BEAT] [aria] load=0.27 mem=7026/8059MB temp=56.8C disk=64%
[2026-03-21 16:43:01] [BEAT] [aria] load=0.14 mem=7028/8059MB temp=56.8C disk=64%
[2026-03-21 16:44:01] [BEAT] [aria] load=0.28 mem=7029/8059MB temp=58.4C disk=64%
[2026-03-21 16:45:01] [BEAT] [aria] load=0.10 mem=6997/8059MB temp=57.3C disk=64%
[2026-03-21 16:45:46] [DIAL] [aria] Switchboard unreachable
[2026-03-21 16:46:01] [BEAT] [aria] load=0.11 mem=7012/8059MB temp=57.3C disk=64%
[2026-03-21 16:47:01] [BEAT] [aria] load=0.69 mem=7029/8059MB temp=56.8C disk=64%
[2026-03-21 16:47:28] [BEAT] [aria] load=0.80 mem=7020/8059MB temp=57.9C disk=64%
[2026-03-21 16:47:28] [BEAT] [aria] load=0.80 mem=7018/8059MB temp=57.9C disk=64%
[2026-03-21 16:48:01] [BEAT] [aria] load=0.99 mem=7023/8059MB temp=57.9C disk=64%
[2026-03-21 16:49:01] [BEAT] [aria] load=0.36 mem=7022/8059MB temp=56.2C disk=64%
[2026-03-21 16:50:01] [FLEET] [aria] Starting cross-node health check
[2026-03-21 16:50:01] [BEAT] [aria] load=0.29 mem=6994/8059MB temp=57.9C disk=64%
[2026-03-21 16:50:02] [FLEET] [aria] alice: UP temp=39C mem=3144MB disk=85%
[2026-03-21 16:50:04] [FLEET] [aria] octavia: DOWN (no ping response)
[2026-03-21 16:50:04] [FLEET] [aria] cecilia: UP temp=40C mem=4683MB disk=28%
[2026-03-21 16:50:06] [FLEET] [aria] gematria: UP temp=C mem=5726MB disk=58%
[2026-03-21 16:50:06] [FLEET] [aria] lucidia: PING OK but SSH failed
[2026-03-21 16:50:08] [FLEET] [aria] anastasia: DOWN (no ping response)
[2026-03-21 16:51:01] [BEAT] [aria] load=0.29 mem=7006/8059MB temp=56.8C disk=64%
[2026-03-21 16:52:01] [BEAT] [aria] load=0.10 mem=7022/8059MB temp=57.3C disk=64%
[2026-03-21 16:52:33] [BEAT] [aria] load=0.17 mem=7023/8059MB temp=56.2C disk=64%
[2026-03-21 16:52:33] [BEAT] [aria] load=0.17 mem=7020/8059MB temp=56.8C disk=64%
[2026-03-21 16:53:01] [BEAT] [aria] load=0.10 mem=7020/8059MB temp=56.2C disk=64%
[2026-03-21 16:54:01] [BEAT] [aria] load=0.04 mem=7026/8059MB temp=55.6C disk=64%
[2026-03-21 16:55:01] [BEAT] [aria] load=0.05 mem=6995/8059MB temp=55.6C disk=64%
[2026-03-21 16:56:01] [BEAT] [aria] load=0.09 mem=7006/8059MB temp=56.2C disk=64%
[2026-03-21 16:57:01] [BEAT] [aria] load=0.08 mem=7022/8059MB temp=54.0C disk=64%
[2026-03-21 16:57:39] [BEAT] [aria] load=0.05 mem=7020/8059MB temp=54.5C disk=64%
[2026-03-21 16:57:39] [BEAT] [aria] load=0.05 mem=7018/8059MB temp=54.0C disk=64%
[2026-03-21 16:58:01] [BEAT] [aria] load=0.32 mem=7020/8059MB temp=55.1C disk=64%
[2026-03-21 16:59:01] [BEAT] [aria] load=0.15 mem=7013/8059MB temp=54.5C disk=64%
[2026-03-21 17:00:01] [FLEET] [aria] Starting cross-node health check
[2026-03-21 17:00:01] [BEAT] [aria] load=0.20 mem=6968/8059MB temp=55.1C disk=64%
[2026-03-21 17:00:02] [FLEET] [aria] alice: UP temp=39C mem=3145MB disk=85%
[2026-03-21 17:00:04] [FLEET] [aria] octavia: DOWN (no ping response)
[2026-03-21 17:00:04] [FLEET] [aria] cecilia: UP temp=40C mem=4656MB disk=28%
[2026-03-21 17:00:06] [FLEET] [aria] gematria: UP temp=C mem=5717MB disk=58%
[2026-03-21 17:00:06] [FLEET] [aria] lucidia: PING OK but SSH failed
[2026-03-21 17:00:08] [FLEET] [aria] anastasia: DOWN (no ping response)
[2026-03-21 17:00:47] [DIAL] [aria] Switchboard unreachable
[2026-03-21 17:01:01] [BEAT] [aria] load=0.15 mem=7007/8059MB temp=54.5C disk=64%
[2026-03-21 17:02:01] [BEAT] [aria] load=0.12 mem=7008/8059MB temp=54.0C disk=64%
[2026-03-21 17:02:44] [BEAT] [aria] load=0.06 mem=7004/8059MB temp=55.1C disk=64%
[2026-03-21 17:02:44] [BEAT] [aria] load=0.06 mem=7003/8059MB temp=55.1C disk=64%
[2026-03-21 17:03:01] [BEAT] [aria] load=0.17 mem=7004/8059MB temp=55.1C disk=64%
[2026-03-21 17:04:01] [BEAT] [aria] load=0.06 mem=7002/8059MB temp=54.5C disk=64%
[2026-03-21 17:05:01] [BEAT] [aria] load=0.16 mem=6970/8059MB temp=56.8C disk=64%
[2026-03-21 17:06:01] [BEAT] [aria] load=0.06 mem=7000/8059MB temp=55.1C disk=64%
[2026-03-21 17:07:01] [BEAT] [aria] load=0.07 mem=7001/8059MB temp=55.1C disk=64%
[2026-03-21 17:07:50] [BEAT] [aria] load=0.52 mem=6999/8059MB temp=55.6C disk=64%
[2026-03-21 17:07:50] [BEAT] [aria] load=0.52 mem=6998/8059MB temp=55.6C disk=64%
[2026-03-21 17:08:01] [BEAT] [aria] load=0.63 mem=7001/8059MB temp=56.8C disk=64%
[2026-03-21 17:09:01] [BEAT] [aria] load=0.96 mem=7000/8059MB temp=54.5C disk=64%
[2026-03-21 17:10:01] [FLEET] [aria] Starting cross-node health check
[2026-03-21 17:10:01] [BEAT] [aria] load=0.35 mem=6976/8059MB temp=56.8C disk=64%
[2026-03-21 17:10:02] [FLEET] [aria] alice: UP temp=41C mem=3147MB disk=85%
[2026-03-21 17:10:04] [FLEET] [aria] octavia: DOWN (no ping response)
[2026-03-21 17:10:04] [FLEET] [aria] cecilia: UP temp=41C mem=4685MB disk=28%
[2026-03-21 17:10:06] [FLEET] [aria] gematria: UP temp=C mem=5755MB disk=58%
[2026-03-21 17:10:06] [FLEET] [aria] lucidia: PING OK but SSH failed
[2026-03-21 17:10:08] [FLEET] [aria] anastasia: DOWN (no ping response)
[2026-03-21 17:11:01] [BEAT] [aria] load=0.25 mem=7001/8059MB temp=55.1C disk=64%
[2026-03-21 17:12:01] [BEAT] [aria] load=0.17 mem=7001/8059MB temp=55.1C disk=64%
[2026-03-21 17:12:53] [BEAT] [aria] load=0.07 mem=6997/8059MB temp=56.2C disk=64%
[2026-03-21 17:12:53] [BEAT] [aria] load=0.07 mem=6996/8059MB temp=55.6C disk=64%
[2026-03-21 17:13:01] [BEAT] [aria] load=0.06 mem=6989/8059MB temp=56.8C disk=64%
[2026-03-21 17:14:01] [BEAT] [aria] load=0.02 mem=6998/8059MB temp=57.3C disk=64%
[2026-03-21 17:15:01] [BEAT] [aria] load=0.01 mem=6967/8059MB temp=57.3C disk=64%
[2026-03-21 17:15:46] [DIAL] [aria] Switchboard unreachable
[2026-03-21 17:16:01] [BEAT] [aria] load=0.22 mem=6999/8059MB temp=55.6C disk=64%
[2026-03-21 17:17:01] [BEAT] [aria] load=0.17 mem=7001/8059MB temp=57.3C disk=64%
[2026-03-21 17:17:59] [BEAT] [aria] load=0.11 mem=6994/8059MB temp=56.8C disk=64%
[2026-03-21 17:17:59] [BEAT] [aria] load=0.11 mem=6992/8059MB temp=56.8C disk=64%
[2026-03-21 17:18:01] [BEAT] [aria] load=0.10 mem=6990/8059MB temp=56.8C disk=64%
[2026-03-21 17:19:01] [BEAT] [aria] load=0.03 mem=6998/8059MB temp=55.6C disk=64%
[2026-03-21 17:20:01] [FLEET] [aria] Starting cross-node health check
[2026-03-21 17:20:01] [BEAT] [aria] load=0.01 mem=6973/8059MB temp=56.8C disk=64%
[2026-03-21 17:20:02] [FLEET] [aria] alice: UP temp=40C mem=3141MB disk=86%
[2026-03-21 17:20:04] [FLEET] [aria] octavia: DOWN (no ping response)
[2026-03-21 17:20:04] [FLEET] [aria] cecilia: UP temp=41C mem=4659MB disk=28%
[2026-03-21 17:20:06] [FLEET] [aria] gematria: UP temp=C mem=5721MB disk=58%
[2026-03-21 17:20:06] [FLEET] [aria] lucidia: PING OK but SSH failed
[2026-03-21 17:20:08] [FLEET] [aria] anastasia: DOWN (no ping response)
[2026-03-21 17:21:01] [BEAT] [aria] load=0.08 mem=6995/8059MB temp=57.3C disk=64%
[2026-03-21 17:22:01] [BEAT] [aria] load=0.11 mem=6999/8059MB temp=56.2C disk=64%
[2026-03-21 17:23:01] [BEAT] [aria] load=0.15 mem=6997/8059MB temp=56.8C disk=64%
[2026-03-21 17:23:02] [BEAT] [aria] load=0.14 mem=6996/8059MB temp=56.8C disk=64%
[2026-03-21 17:23:02] [BEAT] [aria] load=0.14 mem=6994/8059MB temp=57.9C disk=64%
[2026-03-21 17:24:01] [BEAT] [aria] load=0.09 mem=6991/8059MB temp=56.2C disk=64%
[2026-03-21 17:25:01] [BEAT] [aria] load=0.07 mem=6968/8059MB temp=56.8C disk=64%
[2026-03-21 17:26:01] [BEAT] [aria] load=0.02 mem=6991/8059MB temp=56.8C disk=64%
[2026-03-21 17:27:01] [BEAT] [aria] load=0.19 mem=6992/8059MB temp=56.8C disk=64%
[2026-03-21 17:28:01] [BEAT] [aria] load=0.15 mem=6992/8059MB temp=56.8C disk=64%
[2026-03-21 17:28:05] [BEAT] [aria] load=0.22 mem=6988/8059MB temp=56.8C disk=64%
[2026-03-21 17:28:05] [BEAT] [aria] load=0.22 mem=6986/8059MB temp=56.8C disk=64%
[2026-03-21 17:29:01] [BEAT] [aria] load=0.72 mem=6991/8059MB temp=56.8C disk=64%
[2026-03-21 17:30:01] [FLEET] [aria] Starting cross-node health check
[2026-03-21 17:30:01] [BEAT] [aria] load=0.49 mem=6955/8059MB temp=57.3C disk=64%
[2026-03-21 17:30:01] [FLEET] [aria] alice: UP temp=41C mem=3147MB disk=86%
[2026-03-21 17:30:03] [FLEET] [aria] octavia: DOWN (no ping response)
[2026-03-21 17:30:04] [FLEET] [aria] cecilia: UP temp=41C mem=4621MB disk=28%
[2026-03-21 17:30:05] [FLEET] [aria] gematria: UP temp=C mem=5747MB disk=58%
[2026-03-21 17:30:05] [FLEET] [aria] lucidia: PING OK but SSH failed
[2026-03-21 17:30:07] [FLEET] [aria] anastasia: DOWN (no ping response)
[2026-03-21 17:30:46] [DIAL] [aria] Switchboard unreachable
[2026-03-21 17:31:01] [BEAT] [aria] load=0.30 mem=6995/8059MB temp=57.3C disk=64%
[2026-03-21 17:32:01] [BEAT] [aria] load=0.36 mem=6991/8059MB temp=56.2C disk=64%
[2026-03-21 17:33:01] [BEAT] [aria] load=0.13 mem=6994/8059MB temp=56.2C disk=64%
[2026-03-21 17:33:08] [BEAT] [aria] load=0.11 mem=6994/8059MB temp=56.8C disk=64%
[2026-03-21 17:33:08] [BEAT] [aria] load=0.11 mem=6992/8059MB temp=56.8C disk=64%
[2026-03-21 17:34:01] [BEAT] [aria] load=0.09 mem=6991/8059MB temp=56.2C disk=64%
[2026-03-21 17:35:01] [BEAT] [aria] load=0.03 mem=6961/8059MB temp=57.9C disk=64%
[2026-03-21 17:36:01] [BEAT] [aria] load=0.01 mem=6982/8059MB temp=56.2C disk=64%
[2026-03-21 17:37:01] [BEAT] [aria] load=0.19 mem=6979/8059MB temp=56.8C disk=64%
[2026-03-21 17:38:01] [BEAT] [aria] load=0.07 mem=6980/8059MB temp=56.8C disk=64%
[2026-03-21 17:38:14] [BEAT] [aria] load=0.12 mem=6976/8059MB temp=56.2C disk=64%
[2026-03-21 17:38:14] [BEAT] [aria] load=0.12 mem=6974/8059MB temp=56.8C disk=64%
[2026-03-21 17:39:01] [BEAT] [aria] load=0.11 mem=6980/8059MB temp=56.8C disk=64%
[2026-03-21 17:40:01] [FLEET] [aria] Starting cross-node health check
[2026-03-21 17:40:01] [BEAT] [aria] load=0.04 mem=6954/8059MB temp=57.3C disk=64%
[2026-03-21 17:40:02] [FLEET] [aria] alice: UP temp=42C mem=3142MB disk=86%
[2026-03-21 17:40:04] [FLEET] [aria] octavia: DOWN (no ping response)
[2026-03-21 17:40:04] [FLEET] [aria] cecilia: UP temp=41C mem=4654MB disk=28%
[2026-03-21 17:40:06] [FLEET] [aria] gematria: UP temp=C mem=5724MB disk=58%
[2026-03-21 17:40:06] [FLEET] [aria] lucidia: PING OK but SSH failed
[2026-03-21 17:40:08] [FLEET] [aria] anastasia: DOWN (no ping response)
[2026-03-21 17:41:01] [BEAT] [aria] load=0.07 mem=6979/8059MB temp=57.3C disk=64%
[2026-03-21 17:42:01] [BEAT] [aria] load=0.07 mem=6978/8059MB temp=57.3C disk=64%
[2026-03-21 17:43:01] [BEAT] [aria] load=0.06 mem=6983/8059MB temp=57.9C disk=64%
[2026-03-21 17:43:17] [BEAT] [aria] load=0.05 mem=6968/8059MB temp=57.9C disk=64%
[2026-03-21 17:43:17] [BEAT] [aria] load=0.05 mem=6966/8059MB temp=57.9C disk=64%
[2026-03-21 17:44:01] [BEAT] [aria] load=0.10 mem=6971/8059MB temp=55.6C disk=64%
[2026-03-21 17:45:01] [BEAT] [aria] load=0.04 mem=6947/8059MB temp=57.3C disk=64%
[2026-03-21 17:45:46] [DIAL] [aria] Switchboard unreachable
[2026-03-21 17:46:01] [BEAT] [aria] load=0.01 mem=6975/8059MB temp=57.9C disk=64%
[2026-03-21 17:47:02] [BEAT] [aria] load=0.09 mem=6976/8059MB temp=58.4C disk=64%
[2026-03-21 17:48:01] [BEAT] [aria] load=0.08 mem=6974/8059MB temp=55.6C disk=64%
[2026-03-21 17:48:20] [BEAT] [aria] load=0.06 mem=6963/8059MB temp=57.9C disk=64%
[2026-03-21 17:48:20] [BEAT] [aria] load=0.06 mem=6960/8059MB temp=59.5C disk=64%
[2026-03-21 17:49:01] [BEAT] [aria] load=0.18 mem=6977/8059MB temp=56.8C disk=64%
[2026-03-21 17:50:01] [FLEET] [aria] Starting cross-node health check
[2026-03-21 17:50:01] [BEAT] [aria] load=0.89 mem=6948/8059MB temp=57.3C disk=64%
[2026-03-21 17:50:01] [FLEET] [aria] alice: UP temp=42C mem=3147MB disk=86%
[2026-03-21 17:50:03] [FLEET] [aria] octavia: DOWN (no ping response)
[2026-03-21 17:50:03] [FLEET] [aria] cecilia: UP temp=41C mem=4694MB disk=28%
[2026-03-21 17:50:05] [FLEET] [aria] gematria: UP temp=C mem=5719MB disk=58%
[2026-03-21 17:50:05] [FLEET] [aria] lucidia: PING OK but SSH failed
[2026-03-21 17:50:07] [FLEET] [aria] anastasia: DOWN (no ping response)
[2026-03-21 17:51:01] [BEAT] [aria] load=0.47 mem=6971/8059MB temp=56.8C disk=64%
[2026-03-21 17:52:01] [BEAT] [aria] load=0.17 mem=6973/8059MB temp=57.3C disk=64%
[2026-03-21 17:53:01] [BEAT] [aria] load=0.14 mem=6977/8059MB temp=56.8C disk=64%
[2026-03-21 17:53:25] [BEAT] [aria] load=0.09 mem=6968/8059MB temp=57.9C disk=64%
[2026-03-21 17:53:25] [BEAT] [aria] load=0.09 mem=6967/8059MB temp=56.2C disk=64%
[2026-03-21 17:54:01] [BEAT] [aria] load=0.10 mem=6976/8059MB temp=55.6C disk=64%
[2026-03-21 17:55:01] [BEAT] [aria] load=0.09 mem=6950/8059MB temp=57.3C disk=64%
[2026-03-21 17:56:01] [BEAT] [aria] load=0.03 mem=6974/8059MB temp=55.1C disk=64%
[2026-03-21 17:57:01] [BEAT] [aria] load=0.17 mem=6971/8059MB temp=55.1C disk=64%
[2026-03-21 17:58:01] [BEAT] [aria] load=0.10 mem=6973/8059MB temp=55.1C disk=64%
[2026-03-21 17:58:28] [BEAT] [aria] load=0.20 mem=6974/8059MB temp=54.5C disk=64%
[2026-03-21 17:58:28] [BEAT] [aria] load=0.20 mem=6971/8059MB temp=54.5C disk=64%
[2026-03-21 17:59:01] [BEAT] [aria] load=0.12 mem=6970/8059MB temp=55.1C disk=64%
[2026-03-21 18:00:01] [FLEET] [aria] Starting cross-node health check
[2026-03-21 18:00:01] [BEAT] [aria] load=0.12 mem=6937/8059MB temp=55.1C disk=64%
[2026-03-21 18:00:01] [FLEET] [aria] alice: UP temp=41C mem=3133MB disk=86%
[2026-03-21 18:00:03] [FLEET] [aria] octavia: DOWN (no ping response)
[2026-03-21 18:00:04] [FLEET] [aria] cecilia: UP temp=42C mem=4635MB disk=28%
[2026-03-21 18:00:06] [FLEET] [aria] gematria: UP temp=C mem=5720MB disk=58%
[2026-03-21 18:00:06] [FLEET] [aria] lucidia: PING OK but SSH failed
[2026-03-21 18:00:08] [FLEET] [aria] anastasia: DOWN (no ping response)
[2026-03-21 18:00:46] [DIAL] [aria] Switchboard unreachable
[2026-03-21 18:01:01] [BEAT] [aria] load=0.04 mem=6943/8059MB temp=54.5C disk=64%
[2026-03-21 18:02:01] [BEAT] [aria] load=0.01 mem=6931/8059MB temp=54.5C disk=64%
[2026-03-21 18:03:01] [BEAT] [aria] load=0.00 mem=6927/8059MB temp=54.5C disk=64%
[2026-03-21 18:03:32] [BEAT] [aria] load=0.00 mem=6928/8059MB temp=55.1C disk=64%
[2026-03-21 18:03:32] [BEAT] [aria] load=0.00 mem=6927/8059MB temp=57.3C disk=64%
[2026-03-21 18:04:01] [BEAT] [aria] load=0.10 mem=6926/8059MB temp=55.6C disk=64%
[2026-03-21 18:05:01] [BEAT] [aria] load=0.04 mem=6902/8059MB temp=56.2C disk=64%
[2026-03-21 18:06:01] [BEAT] [aria] load=0.01 mem=6922/8059MB temp=54.5C disk=64%
[2026-03-21 18:07:01] [BEAT] [aria] load=0.05 mem=6924/8059MB temp=55.6C disk=64%
[2026-03-21 18:08:01] [BEAT] [aria] load=0.05 mem=6923/8059MB temp=56.8C disk=65%
[2026-03-21 18:08:37] [BEAT] [aria] load=0.27 mem=6921/8059MB temp=56.2C disk=65%
[2026-03-21 18:08:37] [BEAT] [aria] load=0.27 mem=6919/8059MB temp=56.8C disk=65%
[2026-03-21 18:09:01] [BEAT] [aria] load=0.25 mem=6922/8059MB temp=55.6C disk=65%
[2026-03-21 18:10:01] [FLEET] [aria] Starting cross-node health check
[2026-03-21 18:10:01] [BEAT] [aria] load=0.55 mem=6888/8059MB temp=56.8C disk=65%
[2026-03-21 18:10:02] [FLEET] [aria] alice: UP temp=40C mem=3142MB disk=86%
[2026-03-21 18:10:04] [FLEET] [aria] octavia: DOWN (no ping response)
[2026-03-21 18:10:04] [FLEET] [aria] cecilia: UP temp=41C mem=4621MB disk=28%
[2026-03-21 18:10:06] [FLEET] [aria] gematria: UP temp=C mem=5790MB disk=58%
[2026-03-21 18:10:06] [FLEET] [aria] lucidia: PING OK but SSH failed
[2026-03-21 18:10:08] [FLEET] [aria] anastasia: DOWN (no ping response)
[2026-03-21 18:11:01] [BEAT] [aria] load=1.05 mem=6901/8059MB temp=56.2C disk=65%
[2026-03-21 18:12:01] [BEAT] [aria] load=0.53 mem=6902/8059MB temp=55.6C disk=65%
[2026-03-21 18:13:01] [BEAT] [aria] load=0.29 mem=6898/8059MB temp=56.2C disk=65%
[2026-03-21 18:13:40] [BEAT] [aria] load=0.15 mem=6892/8059MB temp=56.2C disk=65%
[2026-03-21 18:13:40] [BEAT] [aria] load=0.15 mem=6890/8059MB temp=56.2C disk=65%
[2026-03-21 18:14:01] [BEAT] [aria] load=0.10 mem=6896/8059MB temp=57.3C disk=65%
[2026-03-21 18:15:01] [BEAT] [aria] load=0.07 mem=6875/8059MB temp=57.3C disk=65%
[2026-03-21 18:15:46] [DIAL] [aria] Switchboard unreachable
[2026-03-21 18:16:01] [BEAT] [aria] load=0.53 mem=6899/8059MB temp=56.2C disk=65%
[2026-03-21 18:17:02] [BEAT] [aria] load=0.25 mem=6897/8059MB temp=56.8C disk=65%
[2026-03-21 18:18:01] [BEAT] [aria] load=0.23 mem=6902/8059MB temp=57.3C disk=65%
[2026-03-21 18:18:44] [BEAT] [aria] load=0.11 mem=6893/8059MB temp=57.3C disk=65%
[2026-03-21 18:18:44] [BEAT] [aria] load=0.11 mem=6890/8059MB temp=57.9C disk=65%
[2026-03-21 18:19:01] [BEAT] [aria] load=0.08 mem=6884/8059MB temp=56.2C disk=65%
[2026-03-21 18:20:01] [FLEET] [aria] Starting cross-node health check
[2026-03-21 18:20:01] [BEAT] [aria] load=0.08 mem=6867/8059MB temp=58.4C disk=65%
[2026-03-21 18:20:02] [FLEET] [aria] alice: UP temp=38C mem=3144MB disk=86%
[2026-03-21 18:20:04] [FLEET] [aria] octavia: DOWN (no ping response)
[2026-03-21 18:20:05] [FLEET] [aria] cecilia: UP temp=40C mem=4708MB disk=28%
[2026-03-21 18:20:06] [FLEET] [aria] gematria: UP temp=C mem=5547MB disk=55%
[2026-03-21 18:20:06] [FLEET] [aria] lucidia: PING OK but SSH failed
[2026-03-21 18:20:08] [FLEET] [aria] anastasia: DOWN (no ping response)
[2026-03-21 18:21:01] [BEAT] [aria] load=0.03 mem=6888/8059MB temp=57.3C disk=65%
[2026-03-21 18:22:01] [BEAT] [aria] load=0.01 mem=6896/8059MB temp=56.8C disk=65%
[2026-03-21 18:23:02] [BEAT] [aria] load=0.00 mem=6889/8059MB temp=56.8C disk=65%
[2026-03-21 18:23:49] [BEAT] [aria] load=0.04 mem=6884/8059MB temp=58.4C disk=65%
[2026-03-21 18:23:49] [BEAT] [aria] load=0.04 mem=6882/8059MB temp=57.3C disk=65%
[2026-03-21 18:24:01] [BEAT] [aria] load=0.17 mem=6890/8059MB temp=57.3C disk=65%
[2026-03-21 18:25:01] [BEAT] [aria] load=0.13 mem=6838/8059MB temp=57.9C disk=65%
[2026-03-21 18:26:01] [BEAT] [aria] load=0.05 mem=6891/8059MB temp=57.9C disk=65%
[2026-03-21 18:27:01] [BEAT] [aria] load=0.07 mem=6892/8059MB temp=57.3C disk=65%
[2026-03-21 18:28:02] [BEAT] [aria] load=0.10 mem=6888/8059MB temp=57.3C disk=65%
[2026-03-21 18:28:52] [BEAT] [aria] load=0.29 mem=6889/8059MB temp=58.4C disk=65%
[2026-03-21 18:28:52] [BEAT] [aria] load=0.29 mem=6887/8059MB temp=56.2C disk=65%
[2026-03-21 18:29:01] [BEAT] [aria] load=0.33 mem=6886/8059MB temp=57.9C disk=65%
[2026-03-21 18:30:01] [FLEET] [aria] Starting cross-node health check
[2026-03-21 18:30:01] [BEAT] [aria] load=0.16 mem=6856/8059MB temp=57.9C disk=65%
[2026-03-21 18:30:02] [FLEET] [aria] alice: UP temp=41C mem=3133MB disk=85%
[2026-03-21 18:30:04] [FLEET] [aria] octavia: DOWN (no ping response)
[2026-03-21 18:30:04] [FLEET] [aria] cecilia: UP temp=41C mem=4655MB disk=28%
[2026-03-21 18:30:06] [FLEET] [aria] gematria: UP temp=C mem=5719MB disk=58%
[2026-03-21 18:30:06] [FLEET] [aria] lucidia: PING OK but SSH failed
[2026-03-21 18:30:08] [FLEET] [aria] anastasia: DOWN (no ping response)
[2026-03-21 18:30:46] [DIAL] [aria] Switchboard unreachable
[2026-03-21 18:31:01] [BEAT] [aria] load=0.61 mem=6890/8059MB temp=59.0C disk=65%
[2026-03-21 18:32:01] [BEAT] [aria] load=1.03 mem=6887/8059MB temp=59.0C disk=65%
[2026-03-21 18:33:01] [BEAT] [aria] load=0.41 mem=6887/8059MB temp=56.8C disk=65%
[2026-03-21 18:33:55] [BEAT] [aria] load=0.35 mem=6885/8059MB temp=59.0C disk=65%
[2026-03-21 18:33:55] [BEAT] [aria] load=0.35 mem=6883/8059MB temp=57.9C disk=65%
[2026-03-21 18:34:01] [BEAT] [aria] load=0.32 mem=6878/8059MB temp=57.3C disk=65%
[2026-03-21 18:35:01] [BEAT] [aria] load=0.20 mem=6857/8059MB temp=57.3C disk=65%
[2026-03-21 18:36:01] [BEAT] [aria] load=0.17 mem=6874/8059MB temp=56.8C disk=65%
[2026-03-21 18:37:01] [BEAT] [aria] load=0.13 mem=6879/8059MB temp=57.3C disk=65%
[2026-03-21 18:38:01] [BEAT] [aria] load=0.05 mem=6877/8059MB temp=58.4C disk=65%
[2026-03-21 18:39:00] [BEAT] [aria] load=0.02 mem=6870/8059MB temp=58.4C disk=65%
[2026-03-21 18:39:00] [BEAT] [aria] load=0.02 mem=6869/8059MB temp=58.4C disk=65%
[2026-03-21 18:39:01] [BEAT] [aria] load=0.10 mem=6855/8059MB temp=58.4C disk=65%
[2026-03-21 18:40:01] [FLEET] [aria] Starting cross-node health check
[2026-03-21 18:40:01] [BEAT] [aria] load=0.18 mem=6845/8059MB temp=57.9C disk=65%
[2026-03-21 18:40:02] [FLEET] [aria] alice: UP temp=41C mem=3138MB disk=84%
[2026-03-21 18:40:04] [FLEET] [aria] octavia: DOWN (no ping response)
[2026-03-21 18:40:04] [FLEET] [aria] cecilia: UP temp=40C mem=4677MB disk=28%
[2026-03-21 18:40:06] [FLEET] [aria] gematria: UP temp=C mem=5709MB disk=58%
[2026-03-21 18:40:06] [FLEET] [aria] lucidia: PING OK but SSH failed
[2026-03-21 18:40:08] [FLEET] [aria] anastasia: DOWN (no ping response)
[2026-03-21 18:41:01] [BEAT] [aria] load=0.17 mem=6875/8059MB temp=57.9C disk=65%
[2026-03-21 18:42:01] [BEAT] [aria] load=0.11 mem=6869/8059MB temp=57.9C disk=65%
[2026-03-21 18:43:01] [BEAT] [aria] load=0.04 mem=6860/8059MB temp=57.3C disk=65%
[2026-03-21 18:44:01] [BEAT] [aria] load=0.01 mem=6873/8059MB temp=57.3C disk=65%
[2026-03-21 18:44:03] [BEAT] [aria] load=0.01 mem=6868/8059MB temp=58.4C disk=65%
[2026-03-21 18:44:03] [BEAT] [aria] load=0.01 mem=6866/8059MB temp=57.9C disk=65%
[2026-03-21 18:45:01] [BEAT] [aria] load=0.09 mem=6822/8059MB temp=59.5C disk=65%
[2026-03-21 18:45:46] [DIAL] [aria] Switchboard unreachable
[2026-03-21 18:46:01] [BEAT] [aria] load=0.16 mem=6871/8059MB temp=57.9C disk=65%
[2026-03-21 18:47:01] [BEAT] [aria] load=0.16 mem=6864/8059MB temp=58.4C disk=65%
[2026-03-21 18:48:01] [BEAT] [aria] load=0.06 mem=6871/8059MB temp=57.3C disk=65%
[2026-03-21 18:49:01] [BEAT] [aria] load=0.02 mem=6866/8059MB temp=57.3C disk=65%
[2026-03-21 18:49:06] [BEAT] [aria] load=0.02 mem=6866/8059MB temp=57.9C disk=65%
[2026-03-21 18:49:06] [BEAT] [aria] load=0.02 mem=6864/8059MB temp=58.4C disk=65%
[2026-03-21 18:50:01] [FLEET] [aria] Starting cross-node health check
[2026-03-21 18:50:02] [BEAT] [aria] load=0.07 mem=6824/8059MB temp=58.4C disk=65%
[2026-03-21 18:50:02] [FLEET] [aria] alice: UP temp=41C mem=3137MB disk=84%
[2026-03-21 18:50:04] [FLEET] [aria] octavia: DOWN (no ping response)
[2026-03-21 18:50:04] [FLEET] [aria] cecilia: UP temp=42C mem=4661MB disk=28%
[2026-03-21 18:50:06] [FLEET] [aria] gematria: UP temp=C mem=5700MB disk=58%
[2026-03-21 18:50:06] [FLEET] [aria] lucidia: PING OK but SSH failed
[2026-03-21 18:50:08] [FLEET] [aria] anastasia: DOWN (no ping response)
[2026-03-21 18:51:01] [BEAT] [aria] load=0.06 mem=6871/8059MB temp=57.9C disk=65%
[2026-03-21 18:52:01] [BEAT] [aria] load=0.67 mem=6861/8059MB temp=58.4C disk=65%
[2026-03-21 18:53:01] [BEAT] [aria] load=0.99 mem=6872/8059MB temp=57.3C disk=65%
[2026-03-21 18:54:01] [BEAT] [aria] load=0.43 mem=6869/8059MB temp=57.3C disk=65%
[2026-03-21 18:54:09] [BEAT] [aria] load=0.55 mem=6866/8059MB temp=55.6C disk=65%
[2026-03-21 18:54:09] [BEAT] [aria] load=0.55 mem=6863/8059MB temp=57.3C disk=65%
[2026-03-21 18:55:01] [BEAT] [aria] load=0.45 mem=6837/8059MB temp=56.2C disk=65%
[2026-03-21 18:56:01] [BEAT] [aria] load=0.26 mem=6861/8059MB temp=55.6C disk=65%
[2026-03-21 18:57:01] [BEAT] [aria] load=0.17 mem=6857/8059MB temp=55.1C disk=65%
[2026-03-21 18:58:01] [BEAT] [aria] load=0.06 mem=6866/8059MB temp=55.1C disk=65%
[2026-03-21 18:59:01] [BEAT] [aria] load=0.73 mem=6863/8059MB temp=54.5C disk=65%
[2026-03-21 18:59:14] [BEAT] [aria] load=0.57 mem=6918/8059MB temp=54.5C disk=65%
[2026-03-21 18:59:14] [BEAT] [aria] load=0.57 mem=6915/8059MB temp=55.6C disk=65%
[2026-03-21 19:00:01] [FLEET] [aria] Starting cross-node health check
[2026-03-21 19:00:01] [BEAT] [aria] load=0.31 mem=6893/8059MB temp=56.2C disk=65%
[2026-03-21 19:00:01] [FLEET] [aria] alice: UP temp=39C mem=3140MB disk=84%
[2026-03-21 19:00:03] [FLEET] [aria] octavia: DOWN (no ping response)
[2026-03-21 19:00:04] [FLEET] [aria] cecilia: UP temp=41C mem=4669MB disk=28%
[2026-03-21 19:00:05] [FLEET] [aria] gematria: UP temp=C mem=5715MB disk=58%
[2026-03-21 19:00:06] [FLEET] [aria] lucidia: PING OK but SSH failed
[2026-03-21 19:00:08] [FLEET] [aria] anastasia: DOWN (no ping response)
[2026-03-21 19:00:46] [DIAL] [aria] Switchboard unreachable
[2026-03-21 19:01:01] [BEAT] [aria] load=0.22 mem=6931/8059MB temp=56.8C disk=65%
[2026-03-21 19:02:01] [BEAT] [aria] load=0.20 mem=6932/8059MB temp=54.5C disk=65%
[2026-03-21 19:03:01] [BEAT] [aria] load=0.11 mem=6929/8059MB temp=54.5C disk=65%
[2026-03-21 19:04:01] [BEAT] [aria] load=0.04 mem=6929/8059MB temp=55.6C disk=65%
[2026-03-21 19:04:17] [BEAT] [aria] load=0.03 mem=6931/8059MB temp=55.1C disk=65%
[2026-03-21 19:04:17] [BEAT] [aria] load=0.03 mem=6928/8059MB temp=56.2C disk=65%
[2026-03-21 19:05:01] [BEAT] [aria] load=0.01 mem=6895/8059MB temp=56.2C disk=65%
[2026-03-21 19:06:01] [BEAT] [aria] load=0.11 mem=6927/8059MB temp=56.2C disk=65%
[2026-03-21 19:07:01] [BEAT] [aria] load=0.15 mem=6925/8059MB temp=56.2C disk=65%
[2026-03-21 19:08:01] [BEAT] [aria] load=0.11 mem=6932/8059MB temp=55.6C disk=65%
[2026-03-21 19:09:01] [BEAT] [aria] load=0.04 mem=6929/8059MB temp=55.6C disk=65%
[2026-03-21 19:09:20] [BEAT] [aria] load=0.03 mem=6929/8059MB temp=55.1C disk=65%
[2026-03-21 19:09:20] [BEAT] [aria] load=0.03 mem=6926/8059MB temp=56.8C disk=65%
[2026-03-21 19:10:01] [FLEET] [aria] Starting cross-node health check
[2026-03-21 19:10:01] [BEAT] [aria] load=0.08 mem=6898/8059MB temp=56.8C disk=64%
[2026-03-21 19:10:02] [FLEET] [aria] alice: UP temp=40C mem=3132MB disk=84%
[2026-03-21 19:10:04] [FLEET] [aria] octavia: DOWN (no ping response)
[2026-03-21 19:10:04] [FLEET] [aria] cecilia: UP temp=41C mem=4699MB disk=28%
[2026-03-21 19:10:06] [FLEET] [aria] gematria: UP temp=C mem=5695MB disk=57%
[2026-03-21 19:10:06] [FLEET] [aria] lucidia: PING OK but SSH failed
[2026-03-21 19:10:08] [FLEET] [aria] anastasia: DOWN (no ping response)
[2026-03-21 19:11:02] [BEAT] [aria] load=0.06 mem=6925/8059MB temp=55.6C disk=64%
[2026-03-21 19:12:01] [BEAT] [aria] load=0.06 mem=6913/8059MB temp=56.8C disk=64%
[2026-03-21 19:13:01] [BEAT] [aria] load=0.68 mem=6951/8059MB temp=55.6C disk=64%
[2026-03-21 19:14:01] [BEAT] [aria] load=0.78 mem=6950/8059MB temp=56.8C disk=64%
[2026-03-21 19:14:26] [BEAT] [aria] load=0.51 mem=6951/8059MB temp=55.6C disk=64%
[2026-03-21 19:14:26] [BEAT] [aria] load=0.51 mem=6950/8059MB temp=57.3C disk=64%
[2026-03-21 19:15:01] [BEAT] [aria] load=0.33 mem=6925/8059MB temp=57.9C disk=64%
[2026-03-21 19:15:46] [DIAL] [aria] Switchboard unreachable
[2026-03-21 19:16:01] [BEAT] [aria] load=0.12 mem=6956/8059MB temp=56.8C disk=64%
[2026-03-21 19:17:01] [BEAT] [aria] load=0.18 mem=6945/8059MB temp=56.8C disk=64%
[2026-03-21 19:18:01] [BEAT] [aria] load=0.06 mem=6953/8059MB temp=56.8C disk=64%
[2026-03-21 19:19:01] [BEAT] [aria] load=0.06 mem=6934/8059MB temp=56.8C disk=64%
[2026-03-21 19:19:29] [BEAT] [aria] load=0.04 mem=6931/8059MB temp=58.4C disk=64%
[2026-03-21 19:19:29] [BEAT] [aria] load=0.04 mem=6928/8059MB temp=56.8C disk=64%
[2026-03-21 19:20:01] [FLEET] [aria] Starting cross-node health check
[2026-03-21 19:20:01] [BEAT] [aria] load=0.02 mem=6899/8059MB temp=57.9C disk=64%
[2026-03-21 19:20:01] [FLEET] [aria] alice: UP temp=40C mem=3145MB disk=84%
[2026-03-21 19:20:03] [FLEET] [aria] octavia: DOWN (no ping response)
[2026-03-21 19:20:04] [FLEET] [aria] cecilia: UP temp=40C mem=4689MB disk=28%
[2026-03-21 19:20:05] [FLEET] [aria] gematria: UP temp=C mem=5744MB disk=57%
[2026-03-21 19:20:05] [FLEET] [aria] lucidia: PING OK but SSH failed
[2026-03-21 19:20:07] [FLEET] [aria] anastasia: DOWN (no ping response)
[2026-03-21 19:21:01] [BEAT] [aria] load=0.22 mem=6936/8059MB temp=57.9C disk=64%
[2026-03-21 19:22:02] [BEAT] [aria] load=0.15 mem=6924/8059MB temp=56.8C disk=64%
[2026-03-21 19:23:01] [BEAT] [aria] load=0.11 mem=6949/8059MB temp=57.3C disk=64%
[2026-03-21 19:24:01] [BEAT] [aria] load=0.10 mem=6952/8059MB temp=56.8C disk=64%
[2026-03-21 19:24:41] [BEAT] [aria] load=0.05 mem=6948/8059MB temp=57.3C disk=64%
[2026-03-21 19:24:41] [BEAT] [aria] load=0.05 mem=6946/8059MB temp=57.3C disk=64%
[2026-03-21 19:25:01] [BEAT] [aria] load=0.10 mem=6908/8059MB temp=57.9C disk=64%
[2026-03-21 19:26:01] [BEAT] [aria] load=0.13 mem=6945/8059MB temp=56.8C disk=64%
[2026-03-21 19:27:01] [BEAT] [aria] load=0.05 mem=6936/8059MB temp=57.9C disk=64%
[2026-03-21 19:28:01] [BEAT] [aria] load=0.05 mem=6949/8059MB temp=57.3C disk=64%
[2026-03-21 19:29:01] [BEAT] [aria] load=0.06 mem=6951/8059MB temp=57.3C disk=64%
[2026-03-21 19:29:44] [BEAT] [aria] load=0.10 mem=6946/8059MB temp=57.9C disk=64%
[2026-03-21 19:29:44] [BEAT] [aria] load=0.10 mem=6944/8059MB temp=57.3C disk=64%
[2026-03-21 19:30:01] [FLEET] [aria] Starting cross-node health check
[2026-03-21 19:30:01] [BEAT] [aria] load=0.08 mem=6920/8059MB temp=59.5C disk=64%
[2026-03-21 19:30:02] [FLEET] [aria] alice: UP temp=41C mem=3123MB disk=84%
[2026-03-21 19:30:04] [FLEET] [aria] octavia: DOWN (no ping response)
[2026-03-21 19:30:04] [FLEET] [aria] cecilia: UP temp=41C mem=4678MB disk=28%
[2026-03-21 19:30:06] [FLEET] [aria] gematria: UP temp=C mem=3146MB disk=57%
[2026-03-21 19:30:06] [FLEET] [aria] lucidia: PING OK but SSH failed
[2026-03-21 19:30:08] [FLEET] [aria] anastasia: DOWN (no ping response)
[2026-03-21 19:30:46] [DIAL] [aria] Switchboard unreachable
[2026-03-21 19:31:01] [BEAT] [aria] load=0.16 mem=6949/8059MB temp=57.3C disk=64%
[2026-03-21 19:32:01] [BEAT] [aria] load=0.06 mem=6943/8059MB temp=57.9C disk=64%
[2026-03-21 19:33:01] [BEAT] [aria] load=0.18 mem=6947/8059MB temp=57.3C disk=64%
[2026-03-21 19:34:01] [BEAT] [aria] load=0.67 mem=6950/8059MB temp=57.3C disk=64%
[2026-03-21 19:34:47] [BEAT] [aria] load=0.83 mem=6950/8059MB temp=58.4C disk=64%
[2026-03-21 19:34:48] [BEAT] [aria] load=0.83 mem=6946/8059MB temp=57.3C disk=64%
[2026-03-21 19:35:01] [BEAT] [aria] load=0.64 mem=6924/8059MB temp=56.8C disk=64%
[2026-03-21 19:36:01] [BEAT] [aria] load=0.23 mem=6948/8059MB temp=57.9C disk=64%
[2026-03-21 19:37:01] [BEAT] [aria] load=0.15 mem=6947/8059MB temp=57.3C disk=64%
[2026-03-21 19:38:01] [BEAT] [aria] load=0.13 mem=6950/8059MB temp=57.3C disk=64%
[2026-03-21 19:39:01] [BEAT] [aria] load=0.05 mem=6948/8059MB temp=57.9C disk=64%
[2026-03-21 19:39:52] [BEAT] [aria] load=0.02 mem=6948/8059MB temp=58.4C disk=64%
[2026-03-21 19:39:52] [BEAT] [aria] load=0.02 mem=6946/8059MB temp=57.9C disk=64%
[2026-03-21 19:40:01] [FLEET] [aria] Starting cross-node health check
[2026-03-21 19:40:01] [BEAT] [aria] load=0.02 mem=6911/8059MB temp=56.8C disk=64%
[2026-03-21 19:40:02] [FLEET] [aria] alice: UP temp=41C mem=3124MB disk=84%
[2026-03-21 19:40:04] [FLEET] [aria] octavia: DOWN (no ping response)
[2026-03-21 19:40:04] [FLEET] [aria] cecilia: UP temp=42C mem=4677MB disk=28%
[2026-03-21 19:40:06] [FLEET] [aria] gematria: UP temp=C mem=5720MB disk=57%
[2026-03-21 19:40:06] [FLEET] [aria] lucidia: PING OK but SSH failed
[2026-03-21 19:40:08] [FLEET] [aria] anastasia: DOWN (no ping response)
[2026-03-21 19:41:01] [BEAT] [aria] load=0.00 mem=6949/8059MB temp=57.9C disk=64%
[2026-03-21 19:42:01] [BEAT] [aria] load=0.10 mem=6948/8059MB temp=56.8C disk=64%
[2026-03-21 19:43:01] [BEAT] [aria] load=0.07 mem=6945/8059MB temp=56.8C disk=64%
[2026-03-21 19:44:01] [BEAT] [aria] load=0.09 mem=6948/8059MB temp=57.9C disk=64%
[2026-03-21 19:44:57] [BEAT] [aria] load=0.04 mem=6948/8059MB temp=59.0C disk=64%
[2026-03-21 19:44:57] [BEAT] [aria] load=0.04 mem=6945/8059MB temp=57.3C disk=64%
[2026-03-21 19:45:01] [BEAT] [aria] load=0.19 mem=6895/8059MB temp=59.0C disk=64%
[2026-03-21 19:45:46] [DIAL] [aria] Switchboard unreachable
[2026-03-21 19:46:01] [BEAT] [aria] load=0.07 mem=6939/8059MB temp=59.0C disk=64%
[2026-03-21 19:47:01] [BEAT] [aria] load=0.17 mem=6947/8059MB temp=57.9C disk=64%
[2026-03-21 19:48:01] [BEAT] [aria] load=0.06 mem=6948/8059MB temp=57.9C disk=64%
[2026-03-21 19:49:01] [BEAT] [aria] load=0.07 mem=6950/8059MB temp=57.3C disk=64%
[2026-03-21 19:50:01] [FLEET] [aria] Starting cross-node health check
[2026-03-21 19:50:01] [BEAT] [aria] load=0.02 mem=6925/8059MB temp=59.5C disk=64%
[2026-03-21 19:50:02] [FLEET] [aria] alice: UP temp=43C mem=3137MB disk=84%
[2026-03-21 19:50:03] [BEAT] [aria] load=0.02 mem=6891/8059MB temp=57.9C disk=64%
[2026-03-21 19:50:03] [BEAT] [aria] load=0.02 mem=6891/8059MB temp=58.4C disk=64%
[2026-03-21 19:50:04] [FLEET] [aria] octavia: DOWN (no ping response)
[2026-03-21 19:50:05] [FLEET] [aria] cecilia: UP temp=41C mem=4666MB disk=28%
[2026-03-21 19:50:06] [FLEET] [aria] gematria: UP temp=C mem=5692MB disk=57%
[2026-03-21 19:50:07] [FLEET] [aria] lucidia: PING OK but SSH failed
[2026-03-21 19:50:09] [FLEET] [aria] anastasia: DOWN (no ping response)
[2026-03-21 19:51:01] [BEAT] [aria] load=0.01 mem=6942/8059MB temp=56.8C disk=64%
[2026-03-21 19:52:01] [BEAT] [aria] load=0.00 mem=6941/8059MB temp=57.3C disk=64%
[2026-03-21 19:53:01] [BEAT] [aria] load=0.13 mem=6938/8059MB temp=56.8C disk=64%
[2026-03-21 19:54:01] [BEAT] [aria] load=0.20 mem=6941/8059MB temp=56.2C disk=64%
[2026-03-21 19:55:01] [BEAT] [aria] load=0.75 mem=6907/8059MB temp=56.8C disk=64%
[2026-03-21 19:55:07] [BEAT] [aria] load=0.93 mem=6911/8059MB temp=56.2C disk=64%
[2026-03-21 19:55:07] [BEAT] [aria] load=0.93 mem=6910/8059MB temp=56.8C disk=64%
[2026-03-21 19:56:01] [BEAT] [aria] load=0.90 mem=6936/8059MB temp=57.3C disk=64%
[2026-03-21 19:57:01] [BEAT] [aria] load=0.39 mem=6940/8059MB temp=56.2C disk=64%
[2026-03-21 19:58:01] [BEAT] [aria] load=0.30 mem=6940/8059MB temp=55.1C disk=64%
[2026-03-21 19:59:01] [BEAT] [aria] load=0.11 mem=6940/8059MB temp=55.1C disk=64%
[2026-03-21 20:00:01] [FLEET] [aria] Starting cross-node health check
[2026-03-21 20:00:01] [BEAT] [aria] load=0.11 mem=6905/8059MB temp=56.2C disk=64%
[2026-03-21 20:00:02] [FLEET] [aria] alice: UP temp=43C mem=3123MB disk=84%
[2026-03-21 20:00:04] [FLEET] [aria] octavia: DOWN (no ping response)
[2026-03-21 20:00:05] [FLEET] [aria] cecilia: UP temp=40C mem=4666MB disk=28%
[2026-03-21 20:00:07] [FLEET] [aria] gematria: UP temp=C mem=5689MB disk=57%
[2026-03-21 20:00:07] [FLEET] [aria] lucidia: PING OK but SSH failed
[2026-03-21 20:00:09] [FLEET] [aria] anastasia: DOWN (no ping response)
[2026-03-21 20:00:11] [BEAT] [aria] load=0.10 mem=6913/8059MB temp=55.6C disk=64%
[2026-03-21 20:00:11] [BEAT] [aria] load=0.10 mem=6910/8059MB temp=56.2C disk=64%
[2026-03-21 20:00:46] [DIAL] [aria] Switchboard unreachable
[2026-03-21 20:01:01] [BEAT] [aria] load=0.11 mem=6936/8059MB temp=56.2C disk=64%
[2026-03-21 20:02:01] [BEAT] [aria] load=0.20 mem=6936/8059MB temp=54.0C disk=64%
[2026-03-21 20:03:01] [BEAT] [aria] load=0.23 mem=6935/8059MB temp=55.6C disk=64%
[2026-03-21 20:04:01] [BEAT] [aria] load=0.08 mem=6940/8059MB temp=56.2C disk=64%
[2026-03-21 20:05:01] [BEAT] [aria] load=0.08 mem=6901/8059MB temp=56.8C disk=64%
[2026-03-21 20:05:17] [BEAT] [aria] load=0.06 mem=6925/8059MB temp=56.8C disk=64%
[2026-03-21 20:05:17] [BEAT] [aria] load=0.06 mem=6925/8059MB temp=58.4C disk=64%
[2026-03-21 20:06:01] [BEAT] [aria] load=0.03 mem=6935/8059MB temp=57.3C disk=64%
[2026-03-21 20:07:01] [BEAT] [aria] load=0.13 mem=6940/8059MB temp=56.2C disk=64%
[2026-03-21 20:08:01] [BEAT] [aria] load=0.10 mem=6936/8059MB temp=56.2C disk=64%
[2026-03-21 20:09:01] [BEAT] [aria] load=0.07 mem=6935/8059MB temp=55.6C disk=64%
[2026-03-21 20:10:01] [FLEET] [aria] Starting cross-node health check
[2026-03-21 20:10:01] [BEAT] [aria] load=0.09 mem=6910/8059MB temp=57.3C disk=64%
[2026-03-21 20:10:01] [FLEET] [aria] alice: UP temp=41C mem=3133MB disk=84%
[2026-03-21 20:10:03] [FLEET] [aria] octavia: DOWN (no ping response)
[2026-03-21 20:10:04] [FLEET] [aria] cecilia: UP temp=40C mem=4677MB disk=28%
[2026-03-21 20:10:05] [FLEET] [aria] gematria: UP temp=C mem=5694MB disk=57%
[2026-03-21 20:10:06] [FLEET] [aria] lucidia: PING OK but SSH failed
[2026-03-21 20:10:08] [FLEET] [aria] anastasia: DOWN (no ping response)
[2026-03-21 20:10:24] [BEAT] [aria] load=0.06 mem=6937/8059MB temp=57.3C disk=64%
[2026-03-21 20:10:24] [BEAT] [aria] load=0.06 mem=6934/8059MB temp=56.8C disk=64%
[2026-03-21 20:11:01] [BEAT] [aria] load=0.03 mem=6937/8059MB temp=57.3C disk=64%
[2026-03-21 20:12:01] [BEAT] [aria] load=0.01 mem=6937/8059MB temp=56.8C disk=64%
[2026-03-21 20:13:01] [BEAT] [aria] load=0.08 mem=6936/8059MB temp=57.3C disk=64%
[2026-03-21 20:14:01] [BEAT] [aria] load=0.07 mem=6936/8059MB temp=57.3C disk=64%
[2026-03-21 20:15:01] [BEAT] [aria] load=0.25 mem=6910/8059MB temp=59.0C disk=64%
[2026-03-21 20:15:29] [BEAT] [aria] load=0.64 mem=6931/8059MB temp=56.8C disk=64%
[2026-03-21 20:15:29] [BEAT] [aria] load=0.64 mem=6929/8059MB temp=58.4C disk=64%
[2026-03-21 20:15:46] [DIAL] [aria] Switchboard unreachable
[2026-03-21 20:16:01] [BEAT] [aria] load=0.96 mem=6933/8059MB temp=55.1C disk=64%
[2026-03-21 20:17:01] [BEAT] [aria] load=0.50 mem=6937/8059MB temp=58.4C disk=64%
[2026-03-21 20:18:01] [BEAT] [aria] load=0.47 mem=6938/8059MB temp=57.9C disk=64%
[2026-03-21 20:19:01] [BEAT] [aria] load=0.28 mem=6936/8059MB temp=57.9C disk=64%
[2026-03-21 20:20:01] [FLEET] [aria] Starting cross-node health check
[2026-03-21 20:20:01] [BEAT] [aria] load=0.10 mem=6906/8059MB temp=59.0C disk=64%
[2026-03-21 20:20:02] [FLEET] [aria] alice: UP temp=40C mem=3133MB disk=84%
[2026-03-21 20:20:04] [FLEET] [aria] octavia: DOWN (no ping response)
[2026-03-21 20:20:04] [FLEET] [aria] cecilia: UP temp=41C mem=4653MB disk=28%
[2026-03-21 20:20:06] [FLEET] [aria] gematria: UP temp=C mem=5701MB disk=58%
[2026-03-21 20:20:06] [FLEET] [aria] lucidia: PING OK but SSH failed
[2026-03-21 20:20:08] [FLEET] [aria] anastasia: DOWN (no ping response)
[2026-03-21 20:20:33] [BEAT] [aria] load=0.14 mem=6934/8059MB temp=56.8C disk=64%
[2026-03-21 20:20:33] [BEAT] [aria] load=0.14 mem=6931/8059MB temp=57.9C disk=64%
[2026-03-21 20:21:01] [BEAT] [aria] load=0.08 mem=6938/8059MB temp=56.8C disk=64%
[2026-03-21 20:22:01] [BEAT] [aria] load=0.03 mem=6939/8059MB temp=56.8C disk=64%
[2026-03-21 20:23:01] [BEAT] [aria] load=0.01 mem=6938/8059MB temp=56.2C disk=64%
[2026-03-21 20:24:01] [BEAT] [aria] load=0.00 mem=6936/8059MB temp=57.3C disk=64%
[2026-03-21 20:25:01] [BEAT] [aria] load=0.18 mem=6918/8059MB temp=57.9C disk=64%
[2026-03-21 20:25:37] [BEAT] [aria] load=0.10 mem=6931/8059MB temp=58.4C disk=64%
[2026-03-21 20:25:37] [BEAT] [aria] load=0.10 mem=6929/8059MB temp=57.3C disk=64%
[2026-03-21 20:26:01] [BEAT] [aria] load=0.13 mem=6940/8059MB temp=58.4C disk=64%
[2026-03-21 20:27:01] [BEAT] [aria] load=0.09 mem=6940/8059MB temp=57.3C disk=64%
[2026-03-21 20:28:01] [BEAT] [aria] load=0.03 mem=6929/8059MB temp=57.3C disk=64%
[2026-03-21 20:29:01] [BEAT] [aria] load=0.01 mem=6937/8059MB temp=57.3C disk=64%
[2026-03-21 20:30:02] [FLEET] [aria] Starting cross-node health check
[2026-03-21 20:30:02] [BEAT] [aria] load=0.13 mem=6905/8059MB temp=57.9C disk=64%
[2026-03-21 20:30:02] [FLEET] [aria] alice: UP temp=42C mem=3128MB disk=84%
[2026-03-21 20:30:04] [FLEET] [aria] octavia: DOWN (no ping response)
[2026-03-21 20:30:05] [FLEET] [aria] cecilia: UP temp=41C mem=4634MB disk=28%
[2026-03-21 20:30:06] [FLEET] [aria] gematria: UP temp=C mem=5740MB disk=58%
[2026-03-21 20:30:06] [FLEET] [aria] lucidia: PING OK but SSH failed
[2026-03-21 20:30:08] [FLEET] [aria] anastasia: DOWN (no ping response)
[2026-03-21 20:30:42] [BEAT] [aria] load=0.06 mem=6931/8059MB temp=57.3C disk=64%
[2026-03-21 20:30:42] [BEAT] [aria] load=0.06 mem=6928/8059MB temp=58.4C disk=64%
[2026-03-21 20:30:47] [DIAL] [aria] Switchboard unreachable
[2026-03-21 20:31:01] [BEAT] [aria] load=0.04 mem=6935/8059MB temp=57.9C disk=64%
[2026-03-21 20:32:01] [BEAT] [aria] load=0.01 mem=6934/8059MB temp=56.8C disk=64%
[2026-03-21 20:33:01] [BEAT] [aria] load=0.00 mem=6938/8059MB temp=57.9C disk=64%
[2026-03-21 20:34:01] [BEAT] [aria] load=0.00 mem=6936/8059MB temp=57.9C disk=64%
[2026-03-21 20:35:01] [BEAT] [aria] load=0.06 mem=6902/8059MB temp=56.8C disk=64%
[2026-03-21 20:35:45] [BEAT] [aria] load=0.11 mem=6932/8059MB temp=57.3C disk=64%
[2026-03-21 20:35:45] [BEAT] [aria] load=0.11 mem=6930/8059MB temp=57.3C disk=64%
[2026-03-21 20:36:01] [BEAT] [aria] load=0.36 mem=6934/8059MB temp=56.8C disk=64%
[2026-03-21 20:37:01] [BEAT] [aria] load=0.81 mem=6936/8059MB temp=56.2C disk=64%
[2026-03-21 20:38:01] [BEAT] [aria] load=0.65 mem=6937/8059MB temp=56.8C disk=64%
[2026-03-21 20:39:01] [BEAT] [aria] load=0.36 mem=6935/8059MB temp=57.3C disk=64%
[2026-03-21 20:40:01] [FLEET] [aria] Starting cross-node health check
[2026-03-21 20:40:01] [BEAT] [aria] load=0.13 mem=6901/8059MB temp=57.3C disk=64%
[2026-03-21 20:40:02] [FLEET] [aria] alice: UP temp=40C mem=3135MB disk=84%
[2026-03-21 20:40:04] [FLEET] [aria] octavia: DOWN (no ping response)
[2026-03-21 20:40:04] [FLEET] [aria] cecilia: UP temp=42C mem=4637MB disk=28%
[2026-03-21 20:40:06] [FLEET] [aria] gematria: UP temp=C mem=5745MB disk=58%
[2026-03-21 20:40:06] [FLEET] [aria] lucidia: PING OK but SSH failed
[2026-03-21 20:40:08] [FLEET] [aria] anastasia: DOWN (no ping response)
[2026-03-21 20:41:01] [BEAT] [aria] load=0.08 mem=6929/8059MB temp=56.8C disk=64%
[2026-03-21 20:42:01] [BEAT] [aria] load=0.10 mem=6930/8059MB temp=55.6C disk=64%
[2026-03-21 20:42:11] [BEAT] [aria] load=0.09 mem=6923/8059MB temp=56.8C disk=64%
[2026-03-21 20:42:11] [BEAT] [aria] load=0.09 mem=6922/8059MB temp=57.3C disk=64%
[2026-03-21 20:43:01] [BEAT] [aria] load=0.07 mem=6928/8059MB temp=56.2C disk=64%
[2026-03-21 20:44:01] [BEAT] [aria] load=0.32 mem=6931/8059MB temp=56.2C disk=64%
[2026-03-21 20:45:01] [BEAT] [aria] load=0.11 mem=6896/8059MB temp=56.8C disk=64%
[2026-03-21 20:45:46] [DIAL] [aria] Switchboard unreachable
[2026-03-21 20:46:01] [BEAT] [aria] load=0.38 mem=6923/8059MB temp=56.8C disk=64%
[2026-03-21 20:47:01] [BEAT] [aria] load=0.27 mem=6930/8059MB temp=56.2C disk=64%
[2026-03-21 20:47:14] [BEAT] [aria] load=0.39 mem=6923/8059MB temp=56.8C disk=64%
[2026-03-21 20:47:14] [BEAT] [aria] load=0.39 mem=6920/8059MB temp=56.2C disk=64%
[2026-03-21 20:48:01] [BEAT] [aria] load=0.17 mem=6929/8059MB temp=56.2C disk=64%
[2026-03-21 20:49:01] [BEAT] [aria] load=0.22 mem=6927/8059MB temp=56.8C disk=64%
[2026-03-21 20:50:02] [FLEET] [aria] Starting cross-node health check
[2026-03-21 20:50:02] [BEAT] [aria] load=0.08 mem=6896/8059MB temp=56.2C disk=64%
[2026-03-21 20:50:02] [FLEET] [aria] alice: UP temp=40C mem=3135MB disk=85%
[2026-03-21 20:50:04] [FLEET] [aria] octavia: DOWN (no ping response)
[2026-03-21 20:50:05] [FLEET] [aria] cecilia: UP temp=41C mem=4594MB disk=28%
[2026-03-21 20:50:06] [FLEET] [aria] gematria: UP temp=C mem=5739MB disk=58%
[2026-03-21 20:50:07] [FLEET] [aria] lucidia: PING OK but SSH failed
[2026-03-21 20:50:09] [FLEET] [aria] anastasia: DOWN (no ping response)
[2026-03-21 20:51:01] [BEAT] [aria] load=0.14 mem=6928/8059MB temp=56.2C disk=64%
[2026-03-21 20:52:01] [BEAT] [aria] load=0.08 mem=6927/8059MB temp=56.2C disk=65%
[2026-03-21 20:52:18] [BEAT] [aria] load=0.06 mem=6925/8059MB temp=55.6C disk=65%
[2026-03-21 20:52:18] [BEAT] [aria] load=0.06 mem=6922/8059MB temp=56.2C disk=65%
[2026-03-21 20:53:01] [BEAT] [aria] load=0.13 mem=6927/8059MB temp=57.3C disk=65%
[2026-03-21 20:54:01] [BEAT] [aria] load=0.05 mem=6929/8059MB temp=55.6C disk=65%
[2026-03-21 20:55:01] [BEAT] [aria] load=0.25 mem=6907/8059MB temp=55.1C disk=65%
[2026-03-21 20:56:01] [BEAT] [aria] load=0.09 mem=6929/8059MB temp=54.5C disk=65%
[2026-03-21 20:57:01] [BEAT] [aria] load=0.46 mem=6923/8059MB temp=54.0C disk=65%
[2026-03-21 20:57:23] [BEAT] [aria] load=0.65 mem=6928/8059MB temp=54.5C disk=65%
[2026-03-21 20:57:23] [BEAT] [aria] load=0.65 mem=6924/8059MB temp=54.5C disk=65%
[2026-03-21 20:58:01] [BEAT] [aria] load=1.09 mem=6927/8059MB temp=53.5C disk=65%
[2026-03-21 20:59:01] [BEAT] [aria] load=0.46 mem=6925/8059MB temp=52.4C disk=65%
[2026-03-21 21:00:01] [FLEET] [aria] Starting cross-node health check
[2026-03-21 21:00:01] [BEAT] [aria] load=0.23 mem=6891/8059MB temp=55.6C disk=65%
[2026-03-21 21:00:02] [FLEET] [aria] alice: UP temp=39C mem=3127MB disk=85%
[2026-03-21 21:00:04] [FLEET] [aria] octavia: DOWN (no ping response)
[2026-03-21 21:00:05] [FLEET] [aria] cecilia: UP temp=41C mem=4568MB disk=28%
[2026-03-21 21:00:06] [FLEET] [aria] gematria: UP temp=C mem=5736MB disk=58%
[2026-03-21 21:00:07] [FLEET] [aria] lucidia: PING OK but SSH failed
[2026-03-21 21:00:09] [FLEET] [aria] anastasia: DOWN (no ping response)
[2026-03-21 21:00:46] [DIAL] [aria] Switchboard unreachable
[2026-03-21 21:01:01] [BEAT] [aria] load=0.13 mem=6926/8059MB temp=54.5C disk=65%
[2026-03-21 21:02:01] [BEAT] [aria] load=0.09 mem=6926/8059MB temp=55.1C disk=65%
[2026-03-21 21:02:26] [BEAT] [aria] load=0.13 mem=6923/8059MB temp=56.8C disk=65%
[2026-03-21 21:02:26] [BEAT] [aria] load=0.13 mem=6920/8059MB temp=55.6C disk=65%
[2026-03-21 21:03:01] [BEAT] [aria] load=0.47 mem=6924/8059MB temp=55.1C disk=65%
[2026-03-21 21:04:02] [BEAT] [aria] load=0.17 mem=6927/8059MB temp=55.1C disk=65%
[2026-03-21 21:05:02] [BEAT] [aria] load=0.23 mem=6896/8059MB temp=55.6C disk=65%
[2026-03-21 21:06:01] [BEAT] [aria] load=0.15 mem=6927/8059MB temp=54.5C disk=65%
[2026-03-21 21:07:01] [BEAT] [aria] load=0.19 mem=6913/8059MB temp=55.1C disk=65%
[2026-03-21 21:07:30] [BEAT] [aria] load=0.11 mem=6924/8059MB temp=55.6C disk=65%
[2026-03-21 21:07:30] [BEAT] [aria] load=0.11 mem=6924/8059MB temp=55.6C disk=65%
[2026-03-21 21:08:01] [BEAT] [aria] load=0.17 mem=6927/8059MB temp=56.2C disk=65%
[2026-03-21 21:09:01] [BEAT] [aria] load=0.06 mem=6929/8059MB temp=56.2C disk=65%
[2026-03-21 21:10:01] [FLEET] [aria] Starting cross-node health check
[2026-03-21 21:10:01] [BEAT] [aria] load=0.15 mem=6901/8059MB temp=57.3C disk=65%
[2026-03-21 21:10:02] [FLEET] [aria] alice: UP temp=40C mem=3125MB disk=85%
[2026-03-21 21:10:04] [FLEET] [aria] octavia: DOWN (no ping response)
[2026-03-21 21:10:04] [FLEET] [aria] cecilia: UP temp=40C mem=4623MB disk=28%
[2026-03-21 21:10:06] [FLEET] [aria] gematria: UP temp=C mem=5731MB disk=58%
[2026-03-21 21:10:06] [FLEET] [aria] lucidia: PING OK but SSH failed
[2026-03-21 21:10:08] [FLEET] [aria] anastasia: DOWN (no ping response)
[2026-03-21 21:11:01] [BEAT] [aria] load=0.26 mem=6926/8059MB temp=55.6C disk=65%
[2026-03-21 21:12:01] [BEAT] [aria] load=0.09 mem=6926/8059MB temp=55.6C disk=65%
[2026-03-21 21:12:36] [BEAT] [aria] load=0.18 mem=6909/8059MB temp=56.8C disk=65%
[2026-03-21 21:12:36] [BEAT] [aria] load=0.18 mem=6908/8059MB temp=57.3C disk=65%
[2026-03-21 21:13:01] [BEAT] [aria] load=0.17 mem=6929/8059MB temp=57.9C disk=65%
[2026-03-21 21:14:02] [BEAT] [aria] load=0.06 mem=6923/8059MB temp=56.2C disk=65%
[2026-03-21 21:15:01] [BEAT] [aria] load=0.02 mem=6902/8059MB temp=56.2C disk=65%
[2026-03-21 21:15:46] [DIAL] [aria] Switchboard unreachable
[2026-03-21 21:16:01] [BEAT] [aria] load=0.22 mem=6925/8059MB temp=57.9C disk=65%
[2026-03-21 21:17:01] [BEAT] [aria] load=0.08 mem=6924/8059MB temp=56.8C disk=65%
[2026-03-21 21:17:39] [BEAT] [aria] load=0.51 mem=6906/8059MB temp=56.8C disk=65%
[2026-03-21 21:17:39] [BEAT] [aria] load=0.51 mem=6906/8059MB temp=56.2C disk=65%
[2026-03-21 21:18:01] [BEAT] [aria] load=0.65 mem=6924/8059MB temp=57.9C disk=65%
[2026-03-21 21:19:01] [BEAT] [aria] load=0.84 mem=6930/8059MB temp=56.8C disk=65%
[2026-03-21 21:20:01] [FLEET] [aria] Starting cross-node health check
[2026-03-21 21:20:01] [BEAT] [aria] load=0.34 mem=6901/8059MB temp=57.3C disk=65%
[2026-03-21 21:20:01] [FLEET] [aria] alice: UP temp=41C mem=3131MB disk=85%
[2026-03-21 21:20:03] [FLEET] [aria] octavia: DOWN (no ping response)
[2026-03-21 21:20:04] [FLEET] [aria] cecilia: UP temp=57C mem=4466MB disk=28%
[2026-03-21 21:20:05] [FLEET] [aria] gematria: UP temp=C mem=5715MB disk=58%
[2026-03-21 21:20:06] [FLEET] [aria] lucidia: PING OK but SSH failed
[2026-03-21 21:20:08] [FLEET] [aria] anastasia: DOWN (no ping response)
[2026-03-21 21:21:01] [BEAT] [aria] load=0.12 mem=6927/8059MB temp=57.3C disk=65%
[2026-03-21 21:22:01] [BEAT] [aria] load=0.08 mem=6915/8059MB temp=55.6C disk=65%
[2026-03-21 21:22:43] [BEAT] [aria] load=0.67 mem=6914/8059MB temp=56.2C disk=65%
[2026-03-21 21:22:43] [BEAT] [aria] load=0.67 mem=6909/8059MB temp=55.1C disk=65%
[2026-03-21 21:23:01] [BEAT] [aria] load=0.59 mem=6925/8059MB temp=55.1C disk=65%
[2026-03-21 21:24:01] [BEAT] [aria] load=0.21 mem=6929/8059MB temp=52.9C disk=65%
[2026-03-21 21:25:01] [BEAT] [aria] load=0.08 mem=6902/8059MB temp=54.0C disk=65%
[2026-03-21 21:26:01] [BEAT] [aria] load=0.03 mem=6928/8059MB temp=54.0C disk=65%
[2026-03-21 21:27:01] [BEAT] [aria] load=0.10 mem=6910/8059MB temp=51.8C disk=65%
[2026-03-21 21:27:48] [BEAT] [aria] load=0.04 mem=6888/8059MB temp=51.8C disk=65%
[2026-03-21 21:27:48] [BEAT] [aria] load=0.04 mem=6886/8059MB temp=52.4C disk=65%
[2026-03-21 21:28:01] [BEAT] [aria] load=0.03 mem=6905/8059MB temp=52.4C disk=65%
[2026-03-21 21:29:01] [BEAT] [aria] load=0.05 mem=6917/8059MB temp=50.7C disk=65%
[2026-03-21 21:30:01] [FLEET] [aria] Starting cross-node health check
[2026-03-21 21:30:01] [BEAT] [aria] load=0.08 mem=6875/8059MB temp=49.6C disk=65%
[2026-03-21 21:30:02] [FLEET] [aria] alice: UP temp=38C mem=3125MB disk=85%
[2026-03-21 21:30:04] [FLEET] [aria] octavia: DOWN (no ping response)
[2026-03-21 21:30:04] [FLEET] [aria] cecilia: UP temp=40C mem=4475MB disk=28%
[2026-03-21 21:30:06] [FLEET] [aria] gematria: UP temp=C mem=5720MB disk=57%
[2026-03-21 21:30:06] [FLEET] [aria] lucidia: PING OK but SSH failed
[2026-03-21 21:30:08] [FLEET] [aria] anastasia: DOWN (no ping response)
[2026-03-21 21:30:46] [DIAL] [aria] Switchboard unreachable
[2026-03-21 21:31:01] [BEAT] [aria] load=0.03 mem=6908/8059MB temp=49.0C disk=65%
[2026-03-21 21:32:01] [BEAT] [aria] load=0.07 mem=6913/8059MB temp=49.0C disk=65%
[2026-03-21 21:32:52] [BEAT] [aria] load=0.17 mem=6907/8059MB temp=48.5C disk=65%
[2026-03-21 21:32:52] [BEAT] [aria] load=0.17 mem=6905/8059MB temp=49.6C disk=65%
[2026-03-21 21:33:01] [BEAT] [aria] load=0.15 mem=6911/8059MB temp=48.5C disk=65%
[2026-03-21 21:34:01] [BEAT] [aria] load=0.15 mem=6915/8059MB temp=48.0C disk=65%
[2026-03-21 21:35:01] [BEAT] [aria] load=0.05 mem=6880/8059MB temp=49.0C disk=65%
[2026-03-21 21:36:01] [BEAT] [aria] load=0.02 mem=6914/8059MB temp=46.3C disk=65%
[2026-03-21 21:37:01] [BEAT] [aria] load=0.09 mem=6913/8059MB temp=45.8C disk=65%
[2026-03-21 21:37:58] [BEAT] [aria] load=0.07 mem=6908/8059MB temp=47.4C disk=65%
[2026-03-21 21:37:58] [BEAT] [aria] load=0.07 mem=6905/8059MB temp=47.4C disk=65%
[2026-03-21 21:38:01] [BEAT] [aria] load=0.22 mem=6907/8059MB temp=46.9C disk=65%
[2026-03-21 21:39:01] [BEAT] [aria] load=0.78 mem=6917/8059MB temp=46.3C disk=65%
[2026-03-21 21:40:01] [FLEET] [aria] Starting cross-node health check
[2026-03-21 21:40:01] [BEAT] [aria] load=0.78 mem=6892/8059MB temp=46.9C disk=65%
[2026-03-21 21:40:01] [FLEET] [aria] alice: UP temp=37C mem=3132MB disk=85%
[2026-03-21 21:40:03] [FLEET] [aria] octavia: DOWN (no ping response)
[2026-03-21 21:40:04] [FLEET] [aria] cecilia: UP temp=36C mem=4486MB disk=28%
[2026-03-21 21:40:05] [FLEET] [aria] gematria: UP temp=C mem=5544MB disk=55%
[2026-03-21 21:40:06] [FLEET] [aria] lucidia: PING OK but SSH failed
[2026-03-21 21:40:08] [FLEET] [aria] anastasia: DOWN (no ping response)
[2026-03-21 21:41:01] [BEAT] [aria] load=0.33 mem=6919/8059MB temp=45.8C disk=65%
[2026-03-21 21:42:01] [BEAT] [aria] load=0.20 mem=6914/8059MB temp=46.3C disk=65%
[2026-03-21 21:43:01] [BEAT] [aria] load=0.24 mem=6901/8059MB temp=46.3C disk=65%
[2026-03-21 21:43:01] [BEAT] [aria] load=0.24 mem=6903/8059MB temp=45.2C disk=65%
[2026-03-21 21:43:01] [BEAT] [aria] load=0.24 mem=6901/8059MB temp=46.9C disk=65%
[2026-03-21 21:44:01] [BEAT] [aria] load=0.14 mem=6914/8059MB temp=45.2C disk=65%
[2026-03-21 21:45:01] [BEAT] [aria] load=0.05 mem=6883/8059MB temp=47.4C disk=65%
[2026-03-21 21:45:46] [DIAL] [aria] Switchboard unreachable
[2026-03-21 21:46:01] [BEAT] [aria] load=0.11 mem=6913/8059MB temp=46.3C disk=65%
[2026-03-21 21:47:01] [BEAT] [aria] load=0.04 mem=6916/8059MB temp=45.2C disk=65%
[2026-03-21 21:48:01] [BEAT] [aria] load=0.16 mem=6912/8059MB temp=45.2C disk=65%
[2026-03-21 21:48:05] [BEAT] [aria] load=0.15 mem=6911/8059MB temp=46.3C disk=65%
[2026-03-21 21:48:05] [BEAT] [aria] load=0.15 mem=6910/8059MB temp=45.8C disk=65%
[2026-03-21 21:49:01] [BEAT] [aria] load=0.06 mem=6912/8059MB temp=44.6C disk=65%
[2026-03-21 21:50:01] [FLEET] [aria] Starting cross-node health check
[2026-03-21 21:50:01] [BEAT] [aria] load=0.07 mem=6881/8059MB temp=46.9C disk=65%
[2026-03-21 21:50:02] [FLEET] [aria] alice: UP temp=37C mem=3120MB disk=85%
[2026-03-21 21:50:04] [FLEET] [aria] octavia: DOWN (no ping response)
[2026-03-21 21:50:05] [FLEET] [aria] cecilia: UP temp=35C mem=4470MB disk=28%
[2026-03-21 21:50:06] [FLEET] [aria] gematria: UP temp=C mem=3200MB disk=60%
[2026-03-21 21:50:06] [FLEET] [aria] lucidia: PING OK but SSH failed
[2026-03-21 21:50:08] [FLEET] [aria] anastasia: DOWN (no ping response)
[2026-03-21 21:51:01] [BEAT] [aria] load=0.21 mem=6896/8059MB temp=46.3C disk=65%
[2026-03-21 21:52:01] [BEAT] [aria] load=0.16 mem=6888/8059MB temp=44.1C disk=65%
[2026-03-21 21:53:01] [BEAT] [aria] load=0.06 mem=6882/8059MB temp=45.2C disk=65%
[2026-03-21 21:53:10] [BEAT] [aria] load=0.19 mem=6890/8059MB temp=44.6C disk=65%
[2026-03-21 21:53:10] [BEAT] [aria] load=0.19 mem=6888/8059MB temp=45.2C disk=65%
[2026-03-21 21:54:01] [BEAT] [aria] load=0.08 mem=6893/8059MB temp=45.2C disk=65%
[2026-03-21 21:55:02] [BEAT] [aria] load=0.10 mem=6860/8059MB temp=45.2C disk=65%
[2026-03-21 21:56:01] [BEAT] [aria] load=0.03 mem=6900/8059MB temp=45.8C disk=65%
[2026-03-21 21:57:01] [BEAT] [aria] load=0.55 mem=6898/8059MB temp=44.6C disk=65%
[2026-03-21 21:58:01] [BEAT] [aria] load=0.20 mem=6887/8059MB temp=44.6C disk=65%
[2026-03-21 21:58:14] [BEAT] [aria] load=0.17 mem=6895/8059MB temp=44.6C disk=65%
[2026-03-21 21:58:14] [BEAT] [aria] load=0.17 mem=6892/8059MB temp=45.8C disk=65%
[2026-03-21 21:59:01] [BEAT] [aria] load=0.12 mem=6903/8059MB temp=44.6C disk=65%
[2026-03-21 22:00:01] [FLEET] [aria] Starting cross-node health check
[2026-03-21 22:00:01] [BEAT] [aria] load=0.80 mem=6871/8059MB temp=45.2C disk=65%
[2026-03-21 22:00:02] [FLEET] [aria] alice: UP temp=33C mem=3121MB disk=85%
[2026-03-21 22:00:04] [FLEET] [aria] octavia: DOWN (no ping response)
[2026-03-21 22:00:04] [FLEET] [aria] cecilia: UP temp=36C mem=4425MB disk=28%
[2026-03-21 22:00:06] [FLEET] [aria] gematria: UP temp=C mem=5682MB disk=60%
[2026-03-21 22:00:06] [FLEET] [aria] lucidia: PING OK but SSH failed
[2026-03-21 22:00:08] [FLEET] [aria] anastasia: DOWN (no ping response)
[2026-03-21 22:00:46] [DIAL] [aria] Switchboard unreachable
[2026-03-21 22:01:01] [BEAT] [aria] load=1.02 mem=6900/8059MB temp=44.1C disk=65%
[2026-03-21 22:02:01] [BEAT] [aria] load=1.01 mem=6901/8059MB temp=44.6C disk=65%
[2026-03-21 22:03:01] [BEAT] [aria] load=0.49 mem=6883/8059MB temp=45.8C disk=65%
[2026-03-21 22:03:17] [BEAT] [aria] load=0.38 mem=6894/8059MB temp=44.1C disk=65%
[2026-03-21 22:03:17] [BEAT] [aria] load=0.38 mem=6893/8059MB temp=44.6C disk=65%
[2026-03-21 22:04:01] [BEAT] [aria] load=0.24 mem=6898/8059MB temp=44.1C disk=65%
[2026-03-21 22:05:01] [BEAT] [aria] load=0.15 mem=6875/8059MB temp=45.2C disk=65%
[2026-03-21 22:06:01] [BEAT] [aria] load=0.05 mem=6896/8059MB temp=44.1C disk=65%
[2026-03-21 22:07:01] [BEAT] [aria] load=0.02 mem=6899/8059MB temp=43.5C disk=65%
[2026-03-21 22:08:01] [BEAT] [aria] load=0.17 mem=6892/8059MB temp=43.5C disk=65%
[2026-03-21 22:08:33] [BEAT] [aria] load=0.10 mem=6893/8059MB temp=43.5C disk=65%
[2026-03-21 22:08:33] [BEAT] [aria] load=0.10 mem=6892/8059MB temp=44.1C disk=65%
[2026-03-21 22:09:01] [BEAT] [aria] load=0.06 mem=6899/8059MB temp=43.0C disk=65%
[2026-03-21 22:10:01] [FLEET] [aria] Starting cross-node health check
[2026-03-21 22:10:01] [BEAT] [aria] load=0.19 mem=6874/8059MB temp=44.6C disk=65%
[2026-03-21 22:10:01] [FLEET] [aria] alice: UP temp=32C mem=3127MB disk=85%
[2026-03-21 22:10:03] [FLEET] [aria] octavia: DOWN (no ping response)
[2026-03-21 22:10:03] [FLEET] [aria] cecilia: UP temp=34C mem=4451MB disk=28%
[2026-03-21 22:10:05] [FLEET] [aria] gematria: UP temp=C mem=5685MB disk=60%
[2026-03-21 22:10:05] [FLEET] [aria] lucidia: PING OK but SSH failed
[2026-03-21 22:10:07] [FLEET] [aria] anastasia: DOWN (no ping response)
[2026-03-21 22:11:01] [BEAT] [aria] load=0.12 mem=6899/8059MB temp=44.1C disk=65%
[2026-03-21 22:12:01] [BEAT] [aria] load=0.04 mem=6897/8059MB temp=44.1C disk=65%
[2026-03-21 22:13:01] [BEAT] [aria] load=0.07 mem=6887/8059MB temp=44.1C disk=65%
[2026-03-21 22:13:39] [BEAT] [aria] load=0.09 mem=6852/8059MB temp=45.2C disk=64%
[2026-03-21 22:13:39] [BEAT] [aria] load=0.09 mem=6850/8059MB temp=43.0C disk=64%
[2026-03-21 22:14:01] [BEAT] [aria] load=0.06 mem=6858/8059MB temp=44.1C disk=64%
[2026-03-21 22:15:02] [BEAT] [aria] load=0.06 mem=6831/8059MB temp=44.1C disk=64%
[2026-03-21 22:15:47] [DIAL] [aria] Switchboard unreachable
[2026-03-21 22:16:01] [BEAT] [aria] load=0.02 mem=6864/8059MB temp=44.1C disk=64%
[2026-03-21 22:17:01] [BEAT] [aria] load=0.01 mem=6946/8059MB temp=43.5C disk=64%
[2026-03-21 22:18:01] [BEAT] [aria] load=0.19 mem=6933/8059MB temp=43.5C disk=64%
[2026-03-21 22:18:42] [BEAT] [aria] load=0.09 mem=6940/8059MB temp=43.0C disk=64%
[2026-03-21 22:18:42] [BEAT] [aria] load=0.09 mem=6939/8059MB temp=44.1C disk=64%
[2026-03-21 22:19:01] [BEAT] [aria] load=0.07 mem=6940/8059MB temp=44.1C disk=64%
[2026-03-21 22:20:01] [FLEET] [aria] Starting cross-node health check
[2026-03-21 22:20:01] [BEAT] [aria] load=0.46 mem=6915/8059MB temp=44.6C disk=64%
[2026-03-21 22:20:02] [FLEET] [aria] alice: UP temp=32C mem=3129MB disk=85%
[2026-03-21 22:20:04] [FLEET] [aria] octavia: DOWN (no ping response)
[2026-03-21 22:20:04] [FLEET] [aria] cecilia: UP temp=33C mem=4518MB disk=28%
[2026-03-21 22:20:05] [FLEET] [aria] gematria: UP temp=C mem=5667MB disk=60%
[2026-03-21 22:20:06] [FLEET] [aria] lucidia: PING OK but SSH failed
[2026-03-21 22:20:08] [FLEET] [aria] anastasia: DOWN (no ping response)
[2026-03-21 22:21:01] [BEAT] [aria] load=1.03 mem=6942/8059MB temp=42.5C disk=64%
[2026-03-21 22:22:01] [BEAT] [aria] load=0.91 mem=6945/8059MB temp=43.0C disk=64%
[2026-03-21 22:23:01] [BEAT] [aria] load=0.36 mem=6942/8059MB temp=44.1C disk=64%
[2026-03-21 22:23:46] [BEAT] [aria] load=0.29 mem=6944/8059MB temp=42.5C disk=64%
[2026-03-21 22:23:46] [BEAT] [aria] load=0.29 mem=6941/8059MB temp=44.6C disk=64%
[2026-03-21 22:24:01] [BEAT] [aria] load=0.24 mem=6945/8059MB temp=43.0C disk=64%
[2026-03-21 22:25:01] [BEAT] [aria] load=0.27 mem=6925/8059MB temp=44.6C disk=64%
[2026-03-21 22:26:01] [BEAT] [aria] load=0.30 mem=6946/8059MB temp=44.1C disk=64%
[2026-03-21 22:27:01] [BEAT] [aria] load=0.11 mem=6933/8059MB temp=44.1C disk=64%
[2026-03-21 22:28:01] [BEAT] [aria] load=0.04 mem=6926/8059MB temp=45.2C disk=64%
[2026-03-21 22:28:54] [BEAT] [aria] load=0.16 mem=6940/8059MB temp=46.3C disk=64%
[2026-03-21 22:28:54] [BEAT] [aria] load=0.16 mem=6936/8059MB temp=47.4C disk=64%
[2026-03-21 22:29:01] [BEAT] [aria] load=0.14 mem=6931/8059MB temp=46.3C disk=64%
[2026-03-21 22:30:01] [FLEET] [aria] Starting cross-node health check
[2026-03-21 22:30:02] [BEAT] [aria] load=0.05 mem=6916/8059MB temp=46.9C disk=64%
[2026-03-21 22:30:03] [FLEET] [aria] alice: UP temp=34C mem=3121MB disk=85%
[2026-03-21 22:30:05] [FLEET] [aria] octavia: DOWN (no ping response)
[2026-03-21 22:30:05] [FLEET] [aria] cecilia: UP temp=34C mem=4465MB disk=28%
[2026-03-21 22:30:07] [FLEET] [aria] gematria: UP temp=C mem=5655MB disk=60%
[2026-03-21 22:30:07] [FLEET] [aria] lucidia: PING OK but SSH failed
[2026-03-21 22:30:09] [FLEET] [aria] anastasia: DOWN (no ping response)
[2026-03-21 22:30:47] [DIAL] [aria] Switchboard unreachable
[2026-03-21 22:31:01] [BEAT] [aria] load=0.13 mem=6942/8059MB temp=46.9C disk=64%
[2026-03-21 22:32:01] [BEAT] [aria] load=0.11 mem=6942/8059MB temp=49.0C disk=64%
[2026-03-21 22:33:01] [BEAT] [aria] load=0.04 mem=6943/8059MB temp=46.9C disk=64%
[2026-03-21 22:34:01] [BEAT] [aria] load=0.08 mem=6946/8059MB temp=47.4C disk=64%
[2026-03-21 22:34:07] [BEAT] [aria] load=0.14 mem=6942/8059MB temp=49.0C disk=64%
[2026-03-21 22:34:07] [BEAT] [aria] load=0.14 mem=6940/8059MB temp=48.5C disk=64%
[2026-03-21 22:35:01] [BEAT] [aria] load=0.17 mem=6921/8059MB temp=50.1C disk=64%
[2026-03-21 22:36:01] [BEAT] [aria] load=0.13 mem=6943/8059MB temp=48.5C disk=64%
[2026-03-21 22:37:01] [BEAT] [aria] load=0.04 mem=6945/8059MB temp=49.6C disk=64%
[2026-03-21 22:38:01] [BEAT] [aria] load=0.01 mem=6945/8059MB temp=48.5C disk=64%
[2026-03-21 22:39:01] [BEAT] [aria] load=0.04 mem=6939/8059MB temp=50.7C disk=64%
[2026-03-21 22:39:11] [BEAT] [aria] load=0.04 mem=6945/8059MB temp=50.7C disk=64%
[2026-03-21 22:39:11] [BEAT] [aria] load=0.04 mem=6943/8059MB temp=50.7C disk=64%
[2026-03-21 22:40:01] [FLEET] [aria] Starting cross-node health check
[2026-03-21 22:40:01] [BEAT] [aria] load=0.14 mem=6924/8059MB temp=50.1C disk=64%
[2026-03-21 22:40:02] [FLEET] [aria] alice: UP temp=34C mem=3110MB disk=85%
[2026-03-21 22:40:04] [FLEET] [aria] octavia: DOWN (no ping response)
[2026-03-21 22:40:04] [FLEET] [aria] cecilia: UP temp=36C mem=4462MB disk=28%
[2026-03-21 22:40:05] [FLEET] [aria] gematria: UP temp=C mem=5699MB disk=60%
[2026-03-21 22:40:06] [FLEET] [aria] lucidia: PING OK but SSH failed
[2026-03-21 22:40:08] [FLEET] [aria] anastasia: DOWN (no ping response)
[2026-03-21 22:41:01] [BEAT] [aria] load=0.27 mem=6940/8059MB temp=50.1C disk=64%
[2026-03-21 22:42:01] [BEAT] [aria] load=0.88 mem=6941/8059MB temp=50.7C disk=64%
[2026-03-21 22:43:01] [BEAT] [aria] load=0.55 mem=6943/8059MB temp=50.1C disk=64%
[2026-03-21 22:44:01] [BEAT] [aria] load=0.38 mem=6946/8059MB temp=50.7C disk=64%
[2026-03-21 22:44:18] [BEAT] [aria] load=0.27 mem=6938/8059MB temp=50.7C disk=64%
[2026-03-21 22:44:18] [BEAT] [aria] load=0.27 mem=6937/8059MB temp=52.4C disk=64%
[2026-03-21 22:45:01] [BEAT] [aria] load=0.20 mem=6905/8059MB temp=52.4C disk=64%
[2026-03-21 22:45:46] [DIAL] [aria] Switchboard unreachable
[2026-03-21 22:46:01] [BEAT] [aria] load=0.22 mem=6946/8059MB temp=49.6C disk=64%
[2026-03-21 22:47:01] [BEAT] [aria] load=0.13 mem=6942/8059MB temp=51.8C disk=64%
[2026-03-21 22:48:01] [BEAT] [aria] load=0.09 mem=6933/8059MB temp=51.8C disk=64%
[2026-03-21 22:49:01] [BEAT] [aria] load=0.10 mem=6943/8059MB temp=51.2C disk=64%
[2026-03-21 22:49:22] [BEAT] [aria] load=0.07 mem=6940/8059MB temp=51.8C disk=64%
[2026-03-21 22:49:22] [BEAT] [aria] load=0.07 mem=6940/8059MB temp=51.2C disk=64%
[2026-03-21 22:50:01] [FLEET] [aria] Starting cross-node health check
[2026-03-21 22:50:01] [BEAT] [aria] load=0.08 mem=6915/8059MB temp=51.8C disk=64%
[2026-03-21 22:50:03] [FLEET] [aria] alice: UP temp=35C mem=3128MB disk=85%
[2026-03-21 22:50:05] [FLEET] [aria] octavia: DOWN (no ping response)
[2026-03-21 22:50:05] [FLEET] [aria] cecilia: UP temp=37C mem=4459MB disk=28%
[2026-03-21 22:50:07] [FLEET] [aria] gematria: UP temp=C mem=5655MB disk=60%
[2026-03-21 22:50:08] [FLEET] [aria] lucidia: PING OK but SSH failed
[2026-03-21 22:50:10] [FLEET] [aria] anastasia: DOWN (no ping response)
[2026-03-21 22:51:01] [BEAT] [aria] load=0.06 mem=6938/8059MB temp=50.7C disk=64%
[2026-03-21 22:52:01] [BEAT] [aria] load=0.13 mem=6941/8059MB temp=51.2C disk=64%
[2026-03-21 22:53:01] [BEAT] [aria] load=0.04 mem=6941/8059MB temp=51.8C disk=64%
[2026-03-21 22:54:01] [BEAT] [aria] load=0.01 mem=6943/8059MB temp=50.1C disk=64%
[2026-03-21 22:54:27] [BEAT] [aria] load=0.01 mem=6941/8059MB temp=49.6C disk=64%
[2026-03-21 22:54:27] [BEAT] [aria] load=0.01 mem=6936/8059MB temp=50.1C disk=64%
[2026-03-21 22:55:01] [BEAT] [aria] load=0.05 mem=6911/8059MB temp=49.6C disk=64%
[2026-03-21 22:56:01] [BEAT] [aria] load=0.06 mem=6941/8059MB temp=50.1C disk=65%
[2026-03-21 22:57:01] [BEAT] [aria] load=0.02 mem=6939/8059MB temp=49.6C disk=65%
[2026-03-21 22:58:01] [BEAT] [aria] load=0.08 mem=6937/8059MB temp=48.0C disk=65%
[2026-03-21 22:59:01] [BEAT] [aria] load=0.03 mem=6941/8059MB temp=49.0C disk=65%
[2026-03-21 22:59:33] [BEAT] [aria] load=0.01 mem=6941/8059MB temp=48.5C disk=65%
[2026-03-21 22:59:33] [BEAT] [aria] load=0.01 mem=6940/8059MB temp=49.6C disk=65%
[2026-03-21 23:00:01] [FLEET] [aria] Starting cross-node health check
[2026-03-21 23:00:01] [BEAT] [aria] load=0.01 mem=6903/8059MB temp=48.0C disk=65%
[2026-03-21 23:00:02] [FLEET] [aria] alice: UP temp=37C mem=3116MB disk=85%
[2026-03-21 23:00:04] [FLEET] [aria] octavia: DOWN (no ping response)
[2026-03-21 23:00:05] [FLEET] [aria] cecilia: UP temp=37C mem=4453MB disk=28%
[2026-03-21 23:00:06] [FLEET] [aria] gematria: UP temp=C mem=5647MB disk=60%
[2026-03-21 23:00:07] [FLEET] [aria] lucidia: PING OK but SSH failed
[2026-03-21 23:00:09] [FLEET] [aria] anastasia: DOWN (no ping response)
[2026-03-21 23:00:47] [DIAL] [aria] Switchboard unreachable
[2026-03-21 23:01:01] [BEAT] [aria] load=0.06 mem=6943/8059MB temp=49.0C disk=65%
[2026-03-21 23:02:01] [BEAT] [aria] load=0.43 mem=6941/8059MB temp=49.6C disk=65%
[2026-03-21 23:03:01] [BEAT] [aria] load=1.34 mem=6953/8059MB temp=50.7C disk=64%
[2026-03-21 23:04:01] [BEAT] [aria] load=0.62 mem=6950/8059MB temp=49.6C disk=64%
[2026-03-21 23:04:39] [BEAT] [aria] load=0.43 mem=6951/8059MB temp=50.7C disk=64%
[2026-03-21 23:04:39] [BEAT] [aria] load=0.43 mem=6950/8059MB temp=50.1C disk=64%
[2026-03-21 23:05:01] [BEAT] [aria] load=0.31 mem=6961/8059MB temp=50.7C disk=64%
[2026-03-21 23:06:01] [BEAT] [aria] load=0.20 mem=6980/8059MB temp=50.1C disk=64%
[2026-03-21 23:07:01] [BEAT] [aria] load=0.10 mem=6980/8059MB temp=51.2C disk=64%
[2026-03-21 23:08:01] [BEAT] [aria] load=0.17 mem=6987/8059MB temp=50.7C disk=64%
[2026-03-21 23:09:01] [BEAT] [aria] load=0.06 mem=6987/8059MB temp=51.2C disk=64%
[2026-03-21 23:09:57] [BEAT] [aria] load=0.15 mem=6956/8059MB temp=52.9C disk=64%
[2026-03-21 23:09:57] [BEAT] [aria] load=0.15 mem=6954/8059MB temp=51.2C disk=64%
[2026-03-21 23:10:01] [FLEET] [aria] Starting cross-node health check
[2026-03-21 23:10:01] [BEAT] [aria] load=0.14 mem=6917/8059MB temp=52.9C disk=64%
[2026-03-21 23:10:03] [FLEET] [aria] alice: UP temp=38C mem=3114MB disk=85%
[2026-03-21 23:10:05] [FLEET] [aria] octavia: DOWN (no ping response)
[2026-03-21 23:10:06] [FLEET] [aria] cecilia: UP temp=38C mem=4362MB disk=28%
[2026-03-21 23:10:07] [FLEET] [aria] gematria: UP temp=C mem=5643MB disk=60%
[2026-03-21 23:10:08] [FLEET] [aria] lucidia: PING OK but SSH failed
[2026-03-21 23:10:10] [FLEET] [aria] anastasia: DOWN (no ping response)
[2026-03-21 23:11:01] [BEAT] [aria] load=0.08 mem=6955/8059MB temp=51.8C disk=64%
[2026-03-21 23:12:01] [BEAT] [aria] load=0.12 mem=6986/8059MB temp=51.2C disk=64%
[2026-03-21 23:13:01] [BEAT] [aria] load=0.07 mem=6988/8059MB temp=52.9C disk=64%
[2026-03-21 23:14:01] [BEAT] [aria] load=0.10 mem=6984/8059MB temp=52.9C disk=64%
[2026-03-21 23:15:01] [BEAT] [aria] load=0.19 mem=6962/8059MB temp=52.4C disk=64%
[2026-03-21 23:15:13] [BEAT] [aria] load=0.16 mem=6964/8059MB temp=52.9C disk=64%
[2026-03-21 23:15:13] [BEAT] [aria] load=0.16 mem=6962/8059MB temp=53.5C disk=64%
[2026-03-21 23:15:46] [DIAL] [aria] Switchboard unreachable
[2026-03-21 23:16:01] [BEAT] [aria] load=0.11 mem=6985/8059MB temp=53.5C disk=64%
[2026-03-21 23:17:01] [BEAT] [aria] load=0.14 mem=6987/8059MB temp=52.9C disk=64%
[2026-03-21 23:18:01] [BEAT] [aria] load=0.14 mem=6990/8059MB temp=53.5C disk=64%
[2026-03-21 23:19:01] [BEAT] [aria] load=0.10 mem=6986/8059MB temp=52.4C disk=64%
[2026-03-21 23:20:01] [FLEET] [aria] Starting cross-node health check
[2026-03-21 23:20:01] [BEAT] [aria] load=0.03 mem=6965/8059MB temp=53.5C disk=64%
[2026-03-21 23:20:02] [FLEET] [aria] alice: UP temp=40C mem=3114MB disk=85%
[2026-03-21 23:20:04] [FLEET] [aria] octavia: DOWN (no ping response)
[2026-03-21 23:20:04] [FLEET] [aria] cecilia: UP temp=38C mem=4415MB disk=28%
[2026-03-21 23:20:06] [FLEET] [aria] gematria: UP temp=C mem=5619MB disk=60%
[2026-03-21 23:20:06] [FLEET] [aria] lucidia: PING OK but SSH failed
[2026-03-21 23:20:08] [FLEET] [aria] anastasia: DOWN (no ping response)
[2026-03-21 23:20:31] [BEAT] [aria] load=0.16 mem=6986/8059MB temp=53.5C disk=64%
[2026-03-21 23:20:31] [BEAT] [aria] load=0.16 mem=6985/8059MB temp=54.5C disk=64%
[2026-03-21 23:21:01] [BEAT] [aria] load=0.09 mem=6990/8059MB temp=54.0C disk=64%
[2026-03-21 23:22:02] [BEAT] [aria] load=0.09 mem=6993/8059MB temp=52.9C disk=64%
[2026-03-21 23:23:01] [BEAT] [aria] load=0.51 mem=6989/8059MB temp=53.5C disk=64%
[2026-03-21 23:24:01] [BEAT] [aria] load=0.96 mem=6990/8059MB temp=52.9C disk=64%
[2026-03-21 23:25:01] [BEAT] [aria] load=0.51 mem=6956/8059MB temp=52.9C disk=64%
[2026-03-21 23:25:58] [BEAT] [aria] load=0.33 mem=6983/8059MB temp=53.5C disk=64%
[2026-03-21 23:25:58] [BEAT] [aria] load=0.33 mem=6982/8059MB temp=53.5C disk=64%
[2026-03-21 23:26:01] [BEAT] [aria] load=0.30 mem=6967/8059MB temp=54.0C disk=64%
[2026-03-21 23:27:01] [BEAT] [aria] load=0.11 mem=6985/8059MB temp=53.5C disk=64%
[2026-03-21 23:28:01] [BEAT] [aria] load=0.08 mem=6984/8059MB temp=54.0C disk=64%
[2026-03-21 23:29:01] [BEAT] [aria] load=0.03 mem=6983/8059MB temp=54.0C disk=64%
[2026-03-21 23:30:01] [FLEET] [aria] Starting cross-node health check
[2026-03-21 23:30:01] [BEAT] [aria] load=0.01 mem=6956/8059MB temp=56.2C disk=64%
[2026-03-21 23:30:02] [FLEET] [aria] alice: UP temp=39C mem=3111MB disk=85%
[2026-03-21 23:30:04] [FLEET] [aria] octavia: DOWN (no ping response)
[2026-03-21 23:30:04] [FLEET] [aria] cecilia: UP temp=38C mem=4381MB disk=28%
[2026-03-21 23:30:06] [FLEET] [aria] gematria: UP temp=C mem=5647MB disk=60%
[2026-03-21 23:30:06] [FLEET] [aria] lucidia: PING OK but SSH failed
[2026-03-21 23:30:08] [FLEET] [aria] anastasia: DOWN (no ping response)
[2026-03-21 23:30:46] [DIAL] [aria] Switchboard unreachable
[2026-03-21 23:31:01] [BEAT] [aria] load=0.08 mem=6988/8059MB temp=52.4C disk=64%
[2026-03-21 23:31:20] [BEAT] [aria] load=0.12 mem=6976/8059MB temp=54.0C disk=64%
[2026-03-21 23:31:20] [BEAT] [aria] load=0.12 mem=6975/8059MB temp=53.5C disk=64%
[2026-03-21 23:32:01] [BEAT] [aria] load=0.06 mem=6977/8059MB temp=54.0C disk=64%
[2026-03-21 23:33:01] [BEAT] [aria] load=0.12 mem=6985/8059MB temp=54.5C disk=64%
[2026-03-21 23:34:01] [BEAT] [aria] load=0.14 mem=6985/8059MB temp=54.5C disk=64%
[2026-03-21 23:35:01] [BEAT] [aria] load=0.13 mem=6958/8059MB temp=56.2C disk=64%
[2026-03-21 23:36:01] [BEAT] [aria] load=0.08 mem=6982/8059MB temp=54.5C disk=64%
[2026-03-21 23:37:01] [BEAT] [aria] load=0.13 mem=6986/8059MB temp=53.5C disk=64%
[2026-03-21 23:37:16] [BEAT] [aria] load=0.10 mem=6983/8059MB temp=54.0C disk=64%
[2026-03-21 23:37:16] [BEAT] [aria] load=0.10 mem=6981/8059MB temp=54.5C disk=64%
[2026-03-21 23:38:01] [BEAT] [aria] load=0.09 mem=6986/8059MB temp=53.5C disk=64%
[2026-03-21 23:39:01] [BEAT] [aria] load=0.09 mem=6979/8059MB temp=56.2C disk=64%
[2026-03-21 23:40:01] [FLEET] [aria] Starting cross-node health check
[2026-03-21 23:40:01] [BEAT] [aria] load=0.10 mem=6949/8059MB temp=56.2C disk=64%
[2026-03-21 23:40:02] [FLEET] [aria] alice: UP temp=41C mem=3103MB disk=85%
[2026-03-21 23:40:04] [FLEET] [aria] octavia: DOWN (no ping response)
[2026-03-21 23:40:05] [FLEET] [aria] cecilia: UP temp=38C mem=4407MB disk=28%
[2026-03-21 23:40:07] [FLEET] [aria] gematria: UP temp=C mem=5648MB disk=60%
[2026-03-21 23:40:07] [FLEET] [aria] lucidia: PING OK but SSH failed
[2026-03-21 23:40:09] [FLEET] [aria] anastasia: DOWN (no ping response)
[2026-03-21 23:41:01] [BEAT] [aria] load=0.14 mem=6978/8059MB temp=55.6C disk=64%
[2026-03-21 23:42:01] [BEAT] [aria] load=0.15 mem=6984/8059MB temp=54.5C disk=64%
[2026-03-21 23:42:34] [BEAT] [aria] load=0.09 mem=6981/8059MB temp=55.1C disk=64%
[2026-03-21 23:42:34] [BEAT] [aria] load=0.09 mem=6978/8059MB temp=55.1C disk=64%
[2026-03-21 23:43:01] [BEAT] [aria] load=0.05 mem=6983/8059MB temp=54.5C disk=64%
[2026-03-21 23:44:01] [BEAT] [aria] load=0.81 mem=6978/8059MB temp=54.0C disk=64%
[2026-03-21 23:45:01] [BEAT] [aria] load=0.67 mem=6952/8059MB temp=55.1C disk=64%
[2026-03-21 23:45:47] [DIAL] [aria] Switchboard unreachable
[2026-03-21 23:46:01] [BEAT] [aria] load=0.25 mem=6981/8059MB temp=54.5C disk=64%
[2026-03-21 23:47:01] [BEAT] [aria] load=0.25 mem=6984/8059MB temp=55.1C disk=64%
[2026-03-21 23:47:51] [BEAT] [aria] load=0.11 mem=6981/8059MB temp=55.6C disk=64%
[2026-03-21 23:47:51] [BEAT] [aria] load=0.11 mem=6980/8059MB temp=56.2C disk=64%
[2026-03-21 23:48:01] [BEAT] [aria] load=0.09 mem=6980/8059MB temp=55.1C disk=64%
[2026-03-21 23:49:01] [BEAT] [aria] load=0.16 mem=6981/8059MB temp=54.0C disk=64%
[2026-03-21 23:50:01] [FLEET] [aria] Starting cross-node health check
[2026-03-21 23:50:01] [BEAT] [aria] load=0.06 mem=6958/8059MB temp=56.8C disk=64%
[2026-03-21 23:50:01] [FLEET] [aria] alice: UP temp=40C mem=3129MB disk=85%
[2026-03-21 23:50:03] [FLEET] [aria] octavia: DOWN (no ping response)
[2026-03-21 23:50:03] [FLEET] [aria] cecilia: UP temp=39C mem=6907MB disk=28%
[2026-03-21 23:50:05] [FLEET] [aria] gematria: UP temp=C mem=5653MB disk=60%
[2026-03-21 23:50:05] [FLEET] [aria] lucidia: PING OK but SSH failed
[2026-03-21 23:50:07] [FLEET] [aria] anastasia: DOWN (no ping response)
[2026-03-21 23:51:01] [BEAT] [aria] load=0.09 mem=6984/8059MB temp=54.5C disk=64%
[2026-03-21 23:52:01] [BEAT] [aria] load=0.03 mem=6983/8059MB temp=54.5C disk=64%
[2026-03-21 23:53:00] [BEAT] [aria] load=0.05 mem=6974/8059MB temp=54.5C disk=64%
[2026-03-21 23:53:00] [BEAT] [aria] load=0.05 mem=6971/8059MB temp=55.1C disk=64%
[2026-03-21 23:53:01] [BEAT] [aria] load=0.05 mem=6967/8059MB temp=54.5C disk=64%
[2026-03-21 23:54:01] [BEAT] [aria] load=0.02 mem=6976/8059MB temp=54.0C disk=64%
[2026-03-21 23:55:01] [BEAT] [aria] load=0.04 mem=6944/8059MB temp=51.8C disk=64%
[2026-03-21 23:56:01] [BEAT] [aria] load=0.01 mem=6970/8059MB temp=52.4C disk=64%
[2026-03-21 23:57:01] [BEAT] [aria] load=0.06 mem=6977/8059MB temp=52.4C disk=64%
[2026-03-21 23:58:01] [BEAT] [aria] load=0.08 mem=6978/8059MB temp=50.7C disk=64%
[2026-03-21 23:58:13] [BEAT] [aria] load=0.07 mem=6977/8059MB temp=51.2C disk=64%
[2026-03-21 23:58:13] [BEAT] [aria] load=0.07 mem=6973/8059MB temp=51.8C disk=64%
[2026-03-21 23:59:01] [BEAT] [aria] load=0.09 mem=6977/8059MB temp=50.1C disk=64%
[2026-03-22 00:00:01] [FLEET] [aria] Starting cross-node health check
[2026-03-22 00:00:01] [BEAT] [aria] load=0.08 mem=6938/8059MB temp=54.0C disk=64%
[2026-03-22 00:00:03] [FLEET] [aria] alice: UP temp=38C mem=3097MB disk=85%
[2026-03-22 00:00:05] [FLEET] [aria] octavia: DOWN (no ping response)
[2026-03-22 00:00:05] [FLEET] [aria] cecilia: UP temp=38C mem=6897MB disk=28%
[2026-03-22 00:00:07] [FLEET] [aria] gematria: UP temp=C mem=5649MB disk=60%
[2026-03-22 00:00:09] [FLEET] [aria] lucidia: PING OK but SSH failed
[2026-03-22 00:00:11] [FLEET] [aria] anastasia: DOWN (no ping response)
[2026-03-22 00:00:46] [DIAL] [aria] Switchboard unreachable
[2026-03-22 00:01:01] [BEAT] [aria] load=0.06 mem=6955/8059MB temp=51.8C disk=64%
[2026-03-22 00:02:01] [BEAT] [aria] load=0.02 mem=6948/8059MB temp=52.4C disk=64%
[2026-03-22 00:03:01] [BEAT] [aria] load=0.17 mem=6945/8059MB temp=51.8C disk=64%
[2026-03-22 00:03:23] [BEAT] [aria] load=0.19 mem=6942/8059MB temp=52.9C disk=64%
[2026-03-22 00:03:23] [BEAT] [aria] load=0.19 mem=6940/8059MB temp=52.9C disk=64%
[2026-03-22 00:04:01] [BEAT] [aria] load=0.15 mem=6943/8059MB temp=52.4C disk=64%
[2026-03-22 00:05:01] [BEAT] [aria] load=0.78 mem=6915/8059MB temp=53.5C disk=64%
[2026-03-22 00:06:01] [BEAT] [aria] load=0.82 mem=6931/8059MB temp=52.4C disk=64%
[2026-03-22 00:07:02] [BEAT] [aria] load=0.35 mem=6934/8059MB temp=51.8C disk=64%
[2026-03-22 00:08:01] [BEAT] [aria] load=0.21 mem=6937/8059MB temp=52.4C disk=64%
[2026-03-22 00:08:28] [BEAT] [aria] load=0.20 mem=6938/8059MB temp=52.9C disk=64%
[2026-03-22 00:08:28] [BEAT] [aria] load=0.20 mem=6936/8059MB temp=52.9C disk=64%
[2026-03-22 00:09:01] [BEAT] [aria] load=0.20 mem=6932/8059MB temp=53.5C disk=64%
[2026-03-22 00:10:01] [FLEET] [aria] Starting cross-node health check
[2026-03-22 00:10:01] [BEAT] [aria] load=0.15 mem=6899/8059MB temp=52.9C disk=64%
[2026-03-22 00:10:02] [FLEET] [aria] alice: UP temp=38C mem=3119MB disk=83%
[2026-03-22 00:10:04] [FLEET] [aria] octavia: DOWN (no ping response)
[2026-03-22 00:10:05] [FLEET] [aria] cecilia: UP temp=38C mem=6907MB disk=28%
[2026-03-22 00:10:06] [FLEET] [aria] gematria: UP temp=C mem=5646MB disk=60%
[2026-03-22 00:10:06] [FLEET] [aria] lucidia: PING OK but SSH failed
[2026-03-22 00:10:08] [FLEET] [aria] anastasia: DOWN (no ping response)
[2026-03-22 00:11:01] [BEAT] [aria] load=0.18 mem=6935/8059MB temp=52.9C disk=64%
[2026-03-22 00:12:01] [BEAT] [aria] load=0.07 mem=6936/8059MB temp=52.9C disk=64%
[2026-03-22 00:13:01] [BEAT] [aria] load=0.02 mem=6932/8059MB temp=54.0C disk=64%
[2026-03-22 00:13:40] [BEAT] [aria] load=0.01 mem=6929/8059MB temp=54.0C disk=64%
[2026-03-22 00:13:40] [BEAT] [aria] load=0.01 mem=6926/8059MB temp=54.0C disk=64%
[2026-03-22 00:14:01] [BEAT] [aria] load=0.14 mem=6925/8059MB temp=54.0C disk=64%
[2026-03-22 00:15:01] [BEAT] [aria] load=0.12 mem=6901/8059MB temp=54.0C disk=64%
[2026-03-22 00:15:47] [DIAL] [aria] Switchboard unreachable
[2026-03-22 00:16:01] [BEAT] [aria] load=0.18 mem=6931/8059MB temp=54.0C disk=64%
[2026-03-22 00:17:01] [BEAT] [aria] load=0.06 mem=6931/8059MB temp=53.5C disk=64%
[2026-03-22 00:18:01] [BEAT] [aria] load=0.17 mem=6928/8059MB temp=55.1C disk=64%
[2026-03-22 00:18:44] [BEAT] [aria] load=0.08 mem=6911/8059MB temp=54.0C disk=64%
[2026-03-22 00:18:44] [BEAT] [aria] load=0.08 mem=6910/8059MB temp=54.5C disk=64%
[2026-03-22 00:19:01] [BEAT] [aria] load=0.06 mem=6928/8059MB temp=54.5C disk=64%
[2026-03-22 00:20:01] [FLEET] [aria] Starting cross-node health check
[2026-03-22 00:20:01] [BEAT] [aria] load=0.08 mem=6894/8059MB temp=55.6C disk=64%
[2026-03-22 00:20:02] [FLEET] [aria] alice: UP temp=38C mem=3120MB disk=83%
[2026-03-22 00:20:04] [FLEET] [aria] octavia: DOWN (no ping response)
[2026-03-22 00:20:04] [FLEET] [aria] cecilia: UP temp=39C mem=6887MB disk=28%
[2026-03-22 00:20:06] [FLEET] [aria] gematria: UP temp=C mem=5640MB disk=60%
[2026-03-22 00:20:06] [FLEET] [aria] lucidia: PING OK but SSH failed
[2026-03-22 00:20:08] [FLEET] [aria] anastasia: DOWN (no ping response)
[2026-03-22 00:21:01] [BEAT] [aria] load=0.23 mem=6926/8059MB temp=54.0C disk=64%
[2026-03-22 00:22:01] [BEAT] [aria] load=0.12 mem=6926/8059MB temp=54.0C disk=64%
[2026-03-22 00:23:01] [BEAT] [aria] load=0.16 mem=6925/8059MB temp=54.0C disk=64%
[2026-03-22 00:24:01] [BEAT] [aria] load=0.37 mem=6925/8059MB temp=55.1C disk=64%
[2026-03-22 00:24:19] [BEAT] [aria] load=0.27 mem=6924/8059MB temp=55.1C disk=64%
[2026-03-22 00:24:19] [BEAT] [aria] load=0.27 mem=6923/8059MB temp=54.5C disk=64%
[2026-03-22 00:25:01] [BEAT] [aria] load=0.22 mem=6905/8059MB temp=55.1C disk=64%
[2026-03-22 00:26:01] [BEAT] [aria] load=0.80 mem=6925/8059MB temp=55.1C disk=64%
[2026-03-22 00:27:01] [BEAT] [aria] load=0.77 mem=6922/8059MB temp=54.5C disk=64%
[2026-03-22 00:28:01] [BEAT] [aria] load=0.44 mem=6929/8059MB temp=55.1C disk=64%
[2026-03-22 00:29:01] [BEAT] [aria] load=0.23 mem=6924/8059MB temp=54.5C disk=64%
[2026-03-22 00:29:23] [BEAT] [aria] load=0.21 mem=6919/8059MB temp=54.5C disk=64%
[2026-03-22 00:29:23] [BEAT] [aria] load=0.21 mem=6918/8059MB temp=56.2C disk=64%
[2026-03-22 00:30:01] [FLEET] [aria] Starting cross-node health check
[2026-03-22 00:30:01] [BEAT] [aria] load=0.32 mem=6884/8059MB temp=56.8C disk=64%
[2026-03-22 00:30:02] [FLEET] [aria] alice: UP temp=39C mem=3108MB disk=83%
[2026-03-22 00:30:04] [FLEET] [aria] octavia: DOWN (no ping response)
[2026-03-22 00:30:05] [FLEET] [aria] cecilia: UP temp=40C mem=4685MB disk=28%
[2026-03-22 00:30:06] [FLEET] [aria] gematria: UP temp=C mem=4955MB disk=60%
[2026-03-22 00:30:06] [FLEET] [aria] lucidia: PING OK but SSH failed
[2026-03-22 00:30:08] [FLEET] [aria] anastasia: DOWN (no ping response)
[2026-03-22 00:30:46] [DIAL] [aria] Switchboard unreachable
[2026-03-22 00:31:01] [BEAT] [aria] load=0.16 mem=6921/8059MB temp=54.0C disk=64%
[2026-03-22 00:32:01] [BEAT] [aria] load=0.11 mem=6922/8059MB temp=54.5C disk=64%
[2026-03-22 00:33:01] [BEAT] [aria] load=0.19 mem=6921/8059MB temp=54.5C disk=64%
[2026-03-22 00:34:01] [BEAT] [aria] load=0.23 mem=6914/8059MB temp=55.1C disk=64%
[2026-03-22 00:34:27] [BEAT] [aria] load=0.15 mem=6918/8059MB temp=55.1C disk=64%
[2026-03-22 00:34:27] [BEAT] [aria] load=0.15 mem=6915/8059MB temp=55.1C disk=64%
[2026-03-22 00:35:01] [BEAT] [aria] load=0.08 mem=6894/8059MB temp=56.8C disk=64%
[2026-03-22 00:36:01] [BEAT] [aria] load=0.14 mem=6921/8059MB temp=56.2C disk=64%
[2026-03-22 00:37:01] [BEAT] [aria] load=0.26 mem=6919/8059MB temp=54.5C disk=64%
[2026-03-22 00:38:01] [BEAT] [aria] load=0.16 mem=6917/8059MB temp=55.1C disk=64%
[2026-03-22 00:39:01] [BEAT] [aria] load=0.35 mem=6897/8059MB temp=55.1C disk=64%
[2026-03-22 00:39:38] [BEAT] [aria] load=0.18 mem=6912/8059MB temp=55.6C disk=64%
[2026-03-22 00:39:38] [BEAT] [aria] load=0.18 mem=6906/8059MB temp=56.8C disk=64%
[2026-03-22 00:40:01] [FLEET] [aria] Starting cross-node health check
[2026-03-22 00:40:01] [BEAT] [aria] load=0.13 mem=6874/8059MB temp=55.6C disk=64%
[2026-03-22 00:40:03] [FLEET] [aria] alice: UP temp=38C mem=3115MB disk=83%
[2026-03-22 00:40:05] [FLEET] [aria] octavia: DOWN (no ping response)
[2026-03-22 00:40:05] [FLEET] [aria] cecilia: UP temp=40C mem=4946MB disk=28%
[2026-03-22 00:40:08] [FLEET] [aria] gematria: UP temp=C mem=4937MB disk=60%
[2026-03-22 00:40:09] [FLEET] [aria] lucidia: PING OK but SSH failed
[2026-03-22 00:40:11] [FLEET] [aria] anastasia: DOWN (no ping response)
[2026-03-22 00:41:01] [BEAT] [aria] load=0.13 mem=6896/8059MB temp=55.6C disk=64%
[2026-03-22 00:42:01] [BEAT] [aria] load=0.11 mem=6899/8059MB temp=55.6C disk=64%
[2026-03-22 00:43:01] [BEAT] [aria] load=0.04 mem=6895/8059MB temp=55.1C disk=64%
[2026-03-22 00:44:01] [BEAT] [aria] load=0.09 mem=6893/8059MB temp=55.1C disk=64%
[2026-03-22 00:44:42] [BEAT] [aria] load=0.10 mem=6901/8059MB temp=55.6C disk=64%
[2026-03-22 00:44:42] [BEAT] [aria] load=0.10 mem=6900/8059MB temp=55.6C disk=64%
[2026-03-22 00:45:01] [BEAT] [aria] load=0.07 mem=6865/8059MB temp=57.9C disk=64%
[2026-03-22 00:45:46] [DIAL] [aria] Switchboard unreachable
[2026-03-22 00:46:01] [BEAT] [aria] load=0.28 mem=6897/8059MB temp=55.6C disk=64%
[2026-03-22 00:47:01] [BEAT] [aria] load=0.79 mem=6901/8059MB temp=55.1C disk=64%
[2026-03-22 00:48:01] [BEAT] [aria] load=0.74 mem=6902/8059MB temp=55.6C disk=64%
[2026-03-22 00:49:01] [BEAT] [aria] load=0.34 mem=6886/8059MB temp=56.8C disk=64%
[2026-03-22 00:49:54] [BEAT] [aria] load=0.21 mem=6897/8059MB temp=55.6C disk=64%
[2026-03-22 00:49:54] [BEAT] [aria] load=0.21 mem=6895/8059MB temp=57.3C disk=64%
[2026-03-22 00:50:01] [FLEET] [aria] Starting cross-node health check
[2026-03-22 00:50:01] [BEAT] [aria] load=0.28 mem=6870/8059MB temp=55.6C disk=64%
[2026-03-22 00:50:02] [FLEET] [aria] alice: UP temp=38C mem=3109MB disk=83%
[2026-03-22 00:50:04] [FLEET] [aria] octavia: DOWN (no ping response)
[2026-03-22 00:50:04] [FLEET] [aria] cecilia: UP temp=40C mem=4932MB disk=28%
[2026-03-22 00:50:06] [FLEET] [aria] gematria: UP temp=C mem=4994MB disk=60%
[2026-03-22 00:50:06] [FLEET] [aria] lucidia: PING OK but SSH failed
[2026-03-22 00:50:08] [FLEET] [aria] anastasia: DOWN (no ping response)
[2026-03-22 00:51:01] [BEAT] [aria] load=0.10 mem=6896/8059MB temp=55.6C disk=64%
[2026-03-22 00:52:01] [BEAT] [aria] load=0.10 mem=6895/8059MB temp=55.6C disk=64%
[2026-03-22 00:53:01] [BEAT] [aria] load=0.03 mem=6885/8059MB temp=55.6C disk=64%
[2026-03-22 00:54:01] [BEAT] [aria] load=0.01 mem=6875/8059MB temp=54.0C disk=64%
[2026-03-22 00:55:01] [BEAT] [aria] load=0.17 mem=6848/8059MB temp=54.0C disk=64%
[2026-03-22 00:55:03] [BEAT] [aria] load=0.16 mem=6808/8059MB temp=54.0C disk=64%
[2026-03-22 00:55:03] [BEAT] [aria] load=0.16 mem=6808/8059MB temp=53.5C disk=64%
[2026-03-22 00:56:01] [BEAT] [aria] load=0.14 mem=6893/8059MB temp=51.8C disk=64%
[2026-03-22 00:57:01] [BEAT] [aria] load=0.14 mem=6897/8059MB temp=51.8C disk=64%
[2026-03-22 00:58:01] [BEAT] [aria] load=0.05 mem=6896/8059MB temp=52.4C disk=64%
[2026-03-22 00:59:01] [BEAT] [aria] load=0.02 mem=6877/8059MB temp=52.4C disk=64%
[2026-03-22 01:00:01] [FLEET] [aria] Starting cross-node health check
[2026-03-22 01:00:01] [BEAT] [aria] load=0.29 mem=6848/8059MB temp=53.5C disk=64%
[2026-03-22 01:00:02] [FLEET] [aria] alice: UP temp=38C mem=3104MB disk=83%
[2026-03-22 01:00:04] [FLEET] [aria] octavia: DOWN (no ping response)
[2026-03-22 01:00:05] [FLEET] [aria] cecilia: UP temp=39C mem=4944MB disk=28%
[2026-03-22 01:00:06] [FLEET] [aria] gematria: UP temp=C mem=5012MB disk=60%
[2026-03-22 01:00:07] [BEAT] [aria] load=0.27 mem=6854/8059MB temp=52.4C disk=64%
[2026-03-22 01:00:07] [BEAT] [aria] load=0.27 mem=6854/8059MB temp=52.4C disk=64%
[2026-03-22 01:00:46] [DIAL] [aria] Switchboard unreachable
[2026-03-22 01:00:57] [FLEET] [aria] lucidia: PING OK but SSH failed
[2026-03-22 01:00:59] [FLEET] [aria] anastasia: DOWN (no ping response)
[2026-03-22 01:01:01] [BEAT] [aria] load=0.22 mem=6889/8059MB temp=52.9C disk=64%
[2026-03-22 01:02:01] [BEAT] [aria] load=0.14 mem=6892/8059MB temp=53.5C disk=64%
[2026-03-22 01:03:01] [BEAT] [aria] load=0.05 mem=6896/8059MB temp=54.0C disk=64%
[2026-03-22 01:04:01] [BEAT] [aria] load=0.05 mem=6890/8059MB temp=54.5C disk=64%
[2026-03-22 01:05:01] [BEAT] [aria] load=0.02 mem=6849/8059MB temp=54.0C disk=64%
[2026-03-22 01:06:01] [BEAT] [aria] load=0.09 mem=6889/8059MB temp=53.5C disk=64%
[2026-03-22 01:06:03] [BEAT] [aria] load=0.09 mem=6886/8059MB temp=54.5C disk=64%
[2026-03-22 01:06:03] [BEAT] [aria] load=0.09 mem=6884/8059MB temp=54.0C disk=64%
[2026-03-22 01:07:01] [BEAT] [aria] load=0.48 mem=6887/8059MB temp=54.5C disk=64%
[2026-03-22 01:08:01] [BEAT] [aria] load=0.82 mem=6941/8059MB temp=53.5C disk=64%
[2026-03-22 01:09:01] [BEAT] [aria] load=0.47 mem=6956/8059MB temp=53.5C disk=64%
[2026-03-22 01:10:01] [FLEET] [aria] Starting cross-node health check
[2026-03-22 01:10:01] [BEAT] [aria] load=0.17 mem=6917/8059MB temp=53.5C disk=64%
[2026-03-22 01:10:02] [FLEET] [aria] alice: UP temp=40C mem=3101MB disk=83%
[2026-03-22 01:10:04] [FLEET] [aria] octavia: DOWN (no ping response)
[2026-03-22 01:10:04] [FLEET] [aria] cecilia: UP temp=39C mem=6860MB disk=29%
[2026-03-22 01:10:06] [FLEET] [aria] gematria: UP temp=C mem=5626MB disk=60%
[2026-03-22 01:10:06] [FLEET] [aria] lucidia: PING OK but SSH failed
[2026-03-22 01:10:08] [FLEET] [aria] anastasia: DOWN (no ping response)
[2026-03-22 01:11:01] [BEAT] [aria] load=0.19 mem=6956/8059MB temp=54.5C disk=64%
[2026-03-22 01:11:09] [BEAT] [aria] load=0.16 mem=6951/8059MB temp=54.0C disk=64%
[2026-03-22 01:11:09] [BEAT] [aria] load=0.16 mem=6949/8059MB temp=55.6C disk=64%
[2026-03-22 01:12:01] [BEAT] [aria] load=0.07 mem=6954/8059MB temp=53.5C disk=64%
[2026-03-22 01:13:01] [BEAT] [aria] load=0.16 mem=6955/8059MB temp=55.6C disk=64%
[2026-03-22 01:14:01] [BEAT] [aria] load=0.06 mem=6958/8059MB temp=53.5C disk=64%
[2026-03-22 01:15:01] [BEAT] [aria] load=0.17 mem=6922/8059MB temp=55.1C disk=64%
[2026-03-22 01:15:46] [DIAL] [aria] Switchboard unreachable
[2026-03-22 01:16:01] [BEAT] [aria] load=0.14 mem=6952/8059MB temp=54.0C disk=64%
[2026-03-22 01:16:14] [BEAT] [aria] load=0.11 mem=6951/8059MB temp=57.3C disk=64%
[2026-03-22 01:16:14] [BEAT] [aria] load=0.11 mem=6949/8059MB temp=54.5C disk=64%
[2026-03-22 01:17:02] [BEAT] [aria] load=0.05 mem=6957/8059MB temp=53.5C disk=64%
[2026-03-22 01:18:01] [BEAT] [aria] load=0.08 mem=6954/8059MB temp=54.5C disk=64%
[2026-03-22 01:19:01] [BEAT] [aria] load=0.03 mem=6955/8059MB temp=55.1C disk=64%
[2026-03-22 01:20:01] [FLEET] [aria] Starting cross-node health check
[2026-03-22 01:20:01] [BEAT] [aria] load=0.01 mem=6921/8059MB temp=52.9C disk=64%
[2026-03-22 01:20:02] [FLEET] [aria] alice: UP temp=40C mem=3102MB disk=83%
[2026-03-22 01:20:04] [FLEET] [aria] octavia: DOWN (no ping response)
[2026-03-22 01:20:04] [FLEET] [aria] cecilia: UP temp=38C mem=6840MB disk=29%
[2026-03-22 01:20:06] [FLEET] [aria] gematria: UP temp=C mem=5653MB disk=60%
[2026-03-22 01:20:06] [FLEET] [aria] lucidia: PING OK but SSH failed
[2026-03-22 01:20:08] [FLEET] [aria] anastasia: DOWN (no ping response)
[2026-03-22 01:21:01] [BEAT] [aria] load=0.00 mem=6952/8059MB temp=54.5C disk=64%
[2026-03-22 01:21:19] [BEAT] [aria] load=0.15 mem=6944/8059MB temp=56.2C disk=64%
[2026-03-22 01:21:20] [BEAT] [aria] load=0.15 mem=6942/8059MB temp=55.1C disk=64%
[2026-03-22 01:22:01] [BEAT] [aria] load=0.15 mem=6943/8059MB temp=55.1C disk=64%
[2026-03-22 01:23:01] [BEAT] [aria] load=0.06 mem=6947/8059MB temp=54.5C disk=64%
[2026-03-22 01:24:01] [BEAT] [aria] load=0.05 mem=6949/8059MB temp=55.1C disk=64%
[2026-03-22 01:25:01] [BEAT] [aria] load=0.10 mem=6920/8059MB temp=56.2C disk=64%
[2026-03-22 01:26:02] [BEAT] [aria] load=0.24 mem=6934/8059MB temp=55.1C disk=64%
[2026-03-22 01:26:23] [BEAT] [aria] load=0.17 mem=6947/8059MB temp=54.5C disk=64%
[2026-03-22 01:26:23] [BEAT] [aria] load=0.17 mem=6945/8059MB temp=54.5C disk=64%
[2026-03-22 01:27:01] [BEAT] [aria] load=0.14 mem=6941/8059MB temp=53.5C disk=64%
[2026-03-22 01:28:01] [BEAT] [aria] load=0.53 mem=6948/8059MB temp=54.5C disk=64%
[2026-03-22 01:29:01] [BEAT] [aria] load=1.00 mem=6946/8059MB temp=55.6C disk=64%
[2026-03-22 01:30:01] [FLEET] [aria] Starting cross-node health check
[2026-03-22 01:30:01] [BEAT] [aria] load=0.44 mem=6913/8059MB temp=55.1C disk=64%
[2026-03-22 01:30:02] [FLEET] [aria] alice: UP temp=40C mem=3097MB disk=83%
[2026-03-22 01:30:04] [FLEET] [aria] octavia: DOWN (no ping response)
[2026-03-22 01:30:04] [FLEET] [aria] cecilia: UP temp=40C mem=6828MB disk=29%
[2026-03-22 01:30:05] [FLEET] [aria] gematria: UP temp=C mem=5652MB disk=60%
[2026-03-22 01:30:06] [FLEET] [aria] lucidia: PING OK but SSH failed
[2026-03-22 01:30:08] [FLEET] [aria] anastasia: DOWN (no ping response)
[2026-03-22 01:30:46] [DIAL] [aria] Switchboard unreachable
[2026-03-22 01:31:01] [BEAT] [aria] load=0.27 mem=6950/8059MB temp=55.6C disk=64%
[2026-03-22 01:31:30] [BEAT] [aria] load=0.18 mem=6944/8059MB temp=55.6C disk=64%
[2026-03-22 01:31:30] [BEAT] [aria] load=0.24 mem=6942/8059MB temp=54.0C disk=64%
[2026-03-22 01:32:01] [BEAT] [aria] load=0.23 mem=6947/8059MB temp=55.1C disk=64%
[2026-03-22 01:33:01] [BEAT] [aria] load=0.08 mem=6946/8059MB temp=55.1C disk=64%
[2026-03-22 01:34:01] [BEAT] [aria] load=0.21 mem=6947/8059MB temp=55.1C disk=64%
[2026-03-22 01:35:01] [BEAT] [aria] load=0.16 mem=6917/8059MB temp=55.6C disk=64%
[2026-03-22 01:36:01] [BEAT] [aria] load=0.27 mem=6947/8059MB temp=54.5C disk=64%
[2026-03-22 01:36:34] [BEAT] [aria] load=0.16 mem=6944/8059MB temp=56.2C disk=64%
[2026-03-22 01:36:34] [BEAT] [aria] load=0.16 mem=6944/8059MB temp=55.1C disk=64%
[2026-03-22 01:37:01] [BEAT] [aria] load=0.10 mem=6947/8059MB temp=56.2C disk=64%
[2026-03-22 01:38:01] [BEAT] [aria] load=0.11 mem=6948/8059MB temp=56.2C disk=64%
[2026-03-22 01:39:01] [BEAT] [aria] load=0.04 mem=6947/8059MB temp=55.1C disk=64%
[2026-03-22 01:40:01] [FLEET] [aria] Starting cross-node health check
[2026-03-22 01:40:01] [BEAT] [aria] load=0.09 mem=6920/8059MB temp=55.6C disk=64%
[2026-03-22 01:40:02] [FLEET] [aria] alice: UP temp=40C mem=3106MB disk=83%
[2026-03-22 01:40:04] [FLEET] [aria] octavia: DOWN (no ping response)
[2026-03-22 01:40:04] [FLEET] [aria] cecilia: UP temp=40C mem=4515MB disk=29%
[2026-03-22 01:40:06] [FLEET] [aria] gematria: UP temp=C mem=5676MB disk=60%
[2026-03-22 01:40:06] [FLEET] [aria] lucidia: PING OK but SSH failed
[2026-03-22 01:40:08] [FLEET] [aria] anastasia: DOWN (no ping response)
[2026-03-22 01:41:01] [BEAT] [aria] load=0.26 mem=6951/8059MB temp=54.5C disk=64%
[2026-03-22 01:41:38] [BEAT] [aria] load=0.24 mem=6947/8059MB temp=55.6C disk=64%
[2026-03-22 01:41:38] [BEAT] [aria] load=0.24 mem=6945/8059MB temp=55.6C disk=64%
[2026-03-22 01:42:01] [BEAT] [aria] load=0.16 mem=6943/8059MB temp=55.1C disk=64%
[2026-03-22 01:43:01] [BEAT] [aria] load=0.17 mem=6946/8059MB temp=54.5C disk=64%
[2026-03-22 01:44:01] [BEAT] [aria] load=0.06 mem=6947/8059MB temp=55.1C disk=64%
[2026-03-22 01:45:01] [BEAT] [aria] load=0.02 mem=6914/8059MB temp=56.2C disk=64%
[2026-03-22 01:45:46] [DIAL] [aria] Switchboard unreachable
[2026-03-22 01:46:02] [BEAT] [aria] load=0.01 mem=6947/8059MB temp=55.1C disk=64%
[2026-03-22 01:46:50] [BEAT] [aria] load=0.21 mem=6944/8059MB temp=56.2C disk=64%
[2026-03-22 01:46:50] [BEAT] [aria] load=0.21 mem=6941/8059MB temp=57.3C disk=64%
[2026-03-22 01:47:01] [BEAT] [aria] load=0.25 mem=6943/8059MB temp=57.3C disk=64%
[2026-03-22 01:48:01] [BEAT] [aria] load=0.18 mem=6944/8059MB temp=55.1C disk=64%
[2026-03-22 01:49:01] [BEAT] [aria] load=0.62 mem=6948/8059MB temp=55.1C disk=64%
[2026-03-22 01:50:01] [FLEET] [aria] Starting cross-node health check
[2026-03-22 01:50:01] [BEAT] [aria] load=1.01 mem=6906/8059MB temp=56.2C disk=64%
[2026-03-22 01:50:01] [FLEET] [aria] alice: UP temp=39C mem=3107MB disk=83%
[2026-03-22 01:50:03] [FLEET] [aria] octavia: DOWN (no ping response)
[2026-03-22 01:50:04] [FLEET] [aria] cecilia: UP temp=40C mem=4503MB disk=29%
[2026-03-22 01:50:05] [FLEET] [aria] gematria: UP temp=C mem=5654MB disk=60%
[2026-03-22 01:50:05] [FLEET] [aria] lucidia: PING OK but SSH failed
[2026-03-22 01:50:07] [FLEET] [aria] anastasia: DOWN (no ping response)
[2026-03-22 01:51:01] [BEAT] [aria] load=0.46 mem=6945/8059MB temp=56.2C disk=64%
[2026-03-22 01:51:56] [BEAT] [aria] load=0.41 mem=6946/8059MB temp=55.6C disk=64%
[2026-03-22 01:51:56] [BEAT] [aria] load=0.41 mem=6944/8059MB temp=55.6C disk=64%
[2026-03-22 01:52:01] [BEAT] [aria] load=0.57 mem=6932/8059MB temp=55.6C disk=64%
[2026-03-22 01:53:02] [BEAT] [aria] load=0.21 mem=6919/8059MB temp=55.1C disk=64%
[2026-03-22 01:54:01] [BEAT] [aria] load=0.12 mem=6929/8059MB temp=54.5C disk=64%
[2026-03-22 01:55:01] [BEAT] [aria] load=0.09 mem=6901/8059MB temp=54.0C disk=64%
[2026-03-22 01:56:01] [BEAT] [aria] load=0.03 mem=6934/8059MB temp=52.4C disk=64%
[2026-03-22 01:57:00] [BEAT] [aria] load=0.24 mem=6931/8059MB temp=52.9C disk=64%
[2026-03-22 01:57:00] [BEAT] [aria] load=0.24 mem=6929/8059MB temp=52.9C disk=64%
[2026-03-22 01:57:01] [BEAT] [aria] load=0.24 mem=6921/8059MB temp=54.0C disk=64%
[2026-03-22 01:58:01] [BEAT] [aria] load=0.12 mem=6934/8059MB temp=51.8C disk=64%
[2026-03-22 01:59:01] [BEAT] [aria] load=0.10 mem=6931/8059MB temp=52.9C disk=64%
[2026-03-22 02:00:01] [FLEET] [aria] Starting cross-node health check
[2026-03-22 02:00:01] [BEAT] [aria] load=0.04 mem=6894/8059MB temp=54.0C disk=64%
[2026-03-22 02:00:02] [FLEET] [aria] alice: UP temp=38C mem=3104MB disk=83%
[2026-03-22 02:00:04] [FLEET] [aria] octavia: DOWN (no ping response)
[2026-03-22 02:00:04] [FLEET] [aria] cecilia: UP temp=39C mem=4477MB disk=29%
[2026-03-22 02:00:06] [FLEET] [aria] gematria: UP temp=C mem=5661MB disk=60%
[2026-03-22 02:00:06] [FLEET] [aria] lucidia: PING OK but SSH failed
[2026-03-22 02:00:08] [FLEET] [aria] anastasia: DOWN (no ping response)
[2026-03-22 02:00:46] [DIAL] [aria] Switchboard unreachable
[2026-03-22 02:01:01] [BEAT] [aria] load=0.17 mem=6928/8059MB temp=52.9C disk=65%
[2026-03-22 02:02:01] [BEAT] [aria] load=0.09 mem=6934/8059MB temp=52.9C disk=65%
[2026-03-22 02:02:03] [BEAT] [aria] load=0.09 mem=6932/8059MB temp=52.9C disk=65%
[2026-03-22 02:02:03] [BEAT] [aria] load=0.09 mem=6930/8059MB temp=52.9C disk=65%
[2026-03-22 02:03:01] [BEAT] [aria] load=0.07 mem=6931/8059MB temp=54.0C disk=65%
[2026-03-22 02:04:01] [BEAT] [aria] load=0.13 mem=6933/8059MB temp=52.9C disk=65%
[2026-03-22 02:05:01] [BEAT] [aria] load=0.13 mem=6902/8059MB temp=54.0C disk=65%
[2026-03-22 02:06:01] [BEAT] [aria] load=0.05 mem=6923/8059MB temp=53.5C disk=65%
[2026-03-22 02:07:01] [BEAT] [aria] load=0.05 mem=6933/8059MB temp=53.5C disk=65%
[2026-03-22 02:07:09] [BEAT] [aria] load=0.19 mem=6931/8059MB temp=54.0C disk=65%
[2026-03-22 02:07:09] [BEAT] [aria] load=0.19 mem=6928/8059MB temp=54.0C disk=65%
[2026-03-22 02:08:01] [BEAT] [aria] load=0.14 mem=6930/8059MB temp=54.0C disk=65%
[2026-03-22 02:09:01] [BEAT] [aria] load=0.05 mem=6923/8059MB temp=54.5C disk=65%
[2026-03-22 02:10:01] [FLEET] [aria] Starting cross-node health check
[2026-03-22 02:10:01] [BEAT] [aria] load=0.59 mem=6887/8059MB temp=55.1C disk=65%
[2026-03-22 02:10:02] [FLEET] [aria] alice: UP temp=38C mem=3101MB disk=83%
[2026-03-22 02:10:04] [FLEET] [aria] octavia: DOWN (no ping response)
[2026-03-22 02:10:04] [FLEET] [aria] cecilia: UP temp=39C mem=6757MB disk=29%
[2026-03-22 02:10:06] [FLEET] [aria] gematria: UP temp=C mem=5673MB disk=60%
[2026-03-22 02:10:06] [FLEET] [aria] lucidia: PING OK but SSH failed
[2026-03-22 02:10:08] [FLEET] [aria] anastasia: DOWN (no ping response)
[2026-03-22 02:11:01] [BEAT] [aria] load=0.95 mem=6922/8059MB temp=54.0C disk=65%
[2026-03-22 02:12:01] [BEAT] [aria] load=0.35 mem=6931/8059MB temp=54.0C disk=65%
[2026-03-22 02:12:13] [BEAT] [aria] load=0.27 mem=6931/8059MB temp=54.5C disk=65%
[2026-03-22 02:12:13] [BEAT] [aria] load=0.27 mem=6929/8059MB temp=55.6C disk=65%
[2026-03-22 02:13:01] [BEAT] [aria] load=0.20 mem=6918/8059MB temp=54.0C disk=65%
[2026-03-22 02:14:01] [BEAT] [aria] load=0.07 mem=6919/8059MB temp=54.0C disk=65%
[2026-03-22 02:15:01] [BEAT] [aria] load=0.09 mem=6878/8059MB temp=56.2C disk=65%
[2026-03-22 02:15:46] [DIAL] [aria] Switchboard unreachable
[2026-03-22 02:16:01] [BEAT] [aria] load=0.03 mem=6918/8059MB temp=54.0C disk=65%
[2026-03-22 02:17:01] [BEAT] [aria] load=0.01 mem=6923/8059MB temp=54.0C disk=65%
[2026-03-22 02:17:17] [BEAT] [aria] load=0.01 mem=6920/8059MB temp=55.1C disk=65%
[2026-03-22 02:17:17] [BEAT] [aria] load=0.01 mem=6918/8059MB temp=54.5C disk=65%
[2026-03-22 02:18:01] [BEAT] [aria] load=0.05 mem=6920/8059MB temp=54.5C disk=65%
[2026-03-22 02:19:01] [BEAT] [aria] load=0.06 mem=6927/8059MB temp=54.5C disk=65%
[2026-03-22 02:20:01] [FLEET] [aria] Starting cross-node health check
[2026-03-22 02:20:01] [BEAT] [aria] load=0.02 mem=6893/8059MB temp=55.6C disk=65%
[2026-03-22 02:20:02] [FLEET] [aria] alice: UP temp=38C mem=3103MB disk=83%
[2026-03-22 02:20:04] [FLEET] [aria] octavia: DOWN (no ping response)
[2026-03-22 02:20:05] [FLEET] [aria] cecilia: UP temp=39C mem=6717MB disk=29%
[2026-03-22 02:20:06] [FLEET] [aria] gematria: UP temp=C mem=5655MB disk=60%
[2026-03-22 02:20:06] [FLEET] [aria] lucidia: PING OK but SSH failed
[2026-03-22 02:20:08] [FLEET] [aria] anastasia: DOWN (no ping response)
[2026-03-22 02:21:01] [BEAT] [aria] load=0.04 mem=6923/8059MB temp=54.5C disk=65%
[2026-03-22 02:22:01] [BEAT] [aria] load=0.01 mem=6924/8059MB temp=54.0C disk=65%
[2026-03-22 02:22:22] [BEAT] [aria] load=0.01 mem=6925/8059MB temp=55.1C disk=65%
[2026-03-22 02:22:23] [BEAT] [aria] load=0.01 mem=6922/8059MB temp=55.6C disk=65%
[2026-03-22 02:23:01] [BEAT] [aria] load=0.00 mem=6925/8059MB temp=55.1C disk=65%
[2026-03-22 02:24:01] [BEAT] [aria] load=0.06 mem=6927/8059MB temp=54.5C disk=65%
[2026-03-22 02:25:02] [BEAT] [aria] load=0.07 mem=6886/8059MB temp=55.6C disk=65%
[2026-03-22 02:26:01] [BEAT] [aria] load=0.07 mem=6923/8059MB temp=55.6C disk=65%
[2026-03-22 02:27:01] [BEAT] [aria] load=0.02 mem=6926/8059MB temp=55.6C disk=65%
[2026-03-22 02:27:26] [BEAT] [aria] load=0.01 mem=6923/8059MB temp=55.1C disk=65%
[2026-03-22 02:27:26] [BEAT] [aria] load=0.01 mem=6922/8059MB temp=55.1C disk=65%
[2026-03-22 02:28:01] [BEAT] [aria] load=0.06 mem=6922/8059MB temp=55.6C disk=65%
[2026-03-22 02:29:01] [BEAT] [aria] load=0.10 mem=6926/8059MB temp=54.5C disk=65%
[2026-03-22 02:30:01] [FLEET] [aria] Starting cross-node health check
[2026-03-22 02:30:01] [BEAT] [aria] load=0.10 mem=6888/8059MB temp=56.2C disk=65%
[2026-03-22 02:30:02] [FLEET] [aria] alice: UP temp=40C mem=3084MB disk=83%
[2026-03-22 02:30:04] [FLEET] [aria] octavia: DOWN (no ping response)
[2026-03-22 02:30:05] [FLEET] [aria] cecilia: UP temp=40C mem=6661MB disk=29%
[2026-03-22 02:30:06] [FLEET] [aria] gematria: UP temp=C mem=5627MB disk=60%
[2026-03-22 02:30:07] [FLEET] [aria] lucidia: PING OK but SSH failed
[2026-03-22 02:30:09] [FLEET] [aria] anastasia: DOWN (no ping response)
[2026-03-22 02:30:46] [DIAL] [aria] Switchboard unreachable
[2026-03-22 02:31:01] [BEAT] [aria] load=0.70 mem=6927/8059MB temp=54.5C disk=65%
[2026-03-22 02:32:01] [BEAT] [aria] load=0.88 mem=6921/8059MB temp=55.6C disk=65%
[2026-03-22 02:32:31] [BEAT] [aria] load=0.59 mem=6918/8059MB temp=57.3C disk=65%
[2026-03-22 02:32:31] [BEAT] [aria] load=0.59 mem=6916/8059MB temp=56.2C disk=65%
[2026-03-22 02:33:01] [BEAT] [aria] load=0.36 mem=6919/8059MB temp=55.1C disk=65%
[2026-03-22 02:34:01] [BEAT] [aria] load=0.29 mem=6916/8059MB temp=55.6C disk=65%
[2026-03-22 02:35:01] [BEAT] [aria] load=0.20 mem=6885/8059MB temp=56.2C disk=65%
[2026-03-22 02:36:01] [BEAT] [aria] load=0.07 mem=6917/8059MB temp=55.6C disk=65%
[2026-03-22 02:37:01] [BEAT] [aria] load=0.06 mem=6917/8059MB temp=55.1C disk=65%
[2026-03-22 02:37:36] [BEAT] [aria] load=0.03 mem=6920/8059MB temp=56.8C disk=65%
[2026-03-22 02:37:36] [BEAT] [aria] load=0.03 mem=6918/8059MB temp=56.2C disk=65%
[2026-03-22 02:38:01] [BEAT] [aria] load=0.02 mem=6918/8059MB temp=56.2C disk=65%
[2026-03-22 02:39:01] [BEAT] [aria] load=0.00 mem=6920/8059MB temp=56.2C disk=65%
[2026-03-22 02:40:01] [FLEET] [aria] Starting cross-node health check
[2026-03-22 02:40:01] [BEAT] [aria] load=0.11 mem=6878/8059MB temp=56.2C disk=65%
[2026-03-22 02:40:02] [FLEET] [aria] alice: UP temp=40C mem=3102MB disk=83%
[2026-03-22 02:40:04] [FLEET] [aria] octavia: DOWN (no ping response)
[2026-03-22 02:40:05] [FLEET] [aria] cecilia: UP temp=40C mem=3931MB disk=29%
[2026-03-22 02:40:06] [FLEET] [aria] gematria: UP temp=C mem=5637MB disk=60%
[2026-03-22 02:40:06] [FLEET] [aria] lucidia: PING OK but SSH failed
[2026-03-22 02:40:08] [FLEET] [aria] anastasia: DOWN (no ping response)
[2026-03-22 02:41:01] [BEAT] [aria] load=0.04 mem=6926/8059MB temp=55.6C disk=65%
[2026-03-22 02:42:01] [BEAT] [aria] load=0.10 mem=6923/8059MB temp=55.6C disk=65%
[2026-03-22 02:42:40] [BEAT] [aria] load=0.05 mem=6923/8059MB temp=56.8C disk=65%
[2026-03-22 02:42:40] [BEAT] [aria] load=0.05 mem=6919/8059MB temp=56.8C disk=65%
[2026-03-22 02:43:01] [BEAT] [aria] load=0.04 mem=6922/8059MB temp=55.6C disk=65%
[2026-03-22 02:44:01] [BEAT] [aria] load=0.25 mem=6926/8059MB temp=55.6C disk=65%
[2026-03-22 02:45:01] [BEAT] [aria] load=0.31 mem=6881/8059MB temp=56.2C disk=65%
[2026-03-22 02:45:47] [DIAL] [aria] Switchboard unreachable
[2026-03-22 02:46:01] [BEAT] [aria] load=0.18 mem=6919/8059MB temp=55.6C disk=65%
[2026-03-22 02:47:01] [BEAT] [aria] load=0.07 mem=6916/8059MB temp=56.8C disk=65%
[2026-03-22 02:47:45] [BEAT] [aria] load=0.03 mem=6920/8059MB temp=55.6C disk=65%
[2026-03-22 02:47:45] [BEAT] [aria] load=0.03 mem=6916/8059MB temp=55.1C disk=65%
[2026-03-22 02:48:01] [BEAT] [aria] load=0.02 mem=6918/8059MB temp=55.6C disk=65%
[2026-03-22 02:49:01] [BEAT] [aria] load=0.19 mem=6919/8059MB temp=55.6C disk=65%
[2026-03-22 02:50:01] [FLEET] [aria] Starting cross-node health check
[2026-03-22 02:50:01] [BEAT] [aria] load=0.13 mem=6892/8059MB temp=55.6C disk=65%
[2026-03-22 02:50:02] [FLEET] [aria] alice: UP temp=42C mem=3105MB disk=82%
[2026-03-22 02:50:04] [FLEET] [aria] octavia: DOWN (no ping response)
[2026-03-22 02:50:05] [FLEET] [aria] cecilia: UP temp=39C mem=3923MB disk=29%
[2026-03-22 02:50:06] [FLEET] [aria] gematria: UP temp=C mem=5618MB disk=60%
[2026-03-22 02:50:06] [FLEET] [aria] lucidia: PING OK but SSH failed
[2026-03-22 02:50:08] [FLEET] [aria] anastasia: DOWN (no ping response)
[2026-03-22 02:51:01] [BEAT] [aria] load=0.17 mem=6921/8059MB temp=55.6C disk=65%
[2026-03-22 02:52:01] [BEAT] [aria] load=0.96 mem=6923/8059MB temp=54.5C disk=65%
[2026-03-22 02:52:50] [BEAT] [aria] load=0.57 mem=6920/8059MB temp=55.1C disk=65%
[2026-03-22 02:52:50] [BEAT] [aria] load=0.57 mem=6916/8059MB temp=55.1C disk=65%
[2026-03-22 02:53:01] [BEAT] [aria] load=0.48 mem=6920/8059MB temp=56.2C disk=65%
[2026-03-22 02:54:01] [BEAT] [aria] load=0.36 mem=6922/8059MB temp=54.0C disk=65%
[2026-03-22 02:55:02] [BEAT] [aria] load=0.20 mem=6893/8059MB temp=55.1C disk=65%
[2026-03-22 02:56:01] [BEAT] [aria] load=0.13 mem=6920/8059MB temp=54.5C disk=65%
[2026-03-22 02:57:01] [BEAT] [aria] load=0.05 mem=6923/8059MB temp=52.4C disk=65%
[2026-03-22 02:57:54] [BEAT] [aria] load=0.07 mem=6922/8059MB temp=52.4C disk=65%
[2026-03-22 02:57:54] [BEAT] [aria] load=0.07 mem=6919/8059MB temp=52.9C disk=65%
[2026-03-22 02:58:01] [BEAT] [aria] load=0.13 mem=6916/8059MB temp=52.4C disk=65%
[2026-03-22 02:59:01] [BEAT] [aria] load=0.05 mem=6918/8059MB temp=51.8C disk=65%
[2026-03-22 03:00:01] [FLEET] [aria] Starting cross-node health check
[2026-03-22 03:00:01] [BEAT] [aria] load=0.09 mem=6878/8059MB temp=53.5C disk=65%
[2026-03-22 03:00:02] [FLEET] [aria] alice: UP temp=39C mem=3085MB disk=71%
[2026-03-22 03:00:04] [FLEET] [aria] octavia: DOWN (no ping response)
[2026-03-22 03:00:04] [FLEET] [aria] cecilia: UP temp=39C mem=3906MB disk=29%
[2026-03-22 03:00:06] [FLEET] [aria] gematria: UP temp=C mem=5662MB disk=60%
[2026-03-22 03:00:06] [FLEET] [aria] lucidia: PING OK but SSH failed
[2026-03-22 03:00:08] [FLEET] [aria] anastasia: DOWN (no ping response)
[2026-03-22 03:00:46] [DIAL] [aria] Switchboard unreachable
[2026-03-22 03:01:01] [BEAT] [aria] load=0.27 mem=6923/8059MB temp=52.9C disk=65%
[2026-03-22 03:02:01] [BEAT] [aria] load=0.10 mem=6917/8059MB temp=53.5C disk=65%
[2026-03-22 03:02:59] [BEAT] [aria] load=0.46 mem=6921/8059MB temp=54.5C disk=65%
[2026-03-22 03:02:59] [BEAT] [aria] load=0.46 mem=6919/8059MB temp=54.5C disk=65%
[2026-03-22 03:03:01] [BEAT] [aria] load=0.46 mem=6896/8059MB temp=52.4C disk=65%
[2026-03-22 03:04:01] [BEAT] [aria] load=0.22 mem=6921/8059MB temp=54.0C disk=65%
[2026-03-22 03:05:01] [BEAT] [aria] load=0.28 mem=6878/8059MB temp=55.1C disk=65%
[2026-03-22 03:06:01] [BEAT] [aria] load=0.18 mem=6922/8059MB temp=52.9C disk=65%
[2026-03-22 03:07:01] [BEAT] [aria] load=0.11 mem=6919/8059MB temp=53.5C disk=64%
[2026-03-22 03:08:01] [BEAT] [aria] load=0.10 mem=6938/8059MB temp=54.0C disk=64%
[2026-03-22 03:08:03] [BEAT] [aria] load=0.10 mem=6935/8059MB temp=55.1C disk=64%
[2026-03-22 03:08:03] [BEAT] [aria] load=0.10 mem=6933/8059MB temp=54.0C disk=64%
[2026-03-22 03:09:01] [BEAT] [aria] load=0.07 mem=6938/8059MB temp=54.0C disk=64%
[2026-03-22 03:10:01] [FLEET] [aria] Starting cross-node health check
[2026-03-22 03:10:01] [BEAT] [aria] load=0.21 mem=6908/8059MB temp=55.1C disk=64%
[2026-03-22 03:10:01] [FLEET] [aria] alice: UP temp=38C mem=3096MB disk=71%
[2026-03-22 03:10:03] [FLEET] [aria] octavia: DOWN (no ping response)
[2026-03-22 03:10:04] [FLEET] [aria] cecilia: UP temp=39C mem=3917MB disk=29%
[2026-03-22 03:10:06] [FLEET] [aria] gematria: UP temp=C mem=5707MB disk=60%
[2026-03-22 03:10:06] [FLEET] [aria] lucidia: PING OK but SSH failed
[2026-03-22 03:10:08] [FLEET] [aria] anastasia: DOWN (no ping response)
[2026-03-22 03:11:01] [BEAT] [aria] load=0.08 mem=6946/8059MB temp=54.0C disk=64%
[2026-03-22 03:12:01] [BEAT] [aria] load=0.36 mem=6946/8059MB temp=55.6C disk=64%
[2026-03-22 03:13:01] [BEAT] [aria] load=0.99 mem=6947/8059MB temp=54.5C disk=64%
[2026-03-22 03:13:07] [BEAT] [aria] load=0.91 mem=6947/8059MB temp=54.0C disk=64%
[2026-03-22 03:13:07] [BEAT] [aria] load=0.91 mem=6944/8059MB temp=53.5C disk=64%
[2026-03-22 03:14:01] [BEAT] [aria] load=0.77 mem=6948/8059MB temp=54.5C disk=64%
[2026-03-22 03:15:01] [BEAT] [aria] load=0.28 mem=6909/8059MB temp=55.6C disk=64%
[2026-03-22 03:15:46] [DIAL] [aria] Switchboard unreachable
[2026-03-22 03:16:01] [BEAT] [aria] load=0.21 mem=6944/8059MB temp=54.0C disk=64%
[2026-03-22 03:17:01] [BEAT] [aria] load=0.16 mem=6949/8059MB temp=55.1C disk=64%
[2026-03-22 03:18:01] [BEAT] [aria] load=0.06 mem=6945/8059MB temp=55.1C disk=64%
[2026-03-22 03:18:14] [BEAT] [aria] load=0.05 mem=6948/8059MB temp=55.6C disk=64%
[2026-03-22 03:18:14] [BEAT] [aria] load=0.05 mem=6945/8059MB temp=55.6C disk=64%
[2026-03-22 03:19:01] [BEAT] [aria] load=0.09 mem=6945/8059MB temp=55.1C disk=64%
[2026-03-22 03:20:01] [FLEET] [aria] Starting cross-node health check
[2026-03-22 03:20:01] [BEAT] [aria] load=0.08 mem=6907/8059MB temp=56.2C disk=64%
[2026-03-22 03:20:02] [FLEET] [aria] alice: UP temp=39C mem=3102MB disk=71%
[2026-03-22 03:20:04] [FLEET] [aria] octavia: DOWN (no ping response)
[2026-03-22 03:20:04] [FLEET] [aria] cecilia: UP temp=40C mem=3871MB disk=29%
[2026-03-22 03:20:06] [FLEET] [aria] gematria: UP temp=C mem=5634MB disk=60%
[2026-03-22 03:20:06] [FLEET] [aria] lucidia: PING OK but SSH failed
[2026-03-22 03:20:08] [FLEET] [aria] anastasia: DOWN (no ping response)
[2026-03-22 03:21:01] [BEAT] [aria] load=0.08 mem=6933/8059MB temp=54.0C disk=64%
[2026-03-22 03:22:01] [BEAT] [aria] load=0.03 mem=6934/8059MB temp=55.1C disk=64%
[2026-03-22 03:23:01] [BEAT] [aria] load=0.11 mem=6933/8059MB temp=54.5C disk=64%
[2026-03-22 03:23:18] [BEAT] [aria] load=0.08 mem=6933/8059MB temp=55.1C disk=64%
[2026-03-22 03:23:18] [BEAT] [aria] load=0.08 mem=6928/8059MB temp=56.8C disk=64%
[2026-03-22 03:24:01] [BEAT] [aria] load=0.04 mem=6935/8059MB temp=54.5C disk=64%
[2026-03-22 03:25:01] [BEAT] [aria] load=0.05 mem=6904/8059MB temp=55.6C disk=64%
[2026-03-22 03:26:01] [BEAT] [aria] load=0.12 mem=6941/8059MB temp=55.1C disk=64%
[2026-03-22 03:27:01] [BEAT] [aria] load=0.10 mem=6940/8059MB temp=55.1C disk=64%
[2026-03-22 03:28:01] [BEAT] [aria] load=0.15 mem=6941/8059MB temp=55.6C disk=64%
[2026-03-22 03:28:25] [BEAT] [aria] load=0.11 mem=6937/8059MB temp=55.1C disk=64%
[2026-03-22 03:28:25] [BEAT] [aria] load=0.11 mem=6936/8059MB temp=55.6C disk=64%
[2026-03-22 03:29:01] [BEAT] [aria] load=0.14 mem=6935/8059MB temp=55.6C disk=64%
[2026-03-22 03:30:01] [FLEET] [aria] Starting cross-node health check
[2026-03-22 03:30:01] [BEAT] [aria] load=0.13 mem=6894/8059MB temp=56.2C disk=64%
[2026-03-22 03:30:02] [FLEET] [aria] alice: UP temp=38C mem=3099MB disk=71%
[2026-03-22 03:30:04] [FLEET] [aria] octavia: DOWN (no ping response)
[2026-03-22 03:30:04] [FLEET] [aria] cecilia: UP temp=40C mem=3842MB disk=29%
[2026-03-22 03:30:05] [FLEET] [aria] gematria: UP temp=C mem=5666MB disk=60%
[2026-03-22 03:30:06] [FLEET] [aria] lucidia: PING OK but SSH failed
[2026-03-22 03:30:08] [FLEET] [aria] anastasia: DOWN (no ping response)
[2026-03-22 03:30:46] [DIAL] [aria] Switchboard unreachable
[2026-03-22 03:31:01] [BEAT] [aria] load=0.20 mem=6939/8059MB temp=56.2C disk=64%
[2026-03-22 03:32:01] [BEAT] [aria] load=0.11 mem=6940/8059MB temp=54.5C disk=64%
[2026-03-22 03:33:01] [BEAT] [aria] load=0.86 mem=6942/8059MB temp=56.8C disk=64%
[2026-03-22 03:33:30] [BEAT] [aria] load=0.91 mem=6937/8059MB temp=54.5C disk=64%
[2026-03-22 03:33:30] [BEAT] [aria] load=0.91 mem=6931/8059MB temp=55.6C disk=64%
[2026-03-22 03:34:01] [BEAT] [aria] load=1.24 mem=6935/8059MB temp=55.1C disk=64%
[2026-03-22 03:35:01] [BEAT] [aria] load=0.59 mem=6906/8059MB temp=56.2C disk=64%
[2026-03-22 03:36:01] [BEAT] [aria] load=0.31 mem=6935/8059MB temp=55.1C disk=64%
[2026-03-22 03:37:01] [BEAT] [aria] load=0.23 mem=6936/8059MB temp=53.5C disk=64%
[2026-03-22 03:38:01] [BEAT] [aria] load=0.13 mem=6939/8059MB temp=55.1C disk=64%
[2026-03-22 03:38:35] [BEAT] [aria] load=0.14 mem=6934/8059MB temp=55.6C disk=64%
[2026-03-22 03:38:35] [BEAT] [aria] load=0.14 mem=6934/8059MB temp=56.2C disk=64%
[2026-03-22 03:39:01] [BEAT] [aria] load=0.15 mem=6937/8059MB temp=55.6C disk=64%
[2026-03-22 03:40:01] [FLEET] [aria] Starting cross-node health check
[2026-03-22 03:40:01] [BEAT] [aria] load=0.19 mem=6895/8059MB temp=56.8C disk=64%
[2026-03-22 03:40:02] [FLEET] [aria] alice: UP temp=38C mem=3087MB disk=71%
[2026-03-22 03:40:04] [FLEET] [aria] octavia: DOWN (no ping response)
[2026-03-22 03:40:04] [FLEET] [aria] cecilia: UP temp=39C mem=3878MB disk=29%
[2026-03-22 03:40:04] [FLEET] [aria] gematria: PING OK but SSH failed
[2026-03-22 03:40:05] [FLEET] [aria] lucidia: PING OK but SSH failed
[2026-03-22 03:40:07] [FLEET] [aria] anastasia: DOWN (no ping response)
[2026-03-22 03:41:01] [BEAT] [aria] load=0.13 mem=6937/8059MB temp=57.3C disk=64%
[2026-03-22 03:42:01] [BEAT] [aria] load=0.25 mem=6937/8059MB temp=55.1C disk=64%
[2026-03-22 03:43:01] [BEAT] [aria] load=0.09 mem=6940/8059MB temp=55.6C disk=64%
[2026-03-22 03:43:41] [BEAT] [aria] load=0.05 mem=6936/8059MB temp=54.0C disk=64%
[2026-03-22 03:43:41] [BEAT] [aria] load=0.05 mem=6934/8059MB temp=55.6C disk=64%
[2026-03-22 03:44:01] [BEAT] [aria] load=0.10 mem=6936/8059MB temp=55.1C disk=64%
[2026-03-22 03:45:01] [BEAT] [aria] load=0.04 mem=6900/8059MB temp=56.8C disk=64%
[2026-03-22 03:45:46] [DIAL] [aria] Switchboard unreachable
[2026-03-22 03:46:01] [BEAT] [aria] load=0.01 mem=6935/8059MB temp=55.6C disk=64%
[2026-03-22 03:47:01] [BEAT] [aria] load=0.00 mem=6935/8059MB temp=56.2C disk=64%
[2026-03-22 03:48:01] [BEAT] [aria] load=0.14 mem=6937/8059MB temp=56.2C disk=64%
[2026-03-22 03:48:45] [BEAT] [aria] load=0.06 mem=6937/8059MB temp=56.2C disk=64%
[2026-03-22 03:48:45] [BEAT] [aria] load=0.06 mem=6936/8059MB temp=57.3C disk=64%
[2026-03-22 03:49:01] [BEAT] [aria] load=0.18 mem=6935/8059MB temp=55.6C disk=64%
[2026-03-22 03:50:01] [FLEET] [aria] Starting cross-node health check
[2026-03-22 03:50:01] [BEAT] [aria] load=0.14 mem=6908/8059MB temp=55.1C disk=64%
[2026-03-22 03:50:02] [FLEET] [aria] alice: UP temp=39C mem=3101MB disk=71%
[2026-03-22 03:50:04] [FLEET] [aria] octavia: DOWN (no ping response)
[2026-03-22 03:50:04] [FLEET] [aria] cecilia: UP temp=40C mem=3854MB disk=29%
[2026-03-22 03:50:06] [FLEET] [aria] gematria: UP temp=C mem=2832MB disk=60%
[2026-03-22 03:50:06] [FLEET] [aria] lucidia: PING OK but SSH failed
[2026-03-22 03:50:08] [FLEET] [aria] anastasia: DOWN (no ping response)
[2026-03-22 03:51:01] [BEAT] [aria] load=0.12 mem=6933/8059MB temp=56.8C disk=64%
[2026-03-22 03:52:01] [BEAT] [aria] load=0.18 mem=6936/8059MB temp=55.6C disk=64%
[2026-03-22 03:53:02] [BEAT] [aria] load=0.25 mem=6943/8059MB temp=55.1C disk=64%
[2026-03-22 03:53:49] [BEAT] [aria] load=0.39 mem=6937/8059MB temp=54.5C disk=64%
[2026-03-22 03:53:49] [BEAT] [aria] load=0.39 mem=6936/8059MB temp=54.5C disk=64%
[2026-03-22 03:54:01] [BEAT] [aria] load=0.48 mem=6926/8059MB temp=54.0C disk=64%
[2026-03-22 03:55:01] [BEAT] [aria] load=0.71 mem=6911/8059MB temp=54.0C disk=64%
[2026-03-22 03:56:01] [BEAT] [aria] load=0.29 mem=6935/8059MB temp=51.8C disk=64%
[2026-03-22 03:57:01] [BEAT] [aria] load=0.24 mem=6931/8059MB temp=52.4C disk=64%
[2026-03-22 03:58:01] [BEAT] [aria] load=0.17 mem=6928/8059MB temp=53.5C disk=64%
[2026-03-22 03:58:55] [BEAT] [aria] load=0.07 mem=6926/8059MB temp=52.4C disk=64%
[2026-03-22 03:58:55] [BEAT] [aria] load=0.07 mem=6924/8059MB temp=52.4C disk=64%
[2026-03-22 03:59:01] [BEAT] [aria] load=0.06 mem=6922/8059MB temp=52.4C disk=64%
[2026-03-22 04:00:01] [FLEET] [aria] Starting cross-node health check
[2026-03-22 04:00:01] [BEAT] [aria] load=0.02 mem=6885/8059MB temp=53.5C disk=64%
[2026-03-22 04:00:02] [FLEET] [aria] alice: UP temp=37C mem=3097MB disk=72%
[2026-03-22 04:00:04] [FLEET] [aria] octavia: DOWN (no ping response)
[2026-03-22 04:00:04] [FLEET] [aria] cecilia: UP temp=39C mem=3857MB disk=29%
[2026-03-22 04:00:06] [FLEET] [aria] gematria: UP temp=C mem=5348MB disk=58%
[2026-03-22 04:00:06] [FLEET] [aria] lucidia: PING OK but SSH failed
[2026-03-22 04:00:08] [FLEET] [aria] anastasia: DOWN (no ping response)
[2026-03-22 04:00:46] [DIAL] [aria] Switchboard unreachable
[2026-03-22 04:01:01] [BEAT] [aria] load=0.01 mem=6926/8059MB temp=52.9C disk=64%
[2026-03-22 04:02:01] [BEAT] [aria] load=0.14 mem=6931/8059MB temp=52.4C disk=64%
[2026-03-22 04:03:01] [BEAT] [aria] load=0.05 mem=6932/8059MB temp=52.9C disk=64%
[2026-03-22 04:03:59] [BEAT] [aria] load=0.06 mem=6928/8059MB temp=52.9C disk=64%
[2026-03-22 04:03:59] [BEAT] [aria] load=0.06 mem=6926/8059MB temp=54.0C disk=64%
[2026-03-22 04:04:01] [BEAT] [aria] load=0.06 mem=6909/8059MB temp=54.0C disk=64%
[2026-03-22 04:05:01] [BEAT] [aria] load=0.02 mem=6905/8059MB temp=53.5C disk=64%
[2026-03-22 04:06:01] [BEAT] [aria] load=0.00 mem=6933/8059MB temp=54.5C disk=64%
[2026-03-22 04:07:01] [BEAT] [aria] load=0.15 mem=6931/8059MB temp=53.5C disk=64%
[2026-03-22 04:08:01] [BEAT] [aria] load=0.05 mem=6928/8059MB temp=54.0C disk=64%
[2026-03-22 04:09:01] [BEAT] [aria] load=0.07 mem=6928/8059MB temp=52.4C disk=64%
[2026-03-22 04:09:05] [BEAT] [aria] load=0.07 mem=6925/8059MB temp=52.9C disk=64%
[2026-03-22 04:09:05] [BEAT] [aria] load=0.07 mem=6924/8059MB temp=54.5C disk=64%
[2026-03-22 04:10:01] [FLEET] [aria] Starting cross-node health check
[2026-03-22 04:10:01] [BEAT] [aria] load=0.07 mem=6894/8059MB temp=55.1C disk=64%
[2026-03-22 04:10:02] [FLEET] [aria] alice: UP temp=38C mem=3099MB disk=72%
[2026-03-22 04:10:04] [FLEET] [aria] octavia: DOWN (no ping response)
[2026-03-22 04:10:04] [FLEET] [aria] cecilia: UP temp=52C mem=2071MB disk=29%
[2026-03-22 04:10:06] [FLEET] [aria] gematria: UP temp=C mem=5268MB disk=59%
[2026-03-22 04:10:06] [FLEET] [aria] lucidia: PING OK but SSH failed
[2026-03-22 04:10:08] [FLEET] [aria] anastasia: DOWN (no ping response)
[2026-03-22 04:11:01] [BEAT] [aria] load=0.02 mem=6917/8059MB temp=54.5C disk=64%
[2026-03-22 04:12:01] [BEAT] [aria] load=0.06 mem=6921/8059MB temp=54.0C disk=64%
[2026-03-22 04:13:01] [BEAT] [aria] load=0.22 mem=6919/8059MB temp=54.5C disk=64%
[2026-03-22 04:14:01] [BEAT] [aria] load=0.16 mem=6916/8059MB temp=54.5C disk=64%
[2026-03-22 04:14:08] [BEAT] [aria] load=0.14 mem=6918/8059MB temp=54.5C disk=64%
[2026-03-22 04:14:08] [BEAT] [aria] load=0.14 mem=6915/8059MB temp=55.6C disk=64%
[2026-03-22 04:15:01] [BEAT] [aria] load=0.55 mem=6887/8059MB temp=57.3C disk=64%
[2026-03-22 04:15:46] [DIAL] [aria] Switchboard unreachable
[2026-03-22 04:16:01] [BEAT] [aria] load=1.00 mem=6919/8059MB temp=56.2C disk=64%
[2026-03-22 04:17:01] [BEAT] [aria] load=0.49 mem=6915/8059MB temp=54.0C disk=64%
[2026-03-22 04:18:01] [BEAT] [aria] load=0.28 mem=6919/8059MB temp=54.5C disk=64%
[2026-03-22 04:19:01] [BEAT] [aria] load=0.10 mem=6918/8059MB temp=54.5C disk=64%
[2026-03-22 04:19:13] [BEAT] [aria] load=0.09 mem=6916/8059MB temp=55.1C disk=64%
[2026-03-22 04:19:13] [BEAT] [aria] load=0.09 mem=6908/8059MB temp=55.1C disk=64%
[2026-03-22 04:20:01] [FLEET] [aria] Starting cross-node health check
[2026-03-22 04:20:01] [BEAT] [aria] load=0.13 mem=6883/8059MB temp=56.8C disk=64%
[2026-03-22 04:20:02] [FLEET] [aria] alice: UP temp=38C mem=3093MB disk=72%
[2026-03-22 04:20:04] [FLEET] [aria] octavia: DOWN (no ping response)
[2026-03-22 04:20:05] [FLEET] [aria] cecilia: UP temp=57C mem=2054MB disk=29%
[2026-03-22 04:20:06] [FLEET] [aria] gematria: UP temp=C mem=5529MB disk=60%
[2026-03-22 04:20:07] [FLEET] [aria] lucidia: PING OK but SSH failed
[2026-03-22 04:20:09] [FLEET] [aria] anastasia: DOWN (no ping response)
[2026-03-22 04:21:01] [BEAT] [aria] load=0.17 mem=6919/8059MB temp=55.1C disk=64%
[2026-03-22 04:22:01] [BEAT] [aria] load=0.06 mem=6911/8059MB temp=54.5C disk=64%
[2026-03-22 04:23:01] [BEAT] [aria] load=0.09 mem=6919/8059MB temp=54.5C disk=64%
[2026-03-22 04:24:01] [BEAT] [aria] load=0.03 mem=6917/8059MB temp=55.6C disk=64%
[2026-03-22 04:24:18] [BEAT] [aria] load=0.02 mem=6920/8059MB temp=55.1C disk=64%
[2026-03-22 04:24:18] [BEAT] [aria] load=0.02 mem=6918/8059MB temp=56.2C disk=64%
[2026-03-22 04:25:01] [BEAT] [aria] load=0.07 mem=6898/8059MB temp=56.2C disk=64%
[2026-03-22 04:26:01] [BEAT] [aria] load=0.02 mem=6918/8059MB temp=55.1C disk=64%
[2026-03-22 04:27:01] [BEAT] [aria] load=0.01 mem=6923/8059MB temp=55.1C disk=64%
[2026-03-22 04:28:01] [BEAT] [aria] load=0.00 mem=6920/8059MB temp=56.8C disk=64%
[2026-03-22 04:29:01] [BEAT] [aria] load=0.04 mem=6914/8059MB temp=55.1C disk=64%
[2026-03-22 04:29:24] [BEAT] [aria] load=0.02 mem=6918/8059MB temp=55.6C disk=64%
[2026-03-22 04:29:24] [BEAT] [aria] load=0.02 mem=6916/8059MB temp=55.6C disk=64%
[2026-03-22 04:30:01] [FLEET] [aria] Starting cross-node health check
[2026-03-22 04:30:01] [BEAT] [aria] load=0.14 mem=6882/8059MB temp=56.2C disk=64%
[2026-03-22 04:30:03] [FLEET] [aria] alice: UP temp=41C mem=3085MB disk=72%
[2026-03-22 04:30:05] [FLEET] [aria] octavia: DOWN (no ping response)
[2026-03-22 04:30:05] [FLEET] [aria] cecilia: UP temp=56C mem=2093MB disk=29%
[2026-03-22 04:30:07] [FLEET] [aria] gematria: UP temp=C mem=5526MB disk=60%
[2026-03-22 04:30:07] [FLEET] [aria] lucidia: PING OK but SSH failed
[2026-03-22 04:30:09] [FLEET] [aria] anastasia: DOWN (no ping response)
[2026-03-22 04:30:46] [DIAL] [aria] Switchboard unreachable
[2026-03-22 04:31:01] [BEAT] [aria] load=0.05 mem=6912/8059MB temp=54.0C disk=64%
[2026-03-22 04:32:01] [BEAT] [aria] load=0.02 mem=6919/8059MB temp=55.1C disk=64%
[2026-03-22 04:33:01] [BEAT] [aria] load=0.07 mem=6919/8059MB temp=54.5C disk=64%
[2026-03-22 04:34:01] [BEAT] [aria] load=0.08 mem=6921/8059MB temp=55.1C disk=64%
[2026-03-22 04:34:27] [BEAT] [aria] load=0.05 mem=6910/8059MB temp=56.2C disk=64%
[2026-03-22 04:34:27] [BEAT] [aria] load=0.05 mem=6908/8059MB temp=56.8C disk=64%
[2026-03-22 04:35:01] [BEAT] [aria] load=0.07 mem=6885/8059MB temp=55.6C disk=64%
[2026-03-22 04:36:01] [BEAT] [aria] load=0.71 mem=6910/8059MB temp=55.1C disk=64%
[2026-03-22 04:37:01] [BEAT] [aria] load=0.66 mem=6918/8059MB temp=55.1C disk=64%
[2026-03-22 04:38:01] [BEAT] [aria] load=0.24 mem=6908/8059MB temp=55.1C disk=64%
[2026-03-22 04:39:01] [BEAT] [aria] load=0.20 mem=6920/8059MB temp=56.8C disk=64%
[2026-03-22 04:39:33] [BEAT] [aria] load=0.12 mem=6918/8059MB temp=56.2C disk=64%
[2026-03-22 04:39:33] [BEAT] [aria] load=0.12 mem=6916/8059MB temp=56.2C disk=64%
[2026-03-22 04:40:01] [FLEET] [aria] Starting cross-node health check
[2026-03-22 04:40:01] [BEAT] [aria] load=0.18 mem=6887/8059MB temp=56.8C disk=64%
[2026-03-22 04:40:02] [FLEET] [aria] alice: UP temp=41C mem=3083MB disk=72%
[2026-03-22 04:40:04] [FLEET] [aria] octavia: DOWN (no ping response)
[2026-03-22 04:40:05] [FLEET] [aria] cecilia: UP temp=56C mem=2128MB disk=29%
[2026-03-22 04:40:08] [FLEET] [aria] gematria: UP temp=C mem=5505MB disk=60%
[2026-03-22 04:40:08] [FLEET] [aria] lucidia: PING OK but SSH failed
[2026-03-22 04:40:10] [FLEET] [aria] anastasia: DOWN (no ping response)
[2026-03-22 04:41:01] [BEAT] [aria] load=0.19 mem=6926/8059MB temp=54.5C disk=64%
[2026-03-22 04:42:01] [BEAT] [aria] load=0.07 mem=6924/8059MB temp=56.8C disk=64%
[2026-03-22 04:43:01] [BEAT] [aria] load=0.02 mem=6924/8059MB temp=56.8C disk=64%
[2026-03-22 04:44:01] [BEAT] [aria] load=0.01 mem=6925/8059MB temp=55.1C disk=64%
[2026-03-22 04:44:37] [BEAT] [aria] load=0.13 mem=6924/8059MB temp=55.6C disk=64%
[2026-03-22 04:44:37] [BEAT] [aria] load=0.13 mem=6922/8059MB temp=55.6C disk=64%
[2026-03-22 04:45:01] [BEAT] [aria] load=0.09 mem=6880/8059MB temp=55.6C disk=64%
[2026-03-22 04:45:47] [DIAL] [aria] Switchboard unreachable
[2026-03-22 04:46:01] [BEAT] [aria] load=0.26 mem=6918/8059MB temp=55.6C disk=64%
[2026-03-22 04:47:01] [BEAT] [aria] load=0.09 mem=6901/8059MB temp=55.6C disk=64%
[2026-03-22 04:48:01] [BEAT] [aria] load=0.16 mem=6900/8059MB temp=56.2C disk=64%
[2026-03-22 04:49:01] [BEAT] [aria] load=0.06 mem=6904/8059MB temp=54.5C disk=64%
[2026-03-22 04:49:41] [BEAT] [aria] load=0.10 mem=6902/8059MB temp=55.6C disk=64%
[2026-03-22 04:49:41] [BEAT] [aria] load=0.10 mem=6901/8059MB temp=56.2C disk=64%
[2026-03-22 04:50:01] [FLEET] [aria] Starting cross-node health check
[2026-03-22 04:50:01] [BEAT] [aria] load=0.15 mem=6858/8059MB temp=56.8C disk=64%
[2026-03-22 04:50:02] [FLEET] [aria] alice: UP temp=39C mem=3082MB disk=72%
[2026-03-22 04:50:04] [FLEET] [aria] octavia: DOWN (no ping response)
[2026-03-22 04:50:04] [FLEET] [aria] cecilia: UP temp=58C mem=2083MB disk=29%
[2026-03-22 04:50:05] [FLEET] [aria] gematria: UP temp=C mem=5512MB disk=60%
[2026-03-22 04:50:06] [FLEET] [aria] lucidia: PING OK but SSH failed
[2026-03-22 04:50:08] [FLEET] [aria] anastasia: DOWN (no ping response)
[2026-03-22 04:51:01] [BEAT] [aria] load=0.10 mem=6913/8059MB temp=55.6C disk=64%
[2026-03-22 04:52:01] [BEAT] [aria] load=0.14 mem=6909/8059MB temp=55.6C disk=64%
[2026-03-22 04:53:01] [BEAT] [aria] load=0.05 mem=6915/8059MB temp=56.2C disk=64%
[2026-03-22 04:54:01] [BEAT] [aria] load=0.30 mem=6911/8059MB temp=54.0C disk=64%
[2026-03-22 04:54:46] [BEAT] [aria] load=0.14 mem=6909/8059MB temp=54.0C disk=64%
[2026-03-22 04:54:46] [BEAT] [aria] load=0.14 mem=6906/8059MB temp=54.0C disk=64%
[2026-03-22 04:55:01] [BEAT] [aria] load=0.18 mem=6885/8059MB temp=54.5C disk=64%
[2026-03-22 04:56:01] [BEAT] [aria] load=0.10 mem=6913/8059MB temp=53.5C disk=64%
[2026-03-22 04:57:01] [BEAT] [aria] load=0.77 mem=6913/8059MB temp=53.5C disk=64%
[2026-03-22 04:58:01] [BEAT] [aria] load=1.16 mem=6909/8059MB temp=54.0C disk=64%
[2026-03-22 04:59:01] [BEAT] [aria] load=0.42 mem=6911/8059MB temp=54.0C disk=64%
[2026-03-22 04:59:50] [BEAT] [aria] load=0.18 mem=6911/8059MB temp=53.5C disk=64%
[2026-03-22 04:59:50] [BEAT] [aria] load=0.18 mem=6909/8059MB temp=53.5C disk=64%
[2026-03-22 05:00:01] [FLEET] [aria] Starting cross-node health check
[2026-03-22 05:00:01] [BEAT] [aria] load=0.15 mem=6870/8059MB temp=54.0C disk=65%
[2026-03-22 05:00:01] [FLEET] [aria] alice: UP temp=37C mem=3093MB disk=72%
[2026-03-22 05:00:03] [FLEET] [aria] octavia: DOWN (no ping response)
[2026-03-22 05:00:04] [FLEET] [aria] cecilia: UP temp=55C mem=2047MB disk=29%
[2026-03-22 05:00:05] [FLEET] [aria] gematria: UP temp=C mem=5519MB disk=60%
[2026-03-22 05:00:06] [FLEET] [aria] lucidia: PING OK but SSH failed
[2026-03-22 05:00:08] [FLEET] [aria] anastasia: DOWN (no ping response)
[2026-03-22 05:00:46] [DIAL] [aria] Switchboard unreachable
[2026-03-22 05:01:01] [BEAT] [aria] load=0.35 mem=6913/8059MB temp=53.5C disk=65%
[2026-03-22 05:02:01] [BEAT] [aria] load=0.34 mem=6915/8059MB temp=52.9C disk=65%
[2026-03-22 05:03:01] [BEAT] [aria] load=0.12 mem=6913/8059MB temp=53.5C disk=65%
[2026-03-22 05:04:01] [BEAT] [aria] load=0.14 mem=6914/8059MB temp=53.5C disk=65%
[2026-03-22 05:04:54] [BEAT] [aria] load=0.13 mem=6910/8059MB temp=55.1C disk=65%
[2026-03-22 05:04:54] [BEAT] [aria] load=0.13 mem=6906/8059MB temp=53.5C disk=65%
[2026-03-22 05:05:01] [BEAT] [aria] load=0.41 mem=6882/8059MB temp=54.5C disk=65%
[2026-03-22 05:06:01] [BEAT] [aria] load=0.20 mem=6911/8059MB temp=53.5C disk=65%
[2026-03-22 05:07:01] [BEAT] [aria] load=0.07 mem=6910/8059MB temp=54.0C disk=65%
[2026-03-22 05:08:01] [BEAT] [aria] load=0.07 mem=6911/8059MB temp=54.5C disk=65%
[2026-03-22 05:09:01] [BEAT] [aria] load=0.02 mem=6912/8059MB temp=54.5C disk=65%
[2026-03-22 05:09:59] [BEAT] [aria] load=0.12 mem=6909/8059MB temp=54.5C disk=65%
[2026-03-22 05:09:59] [BEAT] [aria] load=0.12 mem=6907/8059MB temp=54.5C disk=65%
[2026-03-22 05:10:01] [FLEET] [aria] Starting cross-node health check
[2026-03-22 05:10:01] [BEAT] [aria] load=0.11 mem=6880/8059MB temp=55.6C disk=65%
[2026-03-22 05:10:02] [FLEET] [aria] alice: UP temp=38C mem=3092MB disk=72%
[2026-03-22 05:10:04] [FLEET] [aria] octavia: DOWN (no ping response)
[2026-03-22 05:10:04] [FLEET] [aria] cecilia: UP temp=57C mem=2073MB disk=29%
[2026-03-22 05:10:05] [FLEET] [aria] gematria: UP temp=C mem=5494MB disk=60%
[2026-03-22 05:10:06] [FLEET] [aria] lucidia: PING OK but SSH failed
[2026-03-22 05:10:08] [FLEET] [aria] anastasia: DOWN (no ping response)
[2026-03-22 05:11:01] [BEAT] [aria] load=0.43 mem=6910/8059MB temp=54.5C disk=65%
[2026-03-22 05:12:01] [BEAT] [aria] load=0.16 mem=6913/8059MB temp=53.5C disk=65%
[2026-03-22 05:13:01] [BEAT] [aria] load=0.06 mem=6913/8059MB temp=55.1C disk=65%
[2026-03-22 05:14:01] [BEAT] [aria] load=0.02 mem=6915/8059MB temp=55.6C disk=65%
[2026-03-22 05:15:01] [BEAT] [aria] load=0.14 mem=6884/8059MB temp=54.5C disk=65%
[2026-03-22 05:15:03] [BEAT] [aria] load=0.14 mem=6852/8059MB temp=55.1C disk=65%
[2026-03-22 05:15:03] [BEAT] [aria] load=0.14 mem=6852/8059MB temp=56.2C disk=65%
[2026-03-22 05:15:46] [DIAL] [aria] Switchboard unreachable
[2026-03-22 05:16:01] [BEAT] [aria] load=0.11 mem=6911/8059MB temp=55.6C disk=65%
[2026-03-22 05:17:01] [BEAT] [aria] load=0.23 mem=6911/8059MB temp=54.0C disk=65%
[2026-03-22 05:18:01] [BEAT] [aria] load=1.20 mem=6913/8059MB temp=54.5C disk=65%
[2026-03-22 05:19:01] [BEAT] [aria] load=0.60 mem=6910/8059MB temp=55.1C disk=65%
[2026-03-22 05:20:01] [FLEET] [aria] Starting cross-node health check
[2026-03-22 05:20:01] [BEAT] [aria] load=0.64 mem=6876/8059MB temp=55.1C disk=65%
[2026-03-22 05:20:36] [BEAT] [aria] load=0.49 mem=6901/8059MB temp=56.2C disk=65%
[2026-03-22 05:20:36] [BEAT] [aria] load=0.49 mem=6899/8059MB temp=55.6C disk=65%
[2026-03-22 05:20:47] [FLEET] [aria] alice: UP temp=37C mem=3043MB disk=81%
[2026-03-22 05:20:49] [FLEET] [aria] octavia: DOWN (no ping response)
[2026-03-22 05:20:49] [FLEET] [aria] cecilia: UP temp=60C mem=2161MB disk=29%
[2026-03-22 05:20:51] [FLEET] [aria] gematria: UP temp=C mem=5536MB disk=60%
[2026-03-22 05:20:51] [FLEET] [aria] lucidia: PING OK but SSH failed
[2026-03-22 05:20:53] [FLEET] [aria] anastasia: DOWN (no ping response)
[2026-03-22 05:21:01] [BEAT] [aria] load=0.32 mem=6909/8059MB temp=55.1C disk=65%
[2026-03-22 05:22:01] [BEAT] [aria] load=0.17 mem=6912/8059MB temp=54.5C disk=65%
[2026-03-22 05:23:01] [BEAT] [aria] load=0.06 mem=6909/8059MB temp=55.6C disk=65%
[2026-03-22 05:24:01] [BEAT] [aria] load=0.09 mem=6910/8059MB temp=55.1C disk=65%
[2026-03-22 05:25:01] [BEAT] [aria] load=0.03 mem=6882/8059MB temp=56.8C disk=65%
[2026-03-22 05:26:01] [BEAT] [aria] load=0.16 mem=6910/8059MB temp=54.5C disk=65%
[2026-03-22 05:27:01] [BEAT] [aria] load=0.13 mem=6911/8059MB temp=55.6C disk=65%
[2026-03-22 05:28:01] [BEAT] [aria] load=0.09 mem=6912/8059MB temp=55.1C disk=65%
[2026-03-22 05:29:02] [BEAT] [aria] load=0.03 mem=6912/8059MB temp=55.1C disk=65%
[2026-03-22 05:29:43] [BEAT] [aria] load=0.07 mem=6909/8059MB temp=55.1C disk=65%
[2026-03-22 05:29:43] [BEAT] [aria] load=0.07 mem=6907/8059MB temp=54.5C disk=65%
[2026-03-22 05:30:01] [FLEET] [aria] Starting cross-node health check
[2026-03-22 05:30:01] [BEAT] [aria] load=0.05 mem=6875/8059MB temp=57.3C disk=65%
[2026-03-22 05:30:12] [FLEET] [aria] alice: UP temp=37C mem=3033MB disk=85%
[2026-03-22 05:30:14] [FLEET] [aria] octavia: DOWN (no ping response)
[2026-03-22 05:30:14] [FLEET] [aria] cecilia: UP temp=58C mem=2125MB disk=29%
[2026-03-22 05:30:16] [FLEET] [aria] gematria: UP temp=C mem=5538MB disk=60%
[2026-03-22 05:30:16] [FLEET] [aria] lucidia: PING OK but SSH failed
[2026-03-22 05:30:18] [FLEET] [aria] anastasia: DOWN (no ping response)
[2026-03-22 05:30:46] [DIAL] [aria] Switchboard unreachable
[2026-03-22 05:31:01] [BEAT] [aria] load=0.12 mem=6912/8059MB temp=56.2C disk=65%
[2026-03-22 05:32:01] [BEAT] [aria] load=0.12 mem=6909/8059MB temp=55.1C disk=65%
[2026-03-22 05:33:01] [BEAT] [aria] load=0.13 mem=6909/8059MB temp=55.1C disk=65%
[2026-03-22 05:34:01] [BEAT] [aria] load=0.05 mem=6915/8059MB temp=55.1C disk=65%
[2026-03-22 05:35:01] [BEAT] [aria] load=0.05 mem=6885/8059MB temp=56.2C disk=65%
[2026-03-22 05:35:28] [BEAT] [aria] load=0.03 mem=6905/8059MB temp=55.6C disk=65%
[2026-03-22 05:35:28] [BEAT] [aria] load=0.03 mem=6903/8059MB temp=55.6C disk=65%
[2026-03-22 05:36:01] [BEAT] [aria] load=0.14 mem=6911/8059MB temp=55.6C disk=65%
[2026-03-22 05:37:01] [BEAT] [aria] load=0.09 mem=6911/8059MB temp=57.3C disk=65%
[2026-03-22 05:38:01] [BEAT] [aria] load=0.31 mem=6913/8059MB temp=55.1C disk=65%
[2026-03-22 05:39:01] [BEAT] [aria] load=1.07 mem=6914/8059MB temp=55.1C disk=65%
[2026-03-22 05:40:01] [FLEET] [aria] Starting cross-node health check
[2026-03-22 05:40:01] [BEAT] [aria] load=0.65 mem=6882/8059MB temp=57.3C disk=65%
[2026-03-22 05:40:02] [FLEET] [aria] alice: UP temp=40C mem=3001MB disk=93%
[2026-03-22 05:40:04] [FLEET] [aria] octavia: DOWN (no ping response)
[2026-03-22 05:40:04] [FLEET] [aria] cecilia: UP temp=58C mem=2100MB disk=29%
[2026-03-22 05:40:06] [FLEET] [aria] gematria: UP temp=C mem=5490MB disk=60%
[2026-03-22 05:40:06] [FLEET] [aria] lucidia: PING OK but SSH failed
[2026-03-22 05:40:08] [FLEET] [aria] anastasia: DOWN (no ping response)
[2026-03-22 05:41:01] [BEAT] [aria] load=0.31 mem=6911/8059MB temp=56.2C disk=65%
[2026-03-22 05:41:47] [BEAT] [aria] load=0.19 mem=6906/8059MB temp=56.2C disk=65%
[2026-03-22 05:41:47] [BEAT] [aria] load=0.19 mem=6905/8059MB temp=57.3C disk=65%
[2026-03-22 05:42:01] [BEAT] [aria] load=0.29 mem=6907/8059MB temp=56.2C disk=65%
[2026-03-22 05:43:01] [BEAT] [aria] load=0.24 mem=6911/8059MB temp=54.5C disk=65%
[2026-03-22 05:44:01] [BEAT] [aria] load=0.09 mem=6913/8059MB temp=55.6C disk=65%
[2026-03-22 05:45:01] [BEAT] [aria] load=0.10 mem=6874/8059MB temp=55.6C disk=65%
[2026-03-22 05:45:46] [DIAL] [aria] Switchboard unreachable
[2026-03-22 05:46:01] [BEAT] [aria] load=0.04 mem=6908/8059MB temp=56.2C disk=65%
[2026-03-22 05:47:01] [BEAT] [aria] load=0.13 mem=6910/8059MB temp=56.8C disk=65%
[2026-03-22 05:48:01] [BEAT] [aria] load=0.04 mem=6903/8059MB temp=55.6C disk=65%
[2026-03-22 05:48:57] [BEAT] [aria] load=0.11 mem=6908/8059MB temp=56.2C disk=65%
[2026-03-22 05:48:57] [BEAT] [aria] load=0.11 mem=6906/8059MB temp=56.2C disk=65%
[2026-03-22 05:49:01] [BEAT] [aria] load=0.10 mem=6900/8059MB temp=55.6C disk=65%
[2026-03-22 05:50:01] [FLEET] [aria] Starting cross-node health check
[2026-03-22 05:50:01] [BEAT] [aria] load=0.04 mem=6878/8059MB temp=56.8C disk=65%
[2026-03-22 05:50:02] [FLEET] [aria] alice: UP temp=40C mem=3086MB disk=100%
[2026-03-22 05:50:04] [FLEET] [aria] octavia: DOWN (no ping response)
[2026-03-22 05:50:04] [FLEET] [aria] cecilia: UP temp=57C mem=2195MB disk=29%
[2026-03-22 05:50:06] [FLEET] [aria] gematria: UP temp=C mem=5515MB disk=60%
[2026-03-22 05:50:06] [FLEET] [aria] lucidia: PING OK but SSH failed
[2026-03-22 05:50:08] [FLEET] [aria] anastasia: DOWN (no ping response)
[2026-03-22 05:51:01] [BEAT] [aria] load=0.01 mem=6913/8059MB temp=55.6C disk=65%
[2026-03-22 05:52:01] [BEAT] [aria] load=0.08 mem=6911/8059MB temp=54.0C disk=65%
[2026-03-22 05:53:01] [BEAT] [aria] load=0.03 mem=6907/8059MB temp=55.6C disk=65%
[2026-03-22 05:54:01] [BEAT] [aria] load=0.07 mem=6910/8059MB temp=55.6C disk=65%
[2026-03-22 05:54:56] [BEAT] [aria] load=0.06 mem=6908/8059MB temp=54.5C disk=65%
[2026-03-22 05:54:56] [BEAT] [aria] load=0.06 mem=6905/8059MB temp=54.5C disk=65%
[2026-03-22 05:55:01] [BEAT] [aria] load=0.14 mem=6875/8059MB temp=54.5C disk=65%
[2026-03-22 05:56:01] [BEAT] [aria] load=0.23 mem=6910/8059MB temp=54.0C disk=65%
[2026-03-22 05:57:01] [BEAT] [aria] load=0.15 mem=6896/8059MB temp=52.9C disk=65%
[2026-03-22 05:58:01] [BEAT] [aria] load=0.09 mem=6892/8059MB temp=53.5C disk=65%
[2026-03-22 05:59:01] [BEAT] [aria] load=0.84 mem=6886/8059MB temp=52.9C disk=65%
[2026-03-22 06:00:00] [BEAT] [aria] load=1.45 mem=6890/8059MB temp=52.4C disk=65%
[2026-03-22 06:00:00] [BEAT] [aria] load=1.45 mem=6885/8059MB temp=52.9C disk=65%
[2026-03-22 06:00:01] [FLEET] [aria] Starting cross-node health check
[2026-03-22 06:00:01] [BEAT] [aria] load=1.45 mem=6815/8059MB temp=54.0C disk=65%
[2026-03-22 06:00:01] [FLEET] [aria] alice: UP temp=37C mem=3091MB disk=100%
[2026-03-22 06:00:03] [FLEET] [aria] octavia: DOWN (no ping response)
[2026-03-22 06:00:04] [FLEET] [aria] cecilia: UP temp=58C mem=2167MB disk=29%
[2026-03-22 06:00:05] [FLEET] [aria] gematria: UP temp=C mem=5484MB disk=60%
[2026-03-22 06:00:06] [FLEET] [aria] lucidia: PING OK but SSH failed
[2026-03-22 06:00:08] [FLEET] [aria] anastasia: DOWN (no ping response)
[2026-03-22 06:00:46] [DIAL] [aria] Switchboard unreachable
[2026-03-22 06:01:01] [BEAT] [aria] load=1.11 mem=6869/8059MB temp=52.9C disk=65%
[2026-03-22 06:02:01] [BEAT] [aria] load=0.50 mem=6871/8059MB temp=52.4C disk=65%
[2026-03-22 06:03:01] [BEAT] [aria] load=0.23 mem=6869/8059MB temp=53.5C disk=65%
[2026-03-22 06:04:01] [BEAT] [aria] load=0.08 mem=6864/8059MB temp=53.5C disk=65%
[2026-03-22 06:05:01] [BEAT] [aria] load=0.07 mem=6821/8059MB temp=55.6C disk=65%
[2026-03-22 06:05:04] [BEAT] [aria] load=0.06 mem=6802/8059MB temp=54.0C disk=65%
[2026-03-22 06:05:04] [BEAT] [aria] load=0.06 mem=6798/8059MB temp=53.5C disk=65%
[2026-03-22 06:06:01] [BEAT] [aria] load=0.15 mem=6851/8059MB temp=54.0C disk=65%
[2026-03-22 06:07:01] [BEAT] [aria] load=0.31 mem=6863/8059MB temp=54.0C disk=65%
[2026-03-22 06:08:01] [BEAT] [aria] load=0.18 mem=6858/8059MB temp=54.0C disk=65%
[2026-03-22 06:09:02] [BEAT] [aria] load=0.14 mem=6856/8059MB temp=55.1C disk=65%
[2026-03-22 06:10:01] [FLEET] [aria] Starting cross-node health check
[2026-03-22 06:10:01] [BEAT] [aria] load=0.10 mem=6826/8059MB temp=54.5C disk=65%
[2026-03-22 06:10:01] [FLEET] [aria] alice: UP temp=39C mem=3093MB disk=100%
[2026-03-22 06:10:03] [FLEET] [aria] octavia: DOWN (no ping response)
[2026-03-22 06:10:03] [FLEET] [aria] cecilia: UP temp=50C mem=3452MB disk=29%
[2026-03-22 06:10:05] [FLEET] [aria] gematria: UP temp=C mem=5513MB disk=60%
[2026-03-22 06:10:05] [FLEET] [aria] lucidia: PING OK but SSH failed
[2026-03-22 06:10:07] [FLEET] [aria] anastasia: DOWN (no ping response)
[2026-03-22 06:11:01] [BEAT] [aria] load=0.04 mem=6849/8059MB temp=54.0C disk=65%
[2026-03-22 06:12:01] [BEAT] [aria] load=0.01 mem=6856/8059MB temp=54.0C disk=65%
[2026-03-22 06:13:01] [BEAT] [aria] load=0.08 mem=6853/8059MB temp=55.6C disk=65%
[2026-03-22 06:14:01] [BEAT] [aria] load=0.06 mem=6853/8059MB temp=55.1C disk=65%
[2026-03-22 06:15:01] [BEAT] [aria] load=0.23 mem=6816/8059MB temp=54.5C disk=65%
[2026-03-22 06:15:47] [DIAL] [aria] Switchboard unreachable
[2026-03-22 06:16:01] [BEAT] [aria] load=0.22 mem=6853/8059MB temp=55.1C disk=65%
[2026-03-22 06:17:01] [BEAT] [aria] load=0.08 mem=6849/8059MB temp=55.1C disk=65%
[2026-03-22 06:18:01] [BEAT] [aria] load=0.03 mem=6852/8059MB temp=53.5C disk=65%
[2026-03-22 06:19:01] [BEAT] [aria] load=0.06 mem=6852/8059MB temp=54.5C disk=65%
[2026-03-22 06:20:01] [FLEET] [aria] Starting cross-node health check
[2026-03-22 06:20:01] [BEAT] [aria] load=0.57 mem=6807/8059MB temp=54.0C disk=65%
[2026-03-22 06:20:02] [FLEET] [aria] alice: UP temp=40C mem=3083MB disk=100%
[2026-03-22 06:20:04] [FLEET] [aria] octavia: DOWN (no ping response)
[2026-03-22 06:20:04] [FLEET] [aria] cecilia: UP temp=42C mem=2148MB disk=29%
[2026-03-22 06:20:05] [FLEET] [aria] gematria: UP temp=C mem=5493MB disk=60%
[2026-03-22 06:20:06] [FLEET] [aria] lucidia: PING OK but SSH failed
[2026-03-22 06:20:08] [FLEET] [aria] anastasia: DOWN (no ping response)
[2026-03-22 06:21:01] [BEAT] [aria] load=1.17 mem=6841/8059MB temp=56.2C disk=65%
[2026-03-22 06:22:01] [BEAT] [aria] load=0.43 mem=6853/8059MB temp=55.1C disk=65%
[2026-03-22 06:23:01] [BEAT] [aria] load=0.22 mem=6849/8059MB temp=56.2C disk=65%
[2026-03-22 06:24:01] [BEAT] [aria] load=0.15 mem=6851/8059MB temp=55.6C disk=65%
[2026-03-22 06:25:01] [BEAT] [aria] load=0.30 mem=6817/8059MB temp=57.3C disk=65%
[2026-03-22 06:26:01] [BEAT] [aria] load=0.22 mem=6841/8059MB temp=55.6C disk=65%
[2026-03-22 06:27:01] [BEAT] [aria] load=0.08 mem=6850/8059MB temp=56.2C disk=65%
[2026-03-22 06:28:01] [BEAT] [aria] load=0.29 mem=6848/8059MB temp=55.6C disk=65%
[2026-03-22 06:29:01] [BEAT] [aria] load=0.11 mem=6823/8059MB temp=55.1C disk=65%
[2026-03-22 06:30:01] [FLEET] [aria] Starting cross-node health check
[2026-03-22 06:30:01] [BEAT] [aria] load=0.07 mem=6786/8059MB temp=55.6C disk=65%
[2026-03-22 06:30:02] [FLEET] [aria] alice: PING OK but SSH failed
[2026-03-22 06:30:04] [FLEET] [aria] octavia: DOWN (no ping response)
[2026-03-22 06:30:05] [FLEET] [aria] cecilia: UP temp=40C mem=2125MB disk=29%
[2026-03-22 06:30:05] [FLEET] [aria] gematria: PING OK but SSH failed
[2026-03-22 06:30:05] [FLEET] [aria] lucidia: PING OK but SSH failed
[2026-03-22 06:30:07] [FLEET] [aria] anastasia: DOWN (no ping response)
[2026-03-22 06:30:47] [DIAL] [aria] Switchboard unreachable
[2026-03-22 06:31:01] [BEAT] [aria] load=0.09 mem=6821/8059MB temp=55.1C disk=65%
[2026-03-22 06:32:01] [BEAT] [aria] load=0.03 mem=6824/8059MB temp=56.2C disk=65%
[2026-03-22 06:33:01] [BEAT] [aria] load=0.13 mem=6834/8059MB temp=55.1C disk=65%
[2026-03-22 06:34:01] [BEAT] [aria] load=0.05 mem=6834/8059MB temp=55.1C disk=65%
[2026-03-22 06:35:01] [BEAT] [aria] load=0.06 mem=6803/8059MB temp=55.1C disk=65%
[2026-03-22 06:36:01] [BEAT] [aria] load=0.02 mem=6825/8059MB temp=56.2C disk=65%
[2026-03-22 06:37:01] [BEAT] [aria] load=0.01 mem=6832/8059MB temp=55.1C disk=65%
[2026-03-22 06:38:01] [BEAT] [aria] load=0.23 mem=6834/8059MB temp=55.1C disk=65%
[2026-03-22 06:39:01] [BEAT] [aria] load=0.15 mem=6832/8059MB temp=55.6C disk=65%
[2026-03-22 06:40:01] [FLEET] [aria] Starting cross-node health check
[2026-03-22 06:40:01] [BEAT] [aria] load=0.12 mem=6803/8059MB temp=55.6C disk=65%
[2026-03-22 06:40:01] [FLEET] [aria] alice: PING OK but SSH failed
[2026-03-22 06:40:03] [FLEET] [aria] octavia: DOWN (no ping response)
[2026-03-22 06:40:04] [FLEET] [aria] cecilia: UP temp=39C mem=2113MB disk=29%
[2026-03-22 06:40:04] [FLEET] [aria] gematria: PING OK but SSH failed
[2026-03-22 06:40:04] [FLEET] [aria] lucidia: PING OK but SSH failed
[2026-03-22 06:40:06] [FLEET] [aria] anastasia: DOWN (no ping response)
[2026-03-22 06:41:01] [BEAT] [aria] load=0.73 mem=6823/8059MB temp=53.5C disk=65%
[2026-03-22 06:42:01] [BEAT] [aria] load=0.73 mem=6833/8059MB temp=55.6C disk=65%
[2026-03-22 06:43:01] [BEAT] [aria] load=0.30 mem=6822/8059MB temp=55.1C disk=65%
[2026-03-22 06:44:01] [BEAT] [aria] load=0.15 mem=6830/8059MB temp=55.6C disk=65%
[2026-03-22 06:45:02] [BEAT] [aria] load=0.10 mem=6802/8059MB temp=55.6C disk=65%
[2026-03-22 06:45:47] [DIAL] [aria] Switchboard unreachable
[2026-03-22 06:46:01] [BEAT] [aria] load=0.07 mem=6824/8059MB temp=55.6C disk=65%
[2026-03-22 06:47:01] [BEAT] [aria] load=0.06 mem=6826/8059MB temp=56.8C disk=65%
[2026-03-22 06:48:01] [BEAT] [aria] load=0.02 mem=6829/8059MB temp=56.2C disk=65%
[2026-03-22 06:49:01] [BEAT] [aria] load=0.14 mem=6827/8059MB temp=55.1C disk=65%
[2026-03-22 06:50:01] [FLEET] [aria] Starting cross-node health check
[2026-03-22 06:50:01] [BEAT] [aria] load=0.05 mem=6795/8059MB temp=56.2C disk=65%
[2026-03-22 06:50:01] [FLEET] [aria] alice: PING OK but SSH failed
[2026-03-22 06:50:03] [FLEET] [aria] octavia: DOWN (no ping response)
[2026-03-22 06:50:03] [FLEET] [aria] cecilia: UP temp=39C mem=2119MB disk=29%
[2026-03-22 06:50:04] [FLEET] [aria] gematria: PING OK but SSH failed
[2026-03-22 06:50:04] [FLEET] [aria] lucidia: PING OK but SSH failed
[2026-03-22 06:50:06] [FLEET] [aria] anastasia: DOWN (no ping response)
[2026-03-22 06:51:01] [BEAT] [aria] load=0.06 mem=6813/8059MB temp=56.8C disk=65%
[2026-03-22 06:52:01] [BEAT] [aria] load=0.22 mem=6823/8059MB temp=55.1C disk=65%
[2026-03-22 06:53:01] [BEAT] [aria] load=0.15 mem=6826/8059MB temp=55.1C disk=65%
[2026-03-22 06:54:01] [BEAT] [aria] load=0.12 mem=6824/8059MB temp=54.5C disk=65%
[2026-03-22 06:55:01] [BEAT] [aria] load=0.07 mem=6796/8059MB temp=55.6C disk=65%
[2026-03-22 06:56:01] [BEAT] [aria] load=0.23 mem=6809/8059MB temp=53.5C disk=65%
[2026-03-22 06:57:01] [BEAT] [aria] load=0.14 mem=6820/8059MB temp=52.4C disk=65%
[2026-03-22 06:58:01] [BEAT] [aria] load=0.05 mem=6824/8059MB temp=52.9C disk=65%
[2026-03-22 06:59:01] [BEAT] [aria] load=0.02 mem=6824/8059MB temp=52.9C disk=65%
[2026-03-22 07:00:01] [FLEET] [aria] Starting cross-node health check
[2026-03-22 07:00:01] [BEAT] [aria] load=0.09 mem=6780/8059MB temp=52.9C disk=65%
[2026-03-22 07:00:01] [FLEET] [aria] alice: PING OK but SSH failed
[2026-03-22 07:00:03] [FLEET] [aria] octavia: DOWN (no ping response)
[2026-03-22 07:00:03] [FLEET] [aria] cecilia: UP temp=43C mem=1979MB disk=28%
[2026-03-22 07:00:04] [FLEET] [aria] gematria: PING OK but SSH failed
[2026-03-22 07:00:04] [FLEET] [aria] lucidia: PING OK but SSH failed
[2026-03-22 07:00:06] [FLEET] [aria] anastasia: DOWN (no ping response)
[2026-03-22 07:00:46] [DIAL] [aria] Switchboard unreachable
[2026-03-22 07:01:01] [BEAT] [aria] load=0.07 mem=6817/8059MB temp=53.5C disk=65%
[2026-03-22 07:02:01] [BEAT] [aria] load=0.78 mem=6820/8059MB temp=53.5C disk=65%
[2026-03-22 07:03:01] [BEAT] [aria] load=0.83 mem=6819/8059MB temp=52.4C disk=65%
[2026-03-22 07:04:01] [BEAT] [aria] load=0.30 mem=6822/8059MB temp=52.4C disk=65%
[2026-03-22 07:05:01] [BEAT] [aria] load=0.17 mem=6795/8059MB temp=54.0C disk=65%
[2026-03-22 07:06:01] [BEAT] [aria] load=0.06 mem=6818/8059MB temp=53.5C disk=65%
[2026-03-22 07:07:01] [BEAT] [aria] load=0.10 mem=6823/8059MB temp=52.9C disk=65%
[2026-03-22 07:08:01] [BEAT] [aria] load=0.04 mem=6821/8059MB temp=53.5C disk=65%
[2026-03-22 07:09:01] [BEAT] [aria] load=0.05 mem=6820/8059MB temp=53.5C disk=65%
[2026-03-22 07:10:01] [FLEET] [aria] Starting cross-node health check
[2026-03-22 07:10:01] [BEAT] [aria] load=0.08 mem=6837/8059MB temp=55.1C disk=64%
[2026-03-22 07:10:01] [FLEET] [aria] alice: PING OK but SSH failed
[2026-03-22 07:10:03] [FLEET] [aria] octavia: DOWN (no ping response)
[2026-03-22 07:10:04] [FLEET] [aria] cecilia: UP temp=40C mem=1969MB disk=28%
[2026-03-22 07:10:04] [FLEET] [aria] gematria: PING OK but SSH failed
[2026-03-22 07:10:04] [FLEET] [aria] lucidia: PING OK but SSH failed
[2026-03-22 07:10:06] [FLEET] [aria] anastasia: DOWN (no ping response)
[2026-03-22 07:11:01] [BEAT] [aria] load=0.06 mem=6886/8059MB temp=54.0C disk=64%
[2026-03-22 07:12:01] [BEAT] [aria] load=0.12 mem=6884/8059MB temp=55.1C disk=64%
[2026-03-22 07:13:01] [BEAT] [aria] load=0.04 mem=6909/8059MB temp=54.0C disk=64%
[2026-03-22 07:14:01] [BEAT] [aria] load=0.01 mem=6906/8059MB temp=54.0C disk=64%
[2026-03-22 07:15:02] [BEAT] [aria] load=0.05 mem=6881/8059MB temp=54.0C disk=64%
[2026-03-22 07:15:47] [DIAL] [aria] Switchboard unreachable
[2026-03-22 07:16:01] [BEAT] [aria] load=0.07 mem=6906/8059MB temp=54.0C disk=64%
[2026-03-22 07:17:01] [BEAT] [aria] load=0.02 mem=6903/8059MB temp=54.0C disk=64%
[2026-03-22 07:18:01] [BEAT] [aria] load=0.04 mem=6903/8059MB temp=55.1C disk=64%
[2026-03-22 07:19:01] [BEAT] [aria] load=0.01 mem=6910/8059MB temp=54.5C disk=64%
[2026-03-22 07:20:01] [FLEET] [aria] Starting cross-node health check
[2026-03-22 07:20:01] [BEAT] [aria] load=0.00 mem=6875/8059MB temp=55.1C disk=64%
[2026-03-22 07:20:01] [FLEET] [aria] alice: PING OK but SSH failed
[2026-03-22 07:20:03] [FLEET] [aria] octavia: DOWN (no ping response)
[2026-03-22 07:20:03] [FLEET] [aria] cecilia: UP temp=40C mem=1930MB disk=28%
[2026-03-22 07:20:03] [FLEET] [aria] gematria: PING OK but SSH failed
[2026-03-22 07:20:04] [FLEET] [aria] lucidia: PING OK but SSH failed
[2026-03-22 07:20:06] [FLEET] [aria] anastasia: DOWN (no ping response)
[2026-03-22 07:21:01] [BEAT] [aria] load=0.10 mem=6908/8059MB temp=54.5C disk=64%
[2026-03-22 07:22:01] [BEAT] [aria] load=0.04 mem=6907/8059MB temp=54.5C disk=64%
[2026-03-22 07:23:01] [BEAT] [aria] load=0.70 mem=6906/8059MB temp=55.1C disk=64%
[2026-03-22 07:24:01] [BEAT] [aria] load=0.58 mem=6905/8059MB temp=55.1C disk=64%
[2026-03-22 07:25:01] [BEAT] [aria] load=0.21 mem=6873/8059MB temp=55.6C disk=64%
[2026-03-22 07:26:01] [BEAT] [aria] load=0.08 mem=6906/8059MB temp=54.0C disk=64%
[2026-03-22 07:27:01] [BEAT] [aria] load=0.10 mem=6905/8059MB temp=54.5C disk=64%
[2026-03-22 07:28:01] [BEAT] [aria] load=0.22 mem=6907/8059MB temp=54.5C disk=64%
[2026-03-22 07:29:01] [BEAT] [aria] load=0.08 mem=6910/8059MB temp=55.1C disk=64%
[2026-03-22 07:30:01] [FLEET] [aria] Starting cross-node health check
[2026-03-22 07:30:01] [BEAT] [aria] load=0.03 mem=6872/8059MB temp=55.6C disk=64%
[2026-03-22 07:30:02] [FLEET] [aria] alice: PING OK but SSH failed
[2026-03-22 07:30:04] [FLEET] [aria] octavia: DOWN (no ping response)
[2026-03-22 07:30:04] [FLEET] [aria] cecilia: UP temp=40C mem=1937MB disk=28%
[2026-03-22 07:30:04] [FLEET] [aria] gematria: PING OK but SSH failed
[2026-03-22 07:30:05] [FLEET] [aria] lucidia: PING OK but SSH failed
[2026-03-22 07:30:07] [FLEET] [aria] anastasia: DOWN (no ping response)
[2026-03-22 07:30:47] [DIAL] [aria] Switchboard unreachable
[2026-03-22 07:31:01] [BEAT] [aria] load=0.12 mem=6907/8059MB temp=54.5C disk=64%
[2026-03-22 07:32:01] [BEAT] [aria] load=0.14 mem=6907/8059MB temp=55.1C disk=64%
[2026-03-22 07:33:01] [BEAT] [aria] load=0.11 mem=6907/8059MB temp=55.1C disk=64%
[2026-03-22 07:34:01] [BEAT] [aria] load=0.08 mem=6906/8059MB temp=56.2C disk=64%
[2026-03-22 07:35:01] [BEAT] [aria] load=0.10 mem=6876/8059MB temp=55.1C disk=64%
[2026-03-22 07:36:01] [BEAT] [aria] load=0.15 mem=6903/8059MB temp=55.6C disk=64%
[2026-03-22 07:37:01] [BEAT] [aria] load=0.16 mem=6908/8059MB temp=54.5C disk=64%
[2026-03-22 07:38:01] [BEAT] [aria] load=0.12 mem=6901/8059MB temp=56.2C disk=64%
