0 verbose cli /home/blackroad/.nvm/versions/node/v20.20.0/bin/node /home/blackroad/.nvm/versions/node/v20.20.0/bin/npm
1 info using npm@10.8.2
2 info using node@v20.20.0
3 silly config load:file:/home/blackroad/.nvm/versions/node/v20.20.0/lib/node_modules/npm/npmrc
4 silly config load:file:/home/blackroad/actions-runner/_work/blackroad/blackroad/orgs/core/blackroad-os-web/.npmrc
5 silly config load:file:/home/blackroad/.npmrc
6 silly config load:file:/home/blackroad/.nvm/versions/node/v20.20.0/etc/npmrc
7 verbose title npm install
8 verbose argv "install" "--legacy-peer-deps"
9 verbose logfile logs-max:10 dir:/home/blackroad/.npm/_logs/2026-03-22T09_10_13_263Z-
10 verbose logfile /home/blackroad/.npm/_logs/2026-03-22T09_10_13_263Z-debug-0.log
11 silly packumentCache heap:2197815296 maxSize:549453824 maxEntrySize:274726912
12 silly logfile start cleaning logs, removing 1 files
13 silly logfile done cleaning log files
14 silly idealTree buildDeps
15 silly reify moves {}
16 verbose reify failed optional dependency /home/blackroad/actions-runner/_work/blackroad/blackroad/orgs/core/blackroad-os-web/node_modules/@tailwindcss/oxide-wasm32-wasi
17 silly reify mark deleted [
17 silly reify   '/home/blackroad/actions-runner/_work/blackroad/blackroad/orgs/core/blackroad-os-web/node_modules/@tailwindcss/oxide-wasm32-wasi'
17 silly reify ]
18 silly audit bulk request {
18 silly audit   '@acemir/cssom': [ '0.9.31' ],
18 silly audit   '@adobe/css-tools': [ '4.4.4' ],
18 silly audit   '@alloc/quick-lru': [ '5.2.0' ],
18 silly audit   '@asamuzakjp/css-color': [ '5.0.1' ],
18 silly audit   'lru-cache': [ '11.2.6', '5.1.1' ],
18 silly audit   '@asamuzakjp/dom-selector': [ '6.8.1' ],
18 silly audit   '@asamuzakjp/nwsapi': [ '2.3.9' ],
18 silly audit   '@babel/code-frame': [ '7.27.1' ],
18 silly audit   '@babel/compat-data': [ '7.28.5' ],
18 silly audit   '@babel/core': [ '7.28.5' ],
18 silly audit   '@babel/generator': [ '7.28.5' ],
18 silly audit   '@babel/helper-compilation-targets': [ '7.27.2' ],
18 silly audit   '@babel/helper-globals': [ '7.28.0' ],
18 silly audit   '@babel/helper-module-imports': [ '7.27.1' ],
18 silly audit   '@babel/helper-module-transforms': [ '7.28.3' ],
18 silly audit   '@babel/helper-string-parser': [ '7.27.1' ],
18 silly audit   '@babel/helper-validator-identifier': [ '7.28.5' ],
18 silly audit   '@babel/helper-validator-option': [ '7.27.1' ],
18 silly audit   '@babel/helpers': [ '7.28.4' ],
18 silly audit   '@babel/parser': [ '7.28.5' ],
18 silly audit   '@babel/runtime': [ '7.28.6' ],
18 silly audit   '@babel/template': [ '7.27.2' ],
18 silly audit   '@babel/traverse': [ '7.28.5' ],
18 silly audit   '@babel/types': [ '7.28.5' ],
18 silly audit   '@bramus/specificity': [ '2.4.2' ],
18 silly audit   '@csstools/color-helpers': [ '6.0.2' ],
18 silly audit   '@csstools/css-calc': [ '3.1.1' ],
18 silly audit   '@csstools/css-color-parser': [ '4.0.2' ],
18 silly audit   '@csstools/css-parser-algorithms': [ '4.0.0' ],
18 silly audit   '@csstools/css-syntax-patches-for-csstree': [ '1.1.0' ],
18 silly audit   '@csstools/css-tokenizer': [ '4.0.0' ],
18 silly audit   '@emnapi/core': [ '1.7.1' ],
18 silly audit   '@emnapi/runtime': [ '1.7.1' ],
18 silly audit   '@emnapi/wasi-threads': [ '1.1.0' ],
18 silly audit   '@esbuild/aix-ppc64': [ '0.27.3' ],
18 silly audit   '@esbuild/android-arm': [ '0.27.3' ],
18 silly audit   '@esbuild/android-arm64': [ '0.27.3' ],
18 silly audit   '@esbuild/android-x64': [ '0.27.3' ],
18 silly audit   '@esbuild/darwin-arm64': [ '0.27.3' ],
18 silly audit   '@esbuild/darwin-x64': [ '0.27.3' ],
18 silly audit   '@esbuild/freebsd-arm64': [ '0.27.3' ],
18 silly audit   '@esbuild/freebsd-x64': [ '0.27.3' ],
18 silly audit   '@esbuild/linux-arm': [ '0.27.3' ],
18 silly audit   '@esbuild/linux-arm64': [ '0.27.3' ],
18 silly audit   '@esbuild/linux-ia32': [ '0.27.3' ],
18 silly audit   '@esbuild/linux-loong64': [ '0.27.3' ],
18 silly audit   '@esbuild/linux-mips64el': [ '0.27.3' ],
18 silly audit   '@esbuild/linux-ppc64': [ '0.27.3' ],
18 silly audit   '@esbuild/linux-riscv64': [ '0.27.3' ],
18 silly audit   '@esbuild/linux-s390x': [ '0.27.3' ],
18 silly audit   '@esbuild/linux-x64': [ '0.27.3' ],
18 silly audit   '@esbuild/netbsd-arm64': [ '0.27.3' ],
18 silly audit   '@esbuild/netbsd-x64': [ '0.27.3' ],
18 silly audit   '@esbuild/openbsd-arm64': [ '0.27.3' ],
18 silly audit   '@esbuild/openbsd-x64': [ '0.27.3' ],
18 silly audit   '@esbuild/openharmony-arm64': [ '0.27.3' ],
18 silly audit   '@esbuild/sunos-x64': [ '0.27.3' ],
18 silly audit   '@esbuild/win32-arm64': [ '0.27.3' ],
18 silly audit   '@esbuild/win32-ia32': [ '0.27.3' ],
18 silly audit   '@esbuild/win32-x64': [ '0.27.3' ],
18 silly audit   '@eslint-community/eslint-utils': [ '4.9.0' ],
18 silly audit   'eslint-visitor-keys': [ '3.4.3', '4.2.1' ],
18 silly audit   '@eslint-community/regexpp': [ '4.12.2' ],
18 silly audit   '@eslint/config-array': [ '0.21.1' ],
18 silly audit   '@eslint/config-helpers': [ '0.4.2' ],
18 silly audit   '@eslint/core': [ '0.17.0' ],
18 silly audit   '@eslint/eslintrc': [ '3.3.3' ],
18 silly audit   '@eslint/js': [ '9.39.2' ],
18 silly audit   '@eslint/object-schema': [ '2.1.7' ],
18 silly audit   '@eslint/plugin-kit': [ '0.4.1' ],
18 silly audit   '@exodus/bytes': [ '1.15.0' ],
18 silly audit   '@humanfs/core': [ '0.19.1' ],
18 silly audit   '@humanfs/node': [ '0.16.7' ],
18 silly audit   '@humanwhocodes/module-importer': [ '1.0.1' ],
18 silly audit   '@humanwhocodes/retry': [ '0.4.3' ],
18 silly audit   '@img/colour': [ '1.0.0' ],
18 silly audit   '@img/sharp-darwin-arm64': [ '0.34.5' ],
18 silly audit   '@img/sharp-darwin-x64': [ '0.34.5' ],
18 silly audit   '@img/sharp-libvips-darwin-arm64': [ '1.2.4' ],
18 silly audit   '@img/sharp-libvips-darwin-x64': [ '1.2.4' ],
18 silly audit   '@img/sharp-libvips-linux-arm': [ '1.2.4' ],
18 silly audit   '@img/sharp-libvips-linux-arm64': [ '1.2.4' ],
18 silly audit   '@img/sharp-libvips-linux-ppc64': [ '1.2.4' ],
18 silly audit   '@img/sharp-libvips-linux-riscv64': [ '1.2.4' ],
18 silly audit   '@img/sharp-libvips-linux-s390x': [ '1.2.4' ],
18 silly audit   '@img/sharp-libvips-linux-x64': [ '1.2.4' ],
18 silly audit   '@img/sharp-libvips-linuxmusl-arm64': [ '1.2.4' ],
18 silly audit   '@img/sharp-libvips-linuxmusl-x64': [ '1.2.4' ],
18 silly audit   '@img/sharp-linux-arm': [ '0.34.5' ],
18 silly audit   '@img/sharp-linux-arm64': [ '0.34.5' ],
18 silly audit   '@img/sharp-linux-ppc64': [ '0.34.5' ],
18 silly audit   '@img/sharp-linux-riscv64': [ '0.34.5' ],
18 silly audit   '@img/sharp-linux-s390x': [ '0.34.5' ],
18 silly audit   '@img/sharp-linux-x64': [ '0.34.5' ],
18 silly audit   '@img/sharp-linuxmusl-arm64': [ '0.34.5' ],
18 silly audit   '@img/sharp-linuxmusl-x64': [ '0.34.5' ],
18 silly audit   '@img/sharp-wasm32': [ '0.34.5' ],
18 silly audit   '@img/sharp-win32-arm64': [ '0.34.5' ],
18 silly audit   '@img/sharp-win32-ia32': [ '0.34.5' ],
18 silly audit   '@img/sharp-win32-x64': [ '0.34.5' ],
18 silly audit   '@jridgewell/gen-mapping': [ '0.3.13' ],
18 silly audit   '@jridgewell/remapping': [ '2.3.5' ],
18 silly audit   '@jridgewell/resolve-uri': [ '3.1.2' ],
18 silly audit   '@jridgewell/sourcemap-codec': [ '1.5.5' ],
18 silly audit   '@jridgewell/trace-mapping': [ '0.3.31' ],
18 silly audit   '@napi-rs/wasm-runtime': [ '0.2.12' ],
18 silly audit   '@next/env': [ '16.1.1' ],
18 silly audit   '@next/eslint-plugin-next': [ '16.1.1' ],
18 silly audit   '@next/swc-darwin-arm64': [ '16.1.1' ],
18 silly audit   '@next/swc-darwin-x64': [ '16.1.1' ],
18 silly audit   '@next/swc-linux-arm64-gnu': [ '16.1.1' ],
18 silly audit   '@next/swc-linux-arm64-musl': [ '16.1.1' ],
18 silly audit   '@next/swc-linux-x64-gnu': [ '16.1.1' ],
18 silly audit   '@next/swc-linux-x64-musl': [ '16.1.1' ],
18 silly audit   '@next/swc-win32-arm64-msvc': [ '16.1.1' ],
18 silly audit   '@next/swc-win32-x64-msvc': [ '16.1.1' ],
18 silly audit   '@nodelib/fs.scandir': [ '2.1.5' ],
18 silly audit   '@nodelib/fs.stat': [ '2.0.5' ],
18 silly audit   '@nodelib/fs.walk': [ '1.2.8' ],
18 silly audit   '@nolyfill/is-core-module': [ '1.0.39' ],
18 silly audit   '@rollup/rollup-android-arm-eabi': [ '4.59.0' ],
18 silly audit   '@rollup/rollup-android-arm64': [ '4.59.0' ],
18 silly audit   '@rollup/rollup-darwin-arm64': [ '4.59.0' ],
18 silly audit   '@rollup/rollup-darwin-x64': [ '4.59.0' ],
18 silly audit   '@rollup/rollup-freebsd-arm64': [ '4.59.0' ],
18 silly audit   '@rollup/rollup-freebsd-x64': [ '4.59.0' ],
18 silly audit   '@rollup/rollup-linux-arm-gnueabihf': [ '4.59.0' ],
18 silly audit   '@rollup/rollup-linux-arm-musleabihf': [ '4.59.0' ],
18 silly audit   '@rollup/rollup-linux-arm64-gnu': [ '4.59.0' ],
18 silly audit   '@rollup/rollup-linux-arm64-musl': [ '4.59.0' ],
18 silly audit   '@rollup/rollup-linux-loong64-gnu': [ '4.59.0' ],
18 silly audit   '@rollup/rollup-linux-loong64-musl': [ '4.59.0' ],
18 silly audit   '@rollup/rollup-linux-ppc64-gnu': [ '4.59.0' ],
18 silly audit   '@rollup/rollup-linux-ppc64-musl': [ '4.59.0' ],
18 silly audit   '@rollup/rollup-linux-riscv64-gnu': [ '4.59.0' ],
18 silly audit   '@rollup/rollup-linux-riscv64-musl': [ '4.59.0' ],
18 silly audit   '@rollup/rollup-linux-s390x-gnu': [ '4.59.0' ],
18 silly audit   '@rollup/rollup-linux-x64-gnu': [ '4.59.0' ],
18 silly audit   '@rollup/rollup-linux-x64-musl': [ '4.59.0' ],
18 silly audit   '@rollup/rollup-openbsd-x64': [ '4.59.0' ],
18 silly audit   '@rollup/rollup-openharmony-arm64': [ '4.59.0' ],
18 silly audit   '@rollup/rollup-win32-arm64-msvc': [ '4.59.0' ],
18 silly audit   '@rollup/rollup-win32-ia32-msvc': [ '4.59.0' ],
18 silly audit   '@rollup/rollup-win32-x64-gnu': [ '4.59.0' ],
18 silly audit   '@rollup/rollup-win32-x64-msvc': [ '4.59.0' ],
18 silly audit   '@rtsao/scc': [ '1.1.0' ],
18 silly audit   '@standard-schema/spec': [ '1.1.0' ],
18 silly audit   '@swc/helpers': [ '0.5.15' ],
18 silly audit   '@tailwindcss/node': [ '4.1.18' ],
18 silly audit   '@tailwindcss/oxide': [ '4.1.18' ],
18 silly audit   '@tailwindcss/oxide-android-arm64': [ '4.1.18' ],
18 silly audit   '@tailwindcss/oxide-darwin-arm64': [ '4.1.18' ],
18 silly audit   '@tailwindcss/oxide-darwin-x64': [ '4.1.18' ],
18 silly audit   '@tailwindcss/oxide-freebsd-x64': [ '4.1.18' ],
18 silly audit   '@tailwindcss/oxide-linux-arm-gnueabihf': [ '4.1.18' ],
18 silly audit   '@tailwindcss/oxide-linux-arm64-gnu': [ '4.1.18' ],
18 silly audit   '@tailwindcss/oxide-linux-arm64-musl': [ '4.1.18' ],
18 silly audit   '@tailwindcss/oxide-linux-x64-gnu': [ '4.1.18' ],
18 silly audit   '@tailwindcss/oxide-linux-x64-musl': [ '4.1.18' ],
18 silly audit   '@tailwindcss/oxide-win32-arm64-msvc': [ '4.1.18' ],
18 silly audit   '@tailwindcss/oxide-win32-x64-msvc': [ '4.1.18' ],
18 silly audit   '@tailwindcss/postcss': [ '4.1.18' ],
18 silly audit   '@tanstack/query-core': [ '5.90.12' ],
18 silly audit   '@tanstack/react-query': [ '5.90.12' ],
18 silly audit   'aria-query': [ '5.3.2' ],
18 silly audit   '@testing-library/jest-dom': [ '6.9.1' ],
18 silly audit   'dom-accessibility-api': [ '0.6.3' ],
18 silly audit   '@testing-library/react': [ '16.3.2' ],
18 silly audit   '@tybys/wasm-util': [ '0.10.1' ],
18 silly audit   '@types/chai': [ '5.2.3' ],
18 silly audit   '@types/deep-eql': [ '4.0.2' ],
18 silly audit   '@types/estree': [ '1.0.8' ],
18 silly audit   '@types/json-schema': [ '7.0.15' ],
18 silly audit   '@types/json5': [ '0.0.29' ],
18 silly audit   '@types/node': [ '20.19.27' ],
18 silly audit   '@types/react': [ '19.2.7' ],
18 silly audit   '@types/react-dom': [ '19.2.3' ],
18 silly audit   '@typescript-eslint/eslint-plugin': [ '8.50.1' ],
18 silly audit   ignore: [ '7.0.5', '5.3.2' ],
18 silly audit   '@typescript-eslint/parser': [ '8.50.1' ],
18 silly audit   '@typescript-eslint/project-service': [ '8.50.1' ],
18 silly audit   '@typescript-eslint/scope-manager': [ '8.50.1' ],
18 silly audit   '@typescript-eslint/tsconfig-utils': [ '8.50.1' ],
18 silly audit   '@typescript-eslint/type-utils': [ '8.50.1' ],
18 silly audit   '@typescript-eslint/types': [ '8.50.1' ],
18 silly audit   '@typescript-eslint/typescript-estree': [ '8.50.1' ],
18 silly audit   'brace-expansion': [ '2.0.2', '1.1.12' ],
18 silly audit   minimatch: [ '9.0.5', '3.1.2' ],
18 silly audit   semver: [ '7.7.3', '6.3.1' ],
18 silly audit   '@typescript-eslint/utils': [ '8.50.1' ],
18 silly audit   '@typescript-eslint/visitor-keys': [ '8.50.1' ],
18 silly audit   '@unrs/resolver-binding-android-arm-eabi': [ '1.11.1' ],
18 silly audit   '@unrs/resolver-binding-android-arm64': [ '1.11.1' ],
18 silly audit   '@unrs/resolver-binding-darwin-arm64': [ '1.11.1' ],
18 silly audit   '@unrs/resolver-binding-darwin-x64': [ '1.11.1' ],
18 silly audit   '@unrs/resolver-binding-freebsd-x64': [ '1.11.1' ],
18 silly audit   '@unrs/resolver-binding-linux-arm-gnueabihf': [ '1.11.1' ],
18 silly audit   '@unrs/resolver-binding-linux-arm-musleabihf': [ '1.11.1' ],
18 silly audit   '@unrs/resolver-binding-linux-arm64-gnu': [ '1.11.1' ],
18 silly audit   '@unrs/resolver-binding-linux-arm64-musl': [ '1.11.1' ],
18 silly audit   '@unrs/resolver-binding-linux-ppc64-gnu': [ '1.11.1' ],
18 silly audit   '@unrs/resolver-binding-linux-riscv64-gnu': [ '1.11.1' ],
18 silly audit   '@unrs/resolver-binding-linux-riscv64-musl': [ '1.11.1' ],
18 silly audit   '@unrs/resolver-binding-linux-s390x-gnu': [ '1.11.1' ],
18 silly audit   '@unrs/resolver-binding-linux-x64-gnu': [ '1.11.1' ],
18 silly audit   '@unrs/resolver-binding-linux-x64-musl': [ '1.11.1' ],
18 silly audit   '@unrs/resolver-binding-wasm32-wasi': [ '1.11.1' ],
18 silly audit   '@unrs/resolver-binding-win32-arm64-msvc': [ '1.11.1' ],
18 silly audit   '@unrs/resolver-binding-win32-ia32-msvc': [ '1.11.1' ],
18 silly audit   '@unrs/resolver-binding-win32-x64-msvc': [ '1.11.1' ],
18 silly audit   '@vitest/expect': [ '4.0.18' ],
18 silly audit   '@vitest/mocker': [ '4.0.18' ],
18 silly audit   '@vitest/pretty-format': [ '4.0.18' ],
18 silly audit   '@vitest/runner': [ '4.0.18' ],
18 silly audit   '@vitest/snapshot': [ '4.0.18' ],
18 silly audit   '@vitest/spy': [ '4.0.18' ],
18 silly audit   '@vitest/utils': [ '4.0.18' ],
18 silly audit   acorn: [ '8.15.0' ],
18 silly audit   'acorn-jsx': [ '5.3.2' ],
18 silly audit   'agent-base': [ '7.1.4' ],
18 silly audit   ajv: [ '6.12.6' ],
18 silly audit   'ansi-styles': [ '4.3.0' ],
18 silly audit   argparse: [ '2.0.1' ],
18 silly audit   'array-buffer-byte-length': [ '1.0.2' ],
18 silly audit   'array-includes': [ '3.1.9' ],
18 silly audit   'array.prototype.findlast': [ '1.2.5' ],
18 silly audit   'array.prototype.findlastindex': [ '1.2.6' ],
18 silly audit   'array.prototype.flat': [ '1.3.3' ],
18 silly audit   'array.prototype.flatmap': [ '1.3.3' ],
18 silly audit   'array.prototype.tosorted': [ '1.1.4' ],
18 silly audit   'arraybuffer.prototype.slice': [ '1.0.4' ],
18 silly audit   'assertion-error': [ '2.0.1' ],
18 silly audit   'ast-types-flow': [ '0.0.8' ],
18 silly audit   'async-function': [ '1.0.0' ],
18 silly audit   'available-typed-arrays': [ '1.0.7' ],
18 silly audit   'axe-core': [ '4.11.0' ],
18 silly audit   'axobject-query': [ '4.1.0' ],
18 silly audit   'balanced-match': [ '1.0.2' ],
18 silly audit   'baseline-browser-mapping': [ '2.9.11' ],
18 silly audit   'bidi-js': [ '1.0.3' ],
18 silly audit   braces: [ '3.0.3' ],
18 silly audit   browserslist: [ '4.28.1' ],
18 silly audit   'call-bind': [ '1.0.8' ],
18 silly audit   'call-bind-apply-helpers': [ '1.0.2' ],
18 silly audit   'call-bound': [ '1.0.4' ],
18 silly audit   callsites: [ '3.1.0' ],
18 silly audit   'caniuse-lite': [ '1.0.30001761' ],
18 silly audit   chai: [ '6.2.2' ],
18 silly audit   chalk: [ '4.1.2' ],
18 silly audit   'client-only': [ '0.0.1' ],
18 silly audit   clsx: [ '2.1.1' ],
18 silly audit   'color-convert': [ '2.0.1' ],
18 silly audit   'color-name': [ '1.1.4' ],
18 silly audit   'concat-map': [ '0.0.1' ],
18 silly audit   'convert-source-map': [ '2.0.0' ],
18 silly audit   'cross-spawn': [ '7.0.6' ],
18 silly audit   'css-tree': [ '3.2.1' ],
18 silly audit   'css.escape': [ '1.5.1' ],
18 silly audit   cssstyle: [ '6.2.0' ],
18 silly audit   csstype: [ '3.2.3' ],
18 silly audit   'damerau-levenshtein': [ '1.0.8' ],
18 silly audit   'data-urls': [ '7.0.0' ],
18 silly audit   'data-view-buffer': [ '1.0.2' ],
18 silly audit   'data-view-byte-length': [ '1.0.2' ],
18 silly audit   'data-view-byte-offset': [ '1.0.1' ],
18 silly audit   debug: [ '4.4.3', '3.2.7' ],
18 silly audit   'decimal.js': [ '10.6.0' ],
18 silly audit   'deep-is': [ '0.1.4' ],
18 silly audit   'define-data-property': [ '1.1.4' ],
18 silly audit   'define-properties': [ '1.2.1' ],
18 silly audit   'detect-libc': [ '2.1.2' ],
18 silly audit   doctrine: [ '2.1.0' ],
18 silly audit   'dunder-proto': [ '1.0.1' ],
18 silly audit   'electron-to-chromium': [ '1.5.267' ],
18 silly audit   'emoji-regex': [ '9.2.2' ],
18 silly audit   'enhanced-resolve': [ '5.18.4' ],
18 silly audit   entities: [ '6.0.1' ],
18 silly audit   'es-abstract': [ '1.24.1' ],
18 silly audit   'es-define-property': [ '1.0.1' ],
18 silly audit   'es-errors': [ '1.3.0' ],
18 silly audit   'es-iterator-helpers': [ '1.2.2' ],
18 silly audit   'es-module-lexer': [ '1.7.0' ],
18 silly audit   'es-object-atoms': [ '1.1.1' ],
18 silly audit   'es-set-tostringtag': [ '2.1.0' ],
18 silly audit   'es-shim-unscopables': [ '1.1.0' ],
18 silly audit   'es-to-primitive': [ '1.3.0' ],
18 silly audit   esbuild: [ '0.27.3' ],
18 silly audit   escalade: [ '3.2.0' ],
18 silly audit   'escape-string-regexp': [ '4.0.0' ],
18 silly audit   eslint: [ '9.39.2' ],
18 silly audit   'eslint-config-next': [ '16.1.1' ],
18 silly audit   globals: [ '16.4.0', '14.0.0' ],
18 silly audit   'eslint-import-resolver-node': [ '0.3.9' ],
18 silly audit   'eslint-import-resolver-typescript': [ '3.10.1' ],
18 silly audit   'eslint-module-utils': [ '2.12.1' ],
18 silly audit   'eslint-plugin-import': [ '2.32.0' ],
18 silly audit   'eslint-plugin-jsx-a11y': [ '6.10.2' ],
18 silly audit   'eslint-plugin-react': [ '7.37.5' ],
18 silly audit   'eslint-plugin-react-hooks': [ '7.0.1' ],
18 silly audit   resolve: [ '2.0.0-next.5', '1.22.11' ],
18 silly audit   'eslint-scope': [ '8.4.0' ],
18 silly audit   espree: [ '10.4.0' ],
18 silly audit   esquery: [ '1.6.0' ],
18 silly audit   esrecurse: [ '4.3.0' ],
18 silly audit   estraverse: [ '5.3.0' ],
18 silly audit   'estree-walker': [ '3.0.3' ],
18 silly audit   esutils: [ '2.0.3' ],
18 silly audit   'expect-type': [ '1.3.0' ],
18 silly audit   'fast-deep-equal': [ '3.1.3' ],
18 silly audit   'fast-glob': [ '3.3.1' ],
18 silly audit   'glob-parent': [ '5.1.2', '6.0.2' ],
18 silly audit   'fast-json-stable-stringify': [ '2.1.0' ],
18 silly audit   'fast-levenshtein': [ '2.0.6' ],
18 silly audit   fastq: [ '1.19.1' ],
18 silly audit   'file-entry-cache': [ '8.0.0' ],
18 silly audit   'fill-range': [ '7.1.1' ],
18 silly audit   'find-up': [ '5.0.0' ],
18 silly audit   'flat-cache': [ '4.0.1' ],
18 silly audit   flatted: [ '3.3.3' ],
18 silly audit   'for-each': [ '0.3.5' ],
18 silly audit   fsevents: [ '2.3.3' ],
18 silly audit   'function-bind': [ '1.1.2' ],
18 silly audit   'function.prototype.name': [ '1.1.8' ],
18 silly audit   'functions-have-names': [ '1.2.3' ],
18 silly audit   'generator-function': [ '2.0.1' ],
18 silly audit   gensync: [ '1.0.0-beta.2' ],
18 silly audit   'get-intrinsic': [ '1.3.0' ],
18 silly audit   'get-proto': [ '1.0.1' ],
18 silly audit   'get-symbol-description': [ '1.1.0' ],
18 silly audit   'get-tsconfig': [ '4.13.0' ],
18 silly audit   globalthis: [ '1.0.4' ],
18 silly audit   gopd: [ '1.2.0' ],
18 silly audit   'graceful-fs': [ '4.2.11' ],
18 silly audit   'has-bigints': [ '1.1.0' ],
18 silly audit   'has-flag': [ '4.0.0' ],
18 silly audit   'has-property-descriptors': [ '1.0.2' ],
18 silly audit   'has-proto': [ '1.2.0' ],
18 silly audit   'has-symbols': [ '1.1.0' ],
18 silly audit   'has-tostringtag': [ '1.0.2' ],
18 silly audit   hasown: [ '2.0.2' ],
18 silly audit   'hermes-estree': [ '0.25.1' ],
18 silly audit   'hermes-parser': [ '0.25.1' ],
18 silly audit   'html-encoding-sniffer': [ '6.0.0' ],
18 silly audit   'http-proxy-agent': [ '7.0.2' ],
18 silly audit   'https-proxy-agent': [ '7.0.6' ],
18 silly audit   'import-fresh': [ '3.3.1' ],
18 silly audit   imurmurhash: [ '0.1.4' ],
18 silly audit   'indent-string': [ '4.0.0' ],
18 silly audit   'internal-slot': [ '1.1.0' ],
18 silly audit   'is-array-buffer': [ '3.0.5' ],
18 silly audit   'is-async-function': [ '2.1.1' ],
18 silly audit   'is-bigint': [ '1.1.0' ],
18 silly audit   'is-boolean-object': [ '1.2.2' ],
18 silly audit   'is-bun-module': [ '2.0.0' ],
18 silly audit   'is-callable': [ '1.2.7' ],
18 silly audit   'is-core-module': [ '2.16.1' ],
18 silly audit   'is-data-view': [ '1.0.2' ],
18 silly audit   'is-date-object': [ '1.1.0' ],
18 silly audit   'is-extglob': [ '2.1.1' ],
18 silly audit   'is-finalizationregistry': [ '1.1.1' ],
18 silly audit   'is-generator-function': [ '1.1.2' ],
18 silly audit   'is-glob': [ '4.0.3' ],
18 silly audit   'is-map': [ '2.0.3' ],
18 silly audit   'is-negative-zero': [ '2.0.3' ],
18 silly audit   'is-number': [ '7.0.0' ],
18 silly audit   'is-number-object': [ '1.1.1' ],
18 silly audit   'is-potential-custom-element-name': [ '1.0.1' ],
18 silly audit   'is-regex': [ '1.2.1' ],
18 silly audit   'is-set': [ '2.0.3' ],
18 silly audit   'is-shared-array-buffer': [ '1.0.4' ],
18 silly audit   'is-string': [ '1.1.1' ],
18 silly audit   'is-symbol': [ '1.1.1' ],
18 silly audit   'is-typed-array': [ '1.1.15' ],
18 silly audit   'is-weakmap': [ '2.0.2' ],
18 silly audit   'is-weakref': [ '1.1.1' ],
18 silly audit   'is-weakset': [ '2.0.4' ],
18 silly audit   isarray: [ '2.0.5' ],
18 silly audit   isexe: [ '2.0.0' ],
18 silly audit   'iterator.prototype': [ '1.1.5' ],
18 silly audit   jiti: [ '2.6.1' ],
18 silly audit   'js-tokens': [ '4.0.0' ],
18 silly audit   'js-yaml': [ '4.1.1' ],
18 silly audit   jsdom: [ '28.1.0' ],
18 silly audit   jsesc: [ '3.1.0' ],
18 silly audit   'json-buffer': [ '3.0.1' ],
18 silly audit   'json-schema-traverse': [ '0.4.1' ],
18 silly audit   'json-stable-stringify-without-jsonify': [ '1.0.1' ],
18 silly audit   json5: [ '2.2.3', '1.0.2' ],
18 silly audit   'jsx-ast-utils': [ '3.3.5' ],
18 silly audit   keyv: [ '4.5.4' ],
18 silly audit   'language-subtag-registry': [ '0.3.23' ],
18 silly audit   'language-tags': [ '1.0.9' ],
18 silly audit   levn: [ '0.4.1' ],
18 silly audit   lightningcss: [ '1.30.2' ],
18 silly audit   'lightningcss-android-arm64': [ '1.30.2' ],
18 silly audit   'lightningcss-darwin-arm64': [ '1.30.2' ],
18 silly audit   'lightningcss-darwin-x64': [ '1.30.2' ],
18 silly audit   'lightningcss-freebsd-x64': [ '1.30.2' ],
18 silly audit   'lightningcss-linux-arm-gnueabihf': [ '1.30.2' ],
18 silly audit   'lightningcss-linux-arm64-gnu': [ '1.30.2' ],
18 silly audit   'lightningcss-linux-arm64-musl': [ '1.30.2' ],
18 silly audit   'lightningcss-linux-x64-gnu': [ '1.30.2' ],
18 silly audit   'lightningcss-linux-x64-musl': [ '1.30.2' ],
18 silly audit   'lightningcss-win32-arm64-msvc': [ '1.30.2' ],
18 silly audit   'lightningcss-win32-x64-msvc': [ '1.30.2' ],
18 silly audit   'locate-path': [ '6.0.0' ],
18 silly audit   'lodash.merge': [ '4.6.2' ],
18 silly audit   'loose-envify': [ '1.4.0' ],
18 silly audit   'lucide-react': [ '0.562.0' ],
18 silly audit   'magic-string': [ '0.30.21' ],
18 silly audit   'math-intrinsics': [ '1.1.0' ],
18 silly audit   'mdn-data': [ '2.27.1' ],
18 silly audit   merge2: [ '1.4.1' ],
18 silly audit   micromatch: [ '4.0.8' ],
18 silly audit   'min-indent': [ '1.0.1' ],
18 silly audit   minimist: [ '1.2.8' ],
18 silly audit   ms: [ '2.1.3' ],
18 silly audit   nanoid: [ '3.3.11' ],
18 silly audit   'napi-postinstall': [ '0.3.4' ],
18 silly audit   'natural-compare': [ '1.4.0' ],
18 silly audit   next: [ '16.1.1' ],
18 silly audit   postcss: [ '8.4.31', '8.5.6' ],
18 silly audit   'node-releases': [ '2.0.27' ],
18 silly audit   'object-assign': [ '4.1.1' ],
18 silly audit   'object-inspect': [ '1.13.4' ],
18 silly audit   'object-keys': [ '1.1.1' ],
18 silly audit   'object.assign': [ '4.1.7' ],
18 silly audit   'object.entries': [ '1.1.9' ],
18 silly audit   'object.fromentries': [ '2.0.8' ],
18 silly audit   'object.groupby': [ '1.0.3' ],
18 silly audit   'object.values': [ '1.2.1' ],
18 silly audit   obug: [ '2.1.1' ],
18 silly audit   optionator: [ '0.9.4' ],
18 silly audit   'own-keys': [ '1.0.1' ],
18 silly audit   'p-limit': [ '3.1.0' ],
18 silly audit   'p-locate': [ '5.0.0' ],
18 silly audit   'parent-module': [ '1.0.1' ],
18 silly audit   parse5: [ '8.0.0' ],
18 silly audit   'path-exists': [ '4.0.0' ],
18 silly audit   'path-key': [ '3.1.1' ],
18 silly audit   'path-parse': [ '1.0.7' ],
18 silly audit   pathe: [ '2.0.3' ],
18 silly audit   picocolors: [ '1.1.1' ],
18 silly audit   picomatch: [ '2.3.1', '4.0.3' ],
18 silly audit   'possible-typed-array-names': [ '1.1.0' ],
18 silly audit   'prelude-ls': [ '1.2.1' ],
18 silly audit   prettier: [ '3.8.1' ],
18 silly audit   'react-is': [ '16.13.1' ],
18 silly audit   'prop-types': [ '15.8.1' ],
18 silly audit   punycode: [ '2.3.1' ],
18 silly audit   'queue-microtask': [ '1.2.3' ],
18 silly audit   react: [ '19.2.3' ],
18 silly audit   'react-dom': [ '19.2.3' ],
18 silly audit   redent: [ '3.0.0' ],
18 silly audit   'reflect.getprototypeof': [ '1.0.10' ],
18 silly audit   'regexp.prototype.flags': [ '1.5.4' ],
18 silly audit   'require-from-string': [ '2.0.2' ],
18 silly audit   'resolve-from': [ '4.0.0' ],
18 silly audit   'resolve-pkg-maps': [ '1.0.0' ],
18 silly audit   reusify: [ '1.1.0' ],
18 silly audit   rollup: [ '4.59.0' ],
18 silly audit   'run-parallel': [ '1.2.0' ],
18 silly audit   'safe-array-concat': [ '1.1.3' ],
18 silly audit   'safe-push-apply': [ '1.0.0' ],
18 silly audit   'safe-regex-test': [ '1.1.0' ],
18 silly audit   saxes: [ '6.0.0' ],
18 silly audit   scheduler: [ '0.27.0' ],
18 silly audit   'set-function-length': [ '1.2.2' ],
18 silly audit   'set-function-name': [ '2.0.2' ],
18 silly audit   'set-proto': [ '1.0.0' ],
18 silly audit   sharp: [ '0.34.5' ],
18 silly audit   'shebang-command': [ '2.0.0' ],
18 silly audit   'shebang-regex': [ '3.0.0' ],
18 silly audit   'side-channel': [ '1.1.0' ],
18 silly audit   'side-channel-list': [ '1.0.0' ],
18 silly audit   'side-channel-map': [ '1.0.1' ],
18 silly audit   'side-channel-weakmap': [ '1.0.2' ],
18 silly audit   siginfo: [ '2.0.0' ],
18 silly audit   'source-map-js': [ '1.2.1' ],
18 silly audit   'stable-hash': [ '0.0.5' ],
18 silly audit   stackback: [ '0.0.2' ],
18 silly audit   'std-env': [ '3.10.0' ],
18 silly audit   'stop-iteration-iterator': [ '1.1.0' ],
18 silly audit   'string.prototype.includes': [ '2.0.1' ],
18 silly audit   'string.prototype.matchall': [ '4.0.12' ],
18 silly audit   'string.prototype.repeat': [ '1.0.0' ],
18 silly audit   'string.prototype.trim': [ '1.2.10' ],
18 silly audit   'string.prototype.trimend': [ '1.0.9' ],
18 silly audit   'string.prototype.trimstart': [ '1.0.8' ],
18 silly audit   'strip-bom': [ '3.0.0' ],
18 silly audit   'strip-indent': [ '3.0.0' ],
18 silly audit   'strip-json-comments': [ '3.1.1' ],
18 silly audit   'styled-jsx': [ '5.1.6' ],
18 silly audit   'supports-color': [ '7.2.0' ],
18 silly audit   'supports-preserve-symlinks-flag': [ '1.0.0' ],
18 silly audit   'symbol-tree': [ '3.2.4' ],
18 silly audit   'tailwind-merge': [ '3.4.0' ],
18 silly audit   tailwindcss: [ '4.1.18' ],
18 silly audit   tapable: [ '2.3.0' ],
18 silly audit   tinybench: [ '2.9.0' ],
18 silly audit   tinyexec: [ '1.0.2' ],
18 silly audit   tinyglobby: [ '0.2.15' ],
18 silly audit   fdir: [ '6.5.0' ],
18 silly audit   tinyrainbow: [ '3.0.3' ],
18 silly audit   tldts: [ '7.0.25' ],
18 silly audit   'tldts-core': [ '7.0.25' ],
18 silly audit   'to-regex-range': [ '5.0.1' ],
18 silly audit   'tough-cookie': [ '6.0.0' ],
18 silly audit   tr46: [ '6.0.0' ],
18 silly audit   'ts-api-utils': [ '2.1.0' ],
18 silly audit   'tsconfig-paths': [ '3.15.0' ],
18 silly audit   tslib: [ '2.8.1' ],
18 silly audit   'type-check': [ '0.4.0' ],
18 silly audit   'typed-array-buffer': [ '1.0.3' ],
18 silly audit   'typed-array-byte-length': [ '1.0.3' ],
18 silly audit   'typed-array-byte-offset': [ '1.0.4' ],
18 silly audit   'typed-array-length': [ '1.0.7' ],
18 silly audit   typescript: [ '5.9.3' ],
18 silly audit   'typescript-eslint': [ '8.50.1' ],
18 silly audit   'unbox-primitive': [ '1.1.0' ],
18 silly audit   undici: [ '7.22.0' ],
18 silly audit   'undici-types': [ '6.21.0' ],
18 silly audit   'unrs-resolver': [ '1.11.1' ],
18 silly audit   'update-browserslist-db': [ '1.2.3' ],
18 silly audit   'uri-js': [ '4.4.1' ],
18 silly audit   vite: [ '7.3.1' ],
18 silly audit   vitest: [ '4.0.18' ],
18 silly audit   'w3c-xmlserializer': [ '5.0.0' ],
18 silly audit   'webidl-conversions': [ '8.0.1' ],
18 silly audit   'whatwg-mimetype': [ '5.0.0' ],
18 silly audit   'whatwg-url': [ '16.0.1' ],
18 silly audit   which: [ '2.0.2' ],
18 silly audit   'which-boxed-primitive': [ '1.1.1' ],
18 silly audit   'which-builtin-type': [ '1.2.1' ],
18 silly audit   'which-collection': [ '1.0.2' ],
18 silly audit   'which-typed-array': [ '1.1.19' ],
18 silly audit   'why-is-node-running': [ '2.3.0' ],
18 silly audit   'word-wrap': [ '1.2.5' ],
18 silly audit   'xml-name-validator': [ '5.0.0' ],
18 silly audit   xmlchars: [ '2.2.0' ],
18 silly audit   yallist: [ '3.1.1' ],
18 silly audit   'yocto-queue': [ '0.1.0' ],
18 silly audit   zod: [ '4.2.1' ],
18 silly audit   'zod-validation-error': [ '4.0.2' ],
18 silly audit   zustand: [ '5.0.9' ],
18 silly audit   '@tailwindcss/oxide-wasm32-wasi': [ '4.1.18' ]
18 silly audit }
19 verbose reify failed optional dependency /home/blackroad/actions-runner/_work/blackroad/blackroad/orgs/core/blackroad-os-web/node_modules/lightningcss-win32-x64-msvc
20 silly reify mark deleted [
20 silly reify   '/home/blackroad/actions-runner/_work/blackroad/blackroad/orgs/core/blackroad-os-web/node_modules/lightningcss-win32-x64-msvc'
20 silly reify ]
21 verbose reify failed optional dependency /home/blackroad/actions-runner/_work/blackroad/blackroad/orgs/core/blackroad-os-web/node_modules/lightningcss-win32-arm64-msvc
22 silly reify mark deleted [
22 silly reify   '/home/blackroad/actions-runner/_work/blackroad/blackroad/orgs/core/blackroad-os-web/node_modules/lightningcss-win32-arm64-msvc'
22 silly reify ]
23 verbose reify failed optional dependency /home/blackroad/actions-runner/_work/blackroad/blackroad/orgs/core/blackroad-os-web/node_modules/lightningcss-linux-arm64-musl
24 silly reify mark deleted [
24 silly reify   '/home/blackroad/actions-runner/_work/blackroad/blackroad/orgs/core/blackroad-os-web/node_modules/lightningcss-linux-arm64-musl'
24 silly reify ]
25 verbose reify failed optional dependency /home/blackroad/actions-runner/_work/blackroad/blackroad/orgs/core/blackroad-os-web/node_modules/lightningcss-linux-arm64-gnu
26 silly reify mark deleted [
26 silly reify   '/home/blackroad/actions-runner/_work/blackroad/blackroad/orgs/core/blackroad-os-web/node_modules/lightningcss-linux-arm64-gnu'
26 silly reify ]
27 verbose reify failed optional dependency /home/blackroad/actions-runner/_work/blackroad/blackroad/orgs/core/blackroad-os-web/node_modules/lightningcss-linux-arm-gnueabihf
28 silly reify mark deleted [
28 silly reify   '/home/blackroad/actions-runner/_work/blackroad/blackroad/orgs/core/blackroad-os-web/node_modules/lightningcss-linux-arm-gnueabihf'
28 silly reify ]
29 verbose reify failed optional dependency /home/blackroad/actions-runner/_work/blackroad/blackroad/orgs/core/blackroad-os-web/node_modules/lightningcss-freebsd-x64
30 silly reify mark deleted [
30 silly reify   '/home/blackroad/actions-runner/_work/blackroad/blackroad/orgs/core/blackroad-os-web/node_modules/lightningcss-freebsd-x64'
30 silly reify ]
31 verbose reify failed optional dependency /home/blackroad/actions-runner/_work/blackroad/blackroad/orgs/core/blackroad-os-web/node_modules/lightningcss-darwin-x64
32 silly reify mark deleted [
32 silly reify   '/home/blackroad/actions-runner/_work/blackroad/blackroad/orgs/core/blackroad-os-web/node_modules/lightningcss-darwin-x64'
32 silly reify ]
33 verbose reify failed optional dependency /home/blackroad/actions-runner/_work/blackroad/blackroad/orgs/core/blackroad-os-web/node_modules/lightningcss-darwin-arm64
34 silly reify mark deleted [
34 silly reify   '/home/blackroad/actions-runner/_work/blackroad/blackroad/orgs/core/blackroad-os-web/node_modules/lightningcss-darwin-arm64'
34 silly reify ]
35 verbose reify failed optional dependency /home/blackroad/actions-runner/_work/blackroad/blackroad/orgs/core/blackroad-os-web/node_modules/lightningcss-android-arm64
36 silly reify mark deleted [
36 silly reify   '/home/blackroad/actions-runner/_work/blackroad/blackroad/orgs/core/blackroad-os-web/node_modules/lightningcss-android-arm64'
36 silly reify ]
37 verbose reify failed optional dependency /home/blackroad/actions-runner/_work/blackroad/blackroad/orgs/core/blackroad-os-web/node_modules/fsevents
38 silly reify mark deleted [
38 silly reify   '/home/blackroad/actions-runner/_work/blackroad/blackroad/orgs/core/blackroad-os-web/node_modules/fsevents'
38 silly reify ]
39 verbose reify failed optional dependency /home/blackroad/actions-runner/_work/blackroad/blackroad/orgs/core/blackroad-os-web/node_modules/@unrs/resolver-binding-win32-x64-msvc
40 silly reify mark deleted [
40 silly reify   '/home/blackroad/actions-runner/_work/blackroad/blackroad/orgs/core/blackroad-os-web/node_modules/@unrs/resolver-binding-win32-x64-msvc'
40 silly reify ]
41 verbose reify failed optional dependency /home/blackroad/actions-runner/_work/blackroad/blackroad/orgs/core/blackroad-os-web/node_modules/@unrs/resolver-binding-win32-ia32-msvc
42 silly reify mark deleted [
42 silly reify   '/home/blackroad/actions-runner/_work/blackroad/blackroad/orgs/core/blackroad-os-web/node_modules/@unrs/resolver-binding-win32-ia32-msvc'
42 silly reify ]
43 verbose reify failed optional dependency /home/blackroad/actions-runner/_work/blackroad/blackroad/orgs/core/blackroad-os-web/node_modules/@unrs/resolver-binding-win32-arm64-msvc
44 silly reify mark deleted [
44 silly reify   '/home/blackroad/actions-runner/_work/blackroad/blackroad/orgs/core/blackroad-os-web/node_modules/@unrs/resolver-binding-win32-arm64-msvc'
44 silly reify ]
45 verbose reify failed optional dependency /home/blackroad/actions-runner/_work/blackroad/blackroad/orgs/core/blackroad-os-web/node_modules/@unrs/resolver-binding-wasm32-wasi
46 silly reify mark deleted [
46 silly reify   '/home/blackroad/actions-runner/_work/blackroad/blackroad/orgs/core/blackroad-os-web/node_modules/@unrs/resolver-binding-wasm32-wasi'
46 silly reify ]
47 verbose reify failed optional dependency /home/blackroad/actions-runner/_work/blackroad/blackroad/orgs/core/blackroad-os-web/node_modules/@unrs/resolver-binding-linux-s390x-gnu
48 silly reify mark deleted [
48 silly reify   '/home/blackroad/actions-runner/_work/blackroad/blackroad/orgs/core/blackroad-os-web/node_modules/@unrs/resolver-binding-linux-s390x-gnu'
48 silly reify ]
49 verbose reify failed optional dependency /home/blackroad/actions-runner/_work/blackroad/blackroad/orgs/core/blackroad-os-web/node_modules/@unrs/resolver-binding-linux-riscv64-musl
50 silly reify mark deleted [
50 silly reify   '/home/blackroad/actions-runner/_work/blackroad/blackroad/orgs/core/blackroad-os-web/node_modules/@unrs/resolver-binding-linux-riscv64-musl'
50 silly reify ]
51 verbose reify failed optional dependency /home/blackroad/actions-runner/_work/blackroad/blackroad/orgs/core/blackroad-os-web/node_modules/@unrs/resolver-binding-linux-riscv64-gnu
52 silly reify mark deleted [
52 silly reify   '/home/blackroad/actions-runner/_work/blackroad/blackroad/orgs/core/blackroad-os-web/node_modules/@unrs/resolver-binding-linux-riscv64-gnu'
52 silly reify ]
53 verbose reify failed optional dependency /home/blackroad/actions-runner/_work/blackroad/blackroad/orgs/core/blackroad-os-web/node_modules/@unrs/resolver-binding-linux-ppc64-gnu
54 silly reify mark deleted [
54 silly reify   '/home/blackroad/actions-runner/_work/blackroad/blackroad/orgs/core/blackroad-os-web/node_modules/@unrs/resolver-binding-linux-ppc64-gnu'
54 silly reify ]
55 verbose reify failed optional dependency /home/blackroad/actions-runner/_work/blackroad/blackroad/orgs/core/blackroad-os-web/node_modules/@unrs/resolver-binding-linux-arm64-musl
56 silly reify mark deleted [
56 silly reify   '/home/blackroad/actions-runner/_work/blackroad/blackroad/orgs/core/blackroad-os-web/node_modules/@unrs/resolver-binding-linux-arm64-musl'
56 silly reify ]
57 verbose reify failed optional dependency /home/blackroad/actions-runner/_work/blackroad/blackroad/orgs/core/blackroad-os-web/node_modules/@unrs/resolver-binding-linux-arm64-gnu
58 silly reify mark deleted [
58 silly reify   '/home/blackroad/actions-runner/_work/blackroad/blackroad/orgs/core/blackroad-os-web/node_modules/@unrs/resolver-binding-linux-arm64-gnu'
58 silly reify ]
59 verbose reify failed optional dependency /home/blackroad/actions-runner/_work/blackroad/blackroad/orgs/core/blackroad-os-web/node_modules/@unrs/resolver-binding-linux-arm-musleabihf
60 silly reify mark deleted [
60 silly reify   '/home/blackroad/actions-runner/_work/blackroad/blackroad/orgs/core/blackroad-os-web/node_modules/@unrs/resolver-binding-linux-arm-musleabihf'
60 silly reify ]
61 verbose reify failed optional dependency /home/blackroad/actions-runner/_work/blackroad/blackroad/orgs/core/blackroad-os-web/node_modules/@unrs/resolver-binding-linux-arm-gnueabihf
62 silly reify mark deleted [
62 silly reify   '/home/blackroad/actions-runner/_work/blackroad/blackroad/orgs/core/blackroad-os-web/node_modules/@unrs/resolver-binding-linux-arm-gnueabihf'
62 silly reify ]
63 verbose reify failed optional dependency /home/blackroad/actions-runner/_work/blackroad/blackroad/orgs/core/blackroad-os-web/node_modules/@unrs/resolver-binding-freebsd-x64
64 silly reify mark deleted [
64 silly reify   '/home/blackroad/actions-runner/_work/blackroad/blackroad/orgs/core/blackroad-os-web/node_modules/@unrs/resolver-binding-freebsd-x64'
64 silly reify ]
65 verbose reify failed optional dependency /home/blackroad/actions-runner/_work/blackroad/blackroad/orgs/core/blackroad-os-web/node_modules/@unrs/resolver-binding-darwin-x64
66 silly reify mark deleted [
66 silly reify   '/home/blackroad/actions-runner/_work/blackroad/blackroad/orgs/core/blackroad-os-web/node_modules/@unrs/resolver-binding-darwin-x64'
66 silly reify ]
67 verbose reify failed optional dependency /home/blackroad/actions-runner/_work/blackroad/blackroad/orgs/core/blackroad-os-web/node_modules/@unrs/resolver-binding-darwin-arm64
68 silly reify mark deleted [
68 silly reify   '/home/blackroad/actions-runner/_work/blackroad/blackroad/orgs/core/blackroad-os-web/node_modules/@unrs/resolver-binding-darwin-arm64'
68 silly reify ]
69 verbose reify failed optional dependency /home/blackroad/actions-runner/_work/blackroad/blackroad/orgs/core/blackroad-os-web/node_modules/@unrs/resolver-binding-android-arm64
70 silly reify mark deleted [
70 silly reify   '/home/blackroad/actions-runner/_work/blackroad/blackroad/orgs/core/blackroad-os-web/node_modules/@unrs/resolver-binding-android-arm64'
70 silly reify ]
71 verbose reify failed optional dependency /home/blackroad/actions-runner/_work/blackroad/blackroad/orgs/core/blackroad-os-web/node_modules/@unrs/resolver-binding-android-arm-eabi
72 silly reify mark deleted [
72 silly reify   '/home/blackroad/actions-runner/_work/blackroad/blackroad/orgs/core/blackroad-os-web/node_modules/@unrs/resolver-binding-android-arm-eabi'
72 silly reify ]
73 verbose reify failed optional dependency /home/blackroad/actions-runner/_work/blackroad/blackroad/orgs/core/blackroad-os-web/node_modules/@tailwindcss/oxide-win32-x64-msvc
74 silly reify mark deleted [
74 silly reify   '/home/blackroad/actions-runner/_work/blackroad/blackroad/orgs/core/blackroad-os-web/node_modules/@tailwindcss/oxide-win32-x64-msvc'
74 silly reify ]
75 verbose reify failed optional dependency /home/blackroad/actions-runner/_work/blackroad/blackroad/orgs/core/blackroad-os-web/node_modules/@tailwindcss/oxide-win32-arm64-msvc
76 silly reify mark deleted [
76 silly reify   '/home/blackroad/actions-runner/_work/blackroad/blackroad/orgs/core/blackroad-os-web/node_modules/@tailwindcss/oxide-win32-arm64-msvc'
76 silly reify ]
77 verbose reify failed optional dependency /home/blackroad/actions-runner/_work/blackroad/blackroad/orgs/core/blackroad-os-web/node_modules/@tailwindcss/oxide-linux-arm64-musl
78 silly reify mark deleted [
78 silly reify   '/home/blackroad/actions-runner/_work/blackroad/blackroad/orgs/core/blackroad-os-web/node_modules/@tailwindcss/oxide-linux-arm64-musl'
78 silly reify ]
79 verbose reify failed optional dependency /home/blackroad/actions-runner/_work/blackroad/blackroad/orgs/core/blackroad-os-web/node_modules/@tailwindcss/oxide-linux-arm64-gnu
80 silly reify mark deleted [
80 silly reify   '/home/blackroad/actions-runner/_work/blackroad/blackroad/orgs/core/blackroad-os-web/node_modules/@tailwindcss/oxide-linux-arm64-gnu'
80 silly reify ]
81 verbose reify failed optional dependency /home/blackroad/actions-runner/_work/blackroad/blackroad/orgs/core/blackroad-os-web/node_modules/@tailwindcss/oxide-linux-arm-gnueabihf
82 silly reify mark deleted [
82 silly reify   '/home/blackroad/actions-runner/_work/blackroad/blackroad/orgs/core/blackroad-os-web/node_modules/@tailwindcss/oxide-linux-arm-gnueabihf'
82 silly reify ]
83 verbose reify failed optional dependency /home/blackroad/actions-runner/_work/blackroad/blackroad/orgs/core/blackroad-os-web/node_modules/@tailwindcss/oxide-freebsd-x64
84 silly reify mark deleted [
84 silly reify   '/home/blackroad/actions-runner/_work/blackroad/blackroad/orgs/core/blackroad-os-web/node_modules/@tailwindcss/oxide-freebsd-x64'
84 silly reify ]
85 verbose reify failed optional dependency /home/blackroad/actions-runner/_work/blackroad/blackroad/orgs/core/blackroad-os-web/node_modules/@tailwindcss/oxide-darwin-x64
86 silly reify mark deleted [
86 silly reify   '/home/blackroad/actions-runner/_work/blackroad/blackroad/orgs/core/blackroad-os-web/node_modules/@tailwindcss/oxide-darwin-x64'
86 silly reify ]
87 verbose reify failed optional dependency /home/blackroad/actions-runner/_work/blackroad/blackroad/orgs/core/blackroad-os-web/node_modules/@tailwindcss/oxide-darwin-arm64
88 silly reify mark deleted [
88 silly reify   '/home/blackroad/actions-runner/_work/blackroad/blackroad/orgs/core/blackroad-os-web/node_modules/@tailwindcss/oxide-darwin-arm64'
88 silly reify ]
89 verbose reify failed optional dependency /home/blackroad/actions-runner/_work/blackroad/blackroad/orgs/core/blackroad-os-web/node_modules/@tailwindcss/oxide-android-arm64
90 silly reify mark deleted [
90 silly reify   '/home/blackroad/actions-runner/_work/blackroad/blackroad/orgs/core/blackroad-os-web/node_modules/@tailwindcss/oxide-android-arm64'
90 silly reify ]
91 verbose reify failed optional dependency /home/blackroad/actions-runner/_work/blackroad/blackroad/orgs/core/blackroad-os-web/node_modules/@rollup/rollup-win32-x64-msvc
92 silly reify mark deleted [
92 silly reify   '/home/blackroad/actions-runner/_work/blackroad/blackroad/orgs/core/blackroad-os-web/node_modules/@rollup/rollup-win32-x64-msvc'
92 silly reify ]
93 verbose reify failed optional dependency /home/blackroad/actions-runner/_work/blackroad/blackroad/orgs/core/blackroad-os-web/node_modules/@rollup/rollup-win32-x64-gnu
94 silly reify mark deleted [
94 silly reify   '/home/blackroad/actions-runner/_work/blackroad/blackroad/orgs/core/blackroad-os-web/node_modules/@rollup/rollup-win32-x64-gnu'
94 silly reify ]
95 verbose reify failed optional dependency /home/blackroad/actions-runner/_work/blackroad/blackroad/orgs/core/blackroad-os-web/node_modules/@rollup/rollup-win32-ia32-msvc
96 silly reify mark deleted [
96 silly reify   '/home/blackroad/actions-runner/_work/blackroad/blackroad/orgs/core/blackroad-os-web/node_modules/@rollup/rollup-win32-ia32-msvc'
96 silly reify ]
97 verbose reify failed optional dependency /home/blackroad/actions-runner/_work/blackroad/blackroad/orgs/core/blackroad-os-web/node_modules/@rollup/rollup-win32-arm64-msvc
98 silly reify mark deleted [
98 silly reify   '/home/blackroad/actions-runner/_work/blackroad/blackroad/orgs/core/blackroad-os-web/node_modules/@rollup/rollup-win32-arm64-msvc'
98 silly reify ]
99 verbose reify failed optional dependency /home/blackroad/actions-runner/_work/blackroad/blackroad/orgs/core/blackroad-os-web/node_modules/@rollup/rollup-openharmony-arm64
100 silly reify mark deleted [
100 silly reify   '/home/blackroad/actions-runner/_work/blackroad/blackroad/orgs/core/blackroad-os-web/node_modules/@rollup/rollup-openharmony-arm64'
100 silly reify ]
101 verbose reify failed optional dependency /home/blackroad/actions-runner/_work/blackroad/blackroad/orgs/core/blackroad-os-web/node_modules/@rollup/rollup-openbsd-x64
102 silly reify mark deleted [
102 silly reify   '/home/blackroad/actions-runner/_work/blackroad/blackroad/orgs/core/blackroad-os-web/node_modules/@rollup/rollup-openbsd-x64'
102 silly reify ]
103 verbose reify failed optional dependency /home/blackroad/actions-runner/_work/blackroad/blackroad/orgs/core/blackroad-os-web/node_modules/@rollup/rollup-linux-s390x-gnu
104 silly reify mark deleted [
104 silly reify   '/home/blackroad/actions-runner/_work/blackroad/blackroad/orgs/core/blackroad-os-web/node_modules/@rollup/rollup-linux-s390x-gnu'
104 silly reify ]
105 verbose reify failed optional dependency /home/blackroad/actions-runner/_work/blackroad/blackroad/orgs/core/blackroad-os-web/node_modules/@rollup/rollup-linux-riscv64-musl
106 silly reify mark deleted [
106 silly reify   '/home/blackroad/actions-runner/_work/blackroad/blackroad/orgs/core/blackroad-os-web/node_modules/@rollup/rollup-linux-riscv64-musl'
106 silly reify ]
107 verbose reify failed optional dependency /home/blackroad/actions-runner/_work/blackroad/blackroad/orgs/core/blackroad-os-web/node_modules/@rollup/rollup-linux-riscv64-gnu
108 silly reify mark deleted [
108 silly reify   '/home/blackroad/actions-runner/_work/blackroad/blackroad/orgs/core/blackroad-os-web/node_modules/@rollup/rollup-linux-riscv64-gnu'
108 silly reify ]
109 verbose reify failed optional dependency /home/blackroad/actions-runner/_work/blackroad/blackroad/orgs/core/blackroad-os-web/node_modules/@rollup/rollup-linux-ppc64-musl
110 silly reify mark deleted [
110 silly reify   '/home/blackroad/actions-runner/_work/blackroad/blackroad/orgs/core/blackroad-os-web/node_modules/@rollup/rollup-linux-ppc64-musl'
110 silly reify ]
111 verbose reify failed optional dependency /home/blackroad/actions-runner/_work/blackroad/blackroad/orgs/core/blackroad-os-web/node_modules/@rollup/rollup-linux-ppc64-gnu
112 silly reify mark deleted [
112 silly reify   '/home/blackroad/actions-runner/_work/blackroad/blackroad/orgs/core/blackroad-os-web/node_modules/@rollup/rollup-linux-ppc64-gnu'
112 silly reify ]
113 verbose reify failed optional dependency /home/blackroad/actions-runner/_work/blackroad/blackroad/orgs/core/blackroad-os-web/node_modules/@rollup/rollup-linux-loong64-musl
114 silly reify mark deleted [
114 silly reify   '/home/blackroad/actions-runner/_work/blackroad/blackroad/orgs/core/blackroad-os-web/node_modules/@rollup/rollup-linux-loong64-musl'
114 silly reify ]
115 verbose reify failed optional dependency /home/blackroad/actions-runner/_work/blackroad/blackroad/orgs/core/blackroad-os-web/node_modules/@rollup/rollup-linux-loong64-gnu
116 silly reify mark deleted [
116 silly reify   '/home/blackroad/actions-runner/_work/blackroad/blackroad/orgs/core/blackroad-os-web/node_modules/@rollup/rollup-linux-loong64-gnu'
116 silly reify ]
117 verbose reify failed optional dependency /home/blackroad/actions-runner/_work/blackroad/blackroad/orgs/core/blackroad-os-web/node_modules/@rollup/rollup-linux-arm64-musl
118 silly reify mark deleted [
118 silly reify   '/home/blackroad/actions-runner/_work/blackroad/blackroad/orgs/core/blackroad-os-web/node_modules/@rollup/rollup-linux-arm64-musl'
118 silly reify ]
119 verbose reify failed optional dependency /home/blackroad/actions-runner/_work/blackroad/blackroad/orgs/core/blackroad-os-web/node_modules/@rollup/rollup-linux-arm64-gnu
120 silly reify mark deleted [
120 silly reify   '/home/blackroad/actions-runner/_work/blackroad/blackroad/orgs/core/blackroad-os-web/node_modules/@rollup/rollup-linux-arm64-gnu'
120 silly reify ]
121 verbose reify failed optional dependency /home/blackroad/actions-runner/_work/blackroad/blackroad/orgs/core/blackroad-os-web/node_modules/@rollup/rollup-linux-arm-musleabihf
122 silly reify mark deleted [
122 silly reify   '/home/blackroad/actions-runner/_work/blackroad/blackroad/orgs/core/blackroad-os-web/node_modules/@rollup/rollup-linux-arm-musleabihf'
122 silly reify ]
123 verbose reify failed optional dependency /home/blackroad/actions-runner/_work/blackroad/blackroad/orgs/core/blackroad-os-web/node_modules/@rollup/rollup-linux-arm-gnueabihf
124 silly reify mark deleted [
124 silly reify   '/home/blackroad/actions-runner/_work/blackroad/blackroad/orgs/core/blackroad-os-web/node_modules/@rollup/rollup-linux-arm-gnueabihf'
124 silly reify ]
125 verbose reify failed optional dependency /home/blackroad/actions-runner/_work/blackroad/blackroad/orgs/core/blackroad-os-web/node_modules/@rollup/rollup-freebsd-x64
126 silly reify mark deleted [
126 silly reify   '/home/blackroad/actions-runner/_work/blackroad/blackroad/orgs/core/blackroad-os-web/node_modules/@rollup/rollup-freebsd-x64'
126 silly reify ]
127 verbose reify failed optional dependency /home/blackroad/actions-runner/_work/blackroad/blackroad/orgs/core/blackroad-os-web/node_modules/@rollup/rollup-freebsd-arm64
128 silly reify mark deleted [
128 silly reify   '/home/blackroad/actions-runner/_work/blackroad/blackroad/orgs/core/blackroad-os-web/node_modules/@rollup/rollup-freebsd-arm64'
128 silly reify ]
129 verbose reify failed optional dependency /home/blackroad/actions-runner/_work/blackroad/blackroad/orgs/core/blackroad-os-web/node_modules/@rollup/rollup-darwin-x64
130 silly reify mark deleted [
130 silly reify   '/home/blackroad/actions-runner/_work/blackroad/blackroad/orgs/core/blackroad-os-web/node_modules/@rollup/rollup-darwin-x64'
130 silly reify ]
131 verbose reify failed optional dependency /home/blackroad/actions-runner/_work/blackroad/blackroad/orgs/core/blackroad-os-web/node_modules/@rollup/rollup-darwin-arm64
132 silly reify mark deleted [
132 silly reify   '/home/blackroad/actions-runner/_work/blackroad/blackroad/orgs/core/blackroad-os-web/node_modules/@rollup/rollup-darwin-arm64'
132 silly reify ]
133 verbose reify failed optional dependency /home/blackroad/actions-runner/_work/blackroad/blackroad/orgs/core/blackroad-os-web/node_modules/@rollup/rollup-android-arm64
134 silly reify mark deleted [
134 silly reify   '/home/blackroad/actions-runner/_work/blackroad/blackroad/orgs/core/blackroad-os-web/node_modules/@rollup/rollup-android-arm64'
134 silly reify ]
135 verbose reify failed optional dependency /home/blackroad/actions-runner/_work/blackroad/blackroad/orgs/core/blackroad-os-web/node_modules/@rollup/rollup-android-arm-eabi
136 silly reify mark deleted [
136 silly reify   '/home/blackroad/actions-runner/_work/blackroad/blackroad/orgs/core/blackroad-os-web/node_modules/@rollup/rollup-android-arm-eabi'
136 silly reify ]
137 verbose reify failed optional dependency /home/blackroad/actions-runner/_work/blackroad/blackroad/orgs/core/blackroad-os-web/node_modules/@next/swc-win32-x64-msvc
138 silly reify mark deleted [
138 silly reify   '/home/blackroad/actions-runner/_work/blackroad/blackroad/orgs/core/blackroad-os-web/node_modules/@next/swc-win32-x64-msvc'
138 silly reify ]
139 verbose reify failed optional dependency /home/blackroad/actions-runner/_work/blackroad/blackroad/orgs/core/blackroad-os-web/node_modules/@next/swc-win32-arm64-msvc
140 silly reify mark deleted [
140 silly reify   '/home/blackroad/actions-runner/_work/blackroad/blackroad/orgs/core/blackroad-os-web/node_modules/@next/swc-win32-arm64-msvc'
140 silly reify ]
141 verbose reify failed optional dependency /home/blackroad/actions-runner/_work/blackroad/blackroad/orgs/core/blackroad-os-web/node_modules/@next/swc-linux-arm64-musl
142 silly reify mark deleted [
142 silly reify   '/home/blackroad/actions-runner/_work/blackroad/blackroad/orgs/core/blackroad-os-web/node_modules/@next/swc-linux-arm64-musl'
142 silly reify ]
143 verbose reify failed optional dependency /home/blackroad/actions-runner/_work/blackroad/blackroad/orgs/core/blackroad-os-web/node_modules/@next/swc-linux-arm64-gnu
144 silly reify mark deleted [
144 silly reify   '/home/blackroad/actions-runner/_work/blackroad/blackroad/orgs/core/blackroad-os-web/node_modules/@next/swc-linux-arm64-gnu'
144 silly reify ]
145 verbose reify failed optional dependency /home/blackroad/actions-runner/_work/blackroad/blackroad/orgs/core/blackroad-os-web/node_modules/@next/swc-darwin-x64
146 silly reify mark deleted [
146 silly reify   '/home/blackroad/actions-runner/_work/blackroad/blackroad/orgs/core/blackroad-os-web/node_modules/@next/swc-darwin-x64'
146 silly reify ]
147 verbose reify failed optional dependency /home/blackroad/actions-runner/_work/blackroad/blackroad/orgs/core/blackroad-os-web/node_modules/@next/swc-darwin-arm64
148 silly reify mark deleted [
148 silly reify   '/home/blackroad/actions-runner/_work/blackroad/blackroad/orgs/core/blackroad-os-web/node_modules/@next/swc-darwin-arm64'
148 silly reify ]
149 verbose reify failed optional dependency /home/blackroad/actions-runner/_work/blackroad/blackroad/orgs/core/blackroad-os-web/node_modules/@img/sharp-win32-x64
150 silly reify mark deleted [
150 silly reify   '/home/blackroad/actions-runner/_work/blackroad/blackroad/orgs/core/blackroad-os-web/node_modules/@img/sharp-win32-x64'
150 silly reify ]
151 verbose reify failed optional dependency /home/blackroad/actions-runner/_work/blackroad/blackroad/orgs/core/blackroad-os-web/node_modules/@img/sharp-win32-ia32
152 silly reify mark deleted [
152 silly reify   '/home/blackroad/actions-runner/_work/blackroad/blackroad/orgs/core/blackroad-os-web/node_modules/@img/sharp-win32-ia32'
152 silly reify ]
153 verbose reify failed optional dependency /home/blackroad/actions-runner/_work/blackroad/blackroad/orgs/core/blackroad-os-web/node_modules/@img/sharp-win32-arm64
154 silly reify mark deleted [
154 silly reify   '/home/blackroad/actions-runner/_work/blackroad/blackroad/orgs/core/blackroad-os-web/node_modules/@img/sharp-win32-arm64'
154 silly reify ]
155 verbose reify failed optional dependency /home/blackroad/actions-runner/_work/blackroad/blackroad/orgs/core/blackroad-os-web/node_modules/@img/sharp-wasm32
156 silly reify mark deleted [
156 silly reify   '/home/blackroad/actions-runner/_work/blackroad/blackroad/orgs/core/blackroad-os-web/node_modules/@img/sharp-wasm32'
156 silly reify ]
157 verbose reify failed optional dependency /home/blackroad/actions-runner/_work/blackroad/blackroad/orgs/core/blackroad-os-web/node_modules/@img/sharp-linuxmusl-arm64
158 silly reify mark deleted [
158 silly reify   '/home/blackroad/actions-runner/_work/blackroad/blackroad/orgs/core/blackroad-os-web/node_modules/@img/sharp-linuxmusl-arm64'
158 silly reify ]
159 verbose reify failed optional dependency /home/blackroad/actions-runner/_work/blackroad/blackroad/orgs/core/blackroad-os-web/node_modules/@img/sharp-linux-s390x
160 silly reify mark deleted [
160 silly reify   '/home/blackroad/actions-runner/_work/blackroad/blackroad/orgs/core/blackroad-os-web/node_modules/@img/sharp-linux-s390x'
160 silly reify ]
161 verbose reify failed optional dependency /home/blackroad/actions-runner/_work/blackroad/blackroad/orgs/core/blackroad-os-web/node_modules/@img/sharp-linux-riscv64
162 silly reify mark deleted [
162 silly reify   '/home/blackroad/actions-runner/_work/blackroad/blackroad/orgs/core/blackroad-os-web/node_modules/@img/sharp-linux-riscv64'
162 silly reify ]
163 verbose reify failed optional dependency /home/blackroad/actions-runner/_work/blackroad/blackroad/orgs/core/blackroad-os-web/node_modules/@img/sharp-linux-ppc64
164 silly reify mark deleted [
164 silly reify   '/home/blackroad/actions-runner/_work/blackroad/blackroad/orgs/core/blackroad-os-web/node_modules/@img/sharp-linux-ppc64'
164 silly reify ]
165 verbose reify failed optional dependency /home/blackroad/actions-runner/_work/blackroad/blackroad/orgs/core/blackroad-os-web/node_modules/@img/sharp-linux-arm64
166 silly reify mark deleted [
166 silly reify   '/home/blackroad/actions-runner/_work/blackroad/blackroad/orgs/core/blackroad-os-web/node_modules/@img/sharp-linux-arm64'
166 silly reify ]
167 verbose reify failed optional dependency /home/blackroad/actions-runner/_work/blackroad/blackroad/orgs/core/blackroad-os-web/node_modules/@img/sharp-linux-arm
168 silly reify mark deleted [
168 silly reify   '/home/blackroad/actions-runner/_work/blackroad/blackroad/orgs/core/blackroad-os-web/node_modules/@img/sharp-linux-arm'
168 silly reify ]
169 verbose reify failed optional dependency /home/blackroad/actions-runner/_work/blackroad/blackroad/orgs/core/blackroad-os-web/node_modules/@img/sharp-libvips-linuxmusl-arm64
170 silly reify mark deleted [
170 silly reify   '/home/blackroad/actions-runner/_work/blackroad/blackroad/orgs/core/blackroad-os-web/node_modules/@img/sharp-libvips-linuxmusl-arm64'
170 silly reify ]
171 verbose reify failed optional dependency /home/blackroad/actions-runner/_work/blackroad/blackroad/orgs/core/blackroad-os-web/node_modules/@img/sharp-libvips-linux-s390x
172 silly reify mark deleted [
172 silly reify   '/home/blackroad/actions-runner/_work/blackroad/blackroad/orgs/core/blackroad-os-web/node_modules/@img/sharp-libvips-linux-s390x'
172 silly reify ]
173 verbose reify failed optional dependency /home/blackroad/actions-runner/_work/blackroad/blackroad/orgs/core/blackroad-os-web/node_modules/@img/sharp-libvips-linux-riscv64
174 silly reify mark deleted [
174 silly reify   '/home/blackroad/actions-runner/_work/blackroad/blackroad/orgs/core/blackroad-os-web/node_modules/@img/sharp-libvips-linux-riscv64'
174 silly reify ]
175 verbose reify failed optional dependency /home/blackroad/actions-runner/_work/blackroad/blackroad/orgs/core/blackroad-os-web/node_modules/@img/sharp-libvips-linux-ppc64
176 silly reify mark deleted [
176 silly reify   '/home/blackroad/actions-runner/_work/blackroad/blackroad/orgs/core/blackroad-os-web/node_modules/@img/sharp-libvips-linux-ppc64'
176 silly reify ]
177 verbose reify failed optional dependency /home/blackroad/actions-runner/_work/blackroad/blackroad/orgs/core/blackroad-os-web/node_modules/@img/sharp-libvips-linux-arm64
178 silly reify mark deleted [
178 silly reify   '/home/blackroad/actions-runner/_work/blackroad/blackroad/orgs/core/blackroad-os-web/node_modules/@img/sharp-libvips-linux-arm64'
178 silly reify ]
179 verbose reify failed optional dependency /home/blackroad/actions-runner/_work/blackroad/blackroad/orgs/core/blackroad-os-web/node_modules/@img/sharp-libvips-linux-arm
180 silly reify mark deleted [
180 silly reify   '/home/blackroad/actions-runner/_work/blackroad/blackroad/orgs/core/blackroad-os-web/node_modules/@img/sharp-libvips-linux-arm'
180 silly reify ]
181 verbose reify failed optional dependency /home/blackroad/actions-runner/_work/blackroad/blackroad/orgs/core/blackroad-os-web/node_modules/@img/sharp-libvips-darwin-x64
182 silly reify mark deleted [
182 silly reify   '/home/blackroad/actions-runner/_work/blackroad/blackroad/orgs/core/blackroad-os-web/node_modules/@img/sharp-libvips-darwin-x64'
182 silly reify ]
183 verbose reify failed optional dependency /home/blackroad/actions-runner/_work/blackroad/blackroad/orgs/core/blackroad-os-web/node_modules/@img/sharp-libvips-darwin-arm64
184 silly reify mark deleted [
184 silly reify   '/home/blackroad/actions-runner/_work/blackroad/blackroad/orgs/core/blackroad-os-web/node_modules/@img/sharp-libvips-darwin-arm64'
184 silly reify ]
185 verbose reify failed optional dependency /home/blackroad/actions-runner/_work/blackroad/blackroad/orgs/core/blackroad-os-web/node_modules/@img/sharp-darwin-x64
186 silly reify mark deleted [
186 silly reify   '/home/blackroad/actions-runner/_work/blackroad/blackroad/orgs/core/blackroad-os-web/node_modules/@img/sharp-darwin-x64'
186 silly reify ]
187 verbose reify failed optional dependency /home/blackroad/actions-runner/_work/blackroad/blackroad/orgs/core/blackroad-os-web/node_modules/@img/sharp-darwin-arm64
188 silly reify mark deleted [
188 silly reify   '/home/blackroad/actions-runner/_work/blackroad/blackroad/orgs/core/blackroad-os-web/node_modules/@img/sharp-darwin-arm64'
188 silly reify ]
189 verbose reify failed optional dependency /home/blackroad/actions-runner/_work/blackroad/blackroad/orgs/core/blackroad-os-web/node_modules/@esbuild/win32-x64
190 silly reify mark deleted [
190 silly reify   '/home/blackroad/actions-runner/_work/blackroad/blackroad/orgs/core/blackroad-os-web/node_modules/@esbuild/win32-x64'
190 silly reify ]
191 verbose reify failed optional dependency /home/blackroad/actions-runner/_work/blackroad/blackroad/orgs/core/blackroad-os-web/node_modules/@esbuild/win32-ia32
192 silly reify mark deleted [
192 silly reify   '/home/blackroad/actions-runner/_work/blackroad/blackroad/orgs/core/blackroad-os-web/node_modules/@esbuild/win32-ia32'
192 silly reify ]
193 verbose reify failed optional dependency /home/blackroad/actions-runner/_work/blackroad/blackroad/orgs/core/blackroad-os-web/node_modules/@esbuild/win32-arm64
194 silly reify mark deleted [
194 silly reify   '/home/blackroad/actions-runner/_work/blackroad/blackroad/orgs/core/blackroad-os-web/node_modules/@esbuild/win32-arm64'
194 silly reify ]
195 verbose reify failed optional dependency /home/blackroad/actions-runner/_work/blackroad/blackroad/orgs/core/blackroad-os-web/node_modules/@esbuild/sunos-x64
196 silly reify mark deleted [
196 silly reify   '/home/blackroad/actions-runner/_work/blackroad/blackroad/orgs/core/blackroad-os-web/node_modules/@esbuild/sunos-x64'
196 silly reify ]
197 verbose reify failed optional dependency /home/blackroad/actions-runner/_work/blackroad/blackroad/orgs/core/blackroad-os-web/node_modules/@esbuild/openharmony-arm64
198 silly reify mark deleted [
198 silly reify   '/home/blackroad/actions-runner/_work/blackroad/blackroad/orgs/core/blackroad-os-web/node_modules/@esbuild/openharmony-arm64'
198 silly reify ]
199 verbose reify failed optional dependency /home/blackroad/actions-runner/_work/blackroad/blackroad/orgs/core/blackroad-os-web/node_modules/@esbuild/openbsd-x64
200 silly reify mark deleted [
200 silly reify   '/home/blackroad/actions-runner/_work/blackroad/blackroad/orgs/core/blackroad-os-web/node_modules/@esbuild/openbsd-x64'
200 silly reify ]
201 verbose reify failed optional dependency /home/blackroad/actions-runner/_work/blackroad/blackroad/orgs/core/blackroad-os-web/node_modules/@esbuild/openbsd-arm64
202 silly reify mark deleted [
202 silly reify   '/home/blackroad/actions-runner/_work/blackroad/blackroad/orgs/core/blackroad-os-web/node_modules/@esbuild/openbsd-arm64'
202 silly reify ]
203 verbose reify failed optional dependency /home/blackroad/actions-runner/_work/blackroad/blackroad/orgs/core/blackroad-os-web/node_modules/@esbuild/netbsd-x64
204 silly reify mark deleted [
204 silly reify   '/home/blackroad/actions-runner/_work/blackroad/blackroad/orgs/core/blackroad-os-web/node_modules/@esbuild/netbsd-x64'
204 silly reify ]
205 verbose reify failed optional dependency /home/blackroad/actions-runner/_work/blackroad/blackroad/orgs/core/blackroad-os-web/node_modules/@esbuild/netbsd-arm64
206 silly reify mark deleted [
206 silly reify   '/home/blackroad/actions-runner/_work/blackroad/blackroad/orgs/core/blackroad-os-web/node_modules/@esbuild/netbsd-arm64'
206 silly reify ]
207 verbose reify failed optional dependency /home/blackroad/actions-runner/_work/blackroad/blackroad/orgs/core/blackroad-os-web/node_modules/@esbuild/linux-s390x
208 silly reify mark deleted [
208 silly reify   '/home/blackroad/actions-runner/_work/blackroad/blackroad/orgs/core/blackroad-os-web/node_modules/@esbuild/linux-s390x'
208 silly reify ]
209 verbose reify failed optional dependency /home/blackroad/actions-runner/_work/blackroad/blackroad/orgs/core/blackroad-os-web/node_modules/@esbuild/linux-riscv64
210 silly reify mark deleted [
210 silly reify   '/home/blackroad/actions-runner/_work/blackroad/blackroad/orgs/core/blackroad-os-web/node_modules/@esbuild/linux-riscv64'
210 silly reify ]
211 verbose reify failed optional dependency /home/blackroad/actions-runner/_work/blackroad/blackroad/orgs/core/blackroad-os-web/node_modules/@esbuild/linux-ppc64
212 silly reify mark deleted [
212 silly reify   '/home/blackroad/actions-runner/_work/blackroad/blackroad/orgs/core/blackroad-os-web/node_modules/@esbuild/linux-ppc64'
212 silly reify ]
213 verbose reify failed optional dependency /home/blackroad/actions-runner/_work/blackroad/blackroad/orgs/core/blackroad-os-web/node_modules/@esbuild/linux-mips64el
214 silly reify mark deleted [
214 silly reify   '/home/blackroad/actions-runner/_work/blackroad/blackroad/orgs/core/blackroad-os-web/node_modules/@esbuild/linux-mips64el'
214 silly reify ]
215 verbose reify failed optional dependency /home/blackroad/actions-runner/_work/blackroad/blackroad/orgs/core/blackroad-os-web/node_modules/@esbuild/linux-loong64
216 silly reify mark deleted [
216 silly reify   '/home/blackroad/actions-runner/_work/blackroad/blackroad/orgs/core/blackroad-os-web/node_modules/@esbuild/linux-loong64'
216 silly reify ]
217 verbose reify failed optional dependency /home/blackroad/actions-runner/_work/blackroad/blackroad/orgs/core/blackroad-os-web/node_modules/@esbuild/linux-ia32
218 silly reify mark deleted [
218 silly reify   '/home/blackroad/actions-runner/_work/blackroad/blackroad/orgs/core/blackroad-os-web/node_modules/@esbuild/linux-ia32'
218 silly reify ]
219 verbose reify failed optional dependency /home/blackroad/actions-runner/_work/blackroad/blackroad/orgs/core/blackroad-os-web/node_modules/@esbuild/linux-arm64
220 silly reify mark deleted [
220 silly reify   '/home/blackroad/actions-runner/_work/blackroad/blackroad/orgs/core/blackroad-os-web/node_modules/@esbuild/linux-arm64'
220 silly reify ]
221 verbose reify failed optional dependency /home/blackroad/actions-runner/_work/blackroad/blackroad/orgs/core/blackroad-os-web/node_modules/@esbuild/linux-arm
222 silly reify mark deleted [
222 silly reify   '/home/blackroad/actions-runner/_work/blackroad/blackroad/orgs/core/blackroad-os-web/node_modules/@esbuild/linux-arm'
222 silly reify ]
223 verbose reify failed optional dependency /home/blackroad/actions-runner/_work/blackroad/blackroad/orgs/core/blackroad-os-web/node_modules/@esbuild/freebsd-x64
224 silly reify mark deleted [
224 silly reify   '/home/blackroad/actions-runner/_work/blackroad/blackroad/orgs/core/blackroad-os-web/node_modules/@esbuild/freebsd-x64'
224 silly reify ]
225 verbose reify failed optional dependency /home/blackroad/actions-runner/_work/blackroad/blackroad/orgs/core/blackroad-os-web/node_modules/@esbuild/freebsd-arm64
226 silly reify mark deleted [
226 silly reify   '/home/blackroad/actions-runner/_work/blackroad/blackroad/orgs/core/blackroad-os-web/node_modules/@esbuild/freebsd-arm64'
226 silly reify ]
227 verbose reify failed optional dependency /home/blackroad/actions-runner/_work/blackroad/blackroad/orgs/core/blackroad-os-web/node_modules/@esbuild/darwin-x64
228 silly reify mark deleted [
228 silly reify   '/home/blackroad/actions-runner/_work/blackroad/blackroad/orgs/core/blackroad-os-web/node_modules/@esbuild/darwin-x64'
228 silly reify ]
229 verbose reify failed optional dependency /home/blackroad/actions-runner/_work/blackroad/blackroad/orgs/core/blackroad-os-web/node_modules/@esbuild/darwin-arm64
230 silly reify mark deleted [
230 silly reify   '/home/blackroad/actions-runner/_work/blackroad/blackroad/orgs/core/blackroad-os-web/node_modules/@esbuild/darwin-arm64'
230 silly reify ]
231 verbose reify failed optional dependency /home/blackroad/actions-runner/_work/blackroad/blackroad/orgs/core/blackroad-os-web/node_modules/@esbuild/android-x64
232 silly reify mark deleted [
232 silly reify   '/home/blackroad/actions-runner/_work/blackroad/blackroad/orgs/core/blackroad-os-web/node_modules/@esbuild/android-x64'
232 silly reify ]
233 verbose reify failed optional dependency /home/blackroad/actions-runner/_work/blackroad/blackroad/orgs/core/blackroad-os-web/node_modules/@esbuild/android-arm64
234 silly reify mark deleted [
234 silly reify   '/home/blackroad/actions-runner/_work/blackroad/blackroad/orgs/core/blackroad-os-web/node_modules/@esbuild/android-arm64'
234 silly reify ]
235 verbose reify failed optional dependency /home/blackroad/actions-runner/_work/blackroad/blackroad/orgs/core/blackroad-os-web/node_modules/@esbuild/android-arm
236 silly reify mark deleted [
236 silly reify   '/home/blackroad/actions-runner/_work/blackroad/blackroad/orgs/core/blackroad-os-web/node_modules/@esbuild/android-arm'
236 silly reify ]
237 verbose reify failed optional dependency /home/blackroad/actions-runner/_work/blackroad/blackroad/orgs/core/blackroad-os-web/node_modules/@esbuild/aix-ppc64
238 silly reify mark deleted [
238 silly reify   '/home/blackroad/actions-runner/_work/blackroad/blackroad/orgs/core/blackroad-os-web/node_modules/@esbuild/aix-ppc64'
238 silly reify ]
239 http fetch POST 200 https://registry.npmjs.org/-/npm/v1/security/advisories/bulk 3885ms
240 silly audit report {
240 silly audit report   minimatch: [
240 silly audit report     {
240 silly audit report       id: 1113459,
240 silly audit report       url: 'https://github.com/advisories/GHSA-3ppc-4f35-3m26',
240 silly audit report       title: 'minimatch has a ReDoS via repeated wildcards with non-matching literal in pattern',
240 silly audit report       severity: 'high',
240 silly audit report       vulnerable_versions: '<3.1.3',
240 silly audit report       cwe: [Array],
240 silly audit report       cvss: [Object]
240 silly audit report     },
240 silly audit report     {
240 silly audit report       id: 1113465,
240 silly audit report       url: 'https://github.com/advisories/GHSA-3ppc-4f35-3m26',
240 silly audit report       title: 'minimatch has a ReDoS via repeated wildcards with non-matching literal in pattern',
240 silly audit report       severity: 'high',
240 silly audit report       vulnerable_versions: '>=9.0.0 <9.0.6',
240 silly audit report       cwe: [Array],
240 silly audit report       cvss: [Object]
240 silly audit report     },
240 silly audit report     {
240 silly audit report       id: 1113538,
240 silly audit report       url: 'https://github.com/advisories/GHSA-7r86-cg39-jmmj',
240 silly audit report       title: 'minimatch has ReDoS: matchOne() combinatorial backtracking via multiple non-adjacent GLOBSTAR segments',
240 silly audit report       severity: 'high',
240 silly audit report       vulnerable_versions: '<3.1.3',
240 silly audit report       cwe: [Array],
240 silly audit report       cvss: [Object]
240 silly audit report     },
240 silly audit report     {
240 silly audit report       id: 1113544,
240 silly audit report       url: 'https://github.com/advisories/GHSA-7r86-cg39-jmmj',
240 silly audit report       title: 'minimatch has ReDoS: matchOne() combinatorial backtracking via multiple non-adjacent GLOBSTAR segments',
240 silly audit report       severity: 'high',
240 silly audit report       vulnerable_versions: '>=9.0.0 <9.0.7',
240 silly audit report       cwe: [Array],
240 silly audit report       cvss: [Object]
240 silly audit report     },
240 silly audit report     {
240 silly audit report       id: 1113546,
240 silly audit report       url: 'https://github.com/advisories/GHSA-23c5-xmqv-rm74',
240 silly audit report       title: 'minimatch ReDoS: nested *() extglobs generate catastrophically backtracking regular expressions',
240 silly audit report       severity: 'high',
240 silly audit report       vulnerable_versions: '<3.1.4',
240 silly audit report       cwe: [Array],
240 silly audit report       cvss: [Object]
240 silly audit report     },
240 silly audit report     {
240 silly audit report       id: 1113552,
240 silly audit report       url: 'https://github.com/advisories/GHSA-23c5-xmqv-rm74',
240 silly audit report       title: 'minimatch ReDoS: nested *() extglobs generate catastrophically backtracking regular expressions',
240 silly audit report       severity: 'high',
240 silly audit report       vulnerable_versions: '>=9.0.0 <9.0.7',
240 silly audit report       cwe: [Array],
240 silly audit report       cvss: [Object]
240 silly audit report     }
240 silly audit report   ],
240 silly audit report   ajv: [
240 silly audit report     {
240 silly audit report       id: 1113714,
240 silly audit report       url: 'https://github.com/advisories/GHSA-2g4f-4pwh-qvx6',
240 silly audit report       title: 'ajv has ReDoS when using `$data` option',
240 silly audit report       severity: 'moderate',
240 silly audit report       vulnerable_versions: '<6.14.0',
240 silly audit report       cwe: [Array],
240 silly audit report       cvss: [Object]
240 silly audit report     }
240 silly audit report   ],
240 silly audit report   flatted: [
240 silly audit report     {
240 silly audit report       id: 1114526,
240 silly audit report       url: 'https://github.com/advisories/GHSA-25h7-pfq9-p65f',
240 silly audit report       title: 'flatted vulnerable to unbounded recursion DoS in parse() revive phase',
240 silly audit report       severity: 'high',
240 silly audit report       vulnerable_versions: '<3.4.0',
240 silly audit report       cwe: [Array],
240 silly audit report       cvss: [Object]
240 silly audit report     },
240 silly audit report     {
240 silly audit report       id: 1114934,
240 silly audit report       url: 'https://github.com/advisories/GHSA-rf6f-7fwh-wjgh',
240 silly audit report       title: 'Prototype Pollution via parse() in NodeJS flatted',
240 silly audit report       severity: 'high',
240 silly audit report       vulnerable_versions: '<=3.4.1',
240 silly audit report       cwe: [Array],
240 silly audit report       cvss: [Object]
240 silly audit report     }
240 silly audit report   ],
240 silly audit report   next: [
240 silly audit report     {
240 silly audit report       id: 1112592,
240 silly audit report       url: 'https://github.com/advisories/GHSA-9g9p-9gw9-jx7f',
240 silly audit report       title: 'Next.js self-hosted applications vulnerable to DoS via Image Optimizer remotePatterns configuration',
240 silly audit report       severity: 'moderate',
240 silly audit report       vulnerable_versions: '>=15.6.0-canary.0 <16.1.5',
240 silly audit report       cwe: [Array],
240 silly audit report       cvss: [Object]
240 silly audit report     },
240 silly audit report     {
240 silly audit report       id: 1112645,
240 silly audit report       url: 'https://github.com/advisories/GHSA-h25m-26qc-wcjf',
240 silly audit report       title: 'Next.js HTTP request deserialization can lead to DoS when using insecure React Server Components',
240 silly audit report       severity: 'high',
240 silly audit report       vulnerable_versions: '>=16.1.0-canary.0 <16.1.5',
240 silly audit report       cwe: [Array],
240 silly audit report       cvss: [Object]
240 silly audit report     },
240 silly audit report     {
240 silly audit report       id: 1112990,
240 silly audit report       url: 'https://github.com/advisories/GHSA-5f7q-jpqc-wp7h',
240 silly audit report       title: 'Next.js has Unbounded Memory Consumption via PPR Resume Endpoint ',
240 silly audit report       severity: 'moderate',
240 silly audit report       vulnerable_versions: '>=16.0.0-beta.0 <16.1.5',
240 silly audit report       cwe: [Array],
240 silly audit report       cvss: [Object]
240 silly audit report     },
240 silly audit report     {
240 silly audit report       id: 1114898,
240 silly audit report       url: 'https://github.com/advisories/GHSA-ggv3-7p47-pfv8',
240 silly audit report       title: 'Next.js: HTTP request smuggling in rewrites',
240 silly audit report       severity: 'moderate',
240 silly audit report       vulnerable_versions: '>=16.0.0-beta.0 <16.1.7',
240 silly audit report       cwe: [Array],
240 silly audit report       cvss: [Object]
240 silly audit report     },
240 silly audit report     {
240 silly audit report       id: 1114941,
240 silly audit report       url: 'https://github.com/advisories/GHSA-3x4c-7xq6-9pq8',
240 silly audit report       title: 'Next.js: Unbounded next/image disk cache growth can exhaust storage',
240 silly audit report       severity: 'moderate',
240 silly audit report       vulnerable_versions: '>=16.0.0-beta.0 <16.1.7',
240 silly audit report       cwe: [Array],
240 silly audit report       cvss: [Object]
240 silly audit report     },
240 silly audit report     {
240 silly audit report       id: 1114942,
240 silly audit report       url: 'https://github.com/advisories/GHSA-h27x-g6w4-24gq',
240 silly audit report       title: 'Next.js: Unbounded postponed resume buffering can lead to DoS',
240 silly audit report       severity: 'moderate',
240 silly audit report       vulnerable_versions: '>=16.0.1 <16.1.7',
240 silly audit report       cwe: [Array],
240 silly audit report       cvss: [Object]
240 silly audit report     },
240 silly audit report     {
240 silly audit report       id: 1114943,
240 silly audit report       url: 'https://github.com/advisories/GHSA-mq59-m269-xvcx',
240 silly audit report       title: 'Next.js: null origin can bypass Server Actions CSRF checks',
240 silly audit report       severity: 'moderate',
240 silly audit report       vulnerable_versions: '>=16.0.1 <16.1.7',
240 silly audit report       cwe: [Array],
240 silly audit report       cvss: [Object]
240 silly audit report     },
240 silly audit report     {
240 silly audit report       id: 1114944,
240 silly audit report       url: 'https://github.com/advisories/GHSA-jcc7-9wpm-mj36',
240 silly audit report       title: 'Next.js: null origin can bypass dev HMR websocket CSRF checks',
240 silly audit report       severity: 'low',
240 silly audit report       vulnerable_versions: '>=16.0.1 <16.1.7',
240 silly audit report       cwe: [Array],
240 silly audit report       cvss: [Object]
240 silly audit report     }
240 silly audit report   ],
240 silly audit report   undici: [
240 silly audit report     {
240 silly audit report       id: 1114591,
240 silly audit report       url: 'https://github.com/advisories/GHSA-f269-vfmq-vjvj',
240 silly audit report       title: 'Undici: Malicious WebSocket 64-bit length overflows parser and crashes the client',
240 silly audit report       severity: 'high',
240 silly audit report       vulnerable_versions: '>=7.0.0 <7.24.0',
240 silly audit report       cwe: [Array],
240 silly audit report       cvss: [Object]
240 silly audit report     },
240 silly audit report     {
240 silly audit report       id: 1114593,
240 silly audit report       url: 'https://github.com/advisories/GHSA-2mjp-6q6p-2qxm',
240 silly audit report       title: 'Undici has an HTTP Request/Response Smuggling issue',
240 silly audit report       severity: 'moderate',
240 silly audit report       vulnerable_versions: '>=7.0.0 <7.24.0',
240 silly audit report       cwe: [Array],
240 silly audit report       cvss: [Object]
240 silly audit report     },
240 silly audit report     {
240 silly audit report       id: 1114637,
240 silly audit report       url: 'https://github.com/advisories/GHSA-vrm6-8vpv-qv8q',
240 silly audit report       title: 'Undici has Unbounded Memory Consumption in WebSocket permessage-deflate Decompression',
240 silly audit report       severity: 'high',
240 silly audit report       vulnerable_versions: '>=7.0.0 <7.24.0',
240 silly audit report       cwe: [Array],
240 silly audit report       cvss: [Object]
240 silly audit report     },
240 silly audit report     {
240 silly audit report       id: 1114639,
240 silly audit report       url: 'https://github.com/advisories/GHSA-v9p9-hfj2-hcw8',
240 silly audit report       title: 'Undici has Unhandled Exception in WebSocket Client Due to Invalid server_max_window_bits Validation',
240 silly audit report       severity: 'high',
240 silly audit report       vulnerable_versions: '>=7.0.0 <7.24.0',
240 silly audit report       cwe: [Array],
240 silly audit report       cvss: [Object]
240 silly audit report     },
240 silly audit report     {
240 silly audit report       id: 1114641,
240 silly audit report       url: 'https://github.com/advisories/GHSA-4992-7rv2-5pvq',
240 silly audit report       title: 'Undici has CRLF Injection in undici via `upgrade` option',
240 silly audit report       severity: 'moderate',
240 silly audit report       vulnerable_versions: '>=7.0.0 <7.24.0',
240 silly audit report       cwe: [Array],
240 silly audit report       cvss: [Object]
240 silly audit report     },
240 silly audit report     {
240 silly audit report       id: 1114643,
240 silly audit report       url: 'https://github.com/advisories/GHSA-phc3-fgpg-7m6h',
240 silly audit report       title: 'Undici has Unbounded Memory Consumption in its DeduplicationHandler via Response Buffering that leads to DoS',
240 silly audit report       severity: 'moderate',
240 silly audit report       vulnerable_versions: '>=7.17.0 <7.24.0',
240 silly audit report       cwe: [Array],
240 silly audit report       cvss: [Object]
240 silly audit report     }
240 silly audit report   ]
240 silly audit report }
241 silly packumentCache corgi:https://registry.npmjs.org/minimatch cache-miss
242 silly packumentCache corgi:https://registry.npmjs.org/ajv cache-miss
243 silly packumentCache corgi:https://registry.npmjs.org/flatted cache-miss
244 silly packumentCache corgi:https://registry.npmjs.org/next cache-miss
245 silly packumentCache corgi:https://registry.npmjs.org/undici cache-miss
246 http fetch GET 200 https://registry.npmjs.org/minimatch 796ms (cache revalidated)
247 silly packumentCache corgi:https://registry.npmjs.org/minimatch set size:167610 disposed:false
248 http fetch GET 200 https://registry.npmjs.org/ajv 853ms (cache revalidated)
249 silly packumentCache corgi:https://registry.npmjs.org/ajv set size:464537 disposed:false
250 http fetch GET 200 https://registry.npmjs.org/undici 860ms (cache revalidated)
251 silly packumentCache corgi:https://registry.npmjs.org/undici set size:419992 disposed:false
252 http fetch GET 200 https://registry.npmjs.org/next 921ms (cache revalidated)
253 silly packumentCache corgi:https://registry.npmjs.org/next set size:24403110 disposed:false
254 http fetch GET 200 https://registry.npmjs.org/flatted 1679ms (cache revalidated)
255 silly packumentCache corgi:https://registry.npmjs.org/flatted set size:57858 disposed:false
256 silly packumentCache corgi:https://registry.npmjs.org/@eslint%2fconfig-array cache-miss
257 silly packumentCache corgi:https://registry.npmjs.org/@eslint%2feslintrc cache-miss
258 silly packumentCache corgi:https://registry.npmjs.org/eslint cache-miss
259 silly packumentCache corgi:https://registry.npmjs.org/eslint-plugin-import cache-miss
260 silly packumentCache corgi:https://registry.npmjs.org/eslint-plugin-jsx-a11y cache-miss
261 silly packumentCache corgi:https://registry.npmjs.org/eslint-plugin-react cache-miss
262 http fetch GET 200 https://registry.npmjs.org/eslint 226ms (cache revalidated)
263 silly packumentCache corgi:https://registry.npmjs.org/eslint set size:1145130 disposed:false
264 http fetch GET 200 https://registry.npmjs.org/eslint-plugin-import 247ms (cache revalidated)
265 silly packumentCache corgi:https://registry.npmjs.org/eslint-plugin-import set size:238396 disposed:false
266 http fetch GET 200 https://registry.npmjs.org/eslint-plugin-jsx-a11y 251ms (cache revalidated)
267 silly packumentCache corgi:https://registry.npmjs.org/eslint-plugin-jsx-a11y set size:108835 disposed:false
268 http fetch GET 200 https://registry.npmjs.org/@eslint%2feslintrc 259ms (cache revalidated)
269 silly packumentCache corgi:https://registry.npmjs.org/@eslint%2feslintrc set size:83205 disposed:false
270 http fetch GET 200 https://registry.npmjs.org/@eslint%2fconfig-array 262ms (cache revalidated)
271 silly packumentCache corgi:https://registry.npmjs.org/@eslint%2fconfig-array set size:17196 disposed:false
272 http fetch GET 200 https://registry.npmjs.org/eslint-plugin-react 288ms (cache revalidated)
273 silly packumentCache corgi:https://registry.npmjs.org/eslint-plugin-react set size:309843 disposed:false
274 silly packumentCache corgi:https://registry.npmjs.org/@typescript-eslint%2ftypescript-estree cache-miss
275 http fetch GET 200 https://registry.npmjs.org/@typescript-eslint%2ftypescript-estree 184ms (cache revalidated)
276 silly packumentCache corgi:https://registry.npmjs.org/@typescript-eslint%2ftypescript-estree set size:8542136 disposed:false
277 silly packumentCache corgi:https://registry.npmjs.org/flat-cache cache-miss
278 http fetch GET 200 https://registry.npmjs.org/flat-cache 115ms (cache revalidated)
279 silly packumentCache corgi:https://registry.npmjs.org/flat-cache set size:49632 disposed:false
280 silly packumentCache corgi:https://registry.npmjs.org/jsdom cache-miss
281 http fetch GET 200 https://registry.npmjs.org/jsdom 101ms (cache revalidated)
282 silly packumentCache corgi:https://registry.npmjs.org/jsdom set size:377950 disposed:false
283 info run sharp@0.34.5 install node_modules/sharp node install/check.js || npm run build
284 info run sharp@0.34.5 install { code: 0, signal: null }
285 info run esbuild@0.27.3 postinstall node_modules/esbuild node install.js
286 info run unrs-resolver@1.11.1 postinstall node_modules/unrs-resolver napi-postinstall unrs-resolver 1.11.1 check
287 info run esbuild@0.27.3 postinstall { code: 0, signal: null }
288 info run unrs-resolver@1.11.1 postinstall { code: 0, signal: null }
289 silly ADD node_modules/zustand
290 silly ADD node_modules/zod-validation-error
291 silly ADD node_modules/zod
292 silly ADD node_modules/yocto-queue
293 silly ADD node_modules/yallist
294 silly ADD node_modules/xmlchars
295 silly ADD node_modules/xml-name-validator
296 silly ADD node_modules/word-wrap
297 silly ADD node_modules/why-is-node-running
298 silly ADD node_modules/which-typed-array
299 silly ADD node_modules/which-collection
300 silly ADD node_modules/which-builtin-type
301 silly ADD node_modules/which-boxed-primitive
302 silly ADD node_modules/which
303 silly ADD node_modules/whatwg-url
304 silly ADD node_modules/whatwg-mimetype
305 silly ADD node_modules/webidl-conversions
306 silly ADD node_modules/w3c-xmlserializer
307 silly ADD node_modules/vitest
308 silly ADD node_modules/vitest/node_modules/picomatch
309 silly ADD node_modules/vite
310 silly ADD node_modules/vite/node_modules/picomatch
311 silly ADD node_modules/vite/node_modules/fdir
312 silly ADD node_modules/uri-js
313 silly ADD node_modules/update-browserslist-db
314 silly ADD node_modules/unrs-resolver
315 silly ADD node_modules/undici-types
316 silly ADD node_modules/undici
317 silly ADD node_modules/unbox-primitive
318 silly ADD node_modules/typescript-eslint
319 silly ADD node_modules/typescript
320 silly ADD node_modules/typed-array-length
321 silly ADD node_modules/typed-array-byte-offset
322 silly ADD node_modules/typed-array-byte-length
323 silly ADD node_modules/typed-array-buffer
324 silly ADD node_modules/type-check
325 silly ADD node_modules/tslib
326 silly ADD node_modules/tsconfig-paths
327 silly ADD node_modules/tsconfig-paths/node_modules/json5
328 silly ADD node_modules/ts-api-utils
329 silly ADD node_modules/tr46
330 silly ADD node_modules/tough-cookie
331 silly ADD node_modules/to-regex-range
332 silly ADD node_modules/tldts-core
333 silly ADD node_modules/tldts
334 silly ADD node_modules/tinyrainbow
335 silly ADD node_modules/tinyglobby
336 silly ADD node_modules/tinyglobby/node_modules/picomatch
337 silly ADD node_modules/tinyglobby/node_modules/fdir
338 silly ADD node_modules/tinyexec
339 silly ADD node_modules/tinybench
340 silly ADD node_modules/tapable
341 silly ADD node_modules/tailwindcss
342 silly ADD node_modules/tailwind-merge
343 silly ADD node_modules/symbol-tree
344 silly ADD node_modules/supports-preserve-symlinks-flag
345 silly ADD node_modules/supports-color
346 silly ADD node_modules/styled-jsx
347 silly ADD node_modules/strip-json-comments
348 silly ADD node_modules/strip-indent
349 silly ADD node_modules/strip-bom
350 silly ADD node_modules/string.prototype.trimstart
351 silly ADD node_modules/string.prototype.trimend
352 silly ADD node_modules/string.prototype.trim
353 silly ADD node_modules/string.prototype.repeat
354 silly ADD node_modules/string.prototype.matchall
355 silly ADD node_modules/string.prototype.includes
356 silly ADD node_modules/stop-iteration-iterator
357 silly ADD node_modules/std-env
358 silly ADD node_modules/stackback
359 silly ADD node_modules/stable-hash
360 silly ADD node_modules/source-map-js
361 silly ADD node_modules/siginfo
362 silly ADD node_modules/side-channel-weakmap
363 silly ADD node_modules/side-channel-map
364 silly ADD node_modules/side-channel-list
365 silly ADD node_modules/side-channel
366 silly ADD node_modules/shebang-regex
367 silly ADD node_modules/shebang-command
368 silly ADD node_modules/sharp
369 silly ADD node_modules/sharp/node_modules/semver
370 silly ADD node_modules/set-proto
371 silly ADD node_modules/set-function-name
372 silly ADD node_modules/set-function-length
373 silly ADD node_modules/semver
374 silly ADD node_modules/scheduler
375 silly ADD node_modules/saxes
376 silly ADD node_modules/safe-regex-test
377 silly ADD node_modules/safe-push-apply
378 silly ADD node_modules/safe-array-concat
379 silly ADD node_modules/run-parallel
380 silly ADD node_modules/rollup
381 silly ADD node_modules/reusify
382 silly ADD node_modules/resolve-pkg-maps
383 silly ADD node_modules/resolve-from
384 silly ADD node_modules/resolve
385 silly ADD node_modules/require-from-string
386 silly ADD node_modules/regexp.prototype.flags
387 silly ADD node_modules/reflect.getprototypeof
388 silly ADD node_modules/redent
389 silly ADD node_modules/react-is
390 silly ADD node_modules/react-dom
391 silly ADD node_modules/react
392 silly ADD node_modules/queue-microtask
393 silly ADD node_modules/punycode
394 silly ADD node_modules/prop-types
395 silly ADD node_modules/prettier
396 silly ADD node_modules/prelude-ls
397 silly ADD node_modules/postcss
398 silly ADD node_modules/possible-typed-array-names
399 silly ADD node_modules/picomatch
400 silly ADD node_modules/picocolors
401 silly ADD node_modules/pathe
402 silly ADD node_modules/path-parse
403 silly ADD node_modules/path-key
404 silly ADD node_modules/path-exists
405 silly ADD node_modules/parse5
406 silly ADD node_modules/parent-module
407 silly ADD node_modules/p-locate
408 silly ADD node_modules/p-limit
409 silly ADD node_modules/own-keys
410 silly ADD node_modules/optionator
411 silly ADD node_modules/obug
412 silly ADD node_modules/object.values
413 silly ADD node_modules/object.groupby
414 silly ADD node_modules/object.fromentries
415 silly ADD node_modules/object.entries
416 silly ADD node_modules/object.assign
417 silly ADD node_modules/object-keys
418 silly ADD node_modules/object-inspect
419 silly ADD node_modules/object-assign
420 silly ADD node_modules/node-releases
421 silly ADD node_modules/next
422 silly ADD node_modules/next/node_modules/postcss
423 silly ADD node_modules/natural-compare
424 silly ADD node_modules/napi-postinstall
425 silly ADD node_modules/nanoid
426 silly ADD node_modules/ms
427 silly ADD node_modules/minimist
428 silly ADD node_modules/minimatch
429 silly ADD node_modules/min-indent
430 silly ADD node_modules/micromatch
431 silly ADD node_modules/merge2
432 silly ADD node_modules/mdn-data
433 silly ADD node_modules/math-intrinsics
434 silly ADD node_modules/magic-string
435 silly ADD node_modules/lucide-react
436 silly ADD node_modules/lru-cache
437 silly ADD node_modules/loose-envify
438 silly ADD node_modules/lodash.merge
439 silly ADD node_modules/locate-path
440 silly ADD
441 silly ADD
442 silly ADD node_modules/lightningcss-linux-x64-musl
443 silly ADD node_modules/lightningcss-linux-x64-gnu
444 silly ADD
445 silly ADD
446 silly ADD
447 silly ADD
448 silly ADD
449 silly ADD
450 silly ADD
451 silly ADD node_modules/lightningcss
452 silly ADD node_modules/levn
453 silly ADD node_modules/language-tags
454 silly ADD node_modules/language-subtag-registry
455 silly ADD node_modules/keyv
456 silly ADD node_modules/jsx-ast-utils
457 silly ADD node_modules/json5
458 silly ADD node_modules/json-stable-stringify-without-jsonify
459 silly ADD node_modules/json-schema-traverse
460 silly ADD node_modules/json-buffer
461 silly ADD node_modules/jsesc
462 silly ADD node_modules/jsdom
463 silly ADD node_modules/js-yaml
464 silly ADD node_modules/js-tokens
465 silly ADD node_modules/jiti
466 silly ADD node_modules/iterator.prototype
467 silly ADD node_modules/isexe
468 silly ADD node_modules/isarray
469 silly ADD node_modules/is-weakset
470 silly ADD node_modules/is-weakref
471 silly ADD node_modules/is-weakmap
472 silly ADD node_modules/is-typed-array
473 silly ADD node_modules/is-symbol
474 silly ADD node_modules/is-string
475 silly ADD node_modules/is-shared-array-buffer
476 silly ADD node_modules/is-set
477 silly ADD node_modules/is-regex
478 silly ADD node_modules/is-potential-custom-element-name
479 silly ADD node_modules/is-number-object
480 silly ADD node_modules/is-number
481 silly ADD node_modules/is-negative-zero
482 silly ADD node_modules/is-map
483 silly ADD node_modules/is-glob
484 silly ADD node_modules/is-generator-function
485 silly ADD node_modules/is-finalizationregistry
486 silly ADD node_modules/is-extglob
487 silly ADD node_modules/is-date-object
488 silly ADD node_modules/is-data-view
489 silly ADD node_modules/is-core-module
490 silly ADD node_modules/is-callable
491 silly ADD node_modules/is-bun-module
492 silly ADD node_modules/is-bun-module/node_modules/semver
493 silly ADD node_modules/is-boolean-object
494 silly ADD node_modules/is-bigint
495 silly ADD node_modules/is-async-function
496 silly ADD node_modules/is-array-buffer
497 silly ADD node_modules/internal-slot
498 silly ADD node_modules/indent-string
499 silly ADD node_modules/imurmurhash
500 silly ADD node_modules/import-fresh
501 silly ADD node_modules/ignore
502 silly ADD node_modules/https-proxy-agent
503 silly ADD node_modules/http-proxy-agent
504 silly ADD node_modules/html-encoding-sniffer
505 silly ADD node_modules/hermes-parser
506 silly ADD node_modules/hermes-estree
507 silly ADD node_modules/hasown
508 silly ADD node_modules/has-tostringtag
509 silly ADD node_modules/has-symbols
510 silly ADD node_modules/has-proto
511 silly ADD node_modules/has-property-descriptors
512 silly ADD node_modules/has-flag
513 silly ADD node_modules/has-bigints
514 silly ADD node_modules/graceful-fs
515 silly ADD node_modules/gopd
516 silly ADD node_modules/globalthis
517 silly ADD node_modules/globals
518 silly ADD node_modules/glob-parent
519 silly ADD node_modules/get-tsconfig
520 silly ADD node_modules/get-symbol-description
521 silly ADD node_modules/get-proto
522 silly ADD node_modules/get-intrinsic
523 silly ADD node_modules/gensync
524 silly ADD node_modules/generator-function
525 silly ADD node_modules/functions-have-names
526 silly ADD node_modules/function.prototype.name
527 silly ADD node_modules/function-bind
528 silly ADD
529 silly ADD node_modules/for-each
530 silly ADD node_modules/flatted
531 silly ADD node_modules/flat-cache
532 silly ADD node_modules/find-up
533 silly ADD node_modules/fill-range
534 silly ADD node_modules/file-entry-cache
535 silly ADD node_modules/fastq
536 silly ADD node_modules/fast-levenshtein
537 silly ADD node_modules/fast-json-stable-stringify
538 silly ADD node_modules/fast-glob
539 silly ADD node_modules/fast-glob/node_modules/glob-parent
540 silly ADD node_modules/fast-deep-equal
541 silly ADD node_modules/expect-type
542 silly ADD node_modules/esutils
543 silly ADD node_modules/estree-walker
544 silly ADD node_modules/estraverse
545 silly ADD node_modules/esrecurse
546 silly ADD node_modules/esquery
547 silly ADD node_modules/espree
548 silly ADD node_modules/eslint-visitor-keys
549 silly ADD node_modules/eslint-scope
550 silly ADD node_modules/eslint-plugin-react-hooks
551 silly ADD node_modules/eslint-plugin-react
552 silly ADD node_modules/eslint-plugin-react/node_modules/resolve
553 silly ADD node_modules/eslint-plugin-jsx-a11y
554 silly ADD node_modules/eslint-plugin-import
555 silly ADD node_modules/eslint-plugin-import/node_modules/debug
556 silly ADD node_modules/eslint-module-utils
557 silly ADD node_modules/eslint-module-utils/node_modules/debug
558 silly ADD node_modules/eslint-import-resolver-typescript
559 silly ADD node_modules/eslint-import-resolver-node
560 silly ADD node_modules/eslint-import-resolver-node/node_modules/debug
561 silly ADD node_modules/eslint-config-next
562 silly ADD node_modules/eslint-config-next/node_modules/globals
563 silly ADD node_modules/eslint
564 silly ADD node_modules/escape-string-regexp
565 silly ADD node_modules/escalade
566 silly ADD node_modules/esbuild
567 silly ADD node_modules/es-to-primitive
568 silly ADD node_modules/es-shim-unscopables
569 silly ADD node_modules/es-set-tostringtag
570 silly ADD node_modules/es-object-atoms
571 silly ADD node_modules/es-module-lexer
572 silly ADD node_modules/es-iterator-helpers
573 silly ADD node_modules/es-errors
574 silly ADD node_modules/es-define-property
575 silly ADD node_modules/es-abstract
576 silly ADD node_modules/entities
577 silly ADD node_modules/enhanced-resolve
578 silly ADD node_modules/emoji-regex
579 silly ADD node_modules/electron-to-chromium
580 silly ADD node_modules/dunder-proto
581 silly ADD node_modules/doctrine
582 silly ADD node_modules/detect-libc
583 silly ADD node_modules/define-properties
584 silly ADD node_modules/define-data-property
585 silly ADD node_modules/deep-is
586 silly ADD node_modules/decimal.js
587 silly ADD node_modules/debug
588 silly ADD node_modules/data-view-byte-offset
589 silly ADD node_modules/data-view-byte-length
590 silly ADD node_modules/data-view-buffer
591 silly ADD node_modules/data-urls
592 silly ADD node_modules/damerau-levenshtein
593 silly ADD node_modules/csstype
594 silly ADD node_modules/cssstyle
595 silly ADD node_modules/cssstyle/node_modules/lru-cache
596 silly ADD node_modules/css.escape
597 silly ADD node_modules/css-tree
598 silly ADD node_modules/cross-spawn
599 silly ADD node_modules/convert-source-map
600 silly ADD node_modules/concat-map
601 silly ADD node_modules/color-name
602 silly ADD node_modules/color-convert
603 silly ADD node_modules/clsx
604 silly ADD node_modules/client-only
605 silly ADD node_modules/chalk
606 silly ADD node_modules/chai
607 silly ADD node_modules/caniuse-lite
608 silly ADD node_modules/callsites
609 silly ADD node_modules/call-bound
610 silly ADD node_modules/call-bind-apply-helpers
611 silly ADD node_modules/call-bind
612 silly ADD node_modules/browserslist
613 silly ADD node_modules/braces
614 silly ADD node_modules/brace-expansion
615 silly ADD node_modules/bidi-js
616 silly ADD node_modules/baseline-browser-mapping
617 silly ADD node_modules/balanced-match
618 silly ADD node_modules/axobject-query
619 silly ADD node_modules/axe-core
620 silly ADD node_modules/available-typed-arrays
621 silly ADD node_modules/async-function
622 silly ADD node_modules/ast-types-flow
623 silly ADD node_modules/assertion-error
624 silly ADD node_modules/arraybuffer.prototype.slice
625 silly ADD node_modules/array.prototype.tosorted
626 silly ADD node_modules/array.prototype.flatmap
627 silly ADD node_modules/array.prototype.flat
628 silly ADD node_modules/array.prototype.findlastindex
629 silly ADD node_modules/array.prototype.findlast
630 silly ADD node_modules/array-includes
631 silly ADD node_modules/array-buffer-byte-length
632 silly ADD node_modules/aria-query
633 silly ADD node_modules/argparse
634 silly ADD node_modules/ansi-styles
635 silly ADD node_modules/ajv
636 silly ADD node_modules/agent-base
637 silly ADD node_modules/acorn-jsx
638 silly ADD node_modules/acorn
639 silly ADD node_modules/@vitest/utils
640 silly ADD node_modules/@vitest/spy
641 silly ADD node_modules/@vitest/snapshot
642 silly ADD node_modules/@vitest/runner
643 silly ADD node_modules/@vitest/pretty-format
644 silly ADD node_modules/@vitest/mocker
645 silly ADD node_modules/@vitest/expect
646 silly ADD
647 silly ADD
648 silly ADD
649 silly ADD
650 silly ADD node_modules/@unrs/resolver-binding-linux-x64-musl
651 silly ADD node_modules/@unrs/resolver-binding-linux-x64-gnu
652 silly ADD
653 silly ADD
654 silly ADD
655 silly ADD
656 silly ADD
657 silly ADD
658 silly ADD
659 silly ADD
660 silly ADD
661 silly ADD
662 silly ADD
663 silly ADD
664 silly ADD
665 silly ADD node_modules/@typescript-eslint/visitor-keys
666 silly ADD node_modules/@typescript-eslint/utils
667 silly ADD node_modules/@typescript-eslint/typescript-estree
668 silly ADD node_modules/@typescript-eslint/typescript-estree/node_modules/semver
669 silly ADD node_modules/@typescript-eslint/typescript-estree/node_modules/minimatch
670 silly ADD node_modules/@typescript-eslint/typescript-estree/node_modules/brace-expansion
671 silly ADD node_modules/@typescript-eslint/types
672 silly ADD node_modules/@typescript-eslint/type-utils
673 silly ADD node_modules/@typescript-eslint/tsconfig-utils
674 silly ADD node_modules/@typescript-eslint/scope-manager
675 silly ADD node_modules/@typescript-eslint/project-service
676 silly ADD node_modules/@typescript-eslint/parser
677 silly ADD node_modules/@typescript-eslint/eslint-plugin
678 silly ADD node_modules/@typescript-eslint/eslint-plugin/node_modules/ignore
679 silly ADD node_modules/@types/react-dom
680 silly ADD node_modules/@types/react
681 silly ADD node_modules/@types/node
682 silly ADD node_modules/@types/json5
683 silly ADD node_modules/@types/json-schema
684 silly ADD node_modules/@types/estree
685 silly ADD node_modules/@types/deep-eql
686 silly ADD node_modules/@types/chai
687 silly ADD node_modules/@tybys/wasm-util
688 silly ADD node_modules/@testing-library/react
689 silly ADD node_modules/@testing-library/jest-dom
690 silly ADD node_modules/@testing-library/jest-dom/node_modules/dom-accessibility-api
691 silly ADD node_modules/@tanstack/react-query
692 silly ADD node_modules/@tanstack/query-core
693 silly ADD node_modules/@tailwindcss/postcss
694 silly ADD
695 silly ADD
696 silly ADD
697 silly ADD node_modules/@tailwindcss/oxide-linux-x64-musl
698 silly ADD node_modules/@tailwindcss/oxide-linux-x64-gnu
699 silly ADD
700 silly ADD
701 silly ADD
702 silly ADD
703 silly ADD
704 silly ADD
705 silly ADD
706 silly ADD node_modules/@tailwindcss/oxide
707 silly ADD node_modules/@tailwindcss/node
708 silly ADD node_modules/@swc/helpers
709 silly ADD node_modules/@standard-schema/spec
710 silly ADD node_modules/@rtsao/scc
711 silly ADD
712 silly ADD
713 silly ADD
714 silly ADD
715 silly ADD
716 silly ADD
717 silly ADD node_modules/@rollup/rollup-linux-x64-musl
718 silly ADD node_modules/@rollup/rollup-linux-x64-gnu
719 silly ADD
720 silly ADD
721 silly ADD
722 silly ADD
723 silly ADD
724 silly ADD
725 silly ADD
726 silly ADD
727 silly ADD
728 silly ADD
729 silly ADD
730 silly ADD
731 silly ADD
732 silly ADD
733 silly ADD
734 silly ADD
735 silly ADD
736 silly ADD node_modules/@nolyfill/is-core-module
737 silly ADD node_modules/@nodelib/fs.walk
738 silly ADD node_modules/@nodelib/fs.stat
739 silly ADD node_modules/@nodelib/fs.scandir
740 silly ADD
741 silly ADD
742 silly ADD node_modules/@next/swc-linux-x64-musl
743 silly ADD node_modules/@next/swc-linux-x64-gnu
744 silly ADD
745 silly ADD
746 silly ADD
747 silly ADD
748 silly ADD node_modules/@next/eslint-plugin-next
749 silly ADD node_modules/@next/env
750 silly ADD node_modules/@napi-rs/wasm-runtime
751 silly ADD node_modules/@jridgewell/trace-mapping
752 silly ADD node_modules/@jridgewell/sourcemap-codec
753 silly ADD node_modules/@jridgewell/resolve-uri
754 silly ADD node_modules/@jridgewell/remapping
755 silly ADD node_modules/@jridgewell/gen-mapping
756 silly ADD
757 silly ADD
758 silly ADD
759 silly ADD
760 silly ADD node_modules/@img/sharp-linuxmusl-x64
761 silly ADD
762 silly ADD node_modules/@img/sharp-linux-x64
763 silly ADD
764 silly ADD
765 silly ADD
766 silly ADD
767 silly ADD
768 silly ADD node_modules/@img/sharp-libvips-linuxmusl-x64
769 silly ADD
770 silly ADD node_modules/@img/sharp-libvips-linux-x64
771 silly ADD
772 silly ADD
773 silly ADD
774 silly ADD
775 silly ADD
776 silly ADD
777 silly ADD
778 silly ADD
779 silly ADD
780 silly ADD node_modules/@img/colour
781 silly ADD node_modules/@humanwhocodes/retry
782 silly ADD node_modules/@humanwhocodes/module-importer
783 silly ADD node_modules/@humanfs/node
784 silly ADD node_modules/@humanfs/core
785 silly ADD node_modules/@exodus/bytes
786 silly ADD node_modules/@eslint/plugin-kit
787 silly ADD node_modules/@eslint/object-schema
788 silly ADD node_modules/@eslint/js
789 silly ADD node_modules/@eslint/eslintrc
790 silly ADD node_modules/@eslint/core
791 silly ADD node_modules/@eslint/config-helpers
792 silly ADD node_modules/@eslint/config-array
793 silly ADD node_modules/@eslint-community/regexpp
794 silly ADD node_modules/@eslint-community/eslint-utils
795 silly ADD node_modules/@eslint-community/eslint-utils/node_modules/eslint-visitor-keys
796 silly ADD
797 silly ADD
798 silly ADD
799 silly ADD
800 silly ADD
801 silly ADD
802 silly ADD
803 silly ADD
804 silly ADD
805 silly ADD node_modules/@esbuild/linux-x64
806 silly ADD
807 silly ADD
808 silly ADD
809 silly ADD
810 silly ADD
811 silly ADD
812 silly ADD
813 silly ADD
814 silly ADD
815 silly ADD
816 silly ADD
817 silly ADD
818 silly ADD
819 silly ADD
820 silly ADD
821 silly ADD
822 silly ADD node_modules/@emnapi/wasi-threads
823 silly ADD node_modules/@emnapi/runtime
824 silly ADD node_modules/@emnapi/core
825 silly ADD node_modules/@csstools/css-tokenizer
826 silly ADD node_modules/@csstools/css-syntax-patches-for-csstree
827 silly ADD node_modules/@csstools/css-parser-algorithms
828 silly ADD node_modules/@csstools/css-color-parser
829 silly ADD node_modules/@csstools/css-calc
830 silly ADD node_modules/@csstools/color-helpers
831 silly ADD node_modules/@bramus/specificity
832 silly ADD node_modules/@babel/types
833 silly ADD node_modules/@babel/traverse
834 silly ADD node_modules/@babel/template
835 silly ADD node_modules/@babel/runtime
836 silly ADD node_modules/@babel/parser
837 silly ADD node_modules/@babel/helpers
838 silly ADD node_modules/@babel/helper-validator-option
839 silly ADD node_modules/@babel/helper-validator-identifier
840 silly ADD node_modules/@babel/helper-string-parser
841 silly ADD node_modules/@babel/helper-module-transforms
842 silly ADD node_modules/@babel/helper-module-imports
843 silly ADD node_modules/@babel/helper-globals
844 silly ADD node_modules/@babel/helper-compilation-targets
845 silly ADD node_modules/@babel/generator
846 silly ADD node_modules/@babel/core
847 silly ADD node_modules/@babel/compat-data
848 silly ADD node_modules/@babel/code-frame
849 silly ADD node_modules/@asamuzakjp/nwsapi
850 silly ADD node_modules/@asamuzakjp/dom-selector
851 silly ADD node_modules/@asamuzakjp/dom-selector/node_modules/lru-cache
852 silly ADD node_modules/@asamuzakjp/css-color
853 silly ADD node_modules/@asamuzakjp/css-color/node_modules/lru-cache
854 silly ADD node_modules/@alloc/quick-lru
855 silly ADD node_modules/@adobe/css-tools
856 silly ADD node_modules/@acemir/cssom
857 verbose cwd /home/blackroad/actions-runner/_work/blackroad/blackroad/orgs/core/blackroad-os-web
858 verbose os Linux 5.15.0-113-generic
859 verbose node v20.20.0
860 verbose npm  v10.8.2
861 verbose exit 0
862 info ok
