0 verbose cli [ '/usr/bin/node', '/usr/bin/npm', 'install', '-g', '@salesforce/cli' ]
1 info using npm@8.5.1
2 info using node@v12.22.9
3 timing npm:load:whichnode Completed in 0ms
4 timing config:load:defaults Completed in 2ms
5 timing config:load:file:/usr/share/nodejs/npm/npmrc Completed in 11ms
6 timing config:load:builtin Completed in 11ms
7 timing config:load:cli Completed in 3ms
8 timing config:load:env Completed in 1ms
9 timing config:load:project Completed in 4ms
10 timing config:load:file:/root/.npmrc Completed in 4ms
11 timing config:load:user Completed in 4ms
12 timing config:load:file:/etc/npmrc Completed in 0ms
13 timing config:load:global Completed in 0ms
14 timing config:load:validate Completed in 1ms
15 timing config:load:credentials Completed in 1ms
16 timing config:load:setEnvs Completed in 1ms
17 timing config:load Completed in 28ms
18 timing npm:load:configload Completed in 29ms
19 timing npm:load:setTitle Completed in 1ms
20 timing config:load:flatten Completed in 4ms
21 timing npm:load:display Completed in 5ms
22 verbose logfile /root/.npm/_logs/2026-02-23T22_25_50_351Z-debug-0.log
23 timing npm:load:logFile Completed in 7ms
24 timing npm:load:timers Completed in 0ms
25 timing npm:load:configScope Completed in 0ms
26 timing npm:load Completed in 43ms
27 timing arborist:ctor Completed in 6ms
28 timing idealTree:init Completed in 6ms
29 timing idealTree:userRequests Completed in 3ms
30 silly idealTree buildDeps
31 silly fetch manifest @salesforce/cli@*
32 http fetch GET 200 https://registry.npmjs.org/@salesforce%2fcli 177ms (cache miss)
33 silly placeDep ROOT @salesforce/cli@2.123.1 OK for:  want: *
34 silly fetch manifest ansis@^3.12.0
35 silly fetch manifest @oclif/core@4.8.0
36 silly fetch manifest @salesforce/kit@^3.1.6
37 silly fetch manifest @inquirer/select@^2.3.5
38 silly fetch manifest @salesforce/core@^8.25.0
39 silly fetch manifest @oclif/plugin-help@6.2.37
40 silly fetch manifest @oclif/plugin-which@3.2.43
41 silly fetch manifest @oclif/plugin-search@1.2.38
42 silly fetch manifest @oclif/plugin-update@4.7.19
43 silly fetch manifest @oclif/plugin-plugins@5.4.56
44 silly fetch manifest @oclif/plugin-version@2.2.36
45 silly fetch manifest @oclif/plugin-commands@4.1.40
46 silly fetch manifest @salesforce/plugin-api@1.3.9
47 silly fetch manifest @salesforce/plugin-org@5.9.66
48 silly fetch manifest @oclif/plugin-not-found@3.2.74
49 silly fetch manifest @salesforce/plugin-apex@3.9.6
50 silly fetch manifest @salesforce/plugin-auth@4.1.5
51 silly fetch manifest @salesforce/plugin-data@4.0.68
52 silly fetch manifest @salesforce/plugin-info@3.4.101
53 silly fetch manifest @salesforce/plugin-user@3.6.49
54 silly fetch manifest @salesforce/plugin-agent@1.29.0
55 silly fetch manifest @salesforce/plugin-trust@3.7.113
56 silly fetch manifest @salesforce/plugin-limits@3.3.75
57 silly fetch manifest @salesforce/plugin-schema@3.3.91
58 silly fetch manifest @oclif/plugin-autocomplete@3.2.40
59 silly fetch manifest @salesforce/plugin-sobject@1.4.82
60 silly fetch manifest @salesforce/plugin-settings@2.4.55
61 silly fetch manifest @salesforce/sf-plugins-core@12.2.6
62 silly fetch manifest @salesforce/plugin-packaging@2.25.1
63 silly fetch manifest @salesforce/plugin-telemetry@3.7.2
64 silly fetch manifest @salesforce/plugin-templates@56.4.7
65 silly fetch manifest @salesforce/plugin-marketplace@1.3.10
66 silly fetch manifest @salesforce/plugin-deploy-retrieve@3.24.8
67 silly fetch manifest @oclif/plugin-warn-if-update-available@3.1.55
68 http fetch GET 200 https://registry.npmjs.org/ansis 161ms (cache miss)
69 http fetch GET 200 https://registry.npmjs.org/@inquirer%2fselect 192ms (cache miss)
70 http fetch GET 200 https://registry.npmjs.org/@oclif%2fplugin-help 196ms (cache miss)
71 http fetch GET 200 https://registry.npmjs.org/@oclif%2fplugin-not-found 246ms (cache miss)
72 http fetch GET 200 https://registry.npmjs.org/@oclif%2fcore 284ms (cache miss)
73 http fetch GET 200 https://registry.npmjs.org/@oclif%2fplugin-version 329ms (cache miss)
74 http fetch GET 200 https://registry.npmjs.org/@salesforce%2fplugin-api 419ms (cache miss)
75 http fetch GET 200 https://registry.npmjs.org/@oclif%2fplugin-search 465ms (cache miss)
76 http fetch GET 200 https://registry.npmjs.org/@oclif%2fplugin-which 492ms (cache miss)
77 http fetch GET 200 https://registry.npmjs.org/@oclif%2fplugin-commands 506ms (cache miss)
78 http fetch GET 200 https://registry.npmjs.org/@salesforce%2fplugin-info 519ms (cache miss)
79 http fetch GET 200 https://registry.npmjs.org/@salesforce%2fkit 558ms (cache miss)
80 http fetch GET 200 https://registry.npmjs.org/@salesforce%2fplugin-auth 594ms (cache miss)
81 http fetch GET 200 https://registry.npmjs.org/@oclif%2fplugin-update 617ms (cache miss)
82 http fetch GET 200 https://registry.npmjs.org/@oclif%2fplugin-plugins 670ms (cache miss)
83 http fetch GET 200 https://registry.npmjs.org/@salesforce%2fplugin-apex 674ms (cache miss)
84 http fetch GET 200 https://registry.npmjs.org/@salesforce%2fplugin-org 714ms (cache miss)
85 http fetch GET 200 https://registry.npmjs.org/@oclif%2fplugin-autocomplete 685ms (cache miss)
86 http fetch GET 200 https://registry.npmjs.org/@salesforce%2fplugin-agent 726ms (cache miss)
87 http fetch GET 200 https://registry.npmjs.org/@salesforce%2fplugin-marketplace 724ms (cache miss)
88 http fetch GET 200 https://registry.npmjs.org/@salesforce%2fplugin-limits 753ms (cache miss)
89 http fetch GET 200 https://registry.npmjs.org/@salesforce%2fplugin-telemetry 757ms (cache miss)
90 http fetch GET 200 https://registry.npmjs.org/@salesforce%2fplugin-schema 770ms (cache miss)
91 http fetch GET 200 https://registry.npmjs.org/@salesforce%2fplugin-settings 769ms (cache miss)
92 http fetch GET 200 https://registry.npmjs.org/@salesforce%2fplugin-data 809ms (cache miss)
93 http fetch GET 200 https://registry.npmjs.org/@salesforce%2fplugin-sobject 778ms (cache miss)
94 http fetch GET 200 https://registry.npmjs.org/@salesforce%2fplugin-packaging 779ms (cache miss)
95 http fetch GET 200 https://registry.npmjs.org/@salesforce%2fplugin-templates 781ms (cache miss)
96 http fetch GET 200 https://registry.npmjs.org/@salesforce%2fplugin-user 825ms (cache miss)
97 http fetch GET 200 https://registry.npmjs.org/@oclif%2fplugin-warn-if-update-available 790ms (cache miss)
98 http fetch GET 200 https://registry.npmjs.org/@salesforce%2fcore 860ms (cache miss)
99 http fetch GET 200 https://registry.npmjs.org/@salesforce%2fplugin-trust 841ms (cache miss)
100 http fetch GET 200 https://registry.npmjs.org/@salesforce%2fsf-plugins-core 819ms (cache miss)
101 http fetch GET 200 https://registry.npmjs.org/@salesforce%2fplugin-deploy-retrieve 819ms (cache miss)
102 timing idealTree:#root Completed in 1113ms
103 timing idealTree:buildDeps Completed in 1115ms
104 timing idealTree:fixDepFlags Completed in 1ms
105 warn EBADENGINE Unsupported engine {
105 warn EBADENGINE   package: '@salesforce/cli@2.123.1',
105 warn EBADENGINE   required: { node: '>=18.6.0' },
105 warn EBADENGINE   current: { node: 'v12.22.9', npm: '8.5.1' }
105 warn EBADENGINE }
106 timing idealTree Completed in 1129ms
107 timing reify:loadTrees Completed in 1130ms
108 timing reify:diffTrees Completed in 1ms
109 silly reify moves {}
110 timing reify:retireShallow Completed in 0ms
111 timing reify:createSparse Completed in 2ms
112 silly tarball no local data for @salesforce/cli@https://registry.npmjs.org/@salesforce/cli/-/cli-2.123.1.tgz. Extracting by manifest.
113 http fetch GET 200 https://registry.npmjs.org/@salesforce/cli/-/cli-2.123.1.tgz 171ms (cache miss)
114 timing reifyNode:node_modules/@salesforce/cli Completed in 178ms
115 timing arborist:ctor Completed in 1ms
116 timing reify:diffTrees Completed in 33ms
117 timing reify:createSparse Completed in 359ms
118 timing reify:loadShrinkwraps Completed in 2729ms
119 silly tarball no local data for npm@https://registry.npmjs.org/npm/-/npm-10.9.4.tgz. Extracting by manifest.
120 http fetch GET 200 https://registry.npmjs.org/npm/-/npm-10.9.4.tgz 1512ms (cache miss)
121 timing reifyNode:node_modules/@salesforce/cli/node_modules/npm Completed in 1516ms
122 timing arborist:ctor Completed in 1ms
123 silly reify mark deleted [ '/usr/local/lib/node_modules/@salesforce/cli/node_modules/abbrev' ]
124 silly reify mark deleted [ '/usr/local/lib/node_modules/@salesforce/cli/node_modules/aproba' ]
125 silly reify mark deleted [
125 silly reify   '/usr/local/lib/node_modules/@salesforce/cli/node_modules/bin-links'
125 silly reify ]
126 silly reify mark deleted [ '/usr/local/lib/node_modules/@salesforce/cli/node_modules/cacache' ]
127 silly reify mark deleted [ '/usr/local/lib/node_modules/@salesforce/cli/node_modules/chownr' ]
128 silly reify mark deleted [
128 silly reify   '/usr/local/lib/node_modules/@salesforce/cli/node_modules/cidr-regex'
128 silly reify ]
129 silly reify mark deleted [
129 silly reify   '/usr/local/lib/node_modules/@salesforce/cli/node_modules/cli-columns'
129 silly reify ]
130 silly reify mark deleted [ '/usr/local/lib/node_modules/@salesforce/cli/node_modules/cmd-shim' ]
131 silly reify mark deleted [
131 silly reify   '/usr/local/lib/node_modules/@salesforce/cli/node_modules/common-ancestor-path'
131 silly reify ]
132 silly reify mark deleted [
132 silly reify   '/usr/local/lib/node_modules/@salesforce/cli/node_modules/cssesc',
132 silly reify   '/usr/local/lib/node_modules/@salesforce/cli/node_modules/.bin/cssesc'
132 silly reify ]
133 silly reify mark deleted [
133 silly reify   '/usr/local/lib/node_modules/@salesforce/cli/node_modules/env-paths'
133 silly reify ]
134 silly reify mark deleted [ '/usr/local/lib/node_modules/@salesforce/cli/node_modules/err-code' ]
135 silly reify mark deleted [
135 silly reify   '/usr/local/lib/node_modules/@salesforce/cli/node_modules/exponential-backoff'
135 silly reify ]
136 silly reify mark deleted [
136 silly reify   '/usr/local/lib/node_modules/@salesforce/cli/node_modules/hosted-git-info'
136 silly reify ]
137 silly reify mark deleted [
137 silly reify   '/usr/local/lib/node_modules/@salesforce/cli/node_modules/ignore-walk'
137 silly reify ]
138 silly reify mark deleted [
138 silly reify   '/usr/local/lib/node_modules/@salesforce/cli/node_modules/init-package-json'
138 silly reify ]
139 silly reify mark deleted [ '/usr/local/lib/node_modules/@salesforce/cli/node_modules/ip-regex' ]
140 silly reify mark deleted [ '/usr/local/lib/node_modules/@salesforce/cli/node_modules/is-cidr' ]
141 silly reify mark deleted [
141 silly reify   '/usr/local/lib/node_modules/@salesforce/cli/node_modules/json-parse-even-better-errors'
141 silly reify ]
142 silly reify mark deleted [
142 silly reify   '/usr/local/lib/node_modules/@salesforce/cli/node_modules/json-stringify-nice'
142 silly reify ]
143 silly reify mark deleted [
143 silly reify   '/usr/local/lib/node_modules/@salesforce/cli/node_modules/just-diff-apply'
143 silly reify ]
144 silly reify mark deleted [
144 silly reify   '/usr/local/lib/node_modules/@salesforce/cli/node_modules/libnpmaccess'
144 silly reify ]
145 silly reify mark deleted [
145 silly reify   '/usr/local/lib/node_modules/@salesforce/cli/node_modules/libnpmdiff'
145 silly reify ]
146 silly reify mark deleted [
146 silly reify   '/usr/local/lib/node_modules/@salesforce/cli/node_modules/libnpmexec'
146 silly reify ]
147 silly reify mark deleted [
147 silly reify   '/usr/local/lib/node_modules/@salesforce/cli/node_modules/libnpmfund'
147 silly reify ]
148 silly reify mark deleted [
148 silly reify   '/usr/local/lib/node_modules/@salesforce/cli/node_modules/libnpmhook'
148 silly reify ]
149 silly reify mark deleted [
149 silly reify   '/usr/local/lib/node_modules/@salesforce/cli/node_modules/libnpmorg'
149 silly reify ]
150 silly reify mark deleted [
150 silly reify   '/usr/local/lib/node_modules/@salesforce/cli/node_modules/libnpmpack'
150 silly reify ]
151 silly reify mark deleted [
151 silly reify   '/usr/local/lib/node_modules/@salesforce/cli/node_modules/libnpmpublish'
151 silly reify ]
152 silly reify mark deleted [
152 silly reify   '/usr/local/lib/node_modules/@salesforce/cli/node_modules/libnpmsearch'
152 silly reify ]
153 silly reify mark deleted [
153 silly reify   '/usr/local/lib/node_modules/@salesforce/cli/node_modules/libnpmteam'
153 silly reify ]
154 silly reify mark deleted [
154 silly reify   '/usr/local/lib/node_modules/@salesforce/cli/node_modules/libnpmversion'
154 silly reify ]
155 silly reify mark deleted [
155 silly reify   '/usr/local/lib/node_modules/@salesforce/cli/node_modules/make-fetch-happen'
155 silly reify ]
156 silly reify mark deleted [
156 silly reify   '/usr/local/lib/node_modules/@salesforce/cli/node_modules/minipass-collect'
156 silly reify ]
157 silly reify mark deleted [
157 silly reify   '/usr/local/lib/node_modules/@salesforce/cli/node_modules/minipass-fetch'
157 silly reify ]
158 silly reify mark deleted [
158 silly reify   '/usr/local/lib/node_modules/@salesforce/cli/node_modules/minipass-flush'
158 silly reify ]
159 silly reify mark deleted [
159 silly reify   '/usr/local/lib/node_modules/@salesforce/cli/node_modules/minipass-pipeline'
159 silly reify ]
160 silly reify mark deleted [
160 silly reify   '/usr/local/lib/node_modules/@salesforce/cli/node_modules/minipass-sized'
160 silly reify ]
161 silly reify mark deleted [
161 silly reify   '/usr/local/lib/node_modules/@salesforce/cli/node_modules/mkdirp',
161 silly reify   '/usr/local/lib/node_modules/@salesforce/cli/node_modules/.bin/mkdirp'
161 silly reify ]
162 silly reify mark deleted [
162 silly reify   '/usr/local/lib/node_modules/@salesforce/cli/node_modules/node-gyp',
162 silly reify   '/usr/local/lib/node_modules/@salesforce/cli/node_modules/.bin/node-gyp'
162 silly reify ]
163 silly reify mark deleted [
163 silly reify   '/usr/local/lib/node_modules/@salesforce/cli/node_modules/nopt',
163 silly reify   '/usr/local/lib/node_modules/@salesforce/cli/node_modules/.bin/nopt'
163 silly reify ]
164 silly reify mark deleted [
164 silly reify   '/usr/local/lib/node_modules/@salesforce/cli/node_modules/npm-audit-report'
164 silly reify ]
165 silly reify mark deleted [
165 silly reify   '/usr/local/lib/node_modules/@salesforce/cli/node_modules/npm-bundled'
165 silly reify ]
166 silly reify mark deleted [
166 silly reify   '/usr/local/lib/node_modules/@salesforce/cli/node_modules/npm-install-checks'
166 silly reify ]
167 silly reify mark deleted [
167 silly reify   '/usr/local/lib/node_modules/@salesforce/cli/node_modules/npm-normalize-package-bin'
167 silly reify ]
168 silly reify mark deleted [
168 silly reify   '/usr/local/lib/node_modules/@salesforce/cli/node_modules/npm-package-arg'
168 silly reify ]
169 silly reify mark deleted [
169 silly reify   '/usr/local/lib/node_modules/@salesforce/cli/node_modules/npm-packlist'
169 silly reify ]
170 silly reify mark deleted [
170 silly reify   '/usr/local/lib/node_modules/@salesforce/cli/node_modules/npm-pick-manifest'
170 silly reify ]
171 silly reify mark deleted [
171 silly reify   '/usr/local/lib/node_modules/@salesforce/cli/node_modules/npm-profile'
171 silly reify ]
172 silly reify mark deleted [
172 silly reify   '/usr/local/lib/node_modules/@salesforce/cli/node_modules/npm-registry-fetch'
172 silly reify ]
173 silly reify mark deleted [
173 silly reify   '/usr/local/lib/node_modules/@salesforce/cli/node_modules/npm-user-validate'
173 silly reify ]
174 silly reify mark deleted [
174 silly reify   '/usr/local/lib/node_modules/@salesforce/cli/node_modules/pacote',
174 silly reify   '/usr/local/lib/node_modules/@salesforce/cli/node_modules/.bin/pacote'
174 silly reify ]
175 silly reify mark deleted [
175 silly reify   '/usr/local/lib/node_modules/@salesforce/cli/node_modules/parse-conflict-json'
175 silly reify ]
176 silly reify mark deleted [
176 silly reify   '/usr/local/lib/node_modules/@salesforce/cli/node_modules/postcss-selector-parser'
176 silly reify ]
177 silly reify mark deleted [ '/usr/local/lib/node_modules/@salesforce/cli/node_modules/proc-log' ]
178 silly reify mark deleted [ '/usr/local/lib/node_modules/@salesforce/cli/node_modules/proggy' ]
179 silly reify mark deleted [
179 silly reify   '/usr/local/lib/node_modules/@salesforce/cli/node_modules/promise-all-reject-late'
179 silly reify ]
180 silly reify mark deleted [
180 silly reify   '/usr/local/lib/node_modules/@salesforce/cli/node_modules/promise-call-limit'
180 silly reify ]
181 silly reify mark deleted [
181 silly reify   '/usr/local/lib/node_modules/@salesforce/cli/node_modules/promise-retry'
181 silly reify ]
182 silly reify mark deleted [ '/usr/local/lib/node_modules/@salesforce/cli/node_modules/promzard' ]
183 silly reify mark deleted [
183 silly reify   '/usr/local/lib/node_modules/@salesforce/cli/node_modules/qrcode-terminal',
183 silly reify   '/usr/local/lib/node_modules/@salesforce/cli/node_modules/.bin/qrcode-terminal'
183 silly reify ]
184 silly reify mark deleted [ '/usr/local/lib/node_modules/@salesforce/cli/node_modules/read' ]
185 silly reify mark deleted [
185 silly reify   '/usr/local/lib/node_modules/@salesforce/cli/node_modules/read-cmd-shim'
185 silly reify ]
186 silly reify mark deleted [
186 silly reify   '/usr/local/lib/node_modules/@salesforce/cli/node_modules/read-package-json-fast'
186 silly reify ]
187 silly reify mark deleted [ '/usr/local/lib/node_modules/@salesforce/cli/node_modules/sigstore' ]
188 silly reify mark deleted [ '/usr/local/lib/node_modules/@salesforce/cli/node_modules/ssri' ]
189 silly reify mark deleted [ '/usr/local/lib/node_modules/@salesforce/cli/node_modules/tar' ]
190 silly reify mark deleted [
190 silly reify   '/usr/local/lib/node_modules/@salesforce/cli/node_modules/tiny-relative-date'
190 silly reify ]
191 silly reify mark deleted [
191 silly reify   '/usr/local/lib/node_modules/@salesforce/cli/node_modules/treeverse'
191 silly reify ]
192 silly reify mark deleted [ '/usr/local/lib/node_modules/@salesforce/cli/node_modules/tuf-js' ]
193 silly reify mark deleted [
193 silly reify   '/usr/local/lib/node_modules/@salesforce/cli/node_modules/unique-filename'
193 silly reify ]
194 silly reify mark deleted [
194 silly reify   '/usr/local/lib/node_modules/@salesforce/cli/node_modules/unique-slug'
194 silly reify ]
195 silly reify mark deleted [
195 silly reify   '/usr/local/lib/node_modules/@salesforce/cli/node_modules/walk-up-path'
195 silly reify ]
196 silly reify mark deleted [
196 silly reify   '/usr/local/lib/node_modules/@salesforce/cli/node_modules/which',
196 silly reify   '/usr/local/lib/node_modules/@salesforce/cli/node_modules/.bin/node-which'
196 silly reify ]
197 silly reify mark deleted [
197 silly reify   '/usr/local/lib/node_modules/@salesforce/cli/node_modules/write-file-atomic'
197 silly reify ]
198 silly reify mark deleted [
198 silly reify   '/usr/local/lib/node_modules/@salesforce/cli/node_modules/@isaacs/string-locale-compare'
198 silly reify ]
199 silly reify mark deleted [
199 silly reify   '/usr/local/lib/node_modules/@salesforce/cli/node_modules/@npmcli/agent'
199 silly reify ]
200 silly reify mark deleted [
200 silly reify   '/usr/local/lib/node_modules/@salesforce/cli/node_modules/@npmcli/arborist',
200 silly reify   '/usr/local/lib/node_modules/@salesforce/cli/node_modules/.bin/arborist'
200 silly reify ]
201 silly reify mark deleted [
201 silly reify   '/usr/local/lib/node_modules/@salesforce/cli/node_modules/@npmcli/config'
201 silly reify ]
202 silly reify mark deleted [
202 silly reify   '/usr/local/lib/node_modules/@salesforce/cli/node_modules/@npmcli/fs'
202 silly reify ]
203 silly reify mark deleted [
203 silly reify   '/usr/local/lib/node_modules/@salesforce/cli/node_modules/@npmcli/git'
203 silly reify ]
204 silly reify mark deleted [
204 silly reify   '/usr/local/lib/node_modules/@salesforce/cli/node_modules/@npmcli/installed-package-contents',
204 silly reify   '/usr/local/lib/node_modules/@salesforce/cli/node_modules/.bin/installed-package-contents'
204 silly reify ]
205 silly reify mark deleted [
205 silly reify   '/usr/local/lib/node_modules/@salesforce/cli/node_modules/@npmcli/map-workspaces'
205 silly reify ]
206 silly reify mark deleted [
206 silly reify   '/usr/local/lib/node_modules/@salesforce/cli/node_modules/@npmcli/metavuln-calculator'
206 silly reify ]
207 silly reify mark deleted [
207 silly reify   '/usr/local/lib/node_modules/@salesforce/cli/node_modules/@npmcli/name-from-folder'
207 silly reify ]
208 silly reify mark deleted [
208 silly reify   '/usr/local/lib/node_modules/@salesforce/cli/node_modules/@npmcli/node-gyp'
208 silly reify ]
209 silly reify mark deleted [
209 silly reify   '/usr/local/lib/node_modules/@salesforce/cli/node_modules/@npmcli/package-json'
209 silly reify ]
210 silly reify mark deleted [
210 silly reify   '/usr/local/lib/node_modules/@salesforce/cli/node_modules/@npmcli/promise-spawn'
210 silly reify ]
211 silly reify mark deleted [
211 silly reify   '/usr/local/lib/node_modules/@salesforce/cli/node_modules/@npmcli/query'
211 silly reify ]
212 silly reify mark deleted [
212 silly reify   '/usr/local/lib/node_modules/@salesforce/cli/node_modules/@npmcli/redact'
212 silly reify ]
213 silly reify mark deleted [
213 silly reify   '/usr/local/lib/node_modules/@salesforce/cli/node_modules/@npmcli/run-script'
213 silly reify ]
214 silly reify mark deleted [
214 silly reify   '/usr/local/lib/node_modules/@salesforce/cli/node_modules/@sigstore/protobuf-specs'
214 silly reify ]
215 silly reify mark deleted [
215 silly reify   '/usr/local/lib/node_modules/@salesforce/cli/node_modules/@sigstore/tuf'
215 silly reify ]
216 silly reify mark deleted [
216 silly reify   '/usr/local/lib/node_modules/@salesforce/cli/node_modules/@tufjs/canonical-json'
216 silly reify ]
217 silly reify mark deleted [
217 silly reify   '/usr/local/lib/node_modules/@salesforce/cli/node_modules/fs-minipass'
217 silly reify ]
218 silly reify mark deleted [
218 silly reify   '/usr/local/lib/node_modules/@salesforce/cli/node_modules/cacache/node_modules/p-map'
218 silly reify ]
219 silly reify mark deleted [
219 silly reify   '/usr/local/lib/node_modules/@salesforce/cli/node_modules/cacache/node_modules/tar'
219 silly reify ]
220 silly reify mark deleted [
220 silly reify   '/usr/local/lib/node_modules/@salesforce/cli/node_modules/init-package-json/node_modules/validate-npm-package-name'
220 silly reify ]
221 silly reify mark deleted [
221 silly reify   '/usr/local/lib/node_modules/@salesforce/cli/node_modules/libnpmpublish/node_modules/normalize-package-data'
221 silly reify ]
222 silly reify mark deleted [
222 silly reify   '/usr/local/lib/node_modules/@salesforce/cli/node_modules/negotiator'
222 silly reify ]
223 silly reify mark deleted [
223 silly reify   '/usr/local/lib/node_modules/@salesforce/cli/node_modules/minipass-flush/node_modules/minipass'
223 silly reify ]
224 silly reify mark deleted [
224 silly reify   '/usr/local/lib/node_modules/@salesforce/cli/node_modules/minipass-pipeline/node_modules/minipass'
224 silly reify ]
225 silly reify mark deleted [
225 silly reify   '/usr/local/lib/node_modules/@salesforce/cli/node_modules/minipass-sized/node_modules/minipass'
225 silly reify ]
226 silly reify mark deleted [
226 silly reify   '/usr/local/lib/node_modules/@salesforce/cli/node_modules/node-gyp/node_modules/tar'
226 silly reify ]
227 silly reify mark deleted [
227 silly reify   '/usr/local/lib/node_modules/@salesforce/cli/node_modules/npm-package-arg/node_modules/validate-npm-package-name'
227 silly reify ]
228 silly reify mark deleted [
228 silly reify   '/usr/local/lib/node_modules/@salesforce/cli/node_modules/parse-conflict-json/node_modules/just-diff'
228 silly reify ]
229 silly reify mark deleted [
229 silly reify   '/usr/local/lib/node_modules/@salesforce/cli/node_modules/read/node_modules/mute-stream'
229 silly reify ]
230 silly reify mark deleted [
230 silly reify   '/usr/local/lib/node_modules/@salesforce/cli/node_modules/@sigstore/bundle'
230 silly reify ]
231 silly reify mark deleted [
231 silly reify   '/usr/local/lib/node_modules/@salesforce/cli/node_modules/@sigstore/core'
231 silly reify ]
232 silly reify mark deleted [
232 silly reify   '/usr/local/lib/node_modules/@salesforce/cli/node_modules/@sigstore/sign'
232 silly reify ]
233 silly reify mark deleted [
233 silly reify   '/usr/local/lib/node_modules/@salesforce/cli/node_modules/@sigstore/verify'
233 silly reify ]
234 silly reify mark deleted [
234 silly reify   '/usr/local/lib/node_modules/@salesforce/cli/node_modules/tar/node_modules/fs-minipass'
234 silly reify ]
235 silly reify mark deleted [
235 silly reify   '/usr/local/lib/node_modules/@salesforce/cli/node_modules/tar/node_modules/minipass'
235 silly reify ]
236 silly reify mark deleted [
236 silly reify   '/usr/local/lib/node_modules/@salesforce/cli/node_modules/tar/node_modules/minizlib'
236 silly reify ]
237 silly reify mark deleted [
237 silly reify   '/usr/local/lib/node_modules/@salesforce/cli/node_modules/@tufjs/models'
237 silly reify ]
238 silly reify mark deleted [
238 silly reify   '/usr/local/lib/node_modules/@salesforce/cli/node_modules/write-file-atomic/node_modules/signal-exit'
238 silly reify ]
239 silly reify mark deleted [
239 silly reify   '/usr/local/lib/node_modules/@salesforce/cli/node_modules/@npmcli/config/node_modules/ini'
239 silly reify ]
240 silly reify mark deleted [
240 silly reify   '/usr/local/lib/node_modules/@salesforce/cli/node_modules/@npmcli/git/node_modules/ini'
240 silly reify ]
241 silly reify mark deleted [
241 silly reify   '/usr/local/lib/node_modules/@salesforce/cli/node_modules/promise-inflight'
241 silly reify ]
242 silly reify mark deleted [
242 silly reify   '/usr/local/lib/node_modules/@salesforce/cli/node_modules/@sigstore/tuf/node_modules/@sigstore/protobuf-specs'
242 silly reify ]
243 silly reify mark deleted [
243 silly reify   '/usr/local/lib/node_modules/@salesforce/cli/node_modules/cacache/node_modules/chownr'
243 silly reify ]
244 silly reify mark deleted [
244 silly reify   '/usr/local/lib/node_modules/@salesforce/cli/node_modules/cacache/node_modules/yallist'
244 silly reify ]
245 silly reify mark deleted [
245 silly reify   '/usr/local/lib/node_modules/@salesforce/cli/node_modules/node-gyp/node_modules/chownr'
245 silly reify ]
246 silly reify mark deleted [
246 silly reify   '/usr/local/lib/node_modules/@salesforce/cli/node_modules/node-gyp/node_modules/yallist'
246 silly reify ]
247 silly reify mark deleted [
247 silly reify   '/usr/local/lib/node_modules/@salesforce/cli/node_modules/tar/node_modules/fs-minipass/node_modules/minipass'
247 silly reify ]
248 silly reify mark deleted [
248 silly reify   '/usr/local/lib/node_modules/@salesforce/cli/node_modules/tar/node_modules/minizlib/node_modules/minipass'
248 silly reify ]
249 timing reify:diffTrees Completed in 42ms
250 timing reify:loadBundles Completed in 2015ms
251 silly audit bulk request {
251 silly audit   '@salesforce/cli': [ '2.123.1' ],
251 silly audit   '@aashutoshrathi/word-wrap': [ '1.2.6' ],
251 silly audit   '@alcalzone/ansi-tokenize': [ '0.1.3' ],
251 silly audit   'is-fullwidth-code-point': [ '4.0.0', '3.0.0', '5.0.0' ],
251 silly audit   '@ampproject/remapping': [ '2.3.0' ],
251 silly audit   '@aws-crypto/crc32': [ '5.2.0' ],
251 silly audit   '@aws-crypto/crc32c': [ '5.2.0' ],
251 silly audit   '@aws-crypto/sha1-browser': [ '5.2.0' ],
251 silly audit   '@smithy/is-array-buffer': [ '2.2.0', '4.2.0' ],
251 silly audit   '@smithy/util-buffer-from': [ '2.2.0', '4.2.0' ],
251 silly audit   '@smithy/util-utf8': [ '2.3.0', '4.2.0' ],
251 silly audit   '@aws-crypto/sha256-browser': [ '5.2.0' ],
251 silly audit   '@aws-crypto/sha256-js': [ '5.2.0' ],
251 silly audit   '@aws-crypto/supports-web-crypto': [ '5.2.0' ],
251 silly audit   '@aws-crypto/util': [ '5.2.0' ],
251 silly audit   '@aws-sdk/client-cloudfront': [ '3.985.0' ],
251 silly audit   '@aws-sdk/client-s3': [ '3.985.0' ],
251 silly audit   '@aws-sdk/client-sso': [ '3.985.0' ],
251 silly audit   '@aws-sdk/core': [ '3.973.7' ],
251 silly audit   '@aws-sdk/crc64-nvme': [ '3.972.0' ],
251 silly audit   '@aws-sdk/credential-provider-env': [ '3.972.5' ],
251 silly audit   '@aws-sdk/credential-provider-http': [ '3.972.7' ],
251 silly audit   '@aws-sdk/credential-provider-ini': [ '3.972.5' ],
251 silly audit   '@aws-sdk/credential-provider-login': [ '3.972.5' ],
251 silly audit   '@aws-sdk/credential-provider-node': [ '3.972.6' ],
251 silly audit   '@aws-sdk/credential-provider-process': [ '3.972.5' ],
251 silly audit   '@aws-sdk/credential-provider-sso': [ '3.972.5' ],
251 silly audit   '@aws-sdk/credential-provider-web-identity': [ '3.972.5' ],
251 silly audit   '@aws-sdk/middleware-bucket-endpoint': [ '3.972.3' ],
251 silly audit   '@aws-sdk/middleware-expect-continue': [ '3.972.3' ],
251 silly audit   '@aws-sdk/middleware-flexible-checksums': [ '3.972.5' ],
251 silly audit   '@aws-sdk/middleware-host-header': [ '3.972.3' ],
251 silly audit   '@aws-sdk/middleware-location-constraint': [ '3.972.3' ],
251 silly audit   '@aws-sdk/middleware-logger': [ '3.972.3' ],
251 silly audit   '@aws-sdk/middleware-recursion-detection': [ '3.972.3' ],
251 silly audit   '@aws-sdk/middleware-sdk-s3': [ '3.972.7' ],
251 silly audit   '@aws-sdk/middleware-ssec': [ '3.972.3' ],
251 silly audit   '@aws-sdk/middleware-user-agent': [ '3.972.7' ],
251 silly audit   '@aws-sdk/nested-clients': [ '3.985.0' ],
251 silly audit   '@aws-sdk/region-config-resolver': [ '3.972.3' ],
251 silly audit   '@aws-sdk/signature-v4-multi-region': [ '3.985.0' ],
251 silly audit   '@aws-sdk/token-providers': [ '3.985.0' ],
251 silly audit   '@aws-sdk/types': [ '3.973.1' ],
251 silly audit   '@aws-sdk/util-arn-parser': [ '3.972.2' ],
251 silly audit   '@aws-sdk/util-endpoints': [ '3.985.0' ],
251 silly audit   '@aws-sdk/util-locate-window': [ '3.535.0' ],
251 silly audit   '@aws-sdk/util-user-agent-browser': [ '3.972.3' ],
251 silly audit   '@aws-sdk/util-user-agent-node': [ '3.972.5' ],
251 silly audit   '@aws-sdk/xml-builder': [ '3.972.4' ],
251 silly audit   'fast-xml-parser': [ '5.3.4', '4.5.3', '5.3.5' ],
251 silly audit   '@aws/lambda-invoke-store': [ '0.2.2' ],
251 silly audit   '@azure/abort-controller': [ '2.1.2' ],
251 silly audit   '@azure/core-auth': [ '1.7.2' ],
251 silly audit   '@azure/core-rest-pipeline': [ '1.16.3' ],
251 silly audit   '@azure/core-tracing': [ '1.1.2' ],
251 silly audit   '@azure/core-util': [ '1.9.2' ],
251 silly audit   '@azure/logger': [ '1.1.2' ],
251 silly audit   '@azure/opentelemetry-instrumentation-azure-sdk': [ '1.0.0-beta.5' ],
251 silly audit   '@babel/code-frame': [ '7.26.2' ],
251 silly audit   '@babel/compat-data': [ '7.26.8' ],
251 silly audit   '@babel/core': [ '7.26.10' ],
251 silly audit   'convert-source-map': [ '2.0.0', '1.9.0' ],
251 silly audit   semver: [ '6.3.1', '7.5.4', '5.7.2', '7.7.4', '7.7.2' ],
251 silly audit   '@babel/generator': [ '7.27.0' ],
251 silly audit   '@babel/helper-compilation-targets': [ '7.27.0' ],
251 silly audit   'lru-cache': [ '5.1.1', '6.0.0', '11.2.4', '10.2.2', '7.18.3', '10.4.3' ],
251 silly audit   yallist: [ '3.1.1', '5.0.0', '4.0.0' ],
251 silly audit   '@babel/helper-module-imports': [ '7.25.9' ],
251 silly audit   '@babel/helper-module-transforms': [ '7.26.0' ],
251 silly audit   '@babel/helper-string-parser': [ '7.25.9' ],
251 silly audit   '@babel/helper-validator-identifier': [ '7.25.9' ],
251 silly audit   '@babel/helper-validator-option': [ '7.25.9' ],
251 silly audit   '@babel/helpers': [ '7.27.0' ],
251 silly audit   '@babel/parser': [ '7.27.0' ],
251 silly audit   '@babel/template': [ '7.27.0' ],
251 silly audit   '@babel/traverse': [ '7.27.0' ],
251 silly audit   globals: [ '11.12.0', '13.24.0' ],
251 silly audit   '@babel/types': [ '7.27.0' ],
251 silly audit   '@colors/colors': [ '1.5.0' ],
251 silly audit   '@commitlint/cli': [ '17.8.1' ],
251 silly audit   'ansi-styles': [ '4.3.0', '6.2.1', '3.2.1' ],
251 silly audit   cliui: [ '8.0.1', '7.0.4', '6.0.0' ],
251 silly audit   'wrap-ansi': [ '7.0.0', '8.1.0', '9.0.2', '6.2.0' ],
251 silly audit   yargs: [ '17.7.2', '15.4.1', '16.2.0' ],
251 silly audit   'yargs-parser': [ '21.1.1', '18.1.3', '20.2.9' ],
251 silly audit   '@commitlint/config-conventional': [ '17.8.1' ],
251 silly audit   'conventional-changelog-conventionalcommits': [ '6.1.0', '4.6.3' ],
251 silly audit   '@commitlint/config-validator': [ '17.8.1' ],
251 silly audit   ajv: [ '8.17.1', '6.12.6' ],
251 silly audit   'json-schema-traverse': [ '1.0.0', '0.4.1' ],
251 silly audit   '@commitlint/ensure': [ '17.8.1' ],
251 silly audit   '@commitlint/execute-rule': [ '17.8.1' ],
251 silly audit   '@commitlint/format': [ '17.8.1' ],
251 silly audit   '@commitlint/is-ignored': [ '17.8.1' ],
251 silly audit   '@commitlint/lint': [ '17.8.1' ],
251 silly audit   '@commitlint/load': [ '17.8.1' ],
251 silly audit   '@types/node': [ '20.5.1', '22.5.4', '18.19.86', '24.1.0', '20.14.13' ],
251 silly audit   'cosmiconfig-typescript-loader': [ '4.4.0' ],
251 silly audit   '@commitlint/message': [ '17.8.1' ],
251 silly audit   '@commitlint/parse': [ '17.8.1' ],
251 silly audit   'conventional-changelog-angular': [ '6.0.0', '5.0.13' ],
251 silly audit   'conventional-commits-parser': [ '4.0.0', '3.2.4' ],
251 silly audit   '@commitlint/read': [ '17.8.1' ],
251 silly audit   '@commitlint/resolve-extends': [ '17.8.1' ],
251 silly audit   '@commitlint/rules': [ '17.8.1' ],
251 silly audit   '@commitlint/to-lines': [ '17.8.1' ],
251 silly audit   '@commitlint/top-level': [ '17.8.1' ],
251 silly audit   'find-up': [ '5.0.0', '2.1.0', '3.0.0', '4.1.0' ],
251 silly audit   'locate-path': [ '6.0.0', '2.0.0', '3.0.0', '5.0.0' ],
251 silly audit   'p-limit': [ '3.1.0', '1.3.0', '2.3.0' ],
251 silly audit   'p-locate': [ '5.0.0', '2.0.0', '3.0.0', '4.1.0' ],
251 silly audit   'path-exists': [ '4.0.0', '3.0.0' ],
251 silly audit   '@commitlint/types': [ '17.8.1' ],
251 silly audit   '@cspotcode/source-map-support': [ '0.8.1' ],
251 silly audit   '@jridgewell/trace-mapping': [ '0.3.9', '0.3.25' ],
251 silly audit   '@es-joy/jsdoccomment': [ '0.41.0' ],
251 silly audit   '@eslint-community/eslint-utils': [ '4.4.0' ],
251 silly audit   '@eslint-community/regexpp': [ '4.10.0' ],
251 silly audit   '@eslint/eslintrc': [ '2.1.4' ],
251 silly audit   'brace-expansion': [ '1.1.11', '2.0.1', '4.0.0', '2.0.2' ],
251 silly audit   minimatch: [ '3.1.2', '10.1.1', '9.0.3', '5.1.6', '9.0.5' ],
251 silly audit   '@eslint/js': [ '8.57.0' ],
251 silly audit   '@humanwhocodes/config-array': [ '0.11.14' ],
251 silly audit   '@humanwhocodes/module-importer': [ '1.0.1' ],
251 silly audit   '@humanwhocodes/object-schema': [ '2.0.3' ],
251 silly audit   '@hutson/parse-repository-url': [ '3.0.2' ],
251 silly audit   '@inquirer/ansi': [ '1.0.2' ],
251 silly audit   '@inquirer/checkbox': [ '2.5.0', '4.3.2' ],
251 silly audit   '@inquirer/core': [ '9.1.0', '10.3.2', '3.1.2' ],
251 silly audit   '@inquirer/type': [ '1.5.3', '3.0.10' ],
251 silly audit   'signal-exit': [ '4.1.0', '3.0.7' ],
251 silly audit   'undici-types': [ '6.19.8', '7.8.0', '5.26.5' ],
251 silly audit   '@inquirer/confirm': [ '3.2.0', '5.1.21' ],
251 silly audit   'mute-stream': [ '2.0.0', '1.0.0' ],
251 silly audit   '@inquirer/editor': [ '4.2.23' ],
251 silly audit   '@inquirer/expand': [ '4.0.23' ],
251 silly audit   '@inquirer/external-editor': [ '1.0.3' ],
251 silly audit   '@inquirer/figures': [ '1.0.15' ],
251 silly audit   '@inquirer/input': [ '2.3.0', '4.3.1' ],
251 silly audit   '@inquirer/number': [ '3.0.23' ],
251 silly audit   '@inquirer/password': [ '2.2.0', '4.0.23' ],
251 silly audit   '@inquirer/prompts': [ '7.10.1' ],
251 silly audit   '@inquirer/select': [ '4.4.2', '2.5.0' ],
251 silly audit   '@inquirer/rawlist': [ '4.1.11' ],
251 silly audit   '@inquirer/search': [ '3.2.2' ],
251 silly audit   '@isaacs/balanced-match': [ '4.0.1' ],
251 silly audit   '@isaacs/brace-expansion': [ '5.0.1' ],
251 silly audit   '@isaacs/cliui': [ '8.0.2' ],
251 silly audit   'ansi-regex': [ '6.0.1', '5.0.1', '6.1.0' ],
251 silly audit   'emoji-regex': [ '9.2.2', '10.3.0', '8.0.0' ],
251 silly audit   'string-width': [ '5.1.2', '7.2.0', '4.2.3' ],
251 silly audit   'strip-ansi': [ '7.1.2', '6.0.1', '7.1.0' ],
251 silly audit   '@isaacs/fs-minipass': [ '4.0.1' ],
251 silly audit   '@isaacs/string-locale-compare': [ '1.1.0' ],
251 silly audit   '@istanbuljs/load-nyc-config': [ '1.1.0' ],
251 silly audit   argparse: [ '1.0.10', '2.0.1' ],
251 silly audit   'js-yaml': [ '3.14.1', '4.1.0' ],
251 silly audit   'sprintf-js': [ '1.0.3', '1.1.3' ],
251 silly audit   '@istanbuljs/schema': [ '0.1.3' ],
251 silly audit   '@jridgewell/gen-mapping': [ '0.3.5' ],
251 silly audit   '@jridgewell/resolve-uri': [ '3.1.2' ],
251 silly audit   '@jridgewell/set-array': [ '1.2.1' ],
251 silly audit   '@jridgewell/sourcemap-codec': [ '1.4.15' ],
251 silly audit   '@jsforce/jsforce-node': [ '3.10.13' ],
251 silly audit   'agent-base': [ '6.0.2', '7.1.3' ],
251 silly audit   'https-proxy-agent': [ '5.0.1', '7.0.6' ],
251 silly audit   '@jsonjoy.com/base64': [ '1.1.2' ],
251 silly audit   '@jsonjoy.com/buffers': [ '1.0.0' ],
251 silly audit   '@jsonjoy.com/codegen': [ '1.0.0' ],
251 silly audit   '@jsonjoy.com/json-pack': [ '1.10.0' ],
251 silly audit   '@jsonjoy.com/json-pointer': [ '1.0.1' ],
251 silly audit   '@jsonjoy.com/util': [ '1.9.0' ],
251 silly audit   '@microsoft/applicationinsights-web-snippet': [ '1.0.1' ],
251 silly audit   '@nodelib/fs.scandir': [ '2.1.5' ],
251 silly audit   '@nodelib/fs.stat': [ '2.0.5' ],
251 silly audit   '@nodelib/fs.walk': [ '1.2.8' ],
251 silly audit   '@npmcli/agent': [ '3.0.0' ],
251 silly audit   '@npmcli/arborist': [ '8.0.1' ],
251 silly audit   '@npmcli/config': [ '9.0.0' ],
251 silly audit   ini: [ '1.3.8', '5.0.0' ],
251 silly audit   '@npmcli/fs': [ '4.0.0' ],
251 silly audit   '@npmcli/git': [ '6.0.3' ],
251 silly audit   '@npmcli/installed-package-contents': [ '3.0.0' ],
251 silly audit   '@npmcli/map-workspaces': [ '4.0.2' ],
251 silly audit   '@npmcli/metavuln-calculator': [ '8.0.1' ],
251 silly audit   '@npmcli/name-from-folder': [ '3.0.0' ],
251 silly audit   '@npmcli/node-gyp': [ '4.0.0' ],
251 silly audit   '@npmcli/package-json': [ '6.2.0' ],
251 silly audit   '@npmcli/promise-spawn': [ '8.0.2' ],
251 silly audit   '@npmcli/query': [ '4.0.1' ],
251 silly audit   '@npmcli/redact': [ '3.2.2' ],
251 silly audit   '@npmcli/run-script': [ '9.1.0' ],
251 silly audit   '@oclif/core': [ '4.8.0' ],
251 silly audit   'is-wsl': [ '2.2.0', '3.1.0' ],
251 silly audit   'supports-color': [ '8.1.1', '5.5.0', '7.2.0', '9.4.0' ],
251 silly audit   '@oclif/multi-stage-output': [ '0.8.30' ],
251 silly audit   figures: [ '6.1.0', '3.2.0', '5.0.0' ],
251 silly audit   'is-unicode-supported': [ '2.1.0', '1.3.0', '0.1.0' ],
251 silly audit   '@oclif/plugin-autocomplete': [ '3.2.40' ],
251 silly audit   '@oclif/plugin-command-snapshot': [ '5.2.3' ],
251 silly audit   globby: [ '14.0.1', '11.1.0' ],
251 silly audit   'path-type': [ '5.0.0', '4.0.0', '3.0.0' ],
251 silly audit   slash: [ '5.1.0', '3.0.0' ],
251 silly audit   '@oclif/plugin-commands': [ '4.1.40' ],
251 silly audit   '@oclif/plugin-help': [ '6.2.37' ],
251 silly audit   '@oclif/plugin-not-found': [ '3.2.74' ],
251 silly audit   '@oclif/plugin-plugins': [ '5.4.56' ],
251 silly audit   'hosted-git-info': [ '7.0.2', '4.1.0', '2.8.9', '8.1.0' ],
251 silly audit   'npm-package-arg': [ '11.0.3', '12.0.2' ],
251 silly audit   'npm-run-path': [ '5.3.0', '4.0.1' ],
251 silly audit   'path-key': [ '4.0.0', '3.1.1' ],
251 silly audit   'proc-log': [ '4.2.0', '5.0.0' ],
251 silly audit   which: [ '4.0.0', '2.0.2', '5.0.0' ],
251 silly audit   '@oclif/plugin-search': [ '1.2.38' ],
251 silly audit   'ansi-escapes': [ '7.3.0', '4.3.2', '5.0.0' ],
251 silly audit   '@oclif/plugin-update': [ '4.7.19' ],
251 silly audit   '@oclif/plugin-version': [ '2.2.36' ],
251 silly audit   '@oclif/plugin-warn-if-update-available': [ '3.1.55' ],
251 silly audit   '@oclif/plugin-which': [ '3.2.43' ],
251 silly audit   '@oclif/table': [ '0.5.2' ],
251 silly audit   '@oclif/test': [ '4.1.16' ],
251 silly audit   '@octokit/auth-token': [ '5.1.2' ],
251 silly audit   '@octokit/core': [ '6.1.4' ],
251 silly audit   '@octokit/endpoint': [ '10.1.3' ],
251 silly audit   '@octokit/graphql': [ '8.2.1' ],
251 silly audit   '@octokit/openapi-types': [ '23.0.1' ],
251 silly audit   '@octokit/plugin-paginate-rest': [ '11.4.3' ],
251 silly audit   '@octokit/plugin-throttling': [ '9.4.0' ],
251 silly audit   '@octokit/request': [ '9.2.2' ],
251 silly audit   '@octokit/request-error': [ '6.1.7' ],
251 silly audit   '@octokit/types': [ '13.8.0' ],
251 silly audit   '@opentelemetry/api': [ '1.8.0' ],
251 silly audit   '@opentelemetry/core': [ '1.23.0' ],
251 silly audit   '@opentelemetry/instrumentation': [ '0.41.2' ],
251 silly audit   '@opentelemetry/resources': [ '1.23.0' ],
251 silly audit   '@opentelemetry/sdk-trace-base': [ '1.23.0' ],
251 silly audit   '@opentelemetry/semantic-conventions': [ '1.23.0' ],
251 silly audit   '@pkgjs/parseargs': [ '0.11.0' ],
251 silly audit   '@pnpm/config.env-replace': [ '1.1.0' ],
251 silly audit   '@pnpm/network.ca-file': [ '1.0.2' ],
251 silly audit   'graceful-fs': [ '4.2.10', '4.2.11' ],
251 silly audit   '@pnpm/npm-conf': [ '3.0.2' ],
251 silly audit   '@protobufjs/aspromise': [ '1.1.2' ],
251 silly audit   '@protobufjs/base64': [ '1.1.2' ],
251 silly audit   '@protobufjs/codegen': [ '2.0.4' ],
251 silly audit   '@protobufjs/eventemitter': [ '1.1.0' ],
251 silly audit   '@protobufjs/fetch': [ '1.1.0' ],
251 silly audit   '@protobufjs/float': [ '1.0.2' ],
251 silly audit   '@protobufjs/inquire': [ '1.1.0' ],
251 silly audit   '@protobufjs/path': [ '1.1.2' ],
251 silly audit   '@protobufjs/pool': [ '1.1.0' ],
251 silly audit   '@protobufjs/utf8': [ '1.1.0' ],
251 silly audit   '@salesforce/agents': [ '0.22.6' ],
251 silly audit   '@salesforce/apex-node': [ '8.4.2' ],
251 silly audit   '@salesforce/cli-plugins-testkit': [ '5.3.39' ],
251 silly audit   '@sinonjs/commons': [ '3.0.1', '2.0.0', '1.8.6' ],
251 silly audit   '@sinonjs/samsam': [ '8.0.0', '5.3.1', '3.3.3' ],
251 silly audit   'just-extend': [ '6.2.0', '4.2.1' ],
251 silly audit   nise: [ '5.1.9', '1.5.3', '4.1.0' ],
251 silly audit   'path-to-regexp': [ '6.2.2', '1.8.0' ],
251 silly audit   sinon: [ '17.0.2', '5.1.1', '10.0.0' ],
251 silly audit   '@salesforce/core': [ '8.25.1' ],
251 silly audit   buffer: [ '6.0.3', '5.7.1', '4.9.2' ],
251 silly audit   'change-case': [ '4.1.2', '5.4.4' ],
251 silly audit   'pino-abstract-transport': [ '1.2.0', '2.0.0' ],
251 silly audit   'readable-stream': [ '4.5.2', '2.3.8', '3.6.2' ],
251 silly audit   split2: [ '4.2.0', '3.2.2' ],
251 silly audit   '@salesforce/dev-config': [ '4.3.1' ],
251 silly audit   '@salesforce/dev-scripts': [ '11.0.2' ],
251 silly audit   '@salesforce/kit': [ '3.2.4' ],
251 silly audit   '@salesforce/o11y-reporter': [ '1.7.3' ],
251 silly audit   o11y_schema: [ '256.154.0', '260.44.0', '254.44.0' ],
251 silly audit   '@salesforce/packaging': [ '4.20.1' ],
251 silly audit   'object-treeify': [ '2.1.1', '4.0.1' ],
251 silly audit   '@salesforce/plugin-agent': [ '1.29.0' ],
251 silly audit   glob: [ '11.1.0', '10.4.5', '8.1.0', '7.2.3' ],
251 silly audit   jackspeak: [ '4.1.1', '3.1.2', '3.4.3' ],
251 silly audit   'path-scurry': [ '2.0.1', '1.11.1' ],
251 silly audit   '@salesforce/plugin-apex': [ '3.9.6' ],
251 silly audit   '@salesforce/plugin-api': [ '1.3.9' ],
251 silly audit   '@salesforce/plugin-auth': [ '4.1.5' ],
251 silly audit   '@salesforce/plugin-command-reference': [ '3.1.47' ],
251 silly audit   '@salesforce/sf-plugins-core': [ '11.3.12', '12.2.6' ],
251 silly audit   chalk: [ '5.6.2', '4.1.2', '2.4.2', '5.4.1' ],
251 silly audit   '@salesforce/plugin-data': [ '4.0.68' ],
251 silly audit   '@salesforce/plugin-deploy-retrieve': [ '3.24.8' ],
251 silly audit   '@salesforce/plugin-info': [ '3.4.101' ],
251 silly audit   '@salesforce/plugin-limits': [ '3.3.75' ],
251 silly audit   '@salesforce/plugin-marketplace': [ '1.3.10' ],
251 silly audit   '@salesforce/plugin-org': [ '5.9.66' ],
251 silly audit   '@salesforce/plugin-packaging': [ '2.25.1' ],
251 silly audit   '@salesforce/plugin-release-management': [ '5.7.0' ],
251 silly audit   '@salesforce/plugin-schema': [ '3.3.91' ],
251 silly audit   '@salesforce/plugin-settings': [ '2.4.55' ],
251 silly audit   '@salesforce/plugin-sobject': [ '1.4.82' ],
251 silly audit   '@salesforce/plugin-telemetry': [ '3.7.2' ],
251 silly audit   '@salesforce/plugin-templates': [ '56.4.7' ],
251 silly audit   '@salesforce/plugin-trust': [ '3.7.113' ],
251 silly audit   '@salesforce/plugin-user': [ '3.6.49' ],
251 silly audit   '@salesforce/prettier-config': [ '0.0.3' ],
251 silly audit   '@salesforce/schemas': [ '1.10.3' ],
251 silly audit   '@salesforce/source-deploy-retrieve': [ '12.31.11' ],
251 silly audit   '@szmarczak/http-timer': [ '4.0.6', '5.0.1' ],
251 silly audit   'cacheable-lookup': [ '5.0.4', '7.0.0' ],
251 silly audit   'cacheable-request': [ '7.0.4', '10.2.14' ],
251 silly audit   'get-stream': [ '5.2.0', '6.0.1' ],
251 silly audit   got: [ '11.8.6', '13.0.0' ],
251 silly audit   'http2-wrapper': [ '1.0.3', '2.2.1' ],
251 silly audit   'normalize-url': [ '6.1.0', '8.0.1' ],
251 silly audit   'p-cancelable': [ '2.1.1', '3.0.0' ],
251 silly audit   '@salesforce/source-tracking': [ '7.8.0' ],
251 silly audit   strnum: [ '1.1.2', '2.1.2' ],
251 silly audit   '@salesforce/telemetry': [ '6.6.1' ],
251 silly audit   '@salesforce/templates': [ '65.4.4' ],
251 silly audit   chownr: [ '3.0.0', '1.1.4', '2.0.0' ],
251 silly audit   'mime-db': [ '1.54.0', '1.52.0' ],
251 silly audit   'mime-types': [ '3.0.2', '2.1.35' ],
251 silly audit   tar: [ '7.5.6', '7.4.3', '6.2.1' ],
251 silly audit   '@salesforce/ts-sinon': [ '1.4.31' ],
251 silly audit   diff: [ '3.5.0', '5.2.0', '4.0.2' ],
251 silly audit   'has-flag': [ '3.0.0', '4.0.0' ],
251 silly audit   '@salesforce/ts-types': [ '2.0.12' ],
251 silly audit   '@salesforce/types': [ '1.6.0' ],
251 silly audit   '@shikijs/core': [ '1.29.2' ],
251 silly audit   '@shikijs/engine-javascript': [ '1.29.2' ],
251 silly audit   '@shikijs/engine-oniguruma': [ '1.29.2' ],
251 silly audit   '@shikijs/langs': [ '1.29.2' ],
251 silly audit   '@shikijs/themes': [ '1.29.2' ],
251 silly audit   '@shikijs/types': [ '1.29.2' ],
251 silly audit   '@shikijs/vscode-textmate': [ '10.0.2' ],
251 silly audit   '@sigstore/bundle': [ '3.1.0' ],
251 silly audit   '@sigstore/core': [ '2.0.0' ],
251 silly audit   '@sigstore/protobuf-specs': [ '0.4.3' ],
251 silly audit   '@sigstore/sign': [ '3.1.0' ],
251 silly audit   '@sigstore/tuf': [ '3.1.1' ],
251 silly audit   '@sigstore/verify': [ '2.1.1' ],
251 silly audit   '@sindresorhus/is': [ '4.6.0', '5.6.0' ],
251 silly audit   '@sindresorhus/merge-streams': [ '2.3.0' ],
251 silly audit   '@sinonjs/fake-timers': [ '11.2.2', '6.0.1' ],
251 silly audit   '@sinonjs/formatio': [ '2.0.0', '3.2.2' ],
251 silly audit   '@sinonjs/text-encoding': [ '0.7.2' ],
251 silly audit   '@smithy/abort-controller': [ '4.2.8' ],
251 silly audit   '@smithy/chunked-blob-reader': [ '5.2.0' ],
251 silly audit   '@smithy/chunked-blob-reader-native': [ '4.2.1' ],
251 silly audit   '@smithy/config-resolver': [ '4.4.6' ],
251 silly audit   '@smithy/core': [ '3.22.1' ],
251 silly audit   '@smithy/credential-provider-imds': [ '4.2.8' ],
251 silly audit   '@smithy/eventstream-codec': [ '4.2.8' ],
251 silly audit   '@smithy/eventstream-serde-browser': [ '4.2.8' ],
251 silly audit   '@smithy/eventstream-serde-config-resolver': [ '4.3.8' ],
251 silly audit   '@smithy/eventstream-serde-node': [ '4.2.8' ],
251 silly audit   '@smithy/eventstream-serde-universal': [ '4.2.8' ],
251 silly audit   '@smithy/fetch-http-handler': [ '5.3.9' ],
251 silly audit   '@smithy/hash-blob-browser': [ '4.2.9' ],
251 silly audit   '@smithy/hash-node': [ '4.2.8' ],
251 silly audit   '@smithy/hash-stream-node': [ '4.2.8' ],
251 silly audit   '@smithy/invalid-dependency': [ '4.2.8' ],
251 silly audit   '@smithy/md5-js': [ '4.2.8' ],
251 silly audit   '@smithy/middleware-content-length': [ '4.2.8' ],
251 silly audit   '@smithy/middleware-endpoint': [ '4.4.13' ],
251 silly audit   '@smithy/middleware-retry': [ '4.4.30' ],
251 silly audit   '@smithy/middleware-serde': [ '4.2.9' ],
251 silly audit   '@smithy/middleware-stack': [ '4.2.8' ],
251 silly audit   '@smithy/node-config-provider': [ '4.3.8' ],
251 silly audit   '@smithy/node-http-handler': [ '4.4.9' ],
251 silly audit   '@smithy/property-provider': [ '4.2.8' ],
251 silly audit   '@smithy/protocol-http': [ '5.3.8' ],
251 silly audit   '@smithy/querystring-builder': [ '4.2.8' ],
251 silly audit   '@smithy/querystring-parser': [ '4.2.8' ],
251 silly audit   '@smithy/service-error-classification': [ '4.2.8' ],
251 silly audit   '@smithy/shared-ini-file-loader': [ '4.4.3' ],
251 silly audit   '@smithy/signature-v4': [ '5.3.8' ],
251 silly audit   '@smithy/smithy-client': [ '4.11.2' ],
251 silly audit   '@smithy/types': [ '4.12.0' ],
251 silly audit   '@smithy/url-parser': [ '4.2.8' ],
251 silly audit   '@smithy/util-base64': [ '4.3.0' ],
251 silly audit   '@smithy/util-body-length-browser': [ '4.2.0' ],
251 silly audit   '@smithy/util-body-length-node': [ '4.2.1' ],
251 silly audit   '@smithy/util-config-provider': [ '4.2.0' ],
251 silly audit   '@smithy/util-defaults-mode-browser': [ '4.3.29' ],
251 silly audit   '@smithy/util-defaults-mode-node': [ '4.2.32' ],
251 silly audit   '@smithy/util-endpoints': [ '3.2.8' ],
251 silly audit   '@smithy/util-hex-encoding': [ '4.2.0' ],
251 silly audit   '@smithy/util-middleware': [ '4.2.8' ],
251 silly audit   '@smithy/util-retry': [ '4.2.8' ],
251 silly audit   '@smithy/util-stream': [ '4.5.11' ],
251 silly audit   '@smithy/util-uri-escape': [ '4.2.0' ],
251 silly audit   '@smithy/util-waiter': [ '4.2.8' ],
251 silly audit   '@smithy/uuid': [ '1.1.0' ],
251 silly audit   '@tootallnate/quickjs-emscripten': [ '0.23.0' ],
251 silly audit   '@tsconfig/node10': [ '1.0.11' ],
251 silly audit   '@tsconfig/node12': [ '1.0.11' ],
251 silly audit   '@tsconfig/node14': [ '1.0.3' ],
251 silly audit   '@tsconfig/node16': [ '1.0.4' ],
251 silly audit   '@tufjs/canonical-json': [ '2.0.0' ],
251 silly audit   '@tufjs/models': [ '3.0.1' ],
251 silly audit   '@types/cacheable-request': [ '6.0.3' ],
251 silly audit   '@types/chai': [ '4.3.14' ],
251 silly audit   '@types/glob': [ '7.2.0' ],
251 silly audit   '@types/hast': [ '3.0.4' ],
251 silly audit   '@types/http-cache-semantics': [ '4.0.4' ],
251 silly audit   '@types/istanbul-lib-coverage': [ '2.0.6' ],
251 silly audit   '@types/istanbul-lib-report': [ '3.0.3' ],
251 silly audit   '@types/istanbul-reports': [ '3.0.4' ],
251 silly audit   '@types/json-schema': [ '7.0.15' ],
251 silly audit   '@types/json5': [ '0.0.29' ],
251 silly audit   '@types/keyv': [ '3.1.4' ],
251 silly audit   '@types/mdast': [ '4.0.4' ],
251 silly audit   '@types/minimatch': [ '5.1.2' ],
251 silly audit   '@types/minimist': [ '1.2.5' ],
251 silly audit   '@types/mocha': [ '10.0.10' ],
251 silly audit   '@types/mute-stream': [ '0.0.4', '0.0.1' ],
251 silly audit   '@types/normalize-package-data': [ '2.4.4' ],
251 silly audit   '@types/prop-types': [ '15.7.13' ],
251 silly audit   '@types/react': [ '18.3.12' ],
251 silly audit   '@types/responselike': [ '1.0.3' ],
251 silly audit   '@types/semver': [ '7.5.8' ],
251 silly audit   '@types/shelljs': [ '0.8.15' ],
251 silly audit   '@types/shimmer': [ '1.0.5' ],
251 silly audit   '@types/sinon': [ '10.0.20' ],
251 silly audit   '@types/sinonjs__fake-timers': [ '8.1.5' ],
251 silly audit   '@types/unist': [ '3.0.3' ],
251 silly audit   '@types/wrap-ansi': [ '3.0.0' ],
251 silly audit   '@typescript-eslint/eslint-plugin': [ '6.21.0' ],
251 silly audit   '@typescript-eslint/parser': [ '6.21.0' ],
251 silly audit   '@typescript-eslint/scope-manager': [ '6.21.0' ],
251 silly audit   '@typescript-eslint/type-utils': [ '6.21.0' ],
251 silly audit   '@typescript-eslint/types': [ '6.21.0' ],
251 silly audit   '@typescript-eslint/typescript-estree': [ '6.21.0' ],
251 silly audit   '@typescript-eslint/utils': [ '6.21.0' ],
251 silly audit   '@typescript-eslint/visitor-keys': [ '6.21.0' ],
251 silly audit   '@ungap/structured-clone': [ '1.3.0' ],
251 silly audit   '@yarnpkg/lockfile': [ '1.1.0' ],
251 silly audit   abbrev: [ '3.0.1' ],
251 silly audit   'abort-controller': [ '3.0.0' ],
251 silly audit   acorn: [ '8.11.3' ],
251 silly audit   'acorn-import-assertions': [ '1.9.0' ],
251 silly audit   'acorn-jsx': [ '5.3.2' ],
251 silly audit   'acorn-walk': [ '8.3.2' ],
251 silly audit   'add-stream': [ '1.0.0' ],
251 silly audit   'aggregate-error': [ '3.1.0' ],
251 silly audit   'clean-stack': [ '2.2.0', '3.0.1' ],
251 silly audit   'ansi-colors': [ '4.1.3' ],
251 silly audit   'type-fest': [
251 silly audit     '0.21.3', '0.20.2',
251 silly audit     '4.41.0', '0.18.1',
251 silly audit     '0.6.0',  '1.4.0',
251 silly audit     '0.8.1'
251 silly audit   ],
251 silly audit   ansicolors: [ '0.3.2' ],
251 silly audit   ansis: [ '3.17.0' ],
251 silly audit   anymatch: [ '3.1.3' ],
251 silly audit   'append-transform': [ '2.0.0' ],
251 silly audit   applicationinsights: [ '2.9.8' ],
251 silly audit   aproba: [ '2.0.0' ],
251 silly audit   archy: [ '1.0.0' ],
251 silly audit   'are-docs-informative': [ '0.0.2' ],
251 silly audit   arg: [ '4.1.3' ],
251 silly audit   'array-buffer-byte-length': [ '1.0.1' ],
251 silly audit   'array-from': [ '2.1.1' ],
251 silly audit   'array-ify': [ '1.0.0' ],
251 silly audit   'array-includes': [ '3.1.8' ],
251 silly audit   'array-union': [ '2.1.0' ],
251 silly audit   'array.prototype.findlastindex': [ '1.2.5' ],
251 silly audit   'array.prototype.flat': [ '1.3.2' ],
251 silly audit   'array.prototype.flatmap': [ '1.3.2' ],
251 silly audit   'arraybuffer.prototype.slice': [ '1.0.3' ],
251 silly audit   arrify: [ '1.0.1' ],
251 silly audit   asap: [ '2.0.6' ],
251 silly audit   'assertion-error': [ '1.1.0' ],
251 silly audit   'ast-types': [ '0.13.4' ],
251 silly audit   async: [ '3.2.5' ],
251 silly audit   'async-hook-jl': [ '1.7.6' ],
251 silly audit   'async-listener': [ '0.6.10' ],
251 silly audit   'async-lock': [ '1.4.1' ],
251 silly audit   'async-retry': [ '1.3.3' ],
251 silly audit   retry: [ '0.13.1', '0.12.0' ],
251 silly audit   asynckit: [ '0.4.0' ],
251 silly audit   'atomic-sleep': [ '1.0.0' ],
251 silly audit   'auto-bind': [ '5.0.1' ],
251 silly audit   'available-typed-arrays': [ '1.0.7' ],
251 silly audit   'aws-sdk': [ '2.1693.0' ],
251 silly audit   events: [ '1.1.1', '3.3.0' ],
251 silly audit   ieee754: [ '1.1.13', '1.2.1' ],
251 silly audit   'balanced-match': [ '1.0.2', '3.0.1' ],
251 silly audit   'base64-js': [ '1.5.1' ],
251 silly audit   base64url: [ '3.0.1' ],
251 silly audit   'basic-ftp': [ '5.0.5' ],
251 silly audit   'before-after-hook': [ '3.0.2' ],
251 silly audit   'bin-links': [ '5.0.0' ],
251 silly audit   'binary-extensions': [ '2.3.0' ],
251 silly audit   bl: [ '4.1.0' ],
251 silly audit   bottleneck: [ '2.19.5' ],
251 silly audit   bowser: [ '2.11.0' ],
251 silly audit   braces: [ '3.0.3' ],
251 silly audit   'browser-stdout': [ '1.3.1' ],
251 silly audit   browserslist: [ '4.24.4' ],
251 silly audit   'buffer-equal-constant-time': [ '1.0.1' ],
251 silly audit   'buffer-from': [ '1.1.2' ],
251 silly audit   'builtin-modules': [ '3.3.0' ],
251 silly audit   'bundle-name': [ '4.1.0' ],
251 silly audit   cacache: [ '19.0.1' ],
251 silly audit   'p-map': [ '3.0.0', '7.0.3' ],
251 silly audit   'lowercase-keys': [ '3.0.0', '2.0.0' ],
251 silly audit   'mimic-response': [ '4.0.0', '1.0.1', '3.1.0' ],
251 silly audit   responselike: [ '3.0.0', '2.0.1' ],
251 silly audit   'caching-transform': [ '4.0.0' ],
251 silly audit   'write-file-atomic': [ '3.0.3', '6.0.0' ],
251 silly audit   'call-bind': [ '1.0.8' ],
251 silly audit   'call-bind-apply-helpers': [ '1.0.2' ],
251 silly audit   'call-bound': [ '1.0.4' ],
251 silly audit   callsites: [ '3.1.0' ],
251 silly audit   'camel-case': [ '4.1.2' ],
251 silly audit   camelcase: [ '5.3.1', '6.3.0' ],
251 silly audit   'camelcase-keys': [ '6.2.2' ],
251 silly audit   'map-obj': [ '4.3.0', '1.0.1' ],
251 silly audit   'quick-lru': [ '4.0.1', '5.1.1' ],
251 silly audit   'caniuse-lite': [ '1.0.30001715' ],
251 silly audit   'capital-case': [ '1.0.4' ],
251 silly audit   cardinal: [ '2.1.1' ],
251 silly audit   ccount: [ '2.0.1' ],
251 silly audit   chai: [ '4.4.1' ],
251 silly audit   'character-entities-html4': [ '2.1.0' ],
251 silly audit   'character-entities-legacy': [ '3.0.0' ],
251 silly audit   chardet: [ '2.1.1' ],
251 silly audit   'check-error': [ '1.0.3' ],
251 silly audit   chokidar: [ '3.6.0' ],
251 silly audit   'ci-info': [ '4.2.0' ],
251 silly audit   'cidr-regex': [ '4.1.3' ],
251 silly audit   'cjs-module-lexer': [ '1.2.3' ],
251 silly audit   'clean-git-ref': [ '2.0.1' ],
251 silly audit   'clean-regexp': [ '1.0.0' ],
251 silly audit   'escape-string-regexp': [ '1.0.5', '4.0.0', '5.0.0', '2.0.0' ],
251 silly audit   'cli-boxes': [ '3.0.0' ],
251 silly audit   'cli-columns': [ '4.0.0' ],
251 silly audit   'cli-cursor': [ '4.0.0' ],
251 silly audit   'cli-progress': [ '3.12.0' ],
251 silly audit   'cli-spinners': [ '2.9.2' ],
251 silly audit   'cli-table3': [ '0.6.4' ],
251 silly audit   'cli-truncate': [ '4.0.0' ],
251 silly audit   'slice-ansi': [ '5.0.0', '7.1.0' ],
251 silly audit   'cli-width': [ '4.1.0' ],
251 silly audit   'clone-response': [ '1.0.3' ],
251 silly audit   'cls-hooked': [ '4.2.2' ],
251 silly audit   'cmd-shim': [ '7.0.0' ],
251 silly audit   'code-excerpt': [ '4.0.0' ],
251 silly audit   'color-convert': [ '2.0.1', '1.9.3' ],
251 silly audit   'color-name': [ '1.1.4', '1.1.3' ],
251 silly audit   colorette: [ '2.0.20' ],
251 silly audit   'combined-stream': [ '1.0.8' ],
251 silly audit   'comma-separated-tokens': [ '2.0.3' ],
251 silly audit   commander: [ '10.0.1', '12.0.0' ],
251 silly audit   'comment-parser': [ '1.4.1' ],
251 silly audit   'common-ancestor-path': [ '1.0.1' ],
251 silly audit   commondir: [ '1.0.1' ],
251 silly audit   'compare-func': [ '2.0.0' ],
251 silly audit   'concat-map': [ '0.0.1' ],
251 silly audit   'concat-stream': [ '2.0.0' ],
251 silly audit   'config-chain': [ '1.1.13' ],
251 silly audit   'constant-case': [ '3.0.4' ],
251 silly audit   'content-type': [ '1.0.5' ],
251 silly audit   'continuation-local-storage': [ '3.2.1' ],
251 silly audit   'conventional-changelog': [ '3.1.25' ],
251 silly audit   'conventional-changelog-atom': [ '2.0.8' ],
251 silly audit   'conventional-changelog-codemirror': [ '2.0.8' ],
251 silly audit   'conventional-changelog-config-spec': [ '2.1.0' ],
251 silly audit   'conventional-changelog-core': [ '4.2.4' ],
251 silly audit   'normalize-package-data': [ '3.0.3', '2.5.0', '6.0.2', '7.0.0' ],
251 silly audit   'p-try': [ '1.0.0', '2.2.0' ],
251 silly audit   'read-pkg-up': [ '3.0.0', '7.0.1' ],
251 silly audit   'conventional-changelog-ember': [ '2.0.9' ],
251 silly audit   'conventional-changelog-eslint': [ '3.0.9' ],
251 silly audit   'conventional-changelog-express': [ '2.0.6' ],
251 silly audit   'conventional-changelog-jquery': [ '3.0.11' ],
251 silly audit   'conventional-changelog-jshint': [ '2.0.9' ],
251 silly audit   'conventional-changelog-preset-loader': [ '2.3.4' ],
251 silly audit   'conventional-changelog-writer': [ '5.0.1' ],
251 silly audit   'conventional-commits-filter': [ '2.0.7' ],
251 silly audit   'conventional-recommended-bump': [ '6.1.0' ],
251 silly audit   'convert-to-spaces': [ '2.0.1' ],
251 silly audit   'core-js-compat': [ '3.36.1' ],
251 silly audit   'core-util-is': [ '1.0.3' ],
251 silly audit   cosmiconfig: [ '8.3.6' ],
251 silly audit   'json-parse-even-better-errors': [ '2.3.1', '4.0.0' ],
251 silly audit   'parse-json': [ '5.2.0', '4.0.0' ],
251 silly audit   'crc-32': [ '1.2.2' ],
251 silly audit   'create-require': [ '1.1.1' ],
251 silly audit   'cross-spawn': [ '7.0.6' ],
251 silly audit   isexe: [ '2.0.0', '3.1.1' ],
251 silly audit   csprng: [ '0.1.2' ],
251 silly audit   cssesc: [ '3.0.0' ],
251 silly audit   csstype: [ '3.1.3' ],
251 silly audit   'csv-parse': [ '5.6.0' ],
251 silly audit   'csv-stringify': [ '6.6.0' ],
251 silly audit   dargs: [ '7.0.0' ],
251 silly audit   'data-uri-to-buffer': [ '6.0.2' ],
251 silly audit   'data-view-buffer': [ '1.0.1' ],
251 silly audit   'data-view-byte-length': [ '1.0.1' ],
251 silly audit   'data-view-byte-offset': [ '1.0.0' ],
251 silly audit   dateformat: [ '3.0.3', '4.6.3' ],
251 silly audit   debug: [ '4.4.3', '3.2.7', '4.4.1' ],
251 silly audit   decamelize: [ '1.2.0', '4.0.0' ],
251 silly audit   'decamelize-keys': [ '1.1.1' ],
251 silly audit   'decompress-response': [ '6.0.0' ],
251 silly audit   'deep-eql': [ '4.1.3' ],
251 silly audit   'deep-is': [ '0.1.4' ],
251 silly audit   'default-browser': [ '5.2.1' ],
251 silly audit   'default-browser-id': [ '5.0.0' ],
251 silly audit   'default-require-extensions': [ '3.0.1' ],
251 silly audit   'strip-bom': [ '4.0.0', '3.0.0' ],
251 silly audit   'defer-to-connect': [ '2.0.1' ],
251 silly audit   'define-data-property': [ '1.1.4' ],
251 silly audit   'define-lazy-prop': [ '3.0.0' ],
251 silly audit   'define-properties': [ '1.2.1' ],
251 silly audit   degenerator: [ '5.0.1' ],
251 silly audit   'delayed-stream': [ '1.0.0' ],
251 silly audit   dequal: [ '2.0.3' ],
251 silly audit   'detect-indent': [ '6.1.0', '7.0.1' ],
251 silly audit   'detect-newline': [ '3.1.0', '4.0.1' ],
251 silly audit   devlop: [ '1.1.0' ],
251 silly audit   'diagnostic-channel': [ '1.1.1' ],
251 silly audit   'diagnostic-channel-publishers': [ '1.0.8' ],
251 silly audit   diff3: [ '0.0.3' ],
251 silly audit   'dir-glob': [ '3.0.1' ],
251 silly audit   doctrine: [ '2.1.0', '3.0.0' ],
251 silly audit   'dom-serializer': [ '2.0.0' ],
251 silly audit   domelementtype: [ '2.3.0' ],
251 silly audit   domhandler: [ '5.0.3' ],
251 silly audit   domutils: [ '3.1.0' ],
251 silly audit   'dot-case': [ '3.0.4' ],
251 silly audit   'dot-prop': [ '5.3.0' ],
251 silly audit   dotgitignore: [ '2.1.0' ],
251 silly audit   'dunder-proto': [ '1.0.1' ],
251 silly audit   eastasianwidth: [ '0.2.0' ],
251 silly audit   'ecdsa-sig-formatter': [ '1.0.11' ],
251 silly audit   ejs: [ '3.1.10' ],
251 silly audit   'electron-to-chromium': [ '1.5.140' ],
251 silly audit   'emitter-listener': [ '1.1.2' ],
251 silly audit   'emoji-regex-xs': [ '1.0.0' ],
251 silly audit   encoding: [ '0.1.13' ],
251 silly audit   'iconv-lite': [ '0.6.3', '0.7.0' ],
251 silly audit   'end-of-stream': [ '1.4.4' ],
251 silly audit   entities: [ '4.5.0' ],
251 silly audit   'env-paths': [ '2.2.1' ],
251 silly audit   environment: [ '1.1.0' ],
251 silly audit   'err-code': [ '2.0.3' ],
251 silly audit   'error-ex': [ '1.3.2' ],
251 silly audit   'es-abstract': [ '1.23.3' ],
251 silly audit   'es-define-property': [ '1.0.1' ],
251 silly audit   'es-errors': [ '1.3.0' ],
251 silly audit   'es-object-atoms': [ '1.1.1' ],
251 silly audit   'es-set-tostringtag': [ '2.1.0' ],
251 silly audit   'es-shim-unscopables': [ '1.0.2' ],
251 silly audit   'es-to-primitive': [ '1.2.1' ],
251 silly audit   'es6-error': [ '4.1.1' ],
251 silly audit   escalade: [ '3.2.0' ],
251 silly audit   'escape-html': [ '1.0.3' ],
251 silly audit   escodegen: [ '2.1.0' ],
251 silly audit   eslint: [ '8.57.0' ],
251 silly audit   'eslint-config-prettier': [ '9.1.0' ],
251 silly audit   'eslint-config-salesforce': [ '2.2.0' ],
251 silly audit   'eslint-config-salesforce-license': [ '0.2.0' ],
251 silly audit   'eslint-config-salesforce-typescript': [ '3.4.0' ],
251 silly audit   'eslint-import-resolver-node': [ '0.3.9' ],
251 silly audit   'eslint-module-utils': [ '2.8.1' ],
251 silly audit   'eslint-plugin-header': [ '3.1.1' ],
251 silly audit   'eslint-plugin-import': [ '2.29.1' ],
251 silly audit   'eslint-plugin-jsdoc': [ '46.10.1' ],
251 silly audit   'spdx-expression-parse': [ '4.0.0', '3.0.1' ],
251 silly audit   'eslint-plugin-unicorn': [ '50.0.1' ],
251 silly audit   'eslint-scope': [ '7.2.2' ],
251 silly audit   'eslint-visitor-keys': [ '3.4.3' ],
251 silly audit   'glob-parent': [ '6.0.2', '5.1.2' ],
251 silly audit   espree: [ '9.6.1' ],
251 silly audit   esprima: [ '4.0.1' ],
251 silly audit   esquery: [ '1.5.0' ],
251 silly audit   esrecurse: [ '4.3.0' ],
251 silly audit   estraverse: [ '5.3.0' ],
251 silly audit   esutils: [ '2.0.3' ],
251 silly audit   'event-target-shim': [ '5.0.1' ],
251 silly audit   execa: [ '5.1.1', '4.1.0' ],
251 silly audit   'exponential-backoff': [ '3.1.2' ],
251 silly audit   extend: [ '3.0.2' ],
251 silly audit   'fast-content-type-parse': [ '2.0.1' ],
251 silly audit   'fast-copy': [ '3.0.2' ],
251 silly audit   'fast-deep-equal': [ '3.1.3' ],
251 silly audit   'fast-glob': [ '3.3.3' ],
251 silly audit   'fast-json-stable-stringify': [ '2.1.0' ],
251 silly audit   'fast-levenshtein': [ '3.0.0', '2.0.6' ],
251 silly audit   'fast-redact': [ '3.5.0' ],
251 silly audit   'fast-safe-stringify': [ '2.1.1' ],
251 silly audit   'fast-uri': [ '3.0.1' ],
251 silly audit   'fastest-levenshtein': [ '1.0.16' ],
251 silly audit   fastq: [ '1.17.1' ],
251 silly audit   faye: [ '1.4.1' ],
251 silly audit   'faye-websocket': [ '0.11.4' ],
251 silly audit   'file-entry-cache': [ '6.0.1' ],
251 silly audit   filelist: [ '1.0.4' ],
251 silly audit   filesize: [ '6.4.0' ],
251 silly audit   'fill-range': [ '7.1.1' ],
251 silly audit   'find-cache-dir': [ '3.3.2' ],
251 silly audit   'find-yarn-workspace-root': [ '2.0.0' ],
251 silly audit   flat: [ '5.0.2' ],
251 silly audit   'flat-cache': [ '3.2.0' ],
251 silly audit   flatted: [ '3.3.1' ],
251 silly audit   'for-each': [ '0.3.5' ],
251 silly audit   'foreground-child': [ '3.3.1', '2.0.0' ],
251 silly audit   'form-data': [ '4.0.5' ],
251 silly audit   'form-data-encoder': [ '2.1.4' ],
251 silly audit   fromentries: [ '1.3.2' ],
251 silly audit   'fs-constants': [ '1.0.0' ],
251 silly audit   'fs-extra': [ '11.2.0', '8.1.0' ],
251 silly audit   'fs-minipass': [ '2.1.0', '3.0.3' ],
251 silly audit   'fs.realpath': [ '1.0.0' ],
251 silly audit   'function-bind': [ '1.1.2' ],
251 silly audit   'function.prototype.name': [ '1.1.6' ],
251 silly audit   'functions-have-names': [ '1.2.3' ],
251 silly audit   gaxios: [ '6.5.0' ],
251 silly audit   uuid: [ '9.0.1', '8.3.2', '8.0.0' ],
251 silly audit   gensync: [ '1.0.0-beta.2' ],
251 silly audit   'get-caller-file': [ '2.0.5' ],
251 silly audit   'get-east-asian-width': [ '1.2.0' ],
251 silly audit   'get-func-name': [ '2.0.2' ],
251 silly audit   'get-intrinsic': [ '1.3.0' ],
251 silly audit   'get-package-type': [ '0.1.0' ],
251 silly audit   'get-pkg-repo': [ '4.2.1' ],
251 silly audit   'safe-buffer': [ '5.1.2', '5.2.1' ],
251 silly audit   string_decoder: [ '1.1.1', '1.3.0' ],
251 silly audit   through2: [ '2.0.5', '4.0.2' ],
251 silly audit   'get-proto': [ '1.0.1' ],
251 silly audit   'get-stdin': [ '9.0.0' ],
251 silly audit   'get-symbol-description': [ '1.0.2' ],
251 silly audit   'get-uri': [ '6.0.3' ],
251 silly audit   'git-hooks-list': [ '3.1.0' ],
251 silly audit   'git-raw-commits': [ '2.0.11' ],
251 silly audit   'git-remote-origin-url': [ '2.0.0' ],
251 silly audit   pify: [ '2.3.0', '4.0.1', '3.0.0' ],
251 silly audit   'git-semver-tags': [ '4.1.1' ],
251 silly audit   gitconfiglocal: [ '1.0.0' ],
251 silly audit   'github-slugger': [ '2.0.0' ],
251 silly audit   'global-dirs': [ '0.1.1' ],
251 silly audit   globalthis: [ '1.0.3' ],
251 silly audit   gopd: [ '1.2.0' ],
251 silly audit   graphemer: [ '1.4.0' ],
251 silly audit   graphology: [ '0.26.0' ],
251 silly audit   'graphology-indices': [ '0.17.0' ],
251 silly audit   'graphology-traversal': [ '0.3.1' ],
251 silly audit   'graphology-types': [ '0.24.7' ],
251 silly audit   'graphology-utils': [ '2.5.2' ],
251 silly audit   handlebars: [ '4.7.8' ],
251 silly audit   'hard-rejection': [ '2.1.0' ],
251 silly audit   'has-bigints': [ '1.0.2' ],
251 silly audit   'has-property-descriptors': [ '1.0.2' ],
251 silly audit   'has-proto': [ '1.0.3' ],
251 silly audit   'has-symbols': [ '1.1.0' ],
251 silly audit   'has-tostringtag': [ '1.0.2' ],
251 silly audit   hasha: [ '5.2.2' ],
251 silly audit   hasown: [ '2.0.2' ],
251 silly audit   'hast-util-to-html': [ '9.0.5' ],
251 silly audit   'hast-util-whitespace': [ '3.0.0' ],
251 silly audit   he: [ '1.2.0' ],
251 silly audit   'header-case': [ '2.0.4' ],
251 silly audit   'help-me': [ '5.0.0' ],
251 silly audit   hpagent: [ '1.2.0' ],
251 silly audit   'html-escaper': [ '2.0.2' ],
251 silly audit   'html-void-elements': [ '3.0.0' ],
251 silly audit   htmlparser2: [ '9.1.0' ],
251 silly audit   'http-cache-semantics': [ '4.1.1', '4.2.0' ],
251 silly audit   'http-call': [ '5.3.0' ],
251 silly audit   'http-parser-js': [ '0.5.8' ],
251 silly audit   'http-proxy-agent': [ '7.0.2' ],
251 silly audit   'human-signals': [ '2.1.0', '1.1.1' ],
251 silly audit   husky: [ '7.0.4' ],
251 silly audit   hyperdyperid: [ '1.2.0' ],
251 silly audit   ignore: [ '5.3.2' ],
251 silly audit   'ignore-walk': [ '7.0.0' ],
251 silly audit   immediate: [ '3.0.6' ],
251 silly audit   'import-fresh': [ '3.3.0' ],
251 silly audit   'resolve-from': [ '4.0.0', '5.0.0' ],
251 silly audit   'import-in-the-middle': [ '1.4.2' ],
251 silly audit   imurmurhash: [ '0.1.4' ],
251 silly audit   'indent-string': [ '4.0.0', '5.0.0' ],
251 silly audit   inflight: [ '1.0.6' ],
251 silly audit   inherits: [ '2.0.4' ],
251 silly audit   'init-package-json': [ '7.0.2' ],
251 silly audit   'validate-npm-package-name': [ '5.0.1', '6.0.1' ],
251 silly audit   ink: [ '5.0.1' ],
251 silly audit   'ink-text-input': [ '6.0.0' ],
251 silly audit   'widest-line': [ '5.0.0', '3.1.0' ],
251 silly audit   'inquirer-autocomplete-standalone': [ '0.8.1' ],
251 silly audit   'internal-slot': [ '1.0.7' ],
251 silly audit   interpret: [ '1.4.0' ],
251 silly audit   'ip-address': [ '9.0.5' ],
251 silly audit   'ip-regex': [ '5.0.0' ],
251 silly audit   'is-arguments': [ '1.1.1' ],
251 silly audit   'is-array-buffer': [ '3.0.4' ],
251 silly audit   'is-arrayish': [ '0.2.1' ],
251 silly audit   'is-bigint': [ '1.0.4' ],
251 silly audit   'is-binary-path': [ '2.1.0' ],
251 silly audit   'is-boolean-object': [ '1.1.2' ],
251 silly audit   'is-builtin-module': [ '3.2.1' ],
251 silly audit   'is-callable': [ '1.2.7' ],
251 silly audit   'is-cidr': [ '5.1.1' ],
251 silly audit   'is-core-module': [ '2.13.1' ],
251 silly audit   'is-data-view': [ '1.0.1' ],
251 silly audit   'is-date-object': [ '1.0.5' ],
251 silly audit   'is-docker': [ '2.2.1', '3.0.0' ],
251 silly audit   'is-extglob': [ '2.1.1' ],
251 silly audit   'is-generator-function': [ '1.0.10' ],
251 silly audit   'is-git-ref-name-valid': [ '1.0.0' ],
251 silly audit   'is-glob': [ '4.0.3' ],
251 silly audit   'is-in-ci': [ '0.1.0' ],
251 silly audit   'is-inside-container': [ '1.0.0' ],
251 silly audit   'is-negative-zero': [ '2.0.3' ],
251 silly audit   'is-number': [ '7.0.0' ],
251 silly audit   'is-number-object': [ '1.0.7' ],
251 silly audit   'is-obj': [ '2.0.0' ],
251 silly audit   'is-path-inside': [ '3.0.3' ],
251 silly audit   'is-plain-obj': [ '1.1.0', '4.1.0', '2.1.0' ],
251 silly audit   'is-regex': [ '1.1.4' ],
251 silly audit   'is-retry-allowed': [ '1.2.0' ],
251 silly audit   'is-shared-array-buffer': [ '1.0.3' ],
251 silly audit   'is-stream': [ '2.0.1' ],
251 silly audit   'is-string': [ '1.0.7' ],
251 silly audit   'is-symbol': [ '1.0.4' ],
251 silly audit   'is-text-path': [ '1.0.1' ],
251 silly audit   'is-typed-array': [ '1.1.15' ],
251 silly audit   'is-typedarray': [ '1.0.0' ],
251 silly audit   'is-weakref': [ '1.0.2' ],
251 silly audit   'is-windows': [ '1.0.2' ],
251 silly audit   isarray: [ '1.0.0', '0.0.1', '2.0.5' ],
251 silly audit   'isomorphic-git': [ '1.34.2' ],
251 silly audit   'istanbul-lib-coverage': [ '3.2.2' ],
251 silly audit   'istanbul-lib-hook': [ '3.0.0' ],
251 silly audit   'istanbul-lib-instrument': [ '6.0.3' ],
251 silly audit   'istanbul-lib-processinfo': [ '2.0.3' ],
251 silly audit   'istanbul-lib-report': [ '3.0.1' ],
251 silly audit   'make-dir': [ '4.0.0', '3.1.0' ],
251 silly audit   'istanbul-lib-source-maps': [ '4.0.1' ],
251 silly audit   'istanbul-reports': [ '3.2.0' ],
251 silly audit   jake: [ '10.8.7' ],
251 silly audit   jmespath: [ '0.16.0' ],
251 silly audit   joycon: [ '3.1.1' ],
251 silly audit   'js-tokens': [ '4.0.0' ],
251 silly audit   js2xmlparser: [ '4.0.2' ],
251 silly audit   jsbn: [ '1.1.0' ],
251 silly audit   'jsdoc-type-pratt-parser': [ '4.0.0' ],
251 silly audit   jsesc: [ '3.0.2', '0.5.0' ],
251 silly audit   'json-buffer': [ '3.0.1' ],
251 silly audit   'json-parse-better-errors': [ '1.0.2' ],
251 silly audit   'json-stable-stringify-without-jsonify': [ '1.0.1' ],
251 silly audit   'json-stream-stringify': [ '3.1.6' ],
251 silly audit   'json-stringify-nice': [ '1.1.4' ],
251 silly audit   'json-stringify-safe': [ '5.0.1' ],
251 silly audit   json5: [ '2.2.3', '1.0.2' ],
251 silly audit   'jsonc-parser': [ '3.2.1' ],
251 silly audit   jsonfile: [ '6.1.0', '4.0.0' ],
251 silly audit   jsonparse: [ '1.3.1' ],
251 silly audit   JSONStream: [ '1.3.5' ],
251 silly audit   jsonwebtoken: [ '9.0.3' ],
251 silly audit   jszip: [ '3.10.1' ],
251 silly audit   'just-diff': [ '5.2.0', '6.0.2' ],
251 silly audit   'just-diff-apply': [ '5.5.0' ],
251 silly audit   jwa: [ '2.0.1' ],
251 silly audit   jws: [ '4.0.1' ],
251 silly audit   keyv: [ '4.5.4' ],
251 silly audit   'kind-of': [ '6.0.3' ],
251 silly audit   levn: [ '0.4.1' ],
251 silly audit   libnpmaccess: [ '9.0.0' ],
251 silly audit   libnpmdiff: [ '7.0.1' ],
251 silly audit   libnpmexec: [ '9.0.1' ],
251 silly audit   libnpmfund: [ '6.0.1' ],
251 silly audit   libnpmhook: [ '11.0.0' ],
251 silly audit   libnpmorg: [ '7.0.0' ],
251 silly audit   libnpmpack: [ '8.0.1' ],
251 silly audit   libnpmpublish: [ '10.0.1' ],
251 silly audit   libnpmsearch: [ '8.0.0' ],
251 silly audit   libnpmteam: [ '7.0.0' ],
251 silly audit   libnpmversion: [ '7.0.0' ],
251 silly audit   lie: [ '3.3.0' ],
251 silly audit   lilconfig: [ '3.1.3' ],
251 silly audit   'lines-and-columns': [ '1.2.4' ],
251 silly audit   'linkify-it': [ '5.0.0' ],
251 silly audit   linkinator: [ '6.1.2' ],
251 silly audit   marked: [ '13.0.3', '4.3.0' ],
251 silly audit   meow: [ '13.2.0', '8.1.2' ],
251 silly audit   mime: [ '4.0.1', '2.6.0' ],
251 silly audit   'load-json-file': [ '4.0.0' ],
251 silly audit   lodash: [ '4.17.23' ],
251 silly audit   'lodash.camelcase': [ '4.3.0' ],
251 silly audit   'lodash.difference': [ '4.5.0' ],
251 silly audit   'lodash.flattendeep': [ '4.4.0' ],
251 silly audit   'lodash.get': [ '4.4.2' ],
251 silly audit   'lodash.includes': [ '4.3.0' ],
251 silly audit   'lodash.isboolean': [ '3.0.3' ],
251 silly audit   'lodash.isfunction': [ '3.0.9' ],
251 silly audit   'lodash.isinteger': [ '4.0.4' ],
251 silly audit   'lodash.ismatch': [ '4.4.0' ],
251 silly audit   'lodash.isnumber': [ '3.0.3' ],
251 silly audit   'lodash.isplainobject': [ '4.0.6' ],
251 silly audit   'lodash.isstring': [ '4.0.1' ],
251 silly audit   'lodash.kebabcase': [ '4.1.1' ],
251 silly audit   'lodash.merge': [ '4.6.2' ],
251 silly audit   'lodash.mergewith': [ '4.6.2' ],
251 silly audit   'lodash.once': [ '4.1.1' ],
251 silly audit   'lodash.snakecase': [ '4.1.1' ],
251 silly audit   'lodash.sortby': [ '4.7.0' ],
251 silly audit   'lodash.startcase': [ '4.4.0' ],
251 silly audit   'lodash.uniq': [ '4.5.0' ],
251 silly audit   'lodash.upperfirst': [ '4.3.1' ],
251 silly audit   'log-symbols': [ '4.1.0' ],
251 silly audit   lolex: [ '2.7.5', '5.1.2' ],
251 silly audit   long: [ '5.3.2' ],
251 silly audit   'loose-envify': [ '1.4.0' ],
251 silly audit   loupe: [ '2.3.7' ],
251 silly audit   'lower-case': [ '2.0.2' ],
251 silly audit   lunr: [ '2.3.9' ],
251 silly audit   'make-error': [ '1.3.6' ],
251 silly audit   'make-fetch-happen': [ '14.0.3' ],
251 silly audit   'markdown-it': [ '14.1.0' ],
251 silly audit   'marked-terminal': [ '4.2.0' ],
251 silly audit   'math-intrinsics': [ '1.1.0' ],
251 silly audit   'mdast-util-to-hast': [ '13.2.1' ],
251 silly audit   mdurl: [ '2.0.0' ],
251 silly audit   memfs: [ '4.36.0' ],
251 silly audit   'merge-stream': [ '2.0.0' ],
251 silly audit   merge2: [ '1.4.1' ],
251 silly audit   'micromark-util-character': [ '2.1.1' ],
251 silly audit   'micromark-util-encode': [ '2.0.1' ],
251 silly audit   'micromark-util-sanitize-uri': [ '2.0.1' ],
251 silly audit   'micromark-util-symbol': [ '2.0.1' ],
251 silly audit   'micromark-util-types': [ '2.0.2' ],
251 silly audit   micromatch: [ '4.0.8' ],
251 silly audit   'mimic-fn': [ '2.1.0' ],
251 silly audit   'min-indent': [ '1.0.1' ],
251 silly audit   minimist: [ '1.2.8' ],
251 silly audit   'minimist-options': [ '4.1.0' ],
251 silly audit   minimisted: [ '2.0.1' ],
251 silly audit   minipass: [ '7.1.2', '3.3.6', '5.0.0' ],
251 silly audit   'minipass-collect': [ '2.0.1' ],
251 silly audit   'minipass-fetch': [ '4.0.1' ],
251 silly audit   'minipass-flush': [ '1.0.5' ],
251 silly audit   'minipass-pipeline': [ '1.2.4' ],
251 silly audit   'minipass-sized': [ '1.0.3' ],
251 silly audit   minizlib: [ '3.1.0', '3.0.2', '2.1.2' ],
251 silly audit   mkdirp: [ '3.0.1', '1.0.4' ],
251 silly audit   'mkdirp-classic': [ '0.5.3' ],
251 silly audit   mnemonist: [ '0.39.8' ],
251 silly audit   mocha: [ '10.8.2' ],
251 silly audit   'modify-values': [ '1.0.1' ],
251 silly audit   'module-details-from-path': [ '1.0.3' ],
251 silly audit   mri: [ '1.2.0' ],
251 silly audit   ms: [ '2.1.3' ],
251 silly audit   multistream: [ '3.1.0' ],
251 silly audit   'natural-compare': [ '1.4.0' ],
251 silly audit   'natural-orderby': [ '3.0.2' ],
251 silly audit   negotiator: [ '1.0.0' ],
251 silly audit   'neo-async': [ '2.6.2' ],
251 silly audit   netmask: [ '2.0.2' ],
251 silly audit   'no-case': [ '3.0.4' ],
251 silly audit   nock: [ '13.5.6' ],
251 silly audit   'node-emoji': [ '1.11.0' ],
251 silly audit   'node-fetch': [ '2.7.0' ],
251 silly audit   'node-gyp': [ '11.2.0' ],
251 silly audit   'node-preload': [ '0.2.1' ],
251 silly audit   'node-releases': [ '2.0.19' ],
251 silly audit   nopt: [ '8.1.0' ],
251 silly audit   'normalize-path': [ '3.0.0' ],
251 silly audit   'npm-audit-report': [ '6.0.0' ],
251 silly audit   'npm-bundled': [ '4.0.0' ],
251 silly audit   'npm-install-checks': [ '7.1.1' ],
251 silly audit   'npm-normalize-package-bin': [ '4.0.0' ],
251 silly audit   'npm-packlist': [ '9.0.0' ],
251 silly audit   'npm-pick-manifest': [ '10.0.0' ],
251 silly audit   'npm-profile': [ '11.0.1' ],
251 silly audit   'npm-registry-fetch': [ '18.0.2' ],
251 silly audit   'npm-user-validate': [ '3.0.0' ],
251 silly audit   pacote: [ '19.0.1', '20.0.0' ],
251 silly audit   'package-json-from-dist': [ '1.0.0', '1.0.1' ],
251 silly audit   'parse-conflict-json': [ '4.0.0' ],
251 silly audit   'postcss-selector-parser': [ '7.1.0' ],
251 silly audit   proggy: [ '3.0.0' ],
251 silly audit   'promise-all-reject-late': [ '1.0.1' ],
251 silly audit   'promise-call-limit': [ '3.0.2' ],
251 silly audit   'promise-retry': [ '2.0.1' ],
251 silly audit   promzard: [ '2.0.0' ],
251 silly audit   'qrcode-terminal': [ '0.12.0' ],
251 silly audit   read: [ '4.1.0' ],
251 silly audit   'read-cmd-shim': [ '5.0.0' ],
251 silly audit   'read-package-json-fast': [ '4.0.0' ],
251 silly audit   'safer-buffer': [ '2.1.2' ],
251 silly audit   'shebang-command': [ '2.0.0' ],
251 silly audit   'shebang-regex': [ '3.0.0' ],
251 silly audit   sigstore: [ '3.1.0' ],
251 silly audit   'smart-buffer': [ '4.2.0' ],
251 silly audit   socks: [ '2.8.3', '2.8.5' ],
251 silly audit   'socks-proxy-agent': [ '8.0.5' ],
251 silly audit   'spdx-correct': [ '3.2.0' ],
251 silly audit   'spdx-exceptions': [ '2.5.0' ],
251 silly audit   'spdx-license-ids': [ '3.0.17', '3.0.21' ],
251 silly audit   ssri: [ '12.0.0' ],
251 silly audit   'text-table': [ '0.2.0' ],
251 silly audit   'tiny-relative-date': [ '1.3.0' ],
251 silly audit   tinyglobby: [ '0.2.14' ],
251 silly audit   fdir: [ '6.4.5', '6.4.6' ],
251 silly audit   picomatch: [ '2.3.1', '3.0.1', '4.0.2' ],
251 silly audit   treeverse: [ '3.0.0' ],
251 silly audit   'tuf-js': [ '3.0.1' ],
251 silly audit   'unique-filename': [ '4.0.0' ],
251 silly audit   'unique-slug': [ '5.0.0' ],
251 silly audit   'util-deprecate': [ '1.0.2' ],
251 silly audit   'validate-npm-package-license': [ '3.0.4' ],
251 silly audit   'walk-up-path': [ '3.0.1' ],
251 silly audit   nyc: [ '17.1.0' ],
251 silly audit   y18n: [ '4.0.3', '5.0.8' ],
251 silly audit   o11y: [ '258.7.0' ],
251 silly audit   'object-hash': [ '3.0.0' ],
251 silly audit   'object-inspect': [ '1.13.1' ],
251 silly audit   'object-keys': [ '1.1.1' ],
251 silly audit   'object.assign': [ '4.1.5' ],
251 silly audit   'object.fromentries': [ '2.0.8' ],
251 silly audit   'object.groupby': [ '1.0.3' ],
251 silly audit   'object.values': [ '1.2.0' ],
251 silly audit   obliterator: [ '2.0.4' ],
251 silly audit   oclif: [ '4.22.77' ],
251 silly audit   universalify: [ '0.1.2', '0.2.0', '2.0.1' ],
251 silly audit   'on-exit-leak-free': [ '2.1.2' ],
251 silly audit   once: [ '1.4.0' ],
251 silly audit   onetime: [ '5.1.2' ],
251 silly audit   'oniguruma-to-es': [ '2.3.0' ],
251 silly audit   open: [ '10.2.0' ],
251 silly audit   optionator: [ '0.9.3' ],
251 silly audit   'pac-proxy-agent': [ '7.1.0' ],
251 silly audit   'pac-resolver': [ '7.0.1' ],
251 silly audit   'package-hash': [ '4.0.0' ],
251 silly audit   pako: [ '1.0.11' ],
251 silly audit   'param-case': [ '3.0.4' ],
251 silly audit   'parent-module': [ '1.0.1' ],
251 silly audit   'pascal-case': [ '3.1.2' ],
251 silly audit   'patch-console': [ '2.0.0' ],
251 silly audit   'path-browserify': [ '1.0.1' ],
251 silly audit   'path-case': [ '3.0.4' ],
251 silly audit   'path-is-absolute': [ '1.0.1' ],
251 silly audit   'path-parse': [ '1.0.7' ],
251 silly audit   pathval: [ '1.1.1' ],
251 silly audit   picocolors: [ '1.1.1' ],
251 silly audit   pino: [ '9.7.0' ],
251 silly audit   'pino-pretty': [ '11.3.0' ],
251 silly audit   'pino-std-serializers': [ '7.0.0' ],
251 silly audit   'pkg-dir': [ '4.2.0' ],
251 silly audit   pluralize: [ '8.0.0' ],
251 silly audit   'possible-typed-array-names': [ '1.0.0' ],
251 silly audit   'prelude-ls': [ '1.2.1' ],
251 silly audit   prettier: [ '2.8.8' ],
251 silly audit   'pretty-quick': [ '3.3.1' ],
251 silly audit   process: [ '0.11.10' ],
251 silly audit   'process-nextick-args': [ '2.0.1' ],
251 silly audit   'process-on-spawn': [ '1.0.0' ],
251 silly audit   'process-warning': [ '5.0.0' ],
251 silly audit   propagate: [ '2.0.1' ],
251 silly audit   'proper-lockfile': [ '4.1.2' ],
251 silly audit   'property-information': [ '7.0.0' ],
251 silly audit   'proto-list': [ '1.2.4' ],
251 silly audit   protobufjs: [ '7.2.6' ],
251 silly audit   'proxy-agent': [ '6.5.0' ],
251 silly audit   'proxy-from-env': [ '1.1.0' ],
251 silly audit   psl: [ '1.9.0' ],
251 silly audit   pump: [ '3.0.0' ],
251 silly audit   punycode: [ '2.3.1', '1.3.2' ],
251 silly audit   'punycode.js': [ '2.3.1' ],
251 silly audit   q: [ '1.5.1' ],
251 silly audit   querystring: [ '0.2.0' ],
251 silly audit   querystringify: [ '2.2.0' ],
251 silly audit   'queue-microtask': [ '1.2.3' ],
251 silly audit   'quick-format-unescaped': [ '4.0.4' ],
251 silly audit   randombytes: [ '2.1.0' ],
251 silly audit   react: [ '18.3.1' ],
251 silly audit   'react-reconciler': [ '0.29.2' ],
251 silly audit   'read-pkg': [ '3.0.0', '5.2.0' ],
251 silly audit   readdirp: [ '3.6.0' ],
251 silly audit   'real-require': [ '0.2.0' ],
251 silly audit   rechoir: [ '0.6.2' ],
251 silly audit   redent: [ '3.0.0' ],
251 silly audit   redeyed: [ '2.1.1' ],
251 silly audit   regex: [ '5.1.1' ],
251 silly audit   'regex-recursion': [ '5.1.1' ],
251 silly audit   'regex-utilities': [ '2.3.0' ],
251 silly audit   'regexp-tree': [ '0.1.27' ],
251 silly audit   'regexp.prototype.flags': [ '1.5.2' ],
251 silly audit   'registry-auth-token': [ '5.1.1' ],
251 silly audit   regjsparser: [ '0.10.0' ],
251 silly audit   'release-zalgo': [ '1.0.0' ],
251 silly audit   'require-directory': [ '2.1.1' ],
251 silly audit   'require-from-string': [ '2.0.2' ],
251 silly audit   'require-in-the-middle': [ '7.3.0' ],
251 silly audit   'require-main-filename': [ '2.0.0' ],
251 silly audit   'requires-port': [ '1.0.0' ],
251 silly audit   resolve: [ '1.22.8' ],
251 silly audit   'resolve-alpn': [ '1.2.1' ],
251 silly audit   'resolve-global': [ '1.0.0' ],
251 silly audit   'restore-cursor': [ '4.0.0' ],
251 silly audit   reusify: [ '1.0.4' ],
251 silly audit   rimraf: [ '3.0.2' ],
251 silly audit   'run-applescript': [ '7.0.0' ],
251 silly audit   'run-async': [ '3.0.0' ],
251 silly audit   'run-parallel': [ '1.2.0' ],
251 silly audit   'safe-array-concat': [ '1.1.2' ],
251 silly audit   'safe-regex-test': [ '1.0.3' ],
251 silly audit   'safe-stable-stringify': [ '2.4.3' ],
251 silly audit   samsam: [ '1.3.0' ],
251 silly audit   sax: [ '1.2.1', '1.3.0' ],
251 silly audit   scheduler: [ '0.23.2' ],
251 silly audit   'secure-json-parse': [ '2.7.0' ],
251 silly audit   'sentence-case': [ '3.0.4' ],
251 silly audit   sequin: [ '0.1.1' ],
251 silly audit   'serialize-javascript': [ '6.0.2' ],
251 silly audit   'server-destroy': [ '1.0.1' ],
251 silly audit   'set-blocking': [ '2.0.0' ],
251 silly audit   'set-function-length': [ '1.2.2' ],
251 silly audit   'set-function-name': [ '2.0.2' ],
251 silly audit   setimmediate: [ '1.0.5' ],
251 silly audit   'sha.js': [ '2.4.12' ],
251 silly audit   shelljs: [ '0.8.5' ],
251 silly audit   shiki: [ '1.29.2' ],
251 silly audit   shimmer: [ '1.2.1' ],
251 silly audit   'side-channel': [ '1.0.6' ],
251 silly audit   'simple-concat': [ '1.0.1' ],
251 silly audit   'simple-get': [ '4.0.1' ],
251 silly audit   'snake-case': [ '3.0.4' ],
251 silly audit   'sonic-boom': [ '4.0.1' ],
251 silly audit   'sort-object-keys': [ '1.1.3' ],
251 silly audit   'sort-package-json': [ '2.15.1' ],
251 silly audit   'source-map': [ '0.6.1' ],
251 silly audit   'source-map-support': [ '0.5.21' ],
251 silly audit   'space-separated-tokens': [ '2.0.2' ],
251 silly audit   'spawn-wrap': [ '2.0.0' ],
251 silly audit   split: [ '1.0.1' ],
251 silly audit   srcset: [ '5.0.1' ],
251 silly audit   'stack-chain': [ '1.3.7' ],
251 silly audit   'stack-utils': [ '2.0.6' ],
251 silly audit   'standard-version': [ '9.5.0' ],
251 silly audit   'string.prototype.trim': [ '1.2.9' ],
251 silly audit   'string.prototype.trimend': [ '1.0.8' ],
251 silly audit   'string.prototype.trimstart': [ '1.0.8' ],
251 silly audit   'stringify-entities': [ '4.0.4' ],
251 silly audit   'stringify-package': [ '1.0.1' ],
251 silly audit   'strip-final-newline': [ '2.0.0' ],
251 silly audit   'strip-indent': [ '3.0.0' ],
251 silly audit   'strip-json-comments': [ '3.1.1' ],
251 silly audit   'supports-hyperlinks': [ '2.3.0' ],
251 silly audit   'supports-preserve-symlinks-flag': [ '1.0.0' ],
251 silly audit   'tar-fs': [ '2.1.4' ],
251 silly audit   'tar-stream': [ '2.2.0' ],
251 silly audit   'terminal-link': [ '3.0.0' ],
251 silly audit   'test-exclude': [ '6.0.0' ],
251 silly audit   'text-extensions': [ '1.9.0' ],
251 silly audit   thingies: [ '2.5.0' ],
251 silly audit   'thread-stream': [ '3.1.0' ],
251 silly audit   through: [ '2.3.8' ],
251 silly audit   'tiny-jsonc': [ '1.0.2' ],
251 silly audit   'to-buffer': [ '1.2.1' ],
251 silly audit   'to-regex-range': [ '5.0.1' ],
251 silly audit   'tough-cookie': [ '4.1.3' ],
251 silly audit   tr46: [ '0.0.3' ],
251 silly audit   'tree-dump': [ '1.0.3' ],
251 silly audit   'trim-lines': [ '3.0.1' ],
251 silly audit   'trim-newlines': [ '3.0.1' ],
251 silly audit   'ts-api-utils': [ '1.3.0' ],
251 silly audit   'ts-json-schema-generator': [ '1.5.1' ],
251 silly audit   typescript: [ '5.4.5', '5.9.3' ],
251 silly audit   'ts-node': [ '10.9.2' ],
251 silly audit   'ts-retry-promise': [ '0.8.1' ],
251 silly audit   'tsconfig-paths': [ '3.15.0' ],
251 silly audit   tslib: [ '2.8.1' ],
251 silly audit   'tunnel-agent': [ '0.6.0' ],
251 silly audit   'type-check': [ '0.4.0' ],
251 silly audit   'type-detect': [ '4.0.8' ],
251 silly audit   'typed-array-buffer': [ '1.0.3' ],
251 silly audit   'typed-array-byte-length': [ '1.0.1' ],
251 silly audit   'typed-array-byte-offset': [ '1.0.2' ],
251 silly audit   'typed-array-length': [ '1.0.6' ],
251 silly audit   typedarray: [ '0.0.6' ],
251 silly audit   'typedarray-to-buffer': [ '3.1.5' ],
251 silly audit   typedoc: [ '0.26.11' ],
251 silly audit   'typedoc-plugin-missing-exports': [ '3.1.0' ],
251 silly audit   'uc.micro': [ '2.1.0' ],
251 silly audit   'uglify-js': [ '3.17.4' ],
251 silly audit   'unbox-primitive': [ '1.0.2' ],
251 silly audit   'unicorn-magic': [ '0.1.0' ],
251 silly audit   'unist-util-is': [ '6.0.0' ],
251 silly audit   'unist-util-position': [ '5.0.0' ],
251 silly audit   'unist-util-stringify-position': [ '4.0.0' ],
251 silly audit   'unist-util-visit': [ '5.0.0' ],
251 silly audit   'unist-util-visit-parents': [ '6.0.1' ],
251 silly audit   'universal-user-agent': [ '7.0.2' ],
251 silly audit   'update-browserslist-db': [ '1.1.3' ],
251 silly audit   'upper-case': [ '2.0.2' ],
251 silly audit   'upper-case-first': [ '2.0.2' ],
251 silly audit   'uri-js': [ '4.4.1' ],
251 silly audit   url: [ '0.10.3' ],
251 silly audit   'url-parse': [ '1.5.10' ],
251 silly audit   util: [ '0.12.5' ],
251 silly audit   'v8-compile-cache-lib': [ '3.0.1' ],
251 silly audit   vfile: [ '6.0.3' ],
251 silly audit   'vfile-message': [ '4.0.2' ],
251 silly audit   'web-vitals': [ '4.2.4' ],
251 silly audit   'webidl-conversions': [ '3.0.1' ],
251 silly audit   'websocket-driver': [ '0.7.4' ],
251 silly audit   'websocket-extensions': [ '0.1.4' ],
251 silly audit   'whatwg-url': [ '5.0.0' ],
251 silly audit   'which-boxed-primitive': [ '1.0.2' ],
251 silly audit   'which-module': [ '2.0.1' ],
251 silly audit   'which-typed-array': [ '1.1.19' ],
251 silly audit   wireit: [ '0.14.12' ],
251 silly audit   wordwrap: [ '1.0.0' ],
251 silly audit   workerpool: [ '6.5.1' ],
251 silly audit   wrappy: [ '1.0.2' ],
251 silly audit   ws: [ '8.18.2' ],
251 silly audit   'wsl-utils': [ '0.1.0' ],
251 silly audit   xml2js: [ '0.6.2' ],
251 silly audit   xmlbuilder: [ '11.0.1' ],
251 silly audit   xmlcreate: [ '2.0.4' ],
251 silly audit   xtend: [ '4.0.2' ],
251 silly audit   yaml: [ '2.8.2' ],
251 silly audit   'yargs-unparser': [ '2.0.0' ],
251 silly audit   yarn: [ '1.22.22' ],
251 silly audit   'yarn-deduplicate': [ '6.0.2' ],
251 silly audit   yn: [ '3.1.1' ],
251 silly audit   'yocto-queue': [ '0.1.0' ],
251 silly audit   'yoctocolors-cjs': [ '2.1.3' ],
251 silly audit   'yoga-wasm-web': [ '0.3.3' ],
251 silly audit   zod: [ '4.2.1' ],
251 silly audit   zwitch: [ '2.0.4' ],
251 silly audit   npm: [ '10.9.4' ]
251 silly audit }
252 silly tarball no local data for zod@https://registry.npmjs.org/zod/-/zod-4.2.1.tgz. Extracting by manifest.
253 silly tarball no local data for yaml@https://registry.npmjs.org/yaml/-/yaml-2.8.2.tgz. Extracting by manifest.
254 silly tarball no local data for xmlbuilder@https://registry.npmjs.org/xmlbuilder/-/xmlbuilder-11.0.1.tgz. Extracting by manifest.
255 silly tarball no local data for xmlcreate@https://registry.npmjs.org/xmlcreate/-/xmlcreate-2.0.4.tgz. Extracting by manifest.
256 silly tarball no local data for xml2js@https://registry.npmjs.org/xml2js/-/xml2js-0.6.2.tgz. Extracting by manifest.
257 silly tarball no local data for ws@https://registry.npmjs.org/ws/-/ws-8.18.2.tgz. Extracting by manifest.
258 silly tarball no local data for wsl-utils@https://registry.npmjs.org/wsl-utils/-/wsl-utils-0.1.0.tgz. Extracting by manifest.
259 silly tarball no local data for wrappy@https://registry.npmjs.org/wrappy/-/wrappy-1.0.2.tgz. Extracting by manifest.
260 silly tarball no local data for wrap-ansi-cjs@https://registry.npmjs.org/wrap-ansi/-/wrap-ansi-7.0.0.tgz. Extracting by manifest.
261 silly tarball no local data for wordwrap@https://registry.npmjs.org/wordwrap/-/wordwrap-1.0.0.tgz. Extracting by manifest.
262 silly tarball no local data for widest-line@https://registry.npmjs.org/widest-line/-/widest-line-3.1.0.tgz. Extracting by manifest.
263 silly tarball no local data for which-typed-array@https://registry.npmjs.org/which-typed-array/-/which-typed-array-1.1.19.tgz. Extracting by manifest.
264 silly tarball no local data for wrap-ansi@https://registry.npmjs.org/wrap-ansi/-/wrap-ansi-6.2.0.tgz. Extracting by manifest.
265 silly tarball no local data for whatwg-url@https://registry.npmjs.org/whatwg-url/-/whatwg-url-5.0.0.tgz. Extracting by manifest.
266 silly tarball no local data for websocket-extensions@https://registry.npmjs.org/websocket-extensions/-/websocket-extensions-0.1.4.tgz. Extracting by manifest.
267 silly tarball no local data for websocket-driver@https://registry.npmjs.org/websocket-driver/-/websocket-driver-0.7.4.tgz. Extracting by manifest.
268 silly tarball no local data for webidl-conversions@https://registry.npmjs.org/webidl-conversions/-/webidl-conversions-3.0.1.tgz. Extracting by manifest.
269 silly tarball no local data for validate-npm-package-name@https://registry.npmjs.org/validate-npm-package-name/-/validate-npm-package-name-5.0.1.tgz. Extracting by manifest.
270 silly tarball no local data for web-vitals@https://registry.npmjs.org/web-vitals/-/web-vitals-4.2.4.tgz. Extracting by manifest.
271 silly tarball no local data for util-deprecate@https://registry.npmjs.org/util-deprecate/-/util-deprecate-1.0.2.tgz. Extracting by manifest.
272 silly tarball no local data for url-parse@https://registry.npmjs.org/url-parse/-/url-parse-1.5.10.tgz. Extracting by manifest.
273 silly tarball no local data for upper-case-first@https://registry.npmjs.org/upper-case-first/-/upper-case-first-2.0.2.tgz. Extracting by manifest.
274 silly tarball no local data for universalify@https://registry.npmjs.org/universalify/-/universalify-2.0.1.tgz. Extracting by manifest.
275 silly tarball no local data for upper-case@https://registry.npmjs.org/upper-case/-/upper-case-2.0.2.tgz. Extracting by manifest.
276 silly tarball no local data for typed-array-buffer@https://registry.npmjs.org/typed-array-buffer/-/typed-array-buffer-1.0.3.tgz. Extracting by manifest.
277 silly tarball no local data for tunnel-agent@https://registry.npmjs.org/tunnel-agent/-/tunnel-agent-0.6.0.tgz. Extracting by manifest.
278 silly tarball no local data for undici-types@https://registry.npmjs.org/undici-types/-/undici-types-5.26.5.tgz. Extracting by manifest.
279 silly tarball no local data for tslib@https://registry.npmjs.org/tslib/-/tslib-2.8.1.tgz. Extracting by manifest.
280 silly tarball no local data for ts-retry-promise@https://registry.npmjs.org/ts-retry-promise/-/ts-retry-promise-0.8.1.tgz. Extracting by manifest.
281 silly tarball no local data for tr46@https://registry.npmjs.org/tr46/-/tr46-0.0.3.tgz. Extracting by manifest.
282 silly tarball no local data for tree-dump@https://registry.npmjs.org/tree-dump/-/tree-dump-1.0.3.tgz. Extracting by manifest.
283 silly tarball no local data for tough-cookie@https://registry.npmjs.org/tough-cookie/-/tough-cookie-4.1.3.tgz. Extracting by manifest.
284 silly tarball no local data for to-regex-range@https://registry.npmjs.org/to-regex-range/-/to-regex-range-5.0.1.tgz. Extracting by manifest.
285 silly tarball no local data for to-buffer@https://registry.npmjs.org/to-buffer/-/to-buffer-1.2.1.tgz. Extracting by manifest.
286 silly tarball no local data for tinyglobby@https://registry.npmjs.org/tinyglobby/-/tinyglobby-0.2.14.tgz. Extracting by manifest.
287 silly tarball no local data for thingies@https://registry.npmjs.org/thingies/-/thingies-2.5.0.tgz. Extracting by manifest.
288 silly tarball no local data for thread-stream@https://registry.npmjs.org/thread-stream/-/thread-stream-3.1.0.tgz. Extracting by manifest.
289 silly tarball no local data for terminal-link@https://registry.npmjs.org/terminal-link/-/terminal-link-3.0.0.tgz. Extracting by manifest.
290 silly tarball no local data for tar-stream@https://registry.npmjs.org/tar-stream/-/tar-stream-2.2.0.tgz. Extracting by manifest.
291 silly tarball no local data for tar-fs@https://registry.npmjs.org/tar-fs/-/tar-fs-2.1.4.tgz. Extracting by manifest.
292 silly tarball no local data for supports-preserve-symlinks-flag@https://registry.npmjs.org/supports-preserve-symlinks-flag/-/supports-preserve-symlinks-flag-1.0.0.tgz. Extracting by manifest.
293 silly tarball no local data for supports-hyperlinks@https://registry.npmjs.org/supports-hyperlinks/-/supports-hyperlinks-2.3.0.tgz. Extracting by manifest.
294 silly tarball no local data for supports-color@https://registry.npmjs.org/supports-color/-/supports-color-7.2.0.tgz. Extracting by manifest.
295 silly tarball no local data for strip-json-comments@https://registry.npmjs.org/strip-json-comments/-/strip-json-comments-3.1.1.tgz. Extracting by manifest.
296 silly tarball no local data for strnum@https://registry.npmjs.org/strnum/-/strnum-2.1.2.tgz. Extracting by manifest.
297 silly tarball no local data for strip-ansi-cjs@https://registry.npmjs.org/strip-ansi/-/strip-ansi-6.0.1.tgz. Extracting by manifest.
298 silly tarball no local data for strip-ansi@https://registry.npmjs.org/strip-ansi/-/strip-ansi-6.0.1.tgz. Extracting by manifest.
299 silly tarball no local data for string-width-cjs@https://registry.npmjs.org/string-width/-/string-width-4.2.3.tgz. Extracting by manifest.
300 silly tarball no local data for string-width@https://registry.npmjs.org/string-width/-/string-width-4.2.3.tgz. Extracting by manifest.
301 silly tarball no local data for string_decoder@https://registry.npmjs.org/string_decoder/-/string_decoder-1.3.0.tgz. Extracting by manifest.
302 silly tarball no local data for stack-utils@https://registry.npmjs.org/stack-utils/-/stack-utils-2.0.6.tgz. Extracting by manifest.
303 silly tarball no local data for sprintf-js@https://registry.npmjs.org/sprintf-js/-/sprintf-js-1.1.3.tgz. Extracting by manifest.
304 silly tarball no local data for source-map@https://registry.npmjs.org/source-map/-/source-map-0.6.1.tgz. Extracting by manifest.
305 silly tarball no local data for stack-chain@https://registry.npmjs.org/stack-chain/-/stack-chain-1.3.7.tgz. Extracting by manifest.
306 silly tarball no local data for sonic-boom@https://registry.npmjs.org/sonic-boom/-/sonic-boom-4.0.1.tgz. Extracting by manifest.
307 silly tarball no local data for socks-proxy-agent@https://registry.npmjs.org/socks-proxy-agent/-/socks-proxy-agent-8.0.5.tgz. Extracting by manifest.
308 silly tarball no local data for socks@https://registry.npmjs.org/socks/-/socks-2.8.3.tgz. Extracting by manifest.
309 silly tarball no local data for snake-case@https://registry.npmjs.org/snake-case/-/snake-case-3.0.4.tgz. Extracting by manifest.
310 silly tarball no local data for slice-ansi@https://registry.npmjs.org/slice-ansi/-/slice-ansi-7.1.0.tgz. Extracting by manifest.
311 silly tarball no local data for smart-buffer@https://registry.npmjs.org/smart-buffer/-/smart-buffer-4.2.0.tgz. Extracting by manifest.
312 silly tarball no local data for slash@https://registry.npmjs.org/slash/-/slash-3.0.0.tgz. Extracting by manifest.
313 silly tarball no local data for simple-get@https://registry.npmjs.org/simple-get/-/simple-get-4.0.1.tgz. Extracting by manifest.
314 silly tarball no local data for simple-concat@https://registry.npmjs.org/simple-concat/-/simple-concat-1.0.1.tgz. Extracting by manifest.
315 silly tarball no local data for signal-exit@https://registry.npmjs.org/signal-exit/-/signal-exit-3.0.7.tgz. Extracting by manifest.
316 silly tarball no local data for shimmer@https://registry.npmjs.org/shimmer/-/shimmer-1.2.1.tgz. Extracting by manifest.
317 silly tarball no local data for shelljs@https://registry.npmjs.org/shelljs/-/shelljs-0.8.5.tgz. Extracting by manifest.
318 silly tarball no local data for shebang-command@https://registry.npmjs.org/shebang-command/-/shebang-command-2.0.0.tgz. Extracting by manifest.
319 silly tarball no local data for sha.js@https://registry.npmjs.org/sha.js/-/sha.js-2.4.12.tgz. Extracting by manifest.
320 silly tarball no local data for shebang-regex@https://registry.npmjs.org/shebang-regex/-/shebang-regex-3.0.0.tgz. Extracting by manifest.
321 silly tarball no local data for setimmediate@https://registry.npmjs.org/setimmediate/-/setimmediate-1.0.5.tgz. Extracting by manifest.
322 silly tarball no local data for set-function-length@https://registry.npmjs.org/set-function-length/-/set-function-length-1.2.2.tgz. Extracting by manifest.
323 silly tarball no local data for sequin@https://registry.npmjs.org/sequin/-/sequin-0.1.1.tgz. Extracting by manifest.
324 silly tarball no local data for sentence-case@https://registry.npmjs.org/sentence-case/-/sentence-case-3.0.4.tgz. Extracting by manifest.
325 silly tarball no local data for semver@https://registry.npmjs.org/semver/-/semver-7.7.4.tgz. Extracting by manifest.
326 silly tarball no local data for secure-json-parse@https://registry.npmjs.org/secure-json-parse/-/secure-json-parse-2.7.0.tgz. Extracting by manifest.
327 silly tarball no local data for scheduler@https://registry.npmjs.org/scheduler/-/scheduler-0.23.2.tgz. Extracting by manifest.
328 silly tarball no local data for safer-buffer@https://registry.npmjs.org/safer-buffer/-/safer-buffer-2.1.2.tgz. Extracting by manifest.
329 silly tarball no local data for yoga-wasm-web@https://registry.npmjs.org/yoga-wasm-web/-/yoga-wasm-web-0.3.3.tgz. Extracting by manifest.
330 silly tarball no local data for safe-stable-stringify@https://registry.npmjs.org/safe-stable-stringify/-/safe-stable-stringify-2.4.3.tgz. Extracting by manifest.
331 silly tarball no local data for yoctocolors-cjs@https://registry.npmjs.org/yoctocolors-cjs/-/yoctocolors-cjs-2.1.3.tgz. Extracting by manifest.
332 silly tarball no local data for yarn@https://registry.npmjs.org/yarn/-/yarn-1.22.22.tgz. Extracting by manifest.
333 silly tarball no local data for run-parallel@https://registry.npmjs.org/run-parallel/-/run-parallel-1.2.0.tgz. Extracting by manifest.
334 silly tarball no local data for safe-buffer@https://registry.npmjs.org/safe-buffer/-/safe-buffer-5.2.1.tgz. Extracting by manifest.
335 silly tarball no local data for run-async@https://registry.npmjs.org/run-async/-/run-async-3.0.0.tgz. Extracting by manifest.
336 silly tarball no local data for run-applescript@https://registry.npmjs.org/run-applescript/-/run-applescript-7.0.0.tgz. Extracting by manifest.
337 silly tarball no local data for reusify@https://registry.npmjs.org/reusify/-/reusify-1.0.4.tgz. Extracting by manifest.
338 silly tarball no local data for retry@https://registry.npmjs.org/retry/-/retry-0.12.0.tgz. Extracting by manifest.
339 silly tarball no local data for restore-cursor@https://registry.npmjs.org/restore-cursor/-/restore-cursor-4.0.0.tgz. Extracting by manifest.
340 silly tarball no local data for responselike@https://registry.npmjs.org/responselike/-/responselike-2.0.1.tgz. Extracting by manifest.
341 silly tarball no local data for resolve-alpn@https://registry.npmjs.org/resolve-alpn/-/resolve-alpn-1.2.1.tgz. Extracting by manifest.
342 silly tarball no local data for resolve@https://registry.npmjs.org/resolve/-/resolve-1.22.8.tgz. Extracting by manifest.
343 silly tarball no local data for require-in-the-middle@https://registry.npmjs.org/require-in-the-middle/-/require-in-the-middle-7.3.0.tgz. Extracting by manifest.
344 silly tarball no local data for requires-port@https://registry.npmjs.org/requires-port/-/requires-port-1.0.0.tgz. Extracting by manifest.
345 silly tarball no local data for require-from-string@https://registry.npmjs.org/require-from-string/-/require-from-string-2.0.2.tgz. Extracting by manifest.
346 silly tarball no local data for redeyed@https://registry.npmjs.org/redeyed/-/redeyed-2.1.1.tgz. Extracting by manifest.
347 silly tarball no local data for readable-stream@https://registry.npmjs.org/readable-stream/-/readable-stream-3.6.2.tgz. Extracting by manifest.
348 silly tarball no local data for rechoir@https://registry.npmjs.org/rechoir/-/rechoir-0.6.2.tgz. Extracting by manifest.
349 silly tarball no local data for react-reconciler@https://registry.npmjs.org/react-reconciler/-/react-reconciler-0.29.2.tgz. Extracting by manifest.
350 silly tarball no local data for react@https://registry.npmjs.org/react/-/react-18.3.1.tgz. Extracting by manifest.
351 silly tarball no local data for quick-lru@https://registry.npmjs.org/quick-lru/-/quick-lru-5.1.1.tgz. Extracting by manifest.
352 silly tarball no local data for quick-format-unescaped@https://registry.npmjs.org/quick-format-unescaped/-/quick-format-unescaped-4.0.4.tgz. Extracting by manifest.
353 silly tarball no local data for queue-microtask@https://registry.npmjs.org/queue-microtask/-/queue-microtask-1.2.3.tgz. Extracting by manifest.
354 silly tarball no local data for querystringify@https://registry.npmjs.org/querystringify/-/querystringify-2.2.0.tgz. Extracting by manifest.
355 silly tarball no local data for pump@https://registry.npmjs.org/pump/-/pump-3.0.0.tgz. Extracting by manifest.
356 silly tarball no local data for punycode@https://registry.npmjs.org/punycode/-/punycode-2.3.1.tgz. Extracting by manifest.
357 silly tarball no local data for registry-auth-token@https://registry.npmjs.org/registry-auth-token/-/registry-auth-token-5.1.1.tgz. Extracting by manifest.
358 silly tarball no local data for real-require@https://registry.npmjs.org/real-require/-/real-require-0.2.0.tgz. Extracting by manifest.
359 silly tarball no local data for psl@https://registry.npmjs.org/psl/-/psl-1.9.0.tgz. Extracting by manifest.
360 silly tarball no local data for proxy-from-env@https://registry.npmjs.org/proxy-from-env/-/proxy-from-env-1.1.0.tgz. Extracting by manifest.
361 silly tarball no local data for proxy-agent@https://registry.npmjs.org/proxy-agent/-/proxy-agent-6.5.0.tgz. Extracting by manifest.
362 silly tarball no local data for protobufjs@https://registry.npmjs.org/protobufjs/-/protobufjs-7.2.6.tgz. Extracting by manifest.
363 silly tarball no local data for proto-list@https://registry.npmjs.org/proto-list/-/proto-list-1.2.4.tgz. Extracting by manifest.
364 silly tarball no local data for propagate@https://registry.npmjs.org/propagate/-/propagate-2.0.1.tgz. Extracting by manifest.
365 silly tarball no local data for proper-lockfile@https://registry.npmjs.org/proper-lockfile/-/proper-lockfile-4.1.2.tgz. Extracting by manifest.
366 silly tarball no local data for process-warning@https://registry.npmjs.org/process-warning/-/process-warning-5.0.0.tgz. Extracting by manifest.
367 silly tarball no local data for process-nextick-args@https://registry.npmjs.org/process-nextick-args/-/process-nextick-args-2.0.1.tgz. Extracting by manifest.
368 silly tarball no local data for process@https://registry.npmjs.org/process/-/process-0.11.10.tgz. Extracting by manifest.
369 silly tarball no local data for pino-std-serializers@https://registry.npmjs.org/pino-std-serializers/-/pino-std-serializers-7.0.0.tgz. Extracting by manifest.
370 silly tarball no local data for possible-typed-array-names@https://registry.npmjs.org/possible-typed-array-names/-/possible-typed-array-names-1.0.0.tgz. Extracting by manifest.
371 silly tarball no local data for pino-pretty@https://registry.npmjs.org/pino-pretty/-/pino-pretty-11.3.0.tgz. Extracting by manifest.
372 silly tarball no local data for pino-abstract-transport@https://registry.npmjs.org/pino-abstract-transport/-/pino-abstract-transport-2.0.0.tgz. Extracting by manifest.
373 silly tarball no local data for pino@https://registry.npmjs.org/pino/-/pino-9.7.0.tgz. Extracting by manifest.
374 silly tarball no local data for picomatch@https://registry.npmjs.org/picomatch/-/picomatch-2.3.1.tgz. Extracting by manifest.
375 silly tarball no local data for picocolors@https://registry.npmjs.org/picocolors/-/picocolors-1.1.1.tgz. Extracting by manifest.
376 silly tarball no local data for path-parse@https://registry.npmjs.org/path-parse/-/path-parse-1.0.7.tgz. Extracting by manifest.
377 silly tarball no local data for path-type@https://registry.npmjs.org/path-type/-/path-type-4.0.0.tgz. Extracting by manifest.
378 silly tarball no local data for path-key@https://registry.npmjs.org/path-key/-/path-key-3.1.1.tgz. Extracting by manifest.
379 silly tarball no local data for path-case@https://registry.npmjs.org/path-case/-/path-case-3.0.4.tgz. Extracting by manifest.
380 silly tarball no local data for path-is-absolute@https://registry.npmjs.org/path-is-absolute/-/path-is-absolute-1.0.1.tgz. Extracting by manifest.
381 silly tarball no local data for patch-console@https://registry.npmjs.org/patch-console/-/patch-console-2.0.0.tgz. Extracting by manifest.
382 silly tarball no local data for path-browserify@https://registry.npmjs.org/path-browserify/-/path-browserify-1.0.1.tgz. Extracting by manifest.
383 silly tarball no local data for pascal-case@https://registry.npmjs.org/pascal-case/-/pascal-case-3.1.2.tgz. Extracting by manifest.
384 silly tarball no local data for parse-json@https://registry.npmjs.org/parse-json/-/parse-json-4.0.0.tgz. Extracting by manifest.
385 silly tarball no local data for param-case@https://registry.npmjs.org/param-case/-/param-case-3.0.4.tgz. Extracting by manifest.
386 silly tarball no local data for pako@https://registry.npmjs.org/pako/-/pako-1.0.11.tgz. Extracting by manifest.
387 silly tarball no local data for package-json-from-dist@https://registry.npmjs.org/package-json-from-dist/-/package-json-from-dist-1.0.0.tgz. Extracting by manifest.
388 silly tarball no local data for open@https://registry.npmjs.org/open/-/open-10.2.0.tgz. Extracting by manifest.
389 silly tarball no local data for pac-proxy-agent@https://registry.npmjs.org/pac-proxy-agent/-/pac-proxy-agent-7.1.0.tgz. Extracting by manifest.
390 silly tarball no local data for onetime@https://registry.npmjs.org/onetime/-/onetime-5.1.2.tgz. Extracting by manifest.
391 silly tarball no local data for on-exit-leak-free@https://registry.npmjs.org/on-exit-leak-free/-/on-exit-leak-free-2.1.2.tgz. Extracting by manifest.
392 silly tarball no local data for once@https://registry.npmjs.org/once/-/once-1.4.0.tgz. Extracting by manifest.
393 silly tarball no local data for obliterator@https://registry.npmjs.org/obliterator/-/obliterator-2.0.4.tgz. Extracting by manifest.
394 silly tarball no local data for object-treeify@https://registry.npmjs.org/object-treeify/-/object-treeify-4.0.1.tgz. Extracting by manifest.
395 silly tarball no local data for p-cancelable@https://registry.npmjs.org/p-cancelable/-/p-cancelable-3.0.0.tgz. Extracting by manifest.
396 silly tarball no local data for object-hash@https://registry.npmjs.org/object-hash/-/object-hash-3.0.0.tgz. Extracting by manifest.
397 silly tarball no local data for o11y_schema@https://registry.npmjs.org/o11y_schema/-/o11y_schema-260.44.0.tgz. Extracting by manifest.
398 silly tarball no local data for o11y@https://registry.npmjs.org/o11y/-/o11y-258.7.0.tgz. Extracting by manifest.
399 silly tarball no local data for pac-resolver@https://registry.npmjs.org/pac-resolver/-/pac-resolver-7.0.1.tgz. Extracting by manifest.
400 silly tarball no local data for npm-run-path@https://registry.npmjs.org/npm-run-path/-/npm-run-path-4.0.1.tgz. Extracting by manifest.
401 silly tarball no local data for normalize-url@https://registry.npmjs.org/normalize-url/-/normalize-url-8.0.1.tgz. Extracting by manifest.
402 silly tarball no local data for node-fetch@https://registry.npmjs.org/node-fetch/-/node-fetch-2.7.0.tgz. Extracting by manifest.
403 silly tarball no local data for node-emoji@https://registry.npmjs.org/node-emoji/-/node-emoji-1.11.0.tgz. Extracting by manifest.
404 silly tarball no local data for nock@https://registry.npmjs.org/nock/-/nock-13.5.6.tgz. Extracting by manifest.
405 silly tarball no local data for netmask@https://registry.npmjs.org/netmask/-/netmask-2.0.2.tgz. Extracting by manifest.
406 silly tarball no local data for no-case@https://registry.npmjs.org/no-case/-/no-case-3.0.4.tgz. Extracting by manifest.
407 silly tarball no local data for natural-orderby@https://registry.npmjs.org/natural-orderby/-/natural-orderby-3.0.2.tgz. Extracting by manifest.
408 silly tarball no local data for multistream@https://registry.npmjs.org/multistream/-/multistream-3.1.0.tgz. Extracting by manifest.
409 silly tarball no local data for mute-stream@https://registry.npmjs.org/mute-stream/-/mute-stream-1.0.0.tgz. Extracting by manifest.
410 silly tarball no local data for ms@https://registry.npmjs.org/ms/-/ms-2.1.3.tgz. Extracting by manifest.
411 silly tarball no local data for mnemonist@https://registry.npmjs.org/mnemonist/-/mnemonist-0.39.8.tgz. Extracting by manifest.
412 silly tarball no local data for module-details-from-path@https://registry.npmjs.org/module-details-from-path/-/module-details-from-path-1.0.3.tgz. Extracting by manifest.
413 silly tarball no local data for mkdirp-classic@https://registry.npmjs.org/mkdirp-classic/-/mkdirp-classic-0.5.3.tgz. Extracting by manifest.
414 silly tarball no local data for minizlib@https://registry.npmjs.org/minizlib/-/minizlib-3.1.0.tgz. Extracting by manifest.
415 silly tarball no local data for minipass@https://registry.npmjs.org/minipass/-/minipass-7.1.2.tgz. Extracting by manifest.
416 silly tarball no local data for minimisted@https://registry.npmjs.org/minimisted/-/minimisted-2.0.1.tgz. Extracting by manifest.
417 silly tarball no local data for minimatch@https://registry.npmjs.org/minimatch/-/minimatch-9.0.5.tgz. Extracting by manifest.
418 silly tarball no local data for minimist@https://registry.npmjs.org/minimist/-/minimist-1.2.8.tgz. Extracting by manifest.
419 silly tarball no local data for mimic-fn@https://registry.npmjs.org/mimic-fn/-/mimic-fn-2.1.0.tgz. Extracting by manifest.
420 silly tarball no local data for mimic-response@https://registry.npmjs.org/mimic-response/-/mimic-response-3.1.0.tgz. Extracting by manifest.
421 silly tarball no local data for mime-types@https://registry.npmjs.org/mime-types/-/mime-types-2.1.35.tgz. Extracting by manifest.
422 silly tarball no local data for mime-db@https://registry.npmjs.org/mime-db/-/mime-db-1.52.0.tgz. Extracting by manifest.
423 silly tarball no local data for mime@https://registry.npmjs.org/mime/-/mime-2.6.0.tgz. Extracting by manifest.
424 silly tarball no local data for micromatch@https://registry.npmjs.org/micromatch/-/micromatch-4.0.8.tgz. Extracting by manifest.
425 silly tarball no local data for merge2@https://registry.npmjs.org/merge2/-/merge2-1.4.1.tgz. Extracting by manifest.
426 silly tarball no local data for memfs@https://registry.npmjs.org/memfs/-/memfs-4.36.0.tgz. Extracting by manifest.
427 silly tarball no local data for math-intrinsics@https://registry.npmjs.org/math-intrinsics/-/math-intrinsics-1.1.0.tgz. Extracting by manifest.
428 silly tarball no local data for marked-terminal@https://registry.npmjs.org/marked-terminal/-/marked-terminal-4.2.0.tgz. Extracting by manifest.
429 silly tarball no local data for marked@https://registry.npmjs.org/marked/-/marked-4.3.0.tgz. Extracting by manifest.
430 silly tarball no local data for lru-cache@https://registry.npmjs.org/lru-cache/-/lru-cache-10.2.2.tgz. Extracting by manifest.
431 silly tarball no local data for lower-case@https://registry.npmjs.org/lower-case/-/lower-case-2.0.2.tgz. Extracting by manifest.
432 silly tarball no local data for lowercase-keys@https://registry.npmjs.org/lowercase-keys/-/lowercase-keys-2.0.0.tgz. Extracting by manifest.
433 silly tarball no local data for loose-envify@https://registry.npmjs.org/loose-envify/-/loose-envify-1.4.0.tgz. Extracting by manifest.
434 silly tarball no local data for long@https://registry.npmjs.org/long/-/long-5.3.2.tgz. Extracting by manifest.
435 silly tarball no local data for lodash.once@https://registry.npmjs.org/lodash.once/-/lodash.once-4.1.1.tgz. Extracting by manifest.
436 silly tarball no local data for lodash.isstring@https://registry.npmjs.org/lodash.isstring/-/lodash.isstring-4.0.1.tgz. Extracting by manifest.
437 silly tarball no local data for lodash.isplainobject@https://registry.npmjs.org/lodash.isplainobject/-/lodash.isplainobject-4.0.6.tgz. Extracting by manifest.
438 silly tarball no local data for lodash.isnumber@https://registry.npmjs.org/lodash.isnumber/-/lodash.isnumber-3.0.3.tgz. Extracting by manifest.
439 silly tarball no local data for lodash.isinteger@https://registry.npmjs.org/lodash.isinteger/-/lodash.isinteger-4.0.4.tgz. Extracting by manifest.
440 silly tarball no local data for lodash.includes@https://registry.npmjs.org/lodash.includes/-/lodash.includes-4.3.0.tgz. Extracting by manifest.
441 silly tarball no local data for lodash.isboolean@https://registry.npmjs.org/lodash.isboolean/-/lodash.isboolean-3.0.3.tgz. Extracting by manifest.
442 silly tarball no local data for lodash@https://registry.npmjs.org/lodash/-/lodash-4.17.23.tgz. Extracting by manifest.
443 silly tarball no local data for lilconfig@https://registry.npmjs.org/lilconfig/-/lilconfig-3.1.3.tgz. Extracting by manifest.
444 silly tarball no local data for lie@https://registry.npmjs.org/lie/-/lie-3.3.0.tgz. Extracting by manifest.
445 silly tarball no local data for keyv@https://registry.npmjs.org/keyv/-/keyv-4.5.4.tgz. Extracting by manifest.
446 silly tarball no local data for jws@https://registry.npmjs.org/jws/-/jws-4.0.1.tgz. Extracting by manifest.
447 silly tarball no local data for jwa@https://registry.npmjs.org/jwa/-/jwa-2.0.1.tgz. Extracting by manifest.
448 silly tarball no local data for jszip@https://registry.npmjs.org/jszip/-/jszip-3.10.1.tgz. Extracting by manifest.
449 silly tarball no local data for jsonwebtoken@https://registry.npmjs.org/jsonwebtoken/-/jsonwebtoken-9.0.3.tgz. Extracting by manifest.
450 silly tarball no local data for json-stringify-safe@https://registry.npmjs.org/json-stringify-safe/-/json-stringify-safe-5.0.1.tgz. Extracting by manifest.
451 silly tarball no local data for jsonfile@https://registry.npmjs.org/jsonfile/-/jsonfile-6.1.0.tgz. Extracting by manifest.
452 silly tarball no local data for json-stream-stringify@https://registry.npmjs.org/json-stream-stringify/-/json-stream-stringify-3.1.6.tgz. Extracting by manifest.
453 silly tarball no local data for json-parse-better-errors@https://registry.npmjs.org/json-parse-better-errors/-/json-parse-better-errors-1.0.2.tgz. Extracting by manifest.
454 silly tarball no local data for json-buffer@https://registry.npmjs.org/json-buffer/-/json-buffer-3.0.1.tgz. Extracting by manifest.
455 silly tarball no local data for jsbn@https://registry.npmjs.org/jsbn/-/jsbn-1.1.0.tgz. Extracting by manifest.
456 silly tarball no local data for js2xmlparser@https://registry.npmjs.org/js2xmlparser/-/js2xmlparser-4.0.2.tgz. Extracting by manifest.
457 silly tarball no local data for js-tokens@https://registry.npmjs.org/js-tokens/-/js-tokens-4.0.0.tgz. Extracting by manifest.
458 silly tarball no local data for joycon@https://registry.npmjs.org/joycon/-/joycon-3.1.1.tgz. Extracting by manifest.
459 silly tarball no local data for jake@https://registry.npmjs.org/jake/-/jake-10.8.7.tgz. Extracting by manifest.
460 silly tarball no local data for istanbul-reports@https://registry.npmjs.org/istanbul-reports/-/istanbul-reports-3.2.0.tgz. Extracting by manifest.
461 silly tarball no local data for istanbul-lib-report@https://registry.npmjs.org/istanbul-lib-report/-/istanbul-lib-report-3.0.1.tgz. Extracting by manifest.
462 silly tarball no local data for istanbul-lib-coverage@https://registry.npmjs.org/istanbul-lib-coverage/-/istanbul-lib-coverage-3.2.2.tgz. Extracting by manifest.
463 silly tarball no local data for isomorphic-git@https://registry.npmjs.org/isomorphic-git/-/isomorphic-git-1.34.2.tgz. Extracting by manifest.
464 silly tarball no local data for isexe@https://registry.npmjs.org/isexe/-/isexe-3.1.1.tgz. Extracting by manifest.
465 silly tarball no local data for isarray@https://registry.npmjs.org/isarray/-/isarray-1.0.0.tgz. Extracting by manifest.
466 silly tarball no local data for is-wsl@https://registry.npmjs.org/is-wsl/-/is-wsl-3.1.0.tgz. Extracting by manifest.
467 silly tarball no local data for is-stream@https://registry.npmjs.org/is-stream/-/is-stream-2.0.1.tgz. Extracting by manifest.
468 silly tarball no local data for is-typed-array@https://registry.npmjs.org/is-typed-array/-/is-typed-array-1.1.15.tgz. Extracting by manifest.
469 silly tarball no local data for is-retry-allowed@https://registry.npmjs.org/is-retry-allowed/-/is-retry-allowed-1.2.0.tgz. Extracting by manifest.
470 silly tarball no local data for is-number@https://registry.npmjs.org/is-number/-/is-number-7.0.0.tgz. Extracting by manifest.
471 silly tarball no local data for is-inside-container@https://registry.npmjs.org/is-inside-container/-/is-inside-container-1.0.0.tgz. Extracting by manifest.
472 silly tarball no local data for is-in-ci@https://registry.npmjs.org/is-in-ci/-/is-in-ci-0.1.0.tgz. Extracting by manifest.
473 silly tarball no local data for is-glob@https://registry.npmjs.org/is-glob/-/is-glob-4.0.3.tgz. Extracting by manifest.
474 silly tarball no local data for is-git-ref-name-valid@https://registry.npmjs.org/is-git-ref-name-valid/-/is-git-ref-name-valid-1.0.0.tgz. Extracting by manifest.
475 silly tarball no local data for is-fullwidth-code-point@https://registry.npmjs.org/is-fullwidth-code-point/-/is-fullwidth-code-point-3.0.0.tgz. Extracting by manifest.
476 silly tarball no local data for is-extglob@https://registry.npmjs.org/is-extglob/-/is-extglob-2.1.1.tgz. Extracting by manifest.
477 silly tarball no local data for is-core-module@https://registry.npmjs.org/is-core-module/-/is-core-module-2.13.1.tgz. Extracting by manifest.
478 silly tarball no local data for is-docker@https://registry.npmjs.org/is-docker/-/is-docker-2.2.1.tgz. Extracting by manifest.
479 silly tarball no local data for is-callable@https://registry.npmjs.org/is-callable/-/is-callable-1.2.7.tgz. Extracting by manifest.
480 silly tarball no local data for is-arrayish@https://registry.npmjs.org/is-arrayish/-/is-arrayish-0.2.1.tgz. Extracting by manifest.
481 silly tarball no local data for ip-address@https://registry.npmjs.org/ip-address/-/ip-address-9.0.5.tgz. Extracting by manifest.
482 silly tarball no local data for interpret@https://registry.npmjs.org/interpret/-/interpret-1.4.0.tgz. Extracting by manifest.
483 silly tarball no local data for inquirer-autocomplete-standalone@https://registry.npmjs.org/inquirer-autocomplete-standalone/-/inquirer-autocomplete-standalone-0.8.1.tgz. Extracting by manifest.
484 silly tarball no local data for ink-text-input@https://registry.npmjs.org/ink-text-input/-/ink-text-input-6.0.0.tgz. Extracting by manifest.
485 silly tarball no local data for ink@https://registry.npmjs.org/ink/-/ink-5.0.1.tgz. Extracting by manifest.
486 silly tarball no local data for ini@https://registry.npmjs.org/ini/-/ini-1.3.8.tgz. Extracting by manifest.
487 silly tarball no local data for inherits@https://registry.npmjs.org/inherits/-/inherits-2.0.4.tgz. Extracting by manifest.
488 silly tarball no local data for inflight@https://registry.npmjs.org/inflight/-/inflight-1.0.6.tgz. Extracting by manifest.
489 silly tarball no local data for indent-string@https://registry.npmjs.org/indent-string/-/indent-string-4.0.0.tgz. Extracting by manifest.
490 silly tarball no local data for import-in-the-middle@https://registry.npmjs.org/import-in-the-middle/-/import-in-the-middle-1.4.2.tgz. Extracting by manifest.
491 silly tarball no local data for immediate@https://registry.npmjs.org/immediate/-/immediate-3.0.6.tgz. Extracting by manifest.
492 silly tarball no local data for ignore@https://registry.npmjs.org/ignore/-/ignore-5.3.2.tgz. Extracting by manifest.
493 silly tarball no local data for ieee754@https://registry.npmjs.org/ieee754/-/ieee754-1.2.1.tgz. Extracting by manifest.
494 silly tarball no local data for iconv-lite@https://registry.npmjs.org/iconv-lite/-/iconv-lite-0.7.0.tgz. Extracting by manifest.
495 silly tarball no local data for hyperdyperid@https://registry.npmjs.org/hyperdyperid/-/hyperdyperid-1.2.0.tgz. Extracting by manifest.
496 silly tarball no local data for https-proxy-agent@https://registry.npmjs.org/https-proxy-agent/-/https-proxy-agent-7.0.6.tgz. Extracting by manifest.
497 silly tarball no local data for http2-wrapper@https://registry.npmjs.org/http2-wrapper/-/http2-wrapper-2.2.1.tgz. Extracting by manifest.
498 silly tarball no local data for http-proxy-agent@https://registry.npmjs.org/http-proxy-agent/-/http-proxy-agent-7.0.2.tgz. Extracting by manifest.
499 silly tarball no local data for http-parser-js@https://registry.npmjs.org/http-parser-js/-/http-parser-js-0.5.8.tgz. Extracting by manifest.
500 silly tarball no local data for http-call@https://registry.npmjs.org/http-call/-/http-call-5.3.0.tgz. Extracting by manifest.
501 silly tarball no local data for http-cache-semantics@https://registry.npmjs.org/http-cache-semantics/-/http-cache-semantics-4.1.1.tgz. Extracting by manifest.
502 silly tarball no local data for html-escaper@https://registry.npmjs.org/html-escaper/-/html-escaper-2.0.2.tgz. Extracting by manifest.
503 silly tarball no local data for hpagent@https://registry.npmjs.org/hpagent/-/hpagent-1.2.0.tgz. Extracting by manifest.
504 silly tarball no local data for help-me@https://registry.npmjs.org/help-me/-/help-me-5.0.0.tgz. Extracting by manifest.
505 silly tarball no local data for header-case@https://registry.npmjs.org/header-case/-/header-case-2.0.4.tgz. Extracting by manifest.
506 silly tarball no local data for hasown@https://registry.npmjs.org/hasown/-/hasown-2.0.2.tgz. Extracting by manifest.
507 silly tarball no local data for has-symbols@https://registry.npmjs.org/has-symbols/-/has-symbols-1.1.0.tgz. Extracting by manifest.
508 silly tarball no local data for has-tostringtag@https://registry.npmjs.org/has-tostringtag/-/has-tostringtag-1.0.2.tgz. Extracting by manifest.
509 silly tarball no local data for has-property-descriptors@https://registry.npmjs.org/has-property-descriptors/-/has-property-descriptors-1.0.2.tgz. Extracting by manifest.
510 silly tarball no local data for has-flag@https://registry.npmjs.org/has-flag/-/has-flag-4.0.0.tgz. Extracting by manifest.
511 silly tarball no local data for graphology-utils@https://registry.npmjs.org/graphology-utils/-/graphology-utils-2.5.2.tgz. Extracting by manifest.
512 silly tarball no local data for graphology-traversal@https://registry.npmjs.org/graphology-traversal/-/graphology-traversal-0.3.1.tgz. Extracting by manifest.
513 silly tarball no local data for graphology-types@https://registry.npmjs.org/graphology-types/-/graphology-types-0.24.7.tgz. Extracting by manifest.
514 silly tarball no local data for graphology-indices@https://registry.npmjs.org/graphology-indices/-/graphology-indices-0.17.0.tgz. Extracting by manifest.
515 silly tarball no local data for graphology@https://registry.npmjs.org/graphology/-/graphology-0.26.0.tgz. Extracting by manifest.
516 silly tarball no local data for graceful-fs@https://registry.npmjs.org/graceful-fs/-/graceful-fs-4.2.11.tgz. Extracting by manifest.
517 silly tarball no local data for got@https://registry.npmjs.org/got/-/got-13.0.0.tgz. Extracting by manifest.
518 silly tarball no local data for globby@https://registry.npmjs.org/globby/-/globby-11.1.0.tgz. Extracting by manifest.
519 silly tarball no local data for gopd@https://registry.npmjs.org/gopd/-/gopd-1.2.0.tgz. Extracting by manifest.
520 silly tarball no local data for glob-parent@https://registry.npmjs.org/glob-parent/-/glob-parent-5.1.2.tgz. Extracting by manifest.
521 silly tarball no local data for get-uri@https://registry.npmjs.org/get-uri/-/get-uri-6.0.3.tgz. Extracting by manifest.
522 silly tarball no local data for get-stream@https://registry.npmjs.org/get-stream/-/get-stream-6.0.1.tgz. Extracting by manifest.
523 silly tarball no local data for get-proto@https://registry.npmjs.org/get-proto/-/get-proto-1.0.1.tgz. Extracting by manifest.
524 silly tarball no local data for get-package-type@https://registry.npmjs.org/get-package-type/-/get-package-type-0.1.0.tgz. Extracting by manifest.
525 silly tarball no local data for get-east-asian-width@https://registry.npmjs.org/get-east-asian-width/-/get-east-asian-width-1.2.0.tgz. Extracting by manifest.
526 silly tarball no local data for get-intrinsic@https://registry.npmjs.org/get-intrinsic/-/get-intrinsic-1.3.0.tgz. Extracting by manifest.
527 silly tarball no local data for function-bind@https://registry.npmjs.org/function-bind/-/function-bind-1.1.2.tgz. Extracting by manifest.
528 silly tarball no local data for fs.realpath@https://registry.npmjs.org/fs.realpath/-/fs.realpath-1.0.0.tgz. Extracting by manifest.
529 silly tarball no local data for fs-extra@https://registry.npmjs.org/fs-extra/-/fs-extra-11.2.0.tgz. Extracting by manifest.
530 silly tarball no local data for fs-constants@https://registry.npmjs.org/fs-constants/-/fs-constants-1.0.0.tgz. Extracting by manifest.
531 silly tarball no local data for form-data-encoder@https://registry.npmjs.org/form-data-encoder/-/form-data-encoder-2.1.4.tgz. Extracting by manifest.
532 silly tarball no local data for form-data@https://registry.npmjs.org/form-data/-/form-data-4.0.5.tgz. Extracting by manifest.
533 silly tarball no local data for foreground-child@https://registry.npmjs.org/foreground-child/-/foreground-child-3.3.1.tgz. Extracting by manifest.
534 silly tarball no local data for for-each@https://registry.npmjs.org/for-each/-/for-each-0.3.5.tgz. Extracting by manifest.
535 silly tarball no local data for fill-range@https://registry.npmjs.org/fill-range/-/fill-range-7.1.1.tgz. Extracting by manifest.
536 silly tarball no local data for filesize@https://registry.npmjs.org/filesize/-/filesize-6.4.0.tgz. Extracting by manifest.
537 silly tarball no local data for filelist@https://registry.npmjs.org/filelist/-/filelist-1.0.4.tgz. Extracting by manifest.
538 silly tarball no local data for faye-websocket@https://registry.npmjs.org/faye-websocket/-/faye-websocket-0.11.4.tgz. Extracting by manifest.
539 silly tarball no local data for faye@https://registry.npmjs.org/faye/-/faye-1.4.1.tgz. Extracting by manifest.
540 silly tarball no local data for fastq@https://registry.npmjs.org/fastq/-/fastq-1.17.1.tgz. Extracting by manifest.
541 silly tarball no local data for fastest-levenshtein@https://registry.npmjs.org/fastest-levenshtein/-/fastest-levenshtein-1.0.16.tgz. Extracting by manifest.
542 silly tarball no local data for fast-xml-parser@https://registry.npmjs.org/fast-xml-parser/-/fast-xml-parser-5.3.5.tgz. Extracting by manifest.
543 silly tarball no local data for fast-uri@https://registry.npmjs.org/fast-uri/-/fast-uri-3.0.1.tgz. Extracting by manifest.
544 silly tarball no local data for fast-safe-stringify@https://registry.npmjs.org/fast-safe-stringify/-/fast-safe-stringify-2.1.1.tgz. Extracting by manifest.
545 silly tarball no local data for fast-redact@https://registry.npmjs.org/fast-redact/-/fast-redact-3.5.0.tgz. Extracting by manifest.
546 silly tarball no local data for fast-levenshtein@https://registry.npmjs.org/fast-levenshtein/-/fast-levenshtein-3.0.0.tgz. Extracting by manifest.
547 silly tarball no local data for fast-glob@https://registry.npmjs.org/fast-glob/-/fast-glob-3.3.3.tgz. Extracting by manifest.
548 silly tarball no local data for fast-deep-equal@https://registry.npmjs.org/fast-deep-equal/-/fast-deep-equal-3.1.3.tgz. Extracting by manifest.
549 silly tarball no local data for fast-copy@https://registry.npmjs.org/fast-copy/-/fast-copy-3.0.2.tgz. Extracting by manifest.
550 silly tarball no local data for events@https://registry.npmjs.org/events/-/events-3.3.0.tgz. Extracting by manifest.
551 silly tarball no local data for event-target-shim@https://registry.npmjs.org/event-target-shim/-/event-target-shim-5.0.1.tgz. Extracting by manifest.
552 silly tarball no local data for esutils@https://registry.npmjs.org/esutils/-/esutils-2.0.3.tgz. Extracting by manifest.
553 silly tarball no local data for estraverse@https://registry.npmjs.org/estraverse/-/estraverse-5.3.0.tgz. Extracting by manifest.
554 silly tarball no local data for esprima@https://registry.npmjs.org/esprima/-/esprima-4.0.1.tgz. Extracting by manifest.
555 silly tarball no local data for escodegen@https://registry.npmjs.org/escodegen/-/escodegen-2.1.0.tgz. Extracting by manifest.
556 silly tarball no local data for escape-string-regexp@https://registry.npmjs.org/escape-string-regexp/-/escape-string-regexp-4.0.0.tgz. Extracting by manifest.
557 silly tarball no local data for es-set-tostringtag@https://registry.npmjs.org/es-set-tostringtag/-/es-set-tostringtag-2.1.0.tgz. Extracting by manifest.
558 silly tarball no local data for es-object-atoms@https://registry.npmjs.org/es-object-atoms/-/es-object-atoms-1.1.1.tgz. Extracting by manifest.
559 silly tarball no local data for es-errors@https://registry.npmjs.org/es-errors/-/es-errors-1.3.0.tgz. Extracting by manifest.
560 silly tarball no local data for es-define-property@https://registry.npmjs.org/es-define-property/-/es-define-property-1.0.1.tgz. Extracting by manifest.
561 silly tarball no local data for error-ex@https://registry.npmjs.org/error-ex/-/error-ex-1.3.2.tgz. Extracting by manifest.
562 silly tarball no local data for environment@https://registry.npmjs.org/environment/-/environment-1.1.0.tgz. Extracting by manifest.
563 silly tarball no local data for end-of-stream@https://registry.npmjs.org/end-of-stream/-/end-of-stream-1.4.4.tgz. Extracting by manifest.
564 silly tarball no local data for encoding@https://registry.npmjs.org/encoding/-/encoding-0.1.13.tgz. Extracting by manifest.
565 silly tarball no local data for emoji-regex@https://registry.npmjs.org/emoji-regex/-/emoji-regex-8.0.0.tgz. Extracting by manifest.
566 silly tarball no local data for emitter-listener@https://registry.npmjs.org/emitter-listener/-/emitter-listener-1.1.2.tgz. Extracting by manifest.
567 silly tarball no local data for ejs@https://registry.npmjs.org/ejs/-/ejs-3.1.10.tgz. Extracting by manifest.
568 silly tarball no local data for ecdsa-sig-formatter@https://registry.npmjs.org/ecdsa-sig-formatter/-/ecdsa-sig-formatter-1.0.11.tgz. Extracting by manifest.
569 silly tarball no local data for eastasianwidth@https://registry.npmjs.org/eastasianwidth/-/eastasianwidth-0.2.0.tgz. Extracting by manifest.
570 silly tarball no local data for dunder-proto@https://registry.npmjs.org/dunder-proto/-/dunder-proto-1.0.1.tgz. Extracting by manifest.
571 silly tarball no local data for dot-case@https://registry.npmjs.org/dot-case/-/dot-case-3.0.4.tgz. Extracting by manifest.
572 silly tarball no local data for dir-glob@https://registry.npmjs.org/dir-glob/-/dir-glob-3.0.1.tgz. Extracting by manifest.
573 silly tarball no local data for diff3@https://registry.npmjs.org/diff3/-/diff3-0.0.3.tgz. Extracting by manifest.
574 silly tarball no local data for diagnostic-channel-publishers@https://registry.npmjs.org/diagnostic-channel-publishers/-/diagnostic-channel-publishers-1.0.8.tgz. Extracting by manifest.
575 silly tarball no local data for diagnostic-channel@https://registry.npmjs.org/diagnostic-channel/-/diagnostic-channel-1.1.1.tgz. Extracting by manifest.
576 silly tarball no local data for delayed-stream@https://registry.npmjs.org/delayed-stream/-/delayed-stream-1.0.0.tgz. Extracting by manifest.
577 silly tarball no local data for degenerator@https://registry.npmjs.org/degenerator/-/degenerator-5.0.1.tgz. Extracting by manifest.
578 silly tarball no local data for define-lazy-prop@https://registry.npmjs.org/define-lazy-prop/-/define-lazy-prop-3.0.0.tgz. Extracting by manifest.
579 silly tarball no local data for define-data-property@https://registry.npmjs.org/define-data-property/-/define-data-property-1.1.4.tgz. Extracting by manifest.
580 silly tarball no local data for defer-to-connect@https://registry.npmjs.org/defer-to-connect/-/defer-to-connect-2.0.1.tgz. Extracting by manifest.
581 silly tarball no local data for default-browser-id@https://registry.npmjs.org/default-browser-id/-/default-browser-id-5.0.0.tgz. Extracting by manifest.
582 silly tarball no local data for default-browser@https://registry.npmjs.org/default-browser/-/default-browser-5.2.1.tgz. Extracting by manifest.
583 silly tarball no local data for decompress-response@https://registry.npmjs.org/decompress-response/-/decompress-response-6.0.0.tgz. Extracting by manifest.
584 silly tarball no local data for debug@https://registry.npmjs.org/debug/-/debug-4.4.3.tgz. Extracting by manifest.
585 silly tarball no local data for data-uri-to-buffer@https://registry.npmjs.org/data-uri-to-buffer/-/data-uri-to-buffer-6.0.2.tgz. Extracting by manifest.
586 silly tarball no local data for csv-stringify@https://registry.npmjs.org/csv-stringify/-/csv-stringify-6.6.0.tgz. Extracting by manifest.
587 silly tarball no local data for csv-parse@https://registry.npmjs.org/csv-parse/-/csv-parse-5.6.0.tgz. Extracting by manifest.
588 silly tarball no local data for csstype@https://registry.npmjs.org/csstype/-/csstype-3.1.3.tgz. Extracting by manifest.
589 silly tarball no local data for csprng@https://registry.npmjs.org/csprng/-/csprng-0.1.2.tgz. Extracting by manifest.
590 silly tarball no local data for cross-spawn@https://registry.npmjs.org/cross-spawn/-/cross-spawn-7.0.6.tgz. Extracting by manifest.
591 silly tarball no local data for crc-32@https://registry.npmjs.org/crc-32/-/crc-32-1.2.2.tgz. Extracting by manifest.
592 silly tarball no local data for core-util-is@https://registry.npmjs.org/core-util-is/-/core-util-is-1.0.3.tgz. Extracting by manifest.
593 silly tarball no local data for convert-to-spaces@https://registry.npmjs.org/convert-to-spaces/-/convert-to-spaces-2.0.1.tgz. Extracting by manifest.
594 silly tarball no local data for continuation-local-storage@https://registry.npmjs.org/continuation-local-storage/-/continuation-local-storage-3.2.1.tgz. Extracting by manifest.
595 silly tarball no local data for content-type@https://registry.npmjs.org/content-type/-/content-type-1.0.5.tgz. Extracting by manifest.
596 silly tarball no local data for constant-case@https://registry.npmjs.org/constant-case/-/constant-case-3.0.4.tgz. Extracting by manifest.
597 silly tarball no local data for config-chain@https://registry.npmjs.org/config-chain/-/config-chain-1.1.13.tgz. Extracting by manifest.
598 silly tarball no local data for concat-map@https://registry.npmjs.org/concat-map/-/concat-map-0.0.1.tgz. Extracting by manifest.
599 silly tarball no local data for combined-stream@https://registry.npmjs.org/combined-stream/-/combined-stream-1.0.8.tgz. Extracting by manifest.
600 silly tarball no local data for colorette@https://registry.npmjs.org/colorette/-/colorette-2.0.20.tgz. Extracting by manifest.
601 silly tarball no local data for color-name@https://registry.npmjs.org/color-name/-/color-name-1.1.4.tgz. Extracting by manifest.
602 silly tarball no local data for color-convert@https://registry.npmjs.org/color-convert/-/color-convert-2.0.1.tgz. Extracting by manifest.
603 silly tarball no local data for code-excerpt@https://registry.npmjs.org/code-excerpt/-/code-excerpt-4.0.0.tgz. Extracting by manifest.
604 silly tarball no local data for cls-hooked@https://registry.npmjs.org/cls-hooked/-/cls-hooked-4.2.2.tgz. Extracting by manifest.
605 silly tarball no local data for clone-response@https://registry.npmjs.org/clone-response/-/clone-response-1.0.3.tgz. Extracting by manifest.
606 silly tarball no local data for cli-width@https://registry.npmjs.org/cli-width/-/cli-width-4.1.0.tgz. Extracting by manifest.
607 silly tarball no local data for cli-truncate@https://registry.npmjs.org/cli-truncate/-/cli-truncate-4.0.0.tgz. Extracting by manifest.
608 silly tarball no local data for cli-table3@https://registry.npmjs.org/cli-table3/-/cli-table3-0.6.4.tgz. Extracting by manifest.
609 silly tarball no local data for cli-spinners@https://registry.npmjs.org/cli-spinners/-/cli-spinners-2.9.2.tgz. Extracting by manifest.
610 silly tarball no local data for cli-progress@https://registry.npmjs.org/cli-progress/-/cli-progress-3.12.0.tgz. Extracting by manifest.
611 silly tarball no local data for cli-cursor@https://registry.npmjs.org/cli-cursor/-/cli-cursor-4.0.0.tgz. Extracting by manifest.
612 silly tarball no local data for cli-boxes@https://registry.npmjs.org/cli-boxes/-/cli-boxes-3.0.0.tgz. Extracting by manifest.
613 silly tarball no local data for clean-stack@https://registry.npmjs.org/clean-stack/-/clean-stack-3.0.1.tgz. Extracting by manifest.
614 silly tarball no local data for clean-git-ref@https://registry.npmjs.org/clean-git-ref/-/clean-git-ref-2.0.1.tgz. Extracting by manifest.
615 silly tarball no local data for cjs-module-lexer@https://registry.npmjs.org/cjs-module-lexer/-/cjs-module-lexer-1.2.3.tgz. Extracting by manifest.
616 silly tarball no local data for chardet@https://registry.npmjs.org/chardet/-/chardet-2.1.1.tgz. Extracting by manifest.
617 silly tarball no local data for change-case@https://registry.npmjs.org/change-case/-/change-case-5.4.4.tgz. Extracting by manifest.
618 silly tarball no local data for chalk@https://registry.npmjs.org/chalk/-/chalk-4.1.2.tgz. Extracting by manifest.
619 silly tarball no local data for cardinal@https://registry.npmjs.org/cardinal/-/cardinal-2.1.1.tgz. Extracting by manifest.
620 silly tarball no local data for capital-case@https://registry.npmjs.org/capital-case/-/capital-case-1.0.4.tgz. Extracting by manifest.
621 silly tarball no local data for camel-case@https://registry.npmjs.org/camel-case/-/camel-case-4.1.2.tgz. Extracting by manifest.
622 silly tarball no local data for call-bound@https://registry.npmjs.org/call-bound/-/call-bound-1.0.4.tgz. Extracting by manifest.
623 silly tarball no local data for call-bind-apply-helpers@https://registry.npmjs.org/call-bind-apply-helpers/-/call-bind-apply-helpers-1.0.2.tgz. Extracting by manifest.
624 silly tarball no local data for call-bind@https://registry.npmjs.org/call-bind/-/call-bind-1.0.8.tgz. Extracting by manifest.
625 silly tarball no local data for cacheable-request@https://registry.npmjs.org/cacheable-request/-/cacheable-request-10.2.14.tgz. Extracting by manifest.
626 silly tarball no local data for cacheable-lookup@https://registry.npmjs.org/cacheable-lookup/-/cacheable-lookup-7.0.0.tgz. Extracting by manifest.
627 silly tarball no local data for bundle-name@https://registry.npmjs.org/bundle-name/-/bundle-name-4.1.0.tgz. Extracting by manifest.
628 silly tarball no local data for buffer-equal-constant-time@https://registry.npmjs.org/buffer-equal-constant-time/-/buffer-equal-constant-time-1.0.1.tgz. Extracting by manifest.
629 silly tarball no local data for braces@https://registry.npmjs.org/braces/-/braces-3.0.3.tgz. Extracting by manifest.
630 silly tarball no local data for brace-expansion@https://registry.npmjs.org/brace-expansion/-/brace-expansion-2.0.1.tgz. Extracting by manifest.
631 silly tarball no local data for bl@https://registry.npmjs.org/bl/-/bl-4.1.0.tgz. Extracting by manifest.
632 silly tarball no local data for basic-ftp@https://registry.npmjs.org/basic-ftp/-/basic-ftp-5.0.5.tgz. Extracting by manifest.
633 silly tarball no local data for base64url@https://registry.npmjs.org/base64url/-/base64url-3.0.1.tgz. Extracting by manifest.
634 silly tarball no local data for base64-js@https://registry.npmjs.org/base64-js/-/base64-js-1.5.1.tgz. Extracting by manifest.
635 silly tarball no local data for balanced-match@https://registry.npmjs.org/balanced-match/-/balanced-match-1.0.2.tgz. Extracting by manifest.
636 silly tarball no local data for available-typed-arrays@https://registry.npmjs.org/available-typed-arrays/-/available-typed-arrays-1.0.7.tgz. Extracting by manifest.
637 silly tarball no local data for auto-bind@https://registry.npmjs.org/auto-bind/-/auto-bind-5.0.1.tgz. Extracting by manifest.
638 silly tarball no local data for atomic-sleep@https://registry.npmjs.org/atomic-sleep/-/atomic-sleep-1.0.0.tgz. Extracting by manifest.
639 silly tarball no local data for asynckit@https://registry.npmjs.org/asynckit/-/asynckit-0.4.0.tgz. Extracting by manifest.
640 silly tarball no local data for async-lock@https://registry.npmjs.org/async-lock/-/async-lock-1.4.1.tgz. Extracting by manifest.
641 silly tarball no local data for async-listener@https://registry.npmjs.org/async-listener/-/async-listener-0.6.10.tgz. Extracting by manifest.
642 silly tarball no local data for async-hook-jl@https://registry.npmjs.org/async-hook-jl/-/async-hook-jl-1.7.6.tgz. Extracting by manifest.
643 silly tarball no local data for async@https://registry.npmjs.org/async/-/async-3.2.5.tgz. Extracting by manifest.
644 silly tarball no local data for ast-types@https://registry.npmjs.org/ast-types/-/ast-types-0.13.4.tgz. Extracting by manifest.
645 silly tarball no local data for asap@https://registry.npmjs.org/asap/-/asap-2.0.6.tgz. Extracting by manifest.
646 silly tarball no local data for array-union@https://registry.npmjs.org/array-union/-/array-union-2.1.0.tgz. Extracting by manifest.
647 silly tarball no local data for applicationinsights@https://registry.npmjs.org/applicationinsights/-/applicationinsights-2.9.8.tgz. Extracting by manifest.
648 silly tarball no local data for ansis@https://registry.npmjs.org/ansis/-/ansis-3.17.0.tgz. Extracting by manifest.
649 silly tarball no local data for ansicolors@https://registry.npmjs.org/ansicolors/-/ansicolors-0.3.2.tgz. Extracting by manifest.
650 silly tarball no local data for ansi-styles@https://registry.npmjs.org/ansi-styles/-/ansi-styles-6.2.1.tgz. Extracting by manifest.
651 silly tarball no local data for ansi-regex@https://registry.npmjs.org/ansi-regex/-/ansi-regex-5.0.1.tgz. Extracting by manifest.
652 silly tarball no local data for ansi-escapes@https://registry.npmjs.org/ansi-escapes/-/ansi-escapes-4.3.2.tgz. Extracting by manifest.
653 silly tarball no local data for agent-base@https://registry.npmjs.org/agent-base/-/agent-base-7.1.3.tgz. Extracting by manifest.
654 silly tarball no local data for acorn-import-assertions@https://registry.npmjs.org/acorn-import-assertions/-/acorn-import-assertions-1.9.0.tgz. Extracting by manifest.
655 silly tarball no local data for acorn@https://registry.npmjs.org/acorn/-/acorn-8.11.3.tgz. Extracting by manifest.
656 silly tarball no local data for @types/wrap-ansi@https://registry.npmjs.org/@types/wrap-ansi/-/wrap-ansi-3.0.0.tgz. Extracting by manifest.
657 silly tarball no local data for abort-controller@https://registry.npmjs.org/abort-controller/-/abort-controller-3.0.0.tgz. Extracting by manifest.
658 silly tarball no local data for @types/shimmer@https://registry.npmjs.org/@types/shimmer/-/shimmer-1.0.5.tgz. Extracting by manifest.
659 silly tarball no local data for @types/responselike@https://registry.npmjs.org/@types/responselike/-/responselike-1.0.3.tgz. Extracting by manifest.
660 silly tarball no local data for @types/react@https://registry.npmjs.org/@types/react/-/react-18.3.12.tgz. Extracting by manifest.
661 silly tarball no local data for @types/node@https://registry.npmjs.org/@types/node/-/node-24.1.0.tgz. Extracting by manifest.
662 silly tarball no local data for @types/prop-types@https://registry.npmjs.org/@types/prop-types/-/prop-types-15.7.13.tgz. Extracting by manifest.
663 silly tarball no local data for @types/mute-stream@https://registry.npmjs.org/@types/mute-stream/-/mute-stream-0.0.4.tgz. Extracting by manifest.
664 silly tarball no local data for @types/keyv@https://registry.npmjs.org/@types/keyv/-/keyv-3.1.4.tgz. Extracting by manifest.
665 silly tarball no local data for @types/istanbul-reports@https://registry.npmjs.org/@types/istanbul-reports/-/istanbul-reports-3.0.4.tgz. Extracting by manifest.
666 silly tarball no local data for @types/istanbul-lib-report@https://registry.npmjs.org/@types/istanbul-lib-report/-/istanbul-lib-report-3.0.3.tgz. Extracting by manifest.
667 silly tarball no local data for @types/istanbul-lib-coverage@https://registry.npmjs.org/@types/istanbul-lib-coverage/-/istanbul-lib-coverage-2.0.6.tgz. Extracting by manifest.
668 silly tarball no local data for @types/http-cache-semantics@https://registry.npmjs.org/@types/http-cache-semantics/-/http-cache-semantics-4.0.4.tgz. Extracting by manifest.
669 silly tarball no local data for @types/cacheable-request@https://registry.npmjs.org/@types/cacheable-request/-/cacheable-request-6.0.3.tgz. Extracting by manifest.
670 silly tarball no local data for @szmarczak/http-timer@https://registry.npmjs.org/@szmarczak/http-timer/-/http-timer-5.0.1.tgz. Extracting by manifest.
671 silly tarball no local data for @tootallnate/quickjs-emscripten@https://registry.npmjs.org/@tootallnate/quickjs-emscripten/-/quickjs-emscripten-0.23.0.tgz. Extracting by manifest.
672 silly tarball no local data for @sindresorhus/is@https://registry.npmjs.org/@sindresorhus/is/-/is-4.6.0.tgz. Extracting by manifest.
673 silly tarball no local data for @salesforce/types@https://registry.npmjs.org/@salesforce/types/-/types-1.6.0.tgz. Extracting by manifest.
674 silly tarball no local data for @salesforce/ts-types@https://registry.npmjs.org/@salesforce/ts-types/-/ts-types-2.0.12.tgz. Extracting by manifest.
675 silly tarball no local data for @salesforce/templates@https://registry.npmjs.org/@salesforce/templates/-/templates-65.4.4.tgz. Extracting by manifest.
676 silly tarball no local data for @salesforce/telemetry@https://registry.npmjs.org/@salesforce/telemetry/-/telemetry-6.6.1.tgz. Extracting by manifest.
677 silly tarball no local data for @salesforce/source-tracking@https://registry.npmjs.org/@salesforce/source-tracking/-/source-tracking-7.8.0.tgz. Extracting by manifest.
678 silly tarball no local data for @salesforce/source-deploy-retrieve@https://registry.npmjs.org/@salesforce/source-deploy-retrieve/-/source-deploy-retrieve-12.31.11.tgz. Extracting by manifest.
679 silly tarball no local data for @salesforce/sf-plugins-core@https://registry.npmjs.org/@salesforce/sf-plugins-core/-/sf-plugins-core-12.2.6.tgz. Extracting by manifest.
680 silly tarball no local data for @salesforce/schemas@https://registry.npmjs.org/@salesforce/schemas/-/schemas-1.10.3.tgz. Extracting by manifest.
681 silly tarball no local data for @salesforce/plugin-user@https://registry.npmjs.org/@salesforce/plugin-user/-/plugin-user-3.6.49.tgz. Extracting by manifest.
682 silly tarball no local data for @salesforce/plugin-trust@https://registry.npmjs.org/@salesforce/plugin-trust/-/plugin-trust-3.7.113.tgz. Extracting by manifest.
683 silly tarball no local data for @salesforce/plugin-templates@https://registry.npmjs.org/@salesforce/plugin-templates/-/plugin-templates-56.4.7.tgz. Extracting by manifest.
684 silly tarball no local data for @salesforce/plugin-telemetry@https://registry.npmjs.org/@salesforce/plugin-telemetry/-/plugin-telemetry-3.7.2.tgz. Extracting by manifest.
685 silly tarball no local data for @salesforce/plugin-sobject@https://registry.npmjs.org/@salesforce/plugin-sobject/-/plugin-sobject-1.4.82.tgz. Extracting by manifest.
686 silly tarball no local data for @salesforce/plugin-settings@https://registry.npmjs.org/@salesforce/plugin-settings/-/plugin-settings-2.4.55.tgz. Extracting by manifest.
687 silly tarball no local data for @salesforce/plugin-schema@https://registry.npmjs.org/@salesforce/plugin-schema/-/plugin-schema-3.3.91.tgz. Extracting by manifest.
688 silly tarball no local data for @salesforce/plugin-packaging@https://registry.npmjs.org/@salesforce/plugin-packaging/-/plugin-packaging-2.25.1.tgz. Extracting by manifest.
689 silly tarball no local data for @salesforce/plugin-org@https://registry.npmjs.org/@salesforce/plugin-org/-/plugin-org-5.9.66.tgz. Extracting by manifest.
690 silly tarball no local data for @salesforce/plugin-marketplace@https://registry.npmjs.org/@salesforce/plugin-marketplace/-/plugin-marketplace-1.3.10.tgz. Extracting by manifest.
691 silly tarball no local data for @salesforce/plugin-limits@https://registry.npmjs.org/@salesforce/plugin-limits/-/plugin-limits-3.3.75.tgz. Extracting by manifest.
692 silly tarball no local data for @salesforce/plugin-info@https://registry.npmjs.org/@salesforce/plugin-info/-/plugin-info-3.4.101.tgz. Extracting by manifest.
693 silly tarball no local data for @salesforce/plugin-deploy-retrieve@https://registry.npmjs.org/@salesforce/plugin-deploy-retrieve/-/plugin-deploy-retrieve-3.24.8.tgz. Extracting by manifest.
694 silly tarball no local data for @salesforce/plugin-data@https://registry.npmjs.org/@salesforce/plugin-data/-/plugin-data-4.0.68.tgz. Extracting by manifest.
695 silly tarball no local data for @salesforce/plugin-auth@https://registry.npmjs.org/@salesforce/plugin-auth/-/plugin-auth-4.1.5.tgz. Extracting by manifest.
696 silly tarball no local data for @salesforce/plugin-api@https://registry.npmjs.org/@salesforce/plugin-api/-/plugin-api-1.3.9.tgz. Extracting by manifest.
697 silly tarball no local data for @salesforce/plugin-apex@https://registry.npmjs.org/@salesforce/plugin-apex/-/plugin-apex-3.9.6.tgz. Extracting by manifest.
698 silly tarball no local data for @salesforce/plugin-agent@https://registry.npmjs.org/@salesforce/plugin-agent/-/plugin-agent-1.29.0.tgz. Extracting by manifest.
699 silly tarball no local data for @salesforce/packaging@https://registry.npmjs.org/@salesforce/packaging/-/packaging-4.20.1.tgz. Extracting by manifest.
700 silly tarball no local data for @salesforce/o11y-reporter@https://registry.npmjs.org/@salesforce/o11y-reporter/-/o11y-reporter-1.7.3.tgz. Extracting by manifest.
701 silly tarball no local data for @salesforce/kit@https://registry.npmjs.org/@salesforce/kit/-/kit-3.2.4.tgz. Extracting by manifest.
702 silly tarball no local data for @salesforce/core@https://registry.npmjs.org/@salesforce/core/-/core-8.25.1.tgz. Extracting by manifest.
703 silly tarball no local data for @salesforce/apex-node@https://registry.npmjs.org/@salesforce/apex-node/-/apex-node-8.4.2.tgz. Extracting by manifest.
704 silly tarball no local data for @salesforce/agents@https://registry.npmjs.org/@salesforce/agents/-/agents-0.22.6.tgz. Extracting by manifest.
705 silly tarball no local data for @protobufjs/utf8@https://registry.npmjs.org/@protobufjs/utf8/-/utf8-1.1.0.tgz. Extracting by manifest.
706 silly tarball no local data for @protobufjs/pool@https://registry.npmjs.org/@protobufjs/pool/-/pool-1.1.0.tgz. Extracting by manifest.
707 silly tarball no local data for @protobufjs/path@https://registry.npmjs.org/@protobufjs/path/-/path-1.1.2.tgz. Extracting by manifest.
708 silly tarball no local data for @protobufjs/inquire@https://registry.npmjs.org/@protobufjs/inquire/-/inquire-1.1.0.tgz. Extracting by manifest.
709 silly tarball no local data for @protobufjs/float@https://registry.npmjs.org/@protobufjs/float/-/float-1.0.2.tgz. Extracting by manifest.
710 silly tarball no local data for @protobufjs/fetch@https://registry.npmjs.org/@protobufjs/fetch/-/fetch-1.1.0.tgz. Extracting by manifest.
711 silly tarball no local data for @protobufjs/eventemitter@https://registry.npmjs.org/@protobufjs/eventemitter/-/eventemitter-1.1.0.tgz. Extracting by manifest.
712 silly tarball no local data for @protobufjs/codegen@https://registry.npmjs.org/@protobufjs/codegen/-/codegen-2.0.4.tgz. Extracting by manifest.
713 silly tarball no local data for @protobufjs/base64@https://registry.npmjs.org/@protobufjs/base64/-/base64-1.1.2.tgz. Extracting by manifest.
714 silly tarball no local data for @protobufjs/aspromise@https://registry.npmjs.org/@protobufjs/aspromise/-/aspromise-1.1.2.tgz. Extracting by manifest.
715 silly tarball no local data for @pnpm/npm-conf@https://registry.npmjs.org/@pnpm/npm-conf/-/npm-conf-3.0.2.tgz. Extracting by manifest.
716 silly tarball no local data for @pnpm/network.ca-file@https://registry.npmjs.org/@pnpm/network.ca-file/-/network.ca-file-1.0.2.tgz. Extracting by manifest.
717 silly tarball no local data for @pnpm/config.env-replace@https://registry.npmjs.org/@pnpm/config.env-replace/-/config.env-replace-1.1.0.tgz. Extracting by manifest.
718 silly tarball no local data for @opentelemetry/semantic-conventions@https://registry.npmjs.org/@opentelemetry/semantic-conventions/-/semantic-conventions-1.23.0.tgz. Extracting by manifest.
719 silly tarball no local data for @opentelemetry/resources@https://registry.npmjs.org/@opentelemetry/resources/-/resources-1.23.0.tgz. Extracting by manifest.
720 silly tarball no local data for @opentelemetry/sdk-trace-base@https://registry.npmjs.org/@opentelemetry/sdk-trace-base/-/sdk-trace-base-1.23.0.tgz. Extracting by manifest.
721 silly tarball no local data for @opentelemetry/instrumentation@https://registry.npmjs.org/@opentelemetry/instrumentation/-/instrumentation-0.41.2.tgz. Extracting by manifest.
722 silly tarball no local data for @opentelemetry/api@https://registry.npmjs.org/@opentelemetry/api/-/api-1.8.0.tgz. Extracting by manifest.
723 silly tarball no local data for @opentelemetry/core@https://registry.npmjs.org/@opentelemetry/core/-/core-1.23.0.tgz. Extracting by manifest.
724 silly tarball no local data for @oclif/table@https://registry.npmjs.org/@oclif/table/-/table-0.5.2.tgz. Extracting by manifest.
725 silly tarball no local data for @oclif/plugin-which@https://registry.npmjs.org/@oclif/plugin-which/-/plugin-which-3.2.43.tgz. Extracting by manifest.
726 silly tarball no local data for @oclif/plugin-warn-if-update-available@https://registry.npmjs.org/@oclif/plugin-warn-if-update-available/-/plugin-warn-if-update-available-3.1.55.tgz. Extracting by manifest.
727 silly tarball no local data for @oclif/plugin-update@https://registry.npmjs.org/@oclif/plugin-update/-/plugin-update-4.7.19.tgz. Extracting by manifest.
728 silly tarball no local data for @oclif/plugin-version@https://registry.npmjs.org/@oclif/plugin-version/-/plugin-version-2.2.36.tgz. Extracting by manifest.
729 silly tarball no local data for @oclif/plugin-search@https://registry.npmjs.org/@oclif/plugin-search/-/plugin-search-1.2.38.tgz. Extracting by manifest.
730 silly tarball no local data for @oclif/plugin-plugins@https://registry.npmjs.org/@oclif/plugin-plugins/-/plugin-plugins-5.4.56.tgz. Extracting by manifest.
731 silly tarball no local data for @oclif/plugin-not-found@https://registry.npmjs.org/@oclif/plugin-not-found/-/plugin-not-found-3.2.74.tgz. Extracting by manifest.
732 silly tarball no local data for @oclif/plugin-commands@https://registry.npmjs.org/@oclif/plugin-commands/-/plugin-commands-4.1.40.tgz. Extracting by manifest.
733 silly tarball no local data for @oclif/plugin-help@https://registry.npmjs.org/@oclif/plugin-help/-/plugin-help-6.2.37.tgz. Extracting by manifest.
734 silly tarball no local data for @oclif/plugin-autocomplete@https://registry.npmjs.org/@oclif/plugin-autocomplete/-/plugin-autocomplete-3.2.40.tgz. Extracting by manifest.
735 silly tarball no local data for @oclif/multi-stage-output@https://registry.npmjs.org/@oclif/multi-stage-output/-/multi-stage-output-0.8.30.tgz. Extracting by manifest.
736 silly tarball no local data for @oclif/core@https://registry.npmjs.org/@oclif/core/-/core-4.8.0.tgz. Extracting by manifest.
737 silly tarball no local data for @nodelib/fs.stat@https://registry.npmjs.org/@nodelib/fs.stat/-/fs.stat-2.0.5.tgz. Extracting by manifest.
738 silly tarball no local data for @nodelib/fs.walk@https://registry.npmjs.org/@nodelib/fs.walk/-/fs.walk-1.2.8.tgz. Extracting by manifest.
739 silly tarball no local data for @nodelib/fs.scandir@https://registry.npmjs.org/@nodelib/fs.scandir/-/fs.scandir-2.1.5.tgz. Extracting by manifest.
740 silly tarball no local data for @microsoft/applicationinsights-web-snippet@https://registry.npmjs.org/@microsoft/applicationinsights-web-snippet/-/applicationinsights-web-snippet-1.0.1.tgz. Extracting by manifest.
741 silly tarball no local data for @jsonjoy.com/util@https://registry.npmjs.org/@jsonjoy.com/util/-/util-1.9.0.tgz. Extracting by manifest.
742 silly tarball no local data for @jsonjoy.com/json-pack@https://registry.npmjs.org/@jsonjoy.com/json-pack/-/json-pack-1.10.0.tgz. Extracting by manifest.
743 silly tarball no local data for @jsonjoy.com/json-pointer@https://registry.npmjs.org/@jsonjoy.com/json-pointer/-/json-pointer-1.0.1.tgz. Extracting by manifest.
744 silly tarball no local data for @jsonjoy.com/codegen@https://registry.npmjs.org/@jsonjoy.com/codegen/-/codegen-1.0.0.tgz. Extracting by manifest.
745 silly tarball no local data for @jsonjoy.com/base64@https://registry.npmjs.org/@jsonjoy.com/base64/-/base64-1.1.2.tgz. Extracting by manifest.
746 silly tarball no local data for @jsonjoy.com/buffers@https://registry.npmjs.org/@jsonjoy.com/buffers/-/buffers-1.0.0.tgz. Extracting by manifest.
747 silly tarball no local data for @jsforce/jsforce-node@https://registry.npmjs.org/@jsforce/jsforce-node/-/jsforce-node-3.10.13.tgz. Extracting by manifest.
748 silly tarball no local data for @isaacs/fs-minipass@https://registry.npmjs.org/@isaacs/fs-minipass/-/fs-minipass-4.0.1.tgz. Extracting by manifest.
749 silly tarball no local data for @isaacs/cliui@https://registry.npmjs.org/@isaacs/cliui/-/cliui-8.0.2.tgz. Extracting by manifest.
750 silly tarball no local data for @isaacs/brace-expansion@https://registry.npmjs.org/@isaacs/brace-expansion/-/brace-expansion-5.0.1.tgz. Extracting by manifest.
751 silly tarball no local data for @isaacs/balanced-match@https://registry.npmjs.org/@isaacs/balanced-match/-/balanced-match-4.0.1.tgz. Extracting by manifest.
752 silly tarball no local data for @inquirer/type@https://registry.npmjs.org/@inquirer/type/-/type-3.0.10.tgz. Extracting by manifest.
753 silly tarball no local data for @inquirer/select@https://registry.npmjs.org/@inquirer/select/-/select-2.5.0.tgz. Extracting by manifest.
754 silly tarball no local data for @inquirer/search@https://registry.npmjs.org/@inquirer/search/-/search-3.2.2.tgz. Extracting by manifest.
755 silly tarball no local data for @inquirer/rawlist@https://registry.npmjs.org/@inquirer/rawlist/-/rawlist-4.1.11.tgz. Extracting by manifest.
756 silly tarball no local data for @inquirer/prompts@https://registry.npmjs.org/@inquirer/prompts/-/prompts-7.10.1.tgz. Extracting by manifest.
757 silly tarball no local data for @inquirer/password@https://registry.npmjs.org/@inquirer/password/-/password-2.2.0.tgz. Extracting by manifest.
758 silly tarball no local data for @inquirer/number@https://registry.npmjs.org/@inquirer/number/-/number-3.0.23.tgz. Extracting by manifest.
759 silly tarball no local data for @inquirer/input@https://registry.npmjs.org/@inquirer/input/-/input-2.3.0.tgz. Extracting by manifest.
760 silly tarball no local data for @inquirer/figures@https://registry.npmjs.org/@inquirer/figures/-/figures-1.0.15.tgz. Extracting by manifest.
761 silly tarball no local data for @inquirer/external-editor@https://registry.npmjs.org/@inquirer/external-editor/-/external-editor-1.0.3.tgz. Extracting by manifest.
762 silly tarball no local data for @inquirer/expand@https://registry.npmjs.org/@inquirer/expand/-/expand-4.0.23.tgz. Extracting by manifest.
763 silly tarball no local data for @inquirer/editor@https://registry.npmjs.org/@inquirer/editor/-/editor-4.2.23.tgz. Extracting by manifest.
764 silly tarball no local data for @inquirer/core@https://registry.npmjs.org/@inquirer/core/-/core-10.3.2.tgz. Extracting by manifest.
765 silly tarball no local data for @inquirer/confirm@https://registry.npmjs.org/@inquirer/confirm/-/confirm-3.2.0.tgz. Extracting by manifest.
766 silly tarball no local data for @inquirer/checkbox@https://registry.npmjs.org/@inquirer/checkbox/-/checkbox-2.5.0.tgz. Extracting by manifest.
767 silly tarball no local data for @inquirer/ansi@https://registry.npmjs.org/@inquirer/ansi/-/ansi-1.0.2.tgz. Extracting by manifest.
768 silly tarball no local data for @colors/colors@https://registry.npmjs.org/@colors/colors/-/colors-1.5.0.tgz. Extracting by manifest.
769 silly tarball no local data for @azure/opentelemetry-instrumentation-azure-sdk@https://registry.npmjs.org/@azure/opentelemetry-instrumentation-azure-sdk/-/opentelemetry-instrumentation-azure-sdk-1.0.0-beta.5.tgz. Extracting by manifest.
770 silly tarball no local data for @azure/logger@https://registry.npmjs.org/@azure/logger/-/logger-1.1.2.tgz. Extracting by manifest.
771 silly tarball no local data for @azure/core-util@https://registry.npmjs.org/@azure/core-util/-/core-util-1.9.2.tgz. Extracting by manifest.
772 silly tarball no local data for @azure/core-tracing@https://registry.npmjs.org/@azure/core-tracing/-/core-tracing-1.1.2.tgz. Extracting by manifest.
773 silly tarball no local data for @azure/core-rest-pipeline@https://registry.npmjs.org/@azure/core-rest-pipeline/-/core-rest-pipeline-1.16.3.tgz. Extracting by manifest.
774 silly tarball no local data for @azure/core-auth@https://registry.npmjs.org/@azure/core-auth/-/core-auth-1.7.2.tgz. Extracting by manifest.
775 silly tarball no local data for @azure/abort-controller@https://registry.npmjs.org/@azure/abort-controller/-/abort-controller-2.1.2.tgz. Extracting by manifest.
776 silly tarball no local data for @alcalzone/ansi-tokenize@https://registry.npmjs.org/@alcalzone/ansi-tokenize/-/ansi-tokenize-0.1.3.tgz. Extracting by manifest.
777 silly tarball no local data for sax@https://registry.npmjs.org/sax/-/sax-1.3.0.tgz. Extracting by manifest.
778 silly tarball no local data for universalify@https://registry.npmjs.org/universalify/-/universalify-0.2.0.tgz. Extracting by manifest.
779 silly tarball no local data for ansi-styles@https://registry.npmjs.org/ansi-styles/-/ansi-styles-4.3.0.tgz. Extracting by manifest.
780 silly tarball no local data for isarray@https://registry.npmjs.org/isarray/-/isarray-2.0.5.tgz. Extracting by manifest.
781 silly tarball no local data for picomatch@https://registry.npmjs.org/picomatch/-/picomatch-4.0.2.tgz. Extracting by manifest.
782 silly tarball no local data for fdir@https://registry.npmjs.org/fdir/-/fdir-6.4.5.tgz. Extracting by manifest.
783 silly tarball no local data for type-fest@https://registry.npmjs.org/type-fest/-/type-fest-1.4.0.tgz. Extracting by manifest.
784 silly tarball no local data for ansi-escapes@https://registry.npmjs.org/ansi-escapes/-/ansi-escapes-5.0.0.tgz. Extracting by manifest.
785 silly tarball no local data for chownr@https://registry.npmjs.org/chownr/-/chownr-1.1.4.tgz. Extracting by manifest.
786 silly tarball no local data for escape-string-regexp@https://registry.npmjs.org/escape-string-regexp/-/escape-string-regexp-2.0.0.tgz. Extracting by manifest.
787 silly tarball no local data for is-fullwidth-code-point@https://registry.npmjs.org/is-fullwidth-code-point/-/is-fullwidth-code-point-5.0.0.tgz. Extracting by manifest.
788 silly tarball no local data for minimatch@https://registry.npmjs.org/minimatch/-/minimatch-3.1.2.tgz. Extracting by manifest.
789 silly tarball no local data for brace-expansion@https://registry.npmjs.org/brace-expansion/-/brace-expansion-1.1.11.tgz. Extracting by manifest.
790 silly tarball no local data for glob@https://registry.npmjs.org/glob/-/glob-7.2.3.tgz. Extracting by manifest.
791 silly tarball no local data for lru-cache@https://registry.npmjs.org/lru-cache/-/lru-cache-7.18.3.tgz. Extracting by manifest.
792 silly tarball no local data for readable-stream@https://registry.npmjs.org/readable-stream/-/readable-stream-4.5.2.tgz. Extracting by manifest.
793 silly tarball no local data for dateformat@https://registry.npmjs.org/dateformat/-/dateformat-4.6.3.tgz. Extracting by manifest.
794 silly tarball no local data for buffer@https://registry.npmjs.org/buffer/-/buffer-6.0.3.tgz. Extracting by manifest.
795 silly tarball no local data for split2@https://registry.npmjs.org/split2/-/split2-4.2.0.tgz. Extracting by manifest.
796 silly tarball no local data for o11y_schema@https://registry.npmjs.org/o11y_schema/-/o11y_schema-254.44.0.tgz. Extracting by manifest.
797 silly tarball no local data for string_decoder@https://registry.npmjs.org/string_decoder/-/string_decoder-1.1.1.tgz. Extracting by manifest.
798 silly tarball no local data for safe-buffer@https://registry.npmjs.org/safe-buffer/-/safe-buffer-5.1.2.tgz. Extracting by manifest.
799 silly tarball no local data for readable-stream@https://registry.npmjs.org/readable-stream/-/readable-stream-2.3.8.tgz. Extracting by manifest.
800 silly tarball no local data for minimatch@https://registry.npmjs.org/minimatch/-/minimatch-3.1.2.tgz. Extracting by manifest.
801 silly tarball no local data for brace-expansion@https://registry.npmjs.org/brace-expansion/-/brace-expansion-1.1.11.tgz. Extracting by manifest.
802 silly tarball no local data for make-dir@https://registry.npmjs.org/make-dir/-/make-dir-4.0.0.tgz. Extracting by manifest.
803 silly tarball no local data for pify@https://registry.npmjs.org/pify/-/pify-4.0.1.tgz. Extracting by manifest.
804 silly tarball no local data for is-docker@https://registry.npmjs.org/is-docker/-/is-docker-3.0.0.tgz. Extracting by manifest.
805 silly tarball no local data for is-unicode-supported@https://registry.npmjs.org/is-unicode-supported/-/is-unicode-supported-1.3.0.tgz. Extracting by manifest.
806 silly tarball no local data for figures@https://registry.npmjs.org/figures/-/figures-5.0.0.tgz. Extracting by manifest.
807 silly tarball no local data for escape-string-regexp@https://registry.npmjs.org/escape-string-regexp/-/escape-string-regexp-5.0.0.tgz. Extracting by manifest.
808 silly tarball no local data for @types/node@https://registry.npmjs.org/@types/node/-/node-20.14.13.tgz. Extracting by manifest.
809 silly tarball no local data for @types/mute-stream@https://registry.npmjs.org/@types/mute-stream/-/mute-stream-0.0.1.tgz. Extracting by manifest.
810 silly tarball no local data for @types/node@https://registry.npmjs.org/@types/node/-/node-24.1.0.tgz. Extracting by manifest.
811 silly tarball no local data for @inquirer/type@https://registry.npmjs.org/@inquirer/type/-/type-1.5.3.tgz. Extracting by manifest.
812 silly tarball no local data for undici-types@https://registry.npmjs.org/undici-types/-/undici-types-7.8.0.tgz. Extracting by manifest.
813 silly tarball no local data for @inquirer/core@https://registry.npmjs.org/@inquirer/core/-/core-3.1.2.tgz. Extracting by manifest.
814 silly tarball no local data for figures@https://registry.npmjs.org/figures/-/figures-3.2.0.tgz. Extracting by manifest.
815 silly tarball no local data for type-fest@https://registry.npmjs.org/type-fest/-/type-fest-4.41.0.tgz. Extracting by manifest.
816 silly tarball no local data for escape-string-regexp@https://registry.npmjs.org/escape-string-regexp/-/escape-string-regexp-1.0.5.tgz. Extracting by manifest.
817 silly tarball no local data for chalk@https://registry.npmjs.org/chalk/-/chalk-5.6.2.tgz. Extracting by manifest.
818 silly tarball no local data for wrap-ansi@https://registry.npmjs.org/wrap-ansi/-/wrap-ansi-9.0.2.tgz. Extracting by manifest.
819 silly tarball no local data for widest-line@https://registry.npmjs.org/widest-line/-/widest-line-5.0.0.tgz. Extracting by manifest.
820 silly tarball no local data for type-fest@https://registry.npmjs.org/type-fest/-/type-fest-4.41.0.tgz. Extracting by manifest.
821 silly tarball no local data for strip-ansi@https://registry.npmjs.org/strip-ansi/-/strip-ansi-7.1.2.tgz. Extracting by manifest.
822 silly tarball no local data for indent-string@https://registry.npmjs.org/indent-string/-/indent-string-5.0.0.tgz. Extracting by manifest.
823 silly tarball no local data for emoji-regex@https://registry.npmjs.org/emoji-regex/-/emoji-regex-10.3.0.tgz. Extracting by manifest.
824 silly tarball no local data for string-width@https://registry.npmjs.org/string-width/-/string-width-7.2.0.tgz. Extracting by manifest.
825 silly tarball no local data for chalk@https://registry.npmjs.org/chalk/-/chalk-5.6.2.tgz. Extracting by manifest.
826 silly tarball no local data for ansi-regex@https://registry.npmjs.org/ansi-regex/-/ansi-regex-6.0.1.tgz. Extracting by manifest.
827 silly tarball no local data for ansi-escapes@https://registry.npmjs.org/ansi-escapes/-/ansi-escapes-7.3.0.tgz. Extracting by manifest.
828 silly tarball no local data for lowercase-keys@https://registry.npmjs.org/lowercase-keys/-/lowercase-keys-3.0.0.tgz. Extracting by manifest.
829 silly tarball no local data for responselike@https://registry.npmjs.org/responselike/-/responselike-3.0.0.tgz. Extracting by manifest.
830 silly tarball no local data for @sindresorhus/is@https://registry.npmjs.org/@sindresorhus/is/-/is-5.6.0.tgz. Extracting by manifest.
831 silly tarball no local data for signal-exit@https://registry.npmjs.org/signal-exit/-/signal-exit-4.1.0.tgz. Extracting by manifest.
832 silly tarball no local data for minimatch@https://registry.npmjs.org/minimatch/-/minimatch-5.1.6.tgz. Extracting by manifest.
833 silly tarball no local data for iconv-lite@https://registry.npmjs.org/iconv-lite/-/iconv-lite-0.6.3.tgz. Extracting by manifest.
834 silly tarball no local data for which@https://registry.npmjs.org/which/-/which-2.0.2.tgz. Extracting by manifest.
835 silly tarball no local data for isexe@https://registry.npmjs.org/isexe/-/isexe-2.0.0.tgz. Extracting by manifest.
836 silly tarball no local data for semver@https://registry.npmjs.org/semver/-/semver-5.7.2.tgz. Extracting by manifest.
837 silly tarball no local data for mimic-response@https://registry.npmjs.org/mimic-response/-/mimic-response-1.0.1.tgz. Extracting by manifest.
838 silly tarball no local data for strip-ansi@https://registry.npmjs.org/strip-ansi/-/strip-ansi-7.1.2.tgz. Extracting by manifest.
839 silly tarball no local data for string-width@https://registry.npmjs.org/string-width/-/string-width-7.2.0.tgz. Extracting by manifest.
840 silly tarball no local data for slice-ansi@https://registry.npmjs.org/slice-ansi/-/slice-ansi-5.0.0.tgz. Extracting by manifest.
841 silly tarball no local data for is-fullwidth-code-point@https://registry.npmjs.org/is-fullwidth-code-point/-/is-fullwidth-code-point-4.0.0.tgz. Extracting by manifest.
842 silly tarball no local data for emoji-regex@https://registry.npmjs.org/emoji-regex/-/emoji-regex-10.3.0.tgz. Extracting by manifest.
843 silly tarball no local data for ansi-regex@https://registry.npmjs.org/ansi-regex/-/ansi-regex-6.0.1.tgz. Extracting by manifest.
844 silly tarball no local data for ansi-styles@https://registry.npmjs.org/ansi-styles/-/ansi-styles-4.3.0.tgz. Extracting by manifest.
845 silly tarball no local data for responselike@https://registry.npmjs.org/responselike/-/responselike-3.0.0.tgz. Extracting by manifest.
846 silly tarball no local data for mimic-response@https://registry.npmjs.org/mimic-response/-/mimic-response-4.0.0.tgz. Extracting by manifest.
847 silly tarball no local data for lowercase-keys@https://registry.npmjs.org/lowercase-keys/-/lowercase-keys-3.0.0.tgz. Extracting by manifest.
848 silly tarball no local data for buffer@https://registry.npmjs.org/buffer/-/buffer-5.7.1.tgz. Extracting by manifest.
849 silly tarball no local data for semver@https://registry.npmjs.org/semver/-/semver-5.7.2.tgz. Extracting by manifest.
850 silly tarball no local data for type-fest@https://registry.npmjs.org/type-fest/-/type-fest-0.21.3.tgz. Extracting by manifest.
851 silly tarball no local data for undici-types@https://registry.npmjs.org/undici-types/-/undici-types-7.8.0.tgz. Extracting by manifest.
852 silly tarball no local data for yallist@https://registry.npmjs.org/yallist/-/yallist-5.0.0.tgz. Extracting by manifest.
853 silly tarball no local data for tar@https://registry.npmjs.org/tar/-/tar-7.5.6.tgz. Extracting by manifest.
854 silly tarball no local data for p-cancelable@https://registry.npmjs.org/p-cancelable/-/p-cancelable-2.1.1.tgz. Extracting by manifest.
855 silly tarball no local data for normalize-url@https://registry.npmjs.org/normalize-url/-/normalize-url-6.1.0.tgz. Extracting by manifest.
856 silly tarball no local data for mime-types@https://registry.npmjs.org/mime-types/-/mime-types-3.0.2.tgz. Extracting by manifest.
857 silly tarball no local data for mime-db@https://registry.npmjs.org/mime-db/-/mime-db-1.54.0.tgz. Extracting by manifest.
858 silly tarball no local data for http2-wrapper@https://registry.npmjs.org/http2-wrapper/-/http2-wrapper-1.0.3.tgz. Extracting by manifest.
859 silly tarball no local data for got@https://registry.npmjs.org/got/-/got-11.8.6.tgz. Extracting by manifest.
860 silly tarball no local data for get-stream@https://registry.npmjs.org/get-stream/-/get-stream-5.2.0.tgz. Extracting by manifest.
861 silly tarball no local data for ansi-styles@https://registry.npmjs.org/ansi-styles/-/ansi-styles-4.3.0.tgz. Extracting by manifest.
862 silly tarball no local data for chownr@https://registry.npmjs.org/chownr/-/chownr-3.0.0.tgz. Extracting by manifest.
863 silly tarball no local data for cacheable-lookup@https://registry.npmjs.org/cacheable-lookup/-/cacheable-lookup-5.0.4.tgz. Extracting by manifest.
864 silly tarball no local data for cacheable-request@https://registry.npmjs.org/cacheable-request/-/cacheable-request-7.0.4.tgz. Extracting by manifest.
865 silly tarball no local data for @szmarczak/http-timer@https://registry.npmjs.org/@szmarczak/http-timer/-/http-timer-4.0.6.tgz. Extracting by manifest.
866 silly tarball no local data for p-cancelable@https://registry.npmjs.org/p-cancelable/-/p-cancelable-2.1.1.tgz. Extracting by manifest.
867 silly tarball no local data for normalize-url@https://registry.npmjs.org/normalize-url/-/normalize-url-6.1.0.tgz. Extracting by manifest.
868 silly tarball no local data for http2-wrapper@https://registry.npmjs.org/http2-wrapper/-/http2-wrapper-1.0.3.tgz. Extracting by manifest.
869 silly tarball no local data for got@https://registry.npmjs.org/got/-/got-11.8.6.tgz. Extracting by manifest.
870 silly tarball no local data for get-stream@https://registry.npmjs.org/get-stream/-/get-stream-5.2.0.tgz. Extracting by manifest.
871 silly tarball no local data for cacheable-request@https://registry.npmjs.org/cacheable-request/-/cacheable-request-7.0.4.tgz. Extracting by manifest.
872 silly tarball no local data for cacheable-lookup@https://registry.npmjs.org/cacheable-lookup/-/cacheable-lookup-5.0.4.tgz. Extracting by manifest.
873 silly tarball no local data for @szmarczak/http-timer@https://registry.npmjs.org/@szmarczak/http-timer/-/http-timer-4.0.6.tgz. Extracting by manifest.
874 silly tarball no local data for strnum@https://registry.npmjs.org/strnum/-/strnum-1.1.2.tgz. Extracting by manifest.
875 silly tarball no local data for fast-xml-parser@https://registry.npmjs.org/fast-xml-parser/-/fast-xml-parser-4.5.3.tgz. Extracting by manifest.
876 silly tarball no local data for p-cancelable@https://registry.npmjs.org/p-cancelable/-/p-cancelable-2.1.1.tgz. Extracting by manifest.
877 silly tarball no local data for normalize-url@https://registry.npmjs.org/normalize-url/-/normalize-url-6.1.0.tgz. Extracting by manifest.
878 silly tarball no local data for http2-wrapper@https://registry.npmjs.org/http2-wrapper/-/http2-wrapper-1.0.3.tgz. Extracting by manifest.
879 silly tarball no local data for got@https://registry.npmjs.org/got/-/got-11.8.6.tgz. Extracting by manifest.
880 silly tarball no local data for get-stream@https://registry.npmjs.org/get-stream/-/get-stream-5.2.0.tgz. Extracting by manifest.
881 silly tarball no local data for cacheable-request@https://registry.npmjs.org/cacheable-request/-/cacheable-request-7.0.4.tgz. Extracting by manifest.
882 silly tarball no local data for cacheable-lookup@https://registry.npmjs.org/cacheable-lookup/-/cacheable-lookup-5.0.4.tgz. Extracting by manifest.
883 silly tarball no local data for @szmarczak/http-timer@https://registry.npmjs.org/@szmarczak/http-timer/-/http-timer-4.0.6.tgz. Extracting by manifest.
884 silly tarball no local data for strip-ansi@https://registry.npmjs.org/strip-ansi/-/strip-ansi-7.1.2.tgz. Extracting by manifest.
885 silly tarball no local data for string-width@https://registry.npmjs.org/string-width/-/string-width-7.2.0.tgz. Extracting by manifest.
886 silly tarball no local data for emoji-regex@https://registry.npmjs.org/emoji-regex/-/emoji-regex-10.3.0.tgz. Extracting by manifest.
887 silly tarball no local data for ansi-regex@https://registry.npmjs.org/ansi-regex/-/ansi-regex-6.0.1.tgz. Extracting by manifest.
888 silly tarball no local data for @salesforce/sf-plugins-core@https://registry.npmjs.org/@salesforce/sf-plugins-core/-/sf-plugins-core-11.3.12.tgz. Extracting by manifest.
889 silly tarball no local data for strip-ansi@https://registry.npmjs.org/strip-ansi/-/strip-ansi-7.1.2.tgz. Extracting by manifest.
890 silly tarball no local data for string-width@https://registry.npmjs.org/string-width/-/string-width-7.2.0.tgz. Extracting by manifest.
891 silly tarball no local data for emoji-regex@https://registry.npmjs.org/emoji-regex/-/emoji-regex-10.3.0.tgz. Extracting by manifest.
892 silly tarball no local data for ansi-regex@https://registry.npmjs.org/ansi-regex/-/ansi-regex-6.0.1.tgz. Extracting by manifest.
893 silly tarball no local data for @salesforce/sf-plugins-core@https://registry.npmjs.org/@salesforce/sf-plugins-core/-/sf-plugins-core-11.3.12.tgz. Extracting by manifest.
894 silly tarball no local data for chalk@https://registry.npmjs.org/chalk/-/chalk-5.6.2.tgz. Extracting by manifest.
895 silly tarball no local data for path-scurry@https://registry.npmjs.org/path-scurry/-/path-scurry-2.0.1.tgz. Extracting by manifest.
896 silly tarball no local data for minimatch@https://registry.npmjs.org/minimatch/-/minimatch-10.1.1.tgz. Extracting by manifest.
897 silly tarball no local data for lru-cache@https://registry.npmjs.org/lru-cache/-/lru-cache-11.2.4.tgz. Extracting by manifest.
898 silly tarball no local data for jackspeak@https://registry.npmjs.org/jackspeak/-/jackspeak-4.1.1.tgz. Extracting by manifest.
899 silly tarball no local data for glob@https://registry.npmjs.org/glob/-/glob-11.1.0.tgz. Extracting by manifest.
900 silly tarball no local data for object-treeify@https://registry.npmjs.org/object-treeify/-/object-treeify-2.1.1.tgz. Extracting by manifest.
901 silly tarball no local data for o11y_schema@https://registry.npmjs.org/o11y_schema/-/o11y_schema-256.154.0.tgz. Extracting by manifest.
902 silly tarball no local data for split2@https://registry.npmjs.org/split2/-/split2-4.2.0.tgz. Extracting by manifest.
903 silly tarball no local data for readable-stream@https://registry.npmjs.org/readable-stream/-/readable-stream-4.5.2.tgz. Extracting by manifest.
904 silly tarball no local data for pino-abstract-transport@https://registry.npmjs.org/pino-abstract-transport/-/pino-abstract-transport-1.2.0.tgz. Extracting by manifest.
905 silly tarball no local data for json-schema-traverse@https://registry.npmjs.org/json-schema-traverse/-/json-schema-traverse-1.0.0.tgz. Extracting by manifest.
906 silly tarball no local data for change-case@https://registry.npmjs.org/change-case/-/change-case-4.1.2.tgz. Extracting by manifest.
907 silly tarball no local data for buffer@https://registry.npmjs.org/buffer/-/buffer-6.0.3.tgz. Extracting by manifest.
908 silly tarball no local data for ajv@https://registry.npmjs.org/ajv/-/ajv-8.17.1.tgz. Extracting by manifest.
909 silly tarball no local data for graceful-fs@https://registry.npmjs.org/graceful-fs/-/graceful-fs-4.2.10.tgz. Extracting by manifest.
910 silly tarball no local data for wrap-ansi@https://registry.npmjs.org/wrap-ansi/-/wrap-ansi-9.0.2.tgz. Extracting by manifest.
911 silly tarball no local data for strip-ansi@https://registry.npmjs.org/strip-ansi/-/strip-ansi-7.1.2.tgz. Extracting by manifest.
912 silly tarball no local data for string-width@https://registry.npmjs.org/string-width/-/string-width-7.2.0.tgz. Extracting by manifest.
913 silly tarball no local data for emoji-regex@https://registry.npmjs.org/emoji-regex/-/emoji-regex-10.3.0.tgz. Extracting by manifest.
914 silly tarball no local data for ansi-regex@https://registry.npmjs.org/ansi-regex/-/ansi-regex-6.0.1.tgz. Extracting by manifest.
915 silly tarball no local data for ansi-escapes@https://registry.npmjs.org/ansi-escapes/-/ansi-escapes-7.3.0.tgz. Extracting by manifest.
916 silly tarball no local data for which@https://registry.npmjs.org/which/-/which-4.0.0.tgz. Extracting by manifest.
917 silly tarball no local data for proc-log@https://registry.npmjs.org/proc-log/-/proc-log-4.2.0.tgz. Extracting by manifest.
918 silly tarball no local data for path-key@https://registry.npmjs.org/path-key/-/path-key-4.0.0.tgz. Extracting by manifest.
919 silly tarball no local data for npm-run-path@https://registry.npmjs.org/npm-run-path/-/npm-run-path-5.3.0.tgz. Extracting by manifest.
920 silly tarball no local data for npm-package-arg@https://registry.npmjs.org/npm-package-arg/-/npm-package-arg-11.0.3.tgz. Extracting by manifest.
921 silly tarball no local data for hosted-git-info@https://registry.npmjs.org/hosted-git-info/-/hosted-git-info-7.0.2.tgz. Extracting by manifest.
922 silly tarball no local data for wrap-ansi@https://registry.npmjs.org/wrap-ansi/-/wrap-ansi-9.0.2.tgz. Extracting by manifest.
923 silly tarball no local data for strip-ansi@https://registry.npmjs.org/strip-ansi/-/strip-ansi-7.1.2.tgz. Extracting by manifest.
924 silly tarball no local data for string-width@https://registry.npmjs.org/string-width/-/string-width-7.2.0.tgz. Extracting by manifest.
925 silly tarball no local data for is-unicode-supported@https://registry.npmjs.org/is-unicode-supported/-/is-unicode-supported-2.1.0.tgz. Extracting by manifest.
926 silly tarball no local data for emoji-regex@https://registry.npmjs.org/emoji-regex/-/emoji-regex-10.3.0.tgz. Extracting by manifest.
927 silly tarball no local data for figures@https://registry.npmjs.org/figures/-/figures-6.1.0.tgz. Extracting by manifest.
928 silly tarball no local data for ansi-regex@https://registry.npmjs.org/ansi-regex/-/ansi-regex-6.0.1.tgz. Extracting by manifest.
929 silly tarball no local data for wrap-ansi@https://registry.npmjs.org/wrap-ansi/-/wrap-ansi-7.0.0.tgz. Extracting by manifest.
930 silly tarball no local data for supports-color@https://registry.npmjs.org/supports-color/-/supports-color-8.1.1.tgz. Extracting by manifest.
931 silly tarball no local data for is-wsl@https://registry.npmjs.org/is-wsl/-/is-wsl-2.2.0.tgz. Extracting by manifest.
932 silly tarball no local data for ansi-styles@https://registry.npmjs.org/ansi-styles/-/ansi-styles-4.3.0.tgz. Extracting by manifest.
933 silly tarball no local data for https-proxy-agent@https://registry.npmjs.org/https-proxy-agent/-/https-proxy-agent-5.0.1.tgz. Extracting by manifest.
934 silly tarball no local data for agent-base@https://registry.npmjs.org/agent-base/-/agent-base-6.0.2.tgz. Extracting by manifest.
935 silly tarball no local data for wrap-ansi@https://registry.npmjs.org/wrap-ansi/-/wrap-ansi-8.1.0.tgz. Extracting by manifest.
936 silly tarball no local data for strip-ansi@https://registry.npmjs.org/strip-ansi/-/strip-ansi-7.1.2.tgz. Extracting by manifest.
937 silly tarball no local data for string-width@https://registry.npmjs.org/string-width/-/string-width-5.1.2.tgz. Extracting by manifest.
938 silly tarball no local data for emoji-regex@https://registry.npmjs.org/emoji-regex/-/emoji-regex-9.2.2.tgz. Extracting by manifest.
939 silly tarball no local data for ansi-regex@https://registry.npmjs.org/ansi-regex/-/ansi-regex-6.0.1.tgz. Extracting by manifest.
940 silly tarball no local data for undici-types@https://registry.npmjs.org/undici-types/-/undici-types-6.19.8.tgz. Extracting by manifest.
941 silly tarball no local data for signal-exit@https://registry.npmjs.org/signal-exit/-/signal-exit-4.1.0.tgz. Extracting by manifest.
942 silly tarball no local data for @types/node@https://registry.npmjs.org/@types/node/-/node-22.5.4.tgz. Extracting by manifest.
943 silly tarball no local data for @inquirer/type@https://registry.npmjs.org/@inquirer/type/-/type-1.5.3.tgz. Extracting by manifest.
944 silly tarball no local data for @inquirer/core@https://registry.npmjs.org/@inquirer/core/-/core-9.1.0.tgz. Extracting by manifest.
945 silly tarball no local data for @inquirer/select@https://registry.npmjs.org/@inquirer/select/-/select-4.4.2.tgz. Extracting by manifest.
946 silly tarball no local data for @inquirer/input@https://registry.npmjs.org/@inquirer/input/-/input-4.3.1.tgz. Extracting by manifest.
947 silly tarball no local data for @inquirer/password@https://registry.npmjs.org/@inquirer/password/-/password-4.0.23.tgz. Extracting by manifest.
948 silly tarball no local data for @inquirer/confirm@https://registry.npmjs.org/@inquirer/confirm/-/confirm-5.1.21.tgz. Extracting by manifest.
949 silly tarball no local data for @inquirer/checkbox@https://registry.npmjs.org/@inquirer/checkbox/-/checkbox-4.3.2.tgz. Extracting by manifest.
950 silly tarball no local data for undici-types@https://registry.npmjs.org/undici-types/-/undici-types-6.19.8.tgz. Extracting by manifest.
951 silly tarball no local data for signal-exit@https://registry.npmjs.org/signal-exit/-/signal-exit-4.1.0.tgz. Extracting by manifest.
952 silly tarball no local data for @types/node@https://registry.npmjs.org/@types/node/-/node-22.5.4.tgz. Extracting by manifest.
953 silly tarball no local data for @inquirer/type@https://registry.npmjs.org/@inquirer/type/-/type-1.5.3.tgz. Extracting by manifest.
954 silly tarball no local data for @inquirer/core@https://registry.npmjs.org/@inquirer/core/-/core-9.1.0.tgz. Extracting by manifest.
955 silly tarball no local data for undici-types@https://registry.npmjs.org/undici-types/-/undici-types-6.19.8.tgz. Extracting by manifest.
956 silly tarball no local data for signal-exit@https://registry.npmjs.org/signal-exit/-/signal-exit-4.1.0.tgz. Extracting by manifest.
957 silly tarball no local data for @inquirer/core@https://registry.npmjs.org/@inquirer/core/-/core-9.1.0.tgz. Extracting by manifest.
958 silly tarball no local data for @types/node@https://registry.npmjs.org/@types/node/-/node-22.5.4.tgz. Extracting by manifest.
959 silly tarball no local data for @inquirer/type@https://registry.npmjs.org/@inquirer/type/-/type-1.5.3.tgz. Extracting by manifest.
960 silly tarball no local data for mute-stream@https://registry.npmjs.org/mute-stream/-/mute-stream-2.0.0.tgz. Extracting by manifest.
961 silly tarball no local data for signal-exit@https://registry.npmjs.org/signal-exit/-/signal-exit-4.1.0.tgz. Extracting by manifest.
962 silly tarball no local data for undici-types@https://registry.npmjs.org/undici-types/-/undici-types-6.19.8.tgz. Extracting by manifest.
963 silly tarball no local data for signal-exit@https://registry.npmjs.org/signal-exit/-/signal-exit-4.1.0.tgz. Extracting by manifest.
964 silly tarball no local data for @types/node@https://registry.npmjs.org/@types/node/-/node-22.5.4.tgz. Extracting by manifest.
965 silly tarball no local data for @inquirer/core@https://registry.npmjs.org/@inquirer/core/-/core-9.1.0.tgz. Extracting by manifest.
966 silly tarball no local data for @inquirer/type@https://registry.npmjs.org/@inquirer/type/-/type-1.5.3.tgz. Extracting by manifest.
967 silly tarball no local data for undici-types@https://registry.npmjs.org/undici-types/-/undici-types-6.19.8.tgz. Extracting by manifest.
968 silly tarball no local data for @types/node@https://registry.npmjs.org/@types/node/-/node-22.5.4.tgz. Extracting by manifest.
969 silly tarball no local data for signal-exit@https://registry.npmjs.org/signal-exit/-/signal-exit-4.1.0.tgz. Extracting by manifest.
970 silly tarball no local data for @inquirer/type@https://registry.npmjs.org/@inquirer/type/-/type-1.5.3.tgz. Extracting by manifest.
971 silly tarball no local data for @inquirer/core@https://registry.npmjs.org/@inquirer/core/-/core-9.1.0.tgz. Extracting by manifest.
972 silly tarball no local data for is-fullwidth-code-point@https://registry.npmjs.org/is-fullwidth-code-point/-/is-fullwidth-code-point-4.0.0.tgz. Extracting by manifest.
973 http fetch POST 200 https://registry.npmjs.org/-/npm/v1/security/advisories/bulk 6505ms
974 timing auditReport:getReport Completed in 6545ms
975 silly audit report {
975 silly audit report   'fast-xml-parser': [
975 silly audit report     {
975 silly audit report       id: 1113331,
975 silly audit report       url: 'https://github.com/advisories/GHSA-jmr7-xgp7-cmfj',
975 silly audit report       title: 'fast-xml-parser affected by DoS through entity expansion in DOCTYPE (no expansion limit)',
975 silly audit report       severity: 'high',
975 silly audit report       vulnerable_versions: '>=4.1.3 <5.3.6',
975 silly audit report       cwe: [Array],
975 silly audit report       cvss: [Object]
975 silly audit report     },
975 silly audit report     {
975 silly audit report       id: 1113407,
975 silly audit report       url: 'https://github.com/advisories/GHSA-m7jm-9gc2-mpf2',
975 silly audit report       title: 'fast-xml-parser has an entity encoding bypass via regex injection in DOCTYPE entity names',
975 silly audit report       severity: 'critical',
975 silly audit report       vulnerable_versions: '>=4.1.3 <5.3.5',
975 silly audit report       cwe: [Array],
975 silly audit report       cvss: [Object]
975 silly audit report     }
975 silly audit report   ],
975 silly audit report   ajv: [
975 silly audit report     {
975 silly audit report       id: 1113398,
975 silly audit report       url: 'https://github.com/advisories/GHSA-2g4f-4pwh-qvx6',
975 silly audit report       title: 'ajv has ReDoS when using `$data` option',
975 silly audit report       severity: 'moderate',
975 silly audit report       vulnerable_versions: '<6.14.0',
975 silly audit report       cwe: [Array],
975 silly audit report       cvss: [Object]
975 silly audit report     },
975 silly audit report     {
975 silly audit report       id: 1113399,
975 silly audit report       url: 'https://github.com/advisories/GHSA-2g4f-4pwh-qvx6',
975 silly audit report       title: 'ajv has ReDoS when using `$data` option',
975 silly audit report       severity: 'moderate',
975 silly audit report       vulnerable_versions: '>=7.0.0-alpha.0 <8.18.0',
975 silly audit report       cwe: [Array],
975 silly audit report       cvss: [Object]
975 silly audit report     }
975 silly audit report   ],
975 silly audit report   'brace-expansion': [
975 silly audit report     {
975 silly audit report       id: 1105441,
975 silly audit report       url: 'https://github.com/advisories/GHSA-v6h2-p8h4-qcjw',
975 silly audit report       title: 'brace-expansion Regular Expression Denial of Service vulnerability',
975 silly audit report       severity: 'low',
975 silly audit report       vulnerable_versions: '=4.0.0',
975 silly audit report       cwe: [Array],
975 silly audit report       cvss: [Object]
975 silly audit report     },
975 silly audit report     {
975 silly audit report       id: 1105443,
975 silly audit report       url: 'https://github.com/advisories/GHSA-v6h2-p8h4-qcjw',
975 silly audit report       title: 'brace-expansion Regular Expression Denial of Service vulnerability',
975 silly audit report       severity: 'low',
975 silly audit report       vulnerable_versions: '>=1.0.0 <=1.1.11',
975 silly audit report       cwe: [Array],
975 silly audit report       cvss: [Object]
975 silly audit report     },
975 silly audit report     {
975 silly audit report       id: 1105444,
975 silly audit report       url: 'https://github.com/advisories/GHSA-v6h2-p8h4-qcjw',
975 silly audit report       title: 'brace-expansion Regular Expression Denial of Service vulnerability',
975 silly audit report       severity: 'low',
975 silly audit report       vulnerable_versions: '>=2.0.0 <=2.0.1',
975 silly audit report       cwe: [Array],
975 silly audit report       cvss: [Object]
975 silly audit report     }
975 silly audit report   ],
975 silly audit report   minimatch: [
975 silly audit report     {
975 silly audit report       id: 1113371,
975 silly audit report       url: 'https://github.com/advisories/GHSA-3ppc-4f35-3m26',
975 silly audit report       title: 'minimatch has a ReDoS via repeated wildcards with non-matching literal in pattern',
975 silly audit report       severity: 'high',
975 silly audit report       vulnerable_versions: '<10.2.1',
975 silly audit report       cwe: [Array],
975 silly audit report       cvss: [Object]
975 silly audit report     }
975 silly audit report   ],
975 silly audit report   'js-yaml': [
975 silly audit report     {
975 silly audit report       id: 1112714,
975 silly audit report       url: 'https://github.com/advisories/GHSA-mh29-5h37-fv8m',
975 silly audit report       title: 'js-yaml has prototype pollution in merge (<<)',
975 silly audit report       severity: 'moderate',
975 silly audit report       vulnerable_versions: '<3.14.2',
975 silly audit report       cwe: [Array],
975 silly audit report       cvss: [Object]
975 silly audit report     },
975 silly audit report     {
975 silly audit report       id: 1112715,
975 silly audit report       url: 'https://github.com/advisories/GHSA-mh29-5h37-fv8m',
975 silly audit report       title: 'js-yaml has prototype pollution in merge (<<)',
975 silly audit report       severity: 'moderate',
975 silly audit report       vulnerable_versions: '>=4.0.0 <4.1.1',
975 silly audit report       cwe: [Array],
975 silly audit report       cvss: [Object]
975 silly audit report     }
975 silly audit report   ],
975 silly audit report   'path-to-regexp': [
975 silly audit report     {
975 silly audit report       id: 1101846,
975 silly audit report       url: 'https://github.com/advisories/GHSA-9wv6-86v2-598j',
975 silly audit report       title: 'path-to-regexp outputs backtracking regular expressions',
975 silly audit report       severity: 'high',
975 silly audit report       vulnerable_versions: '>=4.0.0 <6.3.0',
975 silly audit report       cwe: [Array],
975 silly audit report       cvss: [Object]
975 silly audit report     },
975 silly audit report     {
975 silly audit report       id: 1101849,
975 silly audit report       url: 'https://github.com/advisories/GHSA-9wv6-86v2-598j',
975 silly audit report       title: 'path-to-regexp outputs backtracking regular expressions',
975 silly audit report       severity: 'high',
975 silly audit report       vulnerable_versions: '>=0.2.0 <1.9.0',
975 silly audit report       cwe: [Array],
975 silly audit report       cvss: [Object]
975 silly audit report     }
975 silly audit report   ],
975 silly audit report   glob: [
975 silly audit report     {
975 silly audit report       id: 1109842,
975 silly audit report       url: 'https://github.com/advisories/GHSA-5j98-mcp5-4vw2',
975 silly audit report       title: 'glob CLI: Command injection via -c/--cmd executes matches with shell:true',
975 silly audit report       severity: 'high',
975 silly audit report       vulnerable_versions: '>=10.2.0 <10.5.0',
975 silly audit report       cwe: [Array],
975 silly audit report       cvss: [Object]
975 silly audit report     }
975 silly audit report   ],
975 silly audit report   tar: [
975 silly audit report     {
975 silly audit report       id: 1112329,
975 silly audit report       url: 'https://github.com/advisories/GHSA-r6q2-hw4h-h46w',
975 silly audit report       title: 'Race Condition in node-tar Path Reservations via Unicode Ligature Collisions on macOS APFS',
975 silly audit report       severity: 'high',
975 silly audit report       vulnerable_versions: '<=7.5.3',
975 silly audit report       cwe: [Array],
975 silly audit report       cvss: [Object]
975 silly audit report     },
975 silly audit report     {
975 silly audit report       id: 1112659,
975 silly audit report       url: 'https://github.com/advisories/GHSA-34x7-hfp2-rc4v',
975 silly audit report       title: 'node-tar Vulnerable to Arbitrary File Creation/Overwrite via Hardlink Path Traversal',
975 silly audit report       severity: 'high',
975 silly audit report       vulnerable_versions: '<7.5.7',
975 silly audit report       cwe: [Array],
975 silly audit report       cvss: [Object]
975 silly audit report     },
975 silly audit report     {
975 silly audit report       id: 1113300,
975 silly audit report       url: 'https://github.com/advisories/GHSA-8qq5-rm4j-mr97',
975 silly audit report       title: 'node-tar is Vulnerable to Arbitrary File Overwrite and Symlink Poisoning via Insufficient Path Sanitization',
975 silly audit report       severity: 'high',
975 silly audit report       vulnerable_versions: '<=7.5.2',
975 silly audit report       cwe: [Array],
975 silly audit report       cvss: [Object]
975 silly audit report     },
975 silly audit report     {
975 silly audit report       id: 1113375,
975 silly audit report       url: 'https://github.com/advisories/GHSA-83g3-92jg-28cx',
975 silly audit report       title: 'Arbitrary File Read/Write via Hardlink Target Escape Through Symlink Chain in node-tar Extraction',
975 silly audit report       severity: 'high',
975 silly audit report       vulnerable_versions: '<7.5.8',
975 silly audit report       cwe: [Array],
975 silly audit report       cvss: [Object]
975 silly audit report     }
975 silly audit report   ],
975 silly audit report   diff: [
975 silly audit report     {
975 silly audit report       id: 1112703,
975 silly audit report       url: 'https://github.com/advisories/GHSA-73rr-hh4g-fpgx',
975 silly audit report       title: 'jsdiff has a Denial of Service vulnerability in parsePatch and applyPatch',
975 silly audit report       severity: 'low',
975 silly audit report       vulnerable_versions: '<3.5.1',
975 silly audit report       cwe: [Array],
975 silly audit report       cvss: [Object]
975 silly audit report     },
975 silly audit report     {
975 silly audit report       id: 1112704,
975 silly audit report       url: 'https://github.com/advisories/GHSA-73rr-hh4g-fpgx',
975 silly audit report       title: 'jsdiff has a Denial of Service vulnerability in parsePatch and applyPatch',
975 silly audit report       severity: 'low',
975 silly audit report       vulnerable_versions: '>=4.0.0 <4.0.4',
975 silly audit report       cwe: [Array],
975 silly audit report       cvss: [Object]
975 silly audit report     },
975 silly audit report     {
975 silly audit report       id: 1112705,
975 silly audit report       url: 'https://github.com/advisories/GHSA-73rr-hh4g-fpgx',
975 silly audit report       title: 'jsdiff has a Denial of Service vulnerability in parsePatch and applyPatch',
975 silly audit report       severity: 'low',
975 silly audit report       vulnerable_versions: '>=5.0.0 <5.2.2',
975 silly audit report       cwe: [Array],
975 silly audit report       cvss: [Object]
975 silly audit report     }
975 silly audit report   ],
975 silly audit report   'aws-sdk': [
975 silly audit report     {
975 silly audit report       id: 1111997,
975 silly audit report       url: 'https://github.com/advisories/GHSA-j965-2qgj-vjmq',
975 silly audit report       title: 'JavaScript SDK v2 users should add validation to the region parameter value in or migrate to v3',
975 silly audit report       severity: 'low',
975 silly audit report       vulnerable_versions: '>=2.0.0 <=3.0.0',
975 silly audit report       cwe: [Array],
975 silly audit report       cvss: [Object]
975 silly audit report     }
975 silly audit report   ],
975 silly audit report   'markdown-it': [
975 silly audit report     {
975 silly audit report       id: 1113190,
975 silly audit report       url: 'https://github.com/advisories/GHSA-38c4-r59v-3vqw',
975 silly audit report       title: 'markdown-it is has a Regular Expression Denial of Service (ReDoS)',
975 silly audit report       severity: 'moderate',
975 silly audit report       vulnerable_versions: '>=13.0.0 <14.1.1',
975 silly audit report       cwe: [Array],
975 silly audit report       cvss: [Object]
975 silly audit report     }
975 silly audit report   ]
975 silly audit report }
976 timing metavuln:cache:get:security-advisory:fast-xml-parser:MVfbrDzAMZOE2NBnC99B+MUP/pJLOn+mrrW0s5lpAWrb2Z6nr3LhcGv1CX0Id2G54Rza6x+LpEtAGiirZB3MfQ== Completed in 70ms
977 timing metavuln:cache:get:security-advisory:fast-xml-parser:eQkFKUu6/vq78LRi0zvd2c1OZETN5ctpyyHLrHKYt2hed2mOdDHPlN/7mQhJLsNuli2sM0/MjG5HQ8faNpAuRw== Completed in 67ms
978 timing metavuln:cache:get:security-advisory:ajv:PjXiSerj5jWppXbqF7cYMhpisBmE6peUmq9y42++QSPyrVQcIBmWC6nUinHwYsYqWfPZqhO5FtQoJxMO/OuJBw== Completed in 67ms
979 timing metavuln:cache:get:security-advisory:ajv:+2CBbCDmDFKLlSS/GZlcs78wKq4NOVVunNLze6Q0wHtVHXi9T4GsWCuXquisL+hGlEr0GW/fBA3yoR/dw16/JA== Completed in 66ms
980 timing metavuln:cache:get:security-advisory:brace-expansion:KSrM2unYI8pnss0oN32iG2Yqvsj8phErvRKUBetMnZ1SCani4RB1noglwKVMKBPMlGeh/x9RJci/KiAeNgQKbg== Completed in 66ms
981 timing metavuln:cache:get:security-advisory:brace-expansion:7IQMvcVTr+svbh5KCx4Kl6FQKJ1GciM03BnJAve/5WYJjUeRzKAIrStVpfachbl3T6a7o8nYlQEVG6Ih0TNXRg== Completed in 65ms
982 timing metavuln:cache:get:security-advisory:brace-expansion:mClmYqWawCNXseeTBHWiIwZH/2CmFUqPCmosJIeOhAgD9z1v3SayhHAwaWVo8wmeKU/JN9VP4zDBeXaqy3Ay2A== Completed in 65ms
983 timing metavuln:cache:get:security-advisory:minimatch:+xeb921dX+Wp/3JcZLhEpJ2KwaidnzitZ8+8zCivEStbXZEk+LqQ4FhxuC+2LDCM9aYDjPbfPcm9CDH7LF9rAQ== Completed in 65ms
984 timing metavuln:cache:get:security-advisory:js-yaml:MQ5RokLIvrWmT8/NQU0dD+jQ+6pFslHlaXx1Z5q7mESITohR8AwLT525ddIc2KvKZYbB1p5yclW3kV4xeRYXEg== Completed in 64ms
985 timing metavuln:cache:get:security-advisory:js-yaml:621IdjBdZEeVoUcjWGl1jXN0jFDGaf7dIQMeaPVKf5MxqYprJztiOC0OHOUPVoayh7Cq/fTC8L5CqEb98qlE7w== Completed in 65ms
986 timing metavuln:cache:get:security-advisory:path-to-regexp:TmkHz1g6xKc2pnDD1h6+ZDKMikxz0M1BBY/wyR9ER8446AKOUk6gXjoSR2douZ5enAllzNSKaynTW1H+LBi1CA== Completed in 65ms
987 timing metavuln:cache:get:security-advisory:path-to-regexp:eAVJ+4jFRx9gKzVP7mZLY8/J2KG4QSRqgVtbj0vpOLOwoiweqxWzwg0qGaUDbrXV5Ll6ktZ3ClzomhEjt2XtPQ== Completed in 64ms
988 timing metavuln:cache:get:security-advisory:glob:NTB2XjbDOgk4lkd8PZ3tUAm1F3E/ohGF6rl9/3LEO7Z0FDzSR5nWwzd3nUENA3NCNdyeR+35DOC12wPml2IV+g== Completed in 64ms
989 timing metavuln:cache:get:security-advisory:tar:a2Rq633Fb450KrL5I+PBBip9RehJ6FtWDjNsehiUQQhfKxytiNr8LSDlXjQgxefFIJVCdcIimTEzMjwUrv3mRQ== Completed in 63ms
990 timing metavuln:cache:get:security-advisory:tar:qPQeYPFDBIedTWfYK3sbnScF6Ha7ouTs+wgndnz4PT5P+/K+GBD4epoPcYpXlu6AC7gSJlCJTJeuKbYAFoK9PA== Completed in 62ms
991 timing metavuln:cache:get:security-advisory:tar:cbwMpzkxWE086TmEbj2aUk80Z6hlvP0jzlWS+XiX15JwqEtFzUgHyHj3QX4I6EZYk8tgcYPuNr3hYFVCQY6e3Q== Completed in 62ms
992 timing metavuln:cache:get:security-advisory:tar:Bbf0Br7FJ1lJBIJDoLLFwjsDrbaYgLVqfrwr0ATzSQWEKW7Xp073S+5zxU9imRf4OqRJHo2MsCDeyKR0KRVsdA== Completed in 62ms
993 timing metavuln:cache:get:security-advisory:diff:cmN3sgM1griScD8P02we6C9YhO9LynGhHmzRv97NZQIOqDAFXsT/tai9o/JoEMtleOHYMn6C+AeY6IRcYC396w== Completed in 62ms
994 timing metavuln:cache:get:security-advisory:diff:y6urLmZ5WIp65PfxoAKmEoPXhVzx7Pj3jdDnZZBGvOS9IcLDOkuLcJFE3GWOl1++pTI6Ap+fQ3SYSR2DJcxFlQ== Completed in 62ms
995 timing metavuln:cache:get:security-advisory:diff:WDRCWSgxzKkNoCz+DR8/FpEGX6PQG4kO8YdqSRsTucbfkPIrb28g32C4dHmZYpbUdlO/ZBC5RaFTZQ7YJ/9Sww== Completed in 61ms
996 timing metavuln:cache:get:security-advisory:aws-sdk:Y+lmIsU2vaaeO3MasQQlnuvQIrpCao7b8encqia+WwXWZghe2aKtLJwnj7mn2LffriI1H0XNiHTaarGafqglbw== Completed in 61ms
997 timing metavuln:cache:get:security-advisory:markdown-it:745Vt4mrHCdT8gFHVh7oHROmP4aH4fErXXhbpeVBhtIHmsxTVI7P3rJSdfXZ1iZTBS6GEnTERL4OWUfc4Co9jQ== Completed in 61ms
998 http fetch GET 200 https://registry.npmjs.org/validate-npm-package-name/-/validate-npm-package-name-5.0.1.tgz 6737ms (cache miss)
999 timing reifyNode:node_modules/@salesforce/cli/node_modules/validate-npm-package-name Completed in 7411ms
1000 http fetch GET 200 https://registry.npmjs.org/upper-case-first/-/upper-case-first-2.0.2.tgz 6695ms (cache miss)
1001 http fetch GET 200 https://registry.npmjs.org/upper-case/-/upper-case-2.0.2.tgz 6690ms (cache miss)
1002 timing reifyNode:node_modules/@salesforce/cli/node_modules/upper-case Completed in 7418ms
1003 http fetch GET 200 https://registry.npmjs.org/wsl-utils/-/wsl-utils-0.1.0.tgz 6967ms (cache miss)
1004 timing reifyNode:node_modules/@salesforce/cli/node_modules/wsl-utils Completed in 7520ms
1005 http fetch GET 200 https://registry.npmjs.org/wrappy/-/wrappy-1.0.2.tgz 6962ms (cache miss)
1006 timing reifyNode:node_modules/@salesforce/cli/node_modules/wrappy Completed in 7533ms
1007 http fetch GET 200 https://registry.npmjs.org/wrap-ansi/-/wrap-ansi-6.2.0.tgz 6935ms (cache miss)
1008 timing reifyNode:node_modules/@salesforce/cli/node_modules/wrap-ansi Completed in 7535ms
1009 http fetch GET 200 https://registry.npmjs.org/widest-line/-/widest-line-3.1.0.tgz 6958ms (cache miss)
1010 timing reifyNode:node_modules/@salesforce/cli/node_modules/widest-line Completed in 7537ms
1011 http fetch GET 200 https://registry.npmjs.org/whatwg-url/-/whatwg-url-5.0.0.tgz 6938ms (cache miss)
1012 timing reifyNode:node_modules/@salesforce/cli/node_modules/whatwg-url Completed in 7541ms
1013 http fetch GET 200 https://registry.npmjs.org/supports-preserve-symlinks-flag/-/supports-preserve-symlinks-flag-1.0.0.tgz 6719ms (cache miss)
1014 timing reifyNode:node_modules/@salesforce/cli/node_modules/supports-preserve-symlinks-flag Completed in 7537ms
1015 http fetch GET 200 https://registry.npmjs.org/tinyglobby/-/tinyglobby-0.2.14.tgz 6763ms (cache miss)
1016 timing reifyNode:node_modules/@salesforce/cli/node_modules/tinyglobby Completed in 7551ms
1017 http fetch GET 200 https://registry.npmjs.org/strip-ansi/-/strip-ansi-6.0.1.tgz 6695ms (cache miss)
1018 timing reifyNode:node_modules/@salesforce/cli/node_modules/strip-ansi Completed in 7550ms
1019 http fetch GET 200 https://registry.npmjs.org/util-deprecate/-/util-deprecate-1.0.2.tgz 6883ms (cache miss)
1020 timing reifyNode:node_modules/@salesforce/cli/node_modules/util-deprecate Completed in 7596ms
1021 http fetch GET 200 https://registry.npmjs.org/universalify/-/universalify-2.0.1.tgz 6874ms (cache miss)
1022 timing reifyNode:node_modules/@salesforce/cli/node_modules/universalify Completed in 7598ms
1023 timing reifyNode:node_modules/@salesforce/cli/node_modules/upper-case-first Completed in 7599ms
1024 http fetch GET 200 https://registry.npmjs.org/string_decoder/-/string_decoder-1.3.0.tgz 6728ms (cache miss)
1025 timing reifyNode:node_modules/@salesforce/cli/node_modules/string_decoder Completed in 7594ms
1026 http fetch GET 200 https://registry.npmjs.org/supports-hyperlinks/-/supports-hyperlinks-2.3.0.tgz 6771ms (cache miss)
1027 timing reifyNode:node_modules/@salesforce/cli/node_modules/supports-hyperlinks Completed in 7600ms
1028 http fetch GET 200 https://registry.npmjs.org/strnum/-/strnum-2.1.2.tgz 6763ms (cache miss)
1029 timing reifyNode:node_modules/@salesforce/cli/node_modules/strnum Completed in 7602ms
1030 http fetch GET 200 https://registry.npmjs.org/strip-json-comments/-/strip-json-comments-3.1.1.tgz 6769ms (cache miss)
1031 timing reifyNode:node_modules/@salesforce/cli/node_modules/strip-json-comments Completed in 7605ms
1032 http fetch GET 200 https://registry.npmjs.org/supports-color/-/supports-color-7.2.0.tgz 6784ms (cache miss)
1033 timing reifyNode:node_modules/@salesforce/cli/node_modules/supports-color Completed in 7616ms
1034 http fetch GET 200 https://registry.npmjs.org/tree-dump/-/tree-dump-1.0.3.tgz 6918ms (cache miss)
1035 timing reifyNode:node_modules/@salesforce/cli/node_modules/tree-dump Completed in 7687ms
1036 http fetch GET 200 https://registry.npmjs.org/tunnel-agent/-/tunnel-agent-0.6.0.tgz 6949ms (cache miss)
1037 timing reifyNode:node_modules/@salesforce/cli/node_modules/tunnel-agent Completed in 7690ms
1038 http fetch GET 200 https://registry.npmjs.org/ts-retry-promise/-/ts-retry-promise-0.8.1.tgz 6933ms (cache miss)
1039 timing reifyNode:node_modules/@salesforce/cli/node_modules/ts-retry-promise Completed in 7694ms
1040 http fetch GET 200 https://registry.npmjs.org/strip-ansi/-/strip-ansi-6.0.1.tgz 6839ms (cache miss)
1041 timing reifyNode:node_modules/@salesforce/cli/node_modules/strip-ansi-cjs Completed in 7692ms
1042 http fetch GET 200 https://registry.npmjs.org/sprintf-js/-/sprintf-js-1.1.3.tgz 6810ms (cache miss)
1043 timing reifyNode:node_modules/@salesforce/cli/node_modules/sprintf-js Completed in 7693ms
1044 http fetch GET 200 https://registry.npmjs.org/tar-fs/-/tar-fs-2.1.4.tgz 6949ms (cache miss)
1045 http fetch GET 200 https://registry.npmjs.org/terminal-link/-/terminal-link-3.0.0.tgz 6961ms (cache miss)
1046 timing reifyNode:node_modules/@salesforce/cli/node_modules/terminal-link Completed in 7767ms
1047 http fetch GET 200 https://registry.npmjs.org/tar-stream/-/tar-stream-2.2.0.tgz 6973ms (cache miss)
1048 timing reifyNode:node_modules/@salesforce/cli/node_modules/tar-stream Completed in 7783ms
1049 http fetch GET 200 https://registry.npmjs.org/slash/-/slash-3.0.0.tgz 6844ms (cache miss)
1050 timing reifyNode:node_modules/@salesforce/cli/node_modules/slash Completed in 7783ms
1051 http fetch GET 200 https://registry.npmjs.org/simple-get/-/simple-get-4.0.1.tgz 6845ms (cache miss)
1052 timing reifyNode:node_modules/@salesforce/cli/node_modules/simple-get Completed in 7787ms
1053 http fetch GET 200 https://registry.npmjs.org/shimmer/-/shimmer-1.2.1.tgz 6828ms (cache miss)
1054 timing reifyNode:node_modules/@salesforce/cli/node_modules/shimmer Completed in 7791ms
1055 http fetch GET 200 https://registry.npmjs.org/string-width/-/string-width-4.2.3.tgz 7167ms (cache miss)
1056 timing reifyNode:node_modules/@salesforce/cli/node_modules/string-width Completed in 8030ms
1057 http fetch GET 200 https://registry.npmjs.org/run-async/-/run-async-3.0.0.tgz 6953ms (cache miss)
1058 timing reifyNode:node_modules/@salesforce/cli/node_modules/run-async Completed in 8021ms
1059 http fetch GET 200 https://registry.npmjs.org/requires-port/-/requires-port-1.0.0.tgz 6903ms (cache miss)
1060 timing reifyNode:node_modules/@salesforce/cli/node_modules/requires-port Completed in 8024ms
1061 http fetch GET 200 https://registry.npmjs.org/string-width/-/string-width-4.2.3.tgz 7259ms (cache miss)
1062 timing reifyNode:node_modules/@salesforce/cli/node_modules/string-width-cjs Completed in 8119ms
1063 http fetch GET 200 https://registry.npmjs.org/socks-proxy-agent/-/socks-proxy-agent-8.0.5.tgz 7211ms (cache miss)
1064 timing reifyNode:node_modules/@salesforce/cli/node_modules/socks-proxy-agent Completed in 8120ms
1065 http fetch GET 200 https://registry.npmjs.org/sonic-boom/-/sonic-boom-4.0.1.tgz 7219ms (cache miss)
1066 http fetch GET 200 https://registry.npmjs.org/secure-json-parse/-/secure-json-parse-2.7.0.tgz 7120ms (cache miss)
1067 http fetch GET 200 https://registry.npmjs.org/safe-stable-stringify/-/safe-stable-stringify-2.4.3.tgz 7099ms (cache miss)
1068 timing reifyNode:node_modules/@salesforce/cli/node_modules/safe-stable-stringify Completed in 8137ms
1069 http fetch GET 200 https://registry.npmjs.org/to-regex-range/-/to-regex-range-5.0.1.tgz 7538ms (cache miss)
1070 timing reifyNode:node_modules/@salesforce/cli/node_modules/to-regex-range Completed in 8319ms
1071 http fetch GET 200 https://registry.npmjs.org/shebang-command/-/shebang-command-2.0.0.tgz 7357ms (cache miss)
1072 timing reifyNode:node_modules/@salesforce/cli/node_modules/shebang-command Completed in 8325ms
1073 http fetch GET 200 https://registry.npmjs.org/snake-case/-/snake-case-3.0.4.tgz 7416ms (cache miss)
1074 http fetch GET 200 https://registry.npmjs.org/signal-exit/-/signal-exit-3.0.7.tgz 7375ms (cache miss)
1075 timing reifyNode:node_modules/@salesforce/cli/node_modules/signal-exit Completed in 8335ms
1076 timing reifyNode:node_modules/@salesforce/cli/node_modules/snake-case Completed in 8337ms
1077 http fetch GET 200 https://registry.npmjs.org/slice-ansi/-/slice-ansi-7.1.0.tgz 7421ms (cache miss)
1078 timing reifyNode:node_modules/@salesforce/cli/node_modules/slice-ansi Completed in 8341ms
1079 http fetch GET 200 https://registry.npmjs.org/simple-concat/-/simple-concat-1.0.1.tgz 7421ms (cache miss)
1080 timing reifyNode:node_modules/@salesforce/cli/node_modules/simple-concat Completed in 8367ms
1081 http fetch GET 200 https://registry.npmjs.org/resolve-alpn/-/resolve-alpn-1.2.1.tgz 7258ms (cache miss)
1082 timing reifyNode:node_modules/@salesforce/cli/node_modules/resolve-alpn Completed in 8370ms
1083 http fetch GET 200 https://registry.npmjs.org/wrap-ansi/-/wrap-ansi-7.0.0.tgz 7968ms (cache miss)
1084 timing reifyNode:node_modules/@salesforce/cli/node_modules/wrap-ansi-cjs Completed in 8543ms
1085 http fetch GET 200 https://registry.npmjs.org/webidl-conversions/-/webidl-conversions-3.0.1.tgz 7902ms (cache miss)
1086 timing reifyNode:node_modules/@salesforce/cli/node_modules/webidl-conversions Completed in 8552ms
1087 http fetch GET 200 https://registry.npmjs.org/sequin/-/sequin-0.1.1.tgz 7542ms (cache miss)
1088 timing reifyNode:node_modules/@salesforce/cli/node_modules/sequin Completed in 8542ms
1089 http fetch GET 200 https://registry.npmjs.org/setimmediate/-/setimmediate-1.0.5.tgz 7583ms (cache miss)
1090 timing reifyNode:node_modules/@salesforce/cli/node_modules/setimmediate Completed in 8575ms
1091 http fetch GET 200 https://registry.npmjs.org/shebang-regex/-/shebang-regex-3.0.0.tgz 7590ms (cache miss)
1092 timing reifyNode:node_modules/@salesforce/cli/node_modules/shebang-regex Completed in 8580ms
1093 http fetch GET 200 https://registry.npmjs.org/set-function-length/-/set-function-length-1.2.2.tgz 7585ms (cache miss)
1094 timing reifyNode:node_modules/@salesforce/cli/node_modules/set-function-length Completed in 8582ms
1095 http fetch GET 200 https://registry.npmjs.org/rechoir/-/rechoir-0.6.2.tgz 7440ms (cache miss)
1096 timing reifyNode:node_modules/@salesforce/cli/node_modules/rechoir Completed in 8584ms
1097 http fetch GET 200 https://registry.npmjs.org/quick-lru/-/quick-lru-5.1.1.tgz 7435ms (cache miss)
1098 timing reifyNode:node_modules/@salesforce/cli/node_modules/quick-lru Completed in 8604ms
1099 http fetch GET 200 https://registry.npmjs.org/require-from-string/-/require-from-string-2.0.2.tgz 7485ms (cache miss)
1100 timing reifyNode:node_modules/@salesforce/cli/node_modules/require-from-string Completed in 8610ms
1101 http fetch GET 200 https://registry.npmjs.org/path-parse/-/path-parse-1.0.7.tgz 7259ms (cache miss)
1102 timing reifyNode:node_modules/@salesforce/cli/node_modules/path-parse Completed in 8609ms
1103 http fetch GET 200 https://registry.npmjs.org/patch-console/-/patch-console-2.0.0.tgz 7208ms (cache miss)
1104 timing reifyNode:node_modules/@salesforce/cli/node_modules/patch-console Completed in 8617ms
1105 http fetch GET 200 https://registry.npmjs.org/querystringify/-/querystringify-2.2.0.tgz 7593ms (cache miss)
1106 timing reifyNode:node_modules/@salesforce/cli/node_modules/querystringify Completed in 8782ms
1107 http fetch GET 200 https://registry.npmjs.org/queue-microtask/-/queue-microtask-1.2.3.tgz 7611ms (cache miss)
1108 timing reifyNode:node_modules/@salesforce/cli/node_modules/queue-microtask Completed in 8786ms
1109 http fetch GET 200 https://registry.npmjs.org/real-require/-/real-require-0.2.0.tgz 7585ms (cache miss)
1110 timing reifyNode:node_modules/@salesforce/cli/node_modules/real-require Completed in 8794ms
1111 http fetch GET 200 https://registry.npmjs.org/package-json-from-dist/-/package-json-from-dist-1.0.0.tgz 7327ms (cache miss)
1112 http fetch GET 200 https://registry.npmjs.org/sentence-case/-/sentence-case-3.0.4.tgz 8088ms (cache miss)
1113 timing reifyNode:node_modules/@salesforce/cli/node_modules/sentence-case Completed in 9102ms
1114 http fetch GET 200 https://registry.npmjs.org/restore-cursor/-/restore-cursor-4.0.0.tgz 8017ms (cache miss)
1115 timing reifyNode:node_modules/@salesforce/cli/node_modules/restore-cursor Completed in 9109ms
1116 http fetch GET 200 https://registry.npmjs.org/run-parallel/-/run-parallel-1.2.0.tgz 8055ms (cache miss)
1117 timing reifyNode:node_modules/@salesforce/cli/node_modules/run-parallel Completed in 9114ms
1118 http fetch GET 200 https://registry.npmjs.org/safe-buffer/-/safe-buffer-5.2.1.tgz 8054ms (cache miss)
1119 timing reifyNode:node_modules/@salesforce/cli/node_modules/safe-buffer Completed in 9118ms
1120 http fetch GET 200 https://registry.npmjs.org/reusify/-/reusify-1.0.4.tgz 8036ms (cache miss)
1121 timing reifyNode:node_modules/@salesforce/cli/node_modules/reusify Completed in 9120ms
1122 http fetch GET 200 https://registry.npmjs.org/propagate/-/propagate-2.0.1.tgz 7874ms (cache miss)
1123 timing reifyNode:node_modules/@salesforce/cli/node_modules/propagate Completed in 9119ms
1124 http fetch GET 200 https://registry.npmjs.org/proto-list/-/proto-list-1.2.4.tgz 7894ms (cache miss)
1125 timing reifyNode:node_modules/@salesforce/cli/node_modules/proto-list Completed in 9137ms
1126 http fetch GET 200 https://registry.npmjs.org/process-nextick-args/-/process-nextick-args-2.0.1.tgz 7883ms (cache miss)
1127 timing reifyNode:node_modules/@salesforce/cli/node_modules/process-nextick-args Completed in 9139ms
1128 http fetch GET 200 https://registry.npmjs.org/process/-/process-0.11.10.tgz 7872ms (cache miss)
1129 timing reifyNode:node_modules/@salesforce/cli/node_modules/process Completed in 9143ms
1130 http fetch GET 200 https://registry.npmjs.org/object-treeify/-/object-treeify-4.0.1.tgz 7478ms (cache miss)
1131 timing reifyNode:node_modules/@salesforce/cli/node_modules/object-treeify Completed in 9143ms
1132 http fetch GET 200 https://registry.npmjs.org/wordwrap/-/wordwrap-1.0.0.tgz 8684ms (cache miss)
1133 timing reifyNode:node_modules/@salesforce/cli/node_modules/wordwrap Completed in 9259ms
1134 http fetch GET 200 https://registry.npmjs.org/stack-utils/-/stack-utils-2.0.6.tgz 8374ms (cache miss)
1135 timing reifyNode:node_modules/@salesforce/cli/node_modules/stack-utils Completed in 9253ms
1136 http fetch GET 200 https://registry.npmjs.org/yoctocolors-cjs/-/yoctocolors-cjs-2.1.3.tgz 8212ms (cache miss)
1137 timing reifyNode:node_modules/@salesforce/cli/node_modules/yoctocolors-cjs Completed in 9285ms
1138 http fetch GET 200 https://registry.npmjs.org/responselike/-/responselike-2.0.1.tgz 8163ms (cache miss)
1139 timing reifyNode:node_modules/@salesforce/cli/node_modules/responselike Completed in 9258ms
1140 http fetch GET 200 https://registry.npmjs.org/run-applescript/-/run-applescript-7.0.0.tgz 8197ms (cache miss)
1141 timing reifyNode:node_modules/@salesforce/cli/node_modules/run-applescript Completed in 9269ms
1142 http fetch GET 200 https://registry.npmjs.org/pump/-/pump-3.0.0.tgz 8075ms (cache miss)
1143 timing reifyNode:node_modules/@salesforce/cli/node_modules/pump Completed in 9269ms
1144 http fetch GET 200 https://registry.npmjs.org/picocolors/-/picocolors-1.1.1.tgz 7946ms (cache miss)
1145 timing reifyNode:node_modules/@salesforce/cli/node_modules/picocolors Completed in 9269ms
1146 http fetch GET 200 https://registry.npmjs.org/path-key/-/path-key-3.1.1.tgz 7914ms (cache miss)
1147 timing reifyNode:node_modules/@salesforce/cli/node_modules/path-key Completed in 9285ms
1148 http fetch GET 200 https://registry.npmjs.org/pino-abstract-transport/-/pino-abstract-transport-2.0.0.tgz 7992ms (cache miss)
1149 http fetch GET 200 https://registry.npmjs.org/registry-auth-token/-/registry-auth-token-5.1.1.tgz 8164ms (cache miss)
1150 timing reifyNode:node_modules/@salesforce/cli/node_modules/registry-auth-token Completed in 9366ms
1151 http fetch GET 200 https://registry.npmjs.org/param-case/-/param-case-3.0.4.tgz 7901ms (cache miss)
1152 http fetch GET 200 https://registry.npmjs.org/path-browserify/-/path-browserify-1.0.1.tgz 7953ms (cache miss)
1153 http fetch GET 200 https://registry.npmjs.org/pascal-case/-/pascal-case-3.1.2.tgz 7948ms (cache miss)
1154 http fetch GET 200 https://registry.npmjs.org/proxy-from-env/-/proxy-from-env-1.1.0.tgz 8232ms (cache miss)
1155 timing reifyNode:node_modules/@salesforce/cli/node_modules/proxy-from-env Completed in 9452ms
1156 http fetch GET 200 https://registry.npmjs.org/proper-lockfile/-/proper-lockfile-4.1.2.tgz 8206ms (cache miss)
1157 timing reifyNode:node_modules/@salesforce/cli/node_modules/proper-lockfile Completed in 9455ms
1158 http fetch GET 200 https://registry.npmjs.org/on-exit-leak-free/-/on-exit-leak-free-2.1.2.tgz 7816ms (cache miss)
1159 http fetch GET 200 https://registry.npmjs.org/once/-/once-1.4.0.tgz 7825ms (cache miss)
1160 timing reifyNode:node_modules/@salesforce/cli/node_modules/once Completed in 9472ms
1161 http fetch GET 200 https://registry.npmjs.org/obliterator/-/obliterator-2.0.4.tgz 7818ms (cache miss)
1162 http fetch GET 200 https://registry.npmjs.org/minimisted/-/minimisted-2.0.1.tgz 7577ms (cache miss)
1163 timing reifyNode:node_modules/@salesforce/cli/node_modules/minimisted Completed in 9477ms
1164 http fetch GET 200 https://registry.npmjs.org/mimic-fn/-/mimic-fn-2.1.0.tgz 7543ms (cache miss)
1165 timing reifyNode:node_modules/@salesforce/cli/node_modules/mimic-fn Completed in 9479ms
1166 http fetch GET 200 https://registry.npmjs.org/path-type/-/path-type-4.0.0.tgz 8246ms (cache miss)
1167 timing reifyNode:node_modules/@salesforce/cli/node_modules/path-type Completed in 9602ms
1168 timing reifyNode:node_modules/@salesforce/cli/node_modules/package-json-from-dist Completed in 9606ms
1169 http fetch GET 200 https://registry.npmjs.org/netmask/-/netmask-2.0.2.tgz 7847ms (cache miss)
1170 timing reifyNode:node_modules/@salesforce/cli/node_modules/netmask Completed in 9611ms
1171 http fetch GET 200 https://registry.npmjs.org/npm-run-path/-/npm-run-path-4.0.1.tgz 7910ms (cache miss)
1172 timing reifyNode:node_modules/@salesforce/cli/node_modules/npm-run-path Completed in 9642ms
1173 timing reifyNode:node_modules/@salesforce/cli/node_modules/param-case Completed in 9733ms
1174 http fetch GET 200 https://registry.npmjs.org/path-is-absolute/-/path-is-absolute-1.0.1.tgz 8351ms (cache miss)
1175 timing reifyNode:node_modules/@salesforce/cli/node_modules/path-is-absolute Completed in 9739ms
1176 timing reifyNode:node_modules/@salesforce/cli/node_modules/pascal-case Completed in 9738ms
1177 http fetch GET 200 https://registry.npmjs.org/path-case/-/path-case-3.0.4.tgz 8367ms (cache miss)
1178 timing reifyNode:node_modules/@salesforce/cli/node_modules/path-case Completed in 9742ms
1179 http fetch GET 200 https://registry.npmjs.org/parse-json/-/parse-json-4.0.0.tgz 8322ms (cache miss)
1180 timing reifyNode:node_modules/@salesforce/cli/node_modules/parse-json Completed in 9756ms
1181 http fetch GET 200 https://registry.npmjs.org/mute-stream/-/mute-stream-1.0.0.tgz 7928ms (cache miss)
1182 timing reifyNode:node_modules/@salesforce/cli/node_modules/mute-stream Completed in 9756ms
1183 http fetch GET 200 https://registry.npmjs.org/module-details-from-path/-/module-details-from-path-1.0.3.tgz 7902ms (cache miss)
1184 timing reifyNode:node_modules/@salesforce/cli/node_modules/module-details-from-path Completed in 9758ms
1185 http fetch GET 200 https://registry.npmjs.org/mkdirp-classic/-/mkdirp-classic-0.5.3.tgz 7896ms (cache miss)
1186 timing reifyNode:node_modules/@salesforce/cli/node_modules/mkdirp-classic Completed in 9761ms
1187 http fetch GET 200 https://registry.npmjs.org/url-parse/-/url-parse-1.5.10.tgz 9148ms (cache miss)
1188 timing reifyNode:node_modules/@salesforce/cli/node_modules/url-parse Completed in 9864ms
1189 http fetch GET 200 https://registry.npmjs.org/to-buffer/-/to-buffer-1.2.1.tgz 9079ms (cache miss)
1190 timing reifyNode:node_modules/@salesforce/cli/node_modules/to-buffer Completed in 9865ms
1191 http fetch GET 200 https://registry.npmjs.org/punycode/-/punycode-2.3.1.tgz 8649ms (cache miss)
1192 timing reifyNode:node_modules/@salesforce/cli/node_modules/punycode Completed in 9846ms
1193 http fetch GET 200 https://registry.npmjs.org/onetime/-/onetime-5.1.2.tgz 8228ms (cache miss)
1194 timing reifyNode:node_modules/@salesforce/cli/node_modules/onetime Completed in 9857ms
1195 timing reifyNode:node_modules/@salesforce/cli/node_modules/on-exit-leak-free Completed in 9957ms
1196 http fetch GET 200 https://registry.npmjs.org/no-case/-/no-case-3.0.4.tgz 8183ms (cache miss)
1197 http fetch GET 200 https://registry.npmjs.org/micromatch/-/micromatch-4.0.8.tgz 7976ms (cache miss)
1198 timing reifyNode:node_modules/@salesforce/cli/node_modules/micromatch Completed in 9971ms
1199 http fetch GET 200 https://registry.npmjs.org/merge2/-/merge2-1.4.1.tgz 7972ms (cache miss)
1200 timing reifyNode:node_modules/@salesforce/cli/node_modules/merge2 Completed in 9974ms
1201 http fetch GET 200 https://registry.npmjs.org/math-intrinsics/-/math-intrinsics-1.1.0.tgz 7940ms (cache miss)
1202 http fetch GET 200 https://registry.npmjs.org/websocket-extensions/-/websocket-extensions-0.1.4.tgz 9477ms (cache miss)
1203 timing reifyNode:node_modules/@salesforce/cli/node_modules/websocket-extensions Completed in 10083ms
1204 timing reifyNode:node_modules/@salesforce/cli/node_modules/secure-json-parse Completed in 10064ms
1205 http fetch GET 200 https://registry.npmjs.org/safer-buffer/-/safer-buffer-2.1.2.tgz 9032ms (cache miss)
1206 timing reifyNode:node_modules/@salesforce/cli/node_modules/safer-buffer Completed in 10063ms
1207 http fetch GET 200 https://registry.npmjs.org/multistream/-/multistream-3.1.0.tgz 8250ms (cache miss)
1208 timing reifyNode:node_modules/@salesforce/cli/node_modules/multistream Completed in 10059ms
1209 http fetch GET 200 https://registry.npmjs.org/ms/-/ms-2.1.3.tgz 8233ms (cache miss)
1210 timing reifyNode:node_modules/@salesforce/cli/node_modules/ms Completed in 10064ms
1211 http fetch GET 200 https://registry.npmjs.org/lowercase-keys/-/lowercase-keys-2.0.0.tgz 7986ms (cache miss)
1212 timing reifyNode:node_modules/@salesforce/cli/node_modules/lowercase-keys Completed in 10079ms
1213 http fetch GET 200 https://registry.npmjs.org/loose-envify/-/loose-envify-1.4.0.tgz 7986ms (cache miss)
1214 timing reifyNode:node_modules/@salesforce/cli/node_modules/loose-envify Completed in 10082ms
1215 http fetch GET 200 https://registry.npmjs.org/require-in-the-middle/-/require-in-the-middle-7.3.0.tgz 9055ms (cache miss)
1216 timing reifyNode:node_modules/@salesforce/cli/node_modules/require-in-the-middle Completed in 10173ms
1217 http fetch GET 200 https://registry.npmjs.org/mimic-response/-/mimic-response-3.1.0.tgz 8231ms (cache miss)
1218 timing reifyNode:node_modules/@salesforce/cli/node_modules/mimic-response Completed in 10176ms
1219 http fetch GET 200 https://registry.npmjs.org/keyv/-/keyv-4.5.4.tgz 7922ms (cache miss)
1220 timing reifyNode:node_modules/@salesforce/cli/node_modules/keyv Completed in 10175ms
1221 http fetch GET 200 https://registry.npmjs.org/jws/-/jws-4.0.1.tgz 7921ms (cache miss)
1222 timing reifyNode:node_modules/@salesforce/cli/node_modules/jws Completed in 10178ms
1223 http fetch GET 200 https://registry.npmjs.org/lodash.isnumber/-/lodash.isnumber-3.0.3.tgz 8024ms (cache miss)
1224 timing reifyNode:node_modules/@salesforce/cli/node_modules/lodash.isnumber Completed in 10183ms
1225 http fetch GET 200 https://registry.npmjs.org/typed-array-buffer/-/typed-array-buffer-1.0.3.tgz 9701ms (cache miss)
1226 timing reifyNode:node_modules/@salesforce/cli/node_modules/typed-array-buffer Completed in 10441ms
1227 timing reifyNode:node_modules/@salesforce/cli/node_modules/pino-abstract-transport Completed in 10432ms
1228 timing reifyNode:node_modules/@salesforce/cli/node_modules/no-case Completed in 10441ms
1229 http fetch GET 200 https://registry.npmjs.org/marked-terminal/-/marked-terminal-4.2.0.tgz 8398ms (cache miss)
1230 timing reifyNode:node_modules/@salesforce/cli/node_modules/marked-terminal Completed in 10441ms
1231 http fetch GET 200 https://registry.npmjs.org/json-buffer/-/json-buffer-3.0.1.tgz 8125ms (cache miss)
1232 timing reifyNode:node_modules/@salesforce/cli/node_modules/json-buffer Completed in 10457ms
1233 http fetch GET 200 https://registry.npmjs.org/jwa/-/jwa-2.0.1.tgz 8190ms (cache miss)
1234 timing reifyNode:node_modules/@salesforce/cli/node_modules/jwa Completed in 10463ms
1235 http fetch GET 200 https://registry.npmjs.org/json-stringify-safe/-/json-stringify-safe-5.0.1.tgz 8183ms (cache miss)
1236 timing reifyNode:node_modules/@salesforce/cli/node_modules/json-stringify-safe Completed in 10474ms
1237 http fetch GET 200 https://registry.npmjs.org/jsonfile/-/jsonfile-6.1.0.tgz 8174ms (cache miss)
1238 timing reifyNode:node_modules/@salesforce/cli/node_modules/jsonfile Completed in 10479ms
1239 http fetch GET 200 https://registry.npmjs.org/is-glob/-/is-glob-4.0.3.tgz 7962ms (cache miss)
1240 timing reifyNode:node_modules/@salesforce/cli/node_modules/is-glob Completed in 10482ms
1241 http fetch GET 200 https://registry.npmjs.org/is-fullwidth-code-point/-/is-fullwidth-code-point-3.0.0.tgz 7948ms (cache miss)
1242 timing reifyNode:node_modules/@salesforce/cli/node_modules/is-fullwidth-code-point Completed in 10485ms
1243 http fetch GET 200 https://registry.npmjs.org/open/-/open-10.2.0.tgz 9187ms (cache miss)
1244 timing reifyNode:node_modules/@salesforce/cli/node_modules/open Completed in 10707ms
1245 http fetch GET 200 https://registry.npmjs.org/lodash.once/-/lodash.once-4.1.1.tgz 8607ms (cache miss)
1246 timing reifyNode:node_modules/@salesforce/cli/node_modules/lodash.once Completed in 10716ms
1247 http fetch GET 200 https://registry.npmjs.org/lodash.isplainobject/-/lodash.isplainobject-4.0.6.tgz 8568ms (cache miss)
1248 timing reifyNode:node_modules/@salesforce/cli/node_modules/lodash.isplainobject Completed in 10726ms
1249 http fetch GET 200 https://registry.npmjs.org/js-tokens/-/js-tokens-4.0.0.tgz 8358ms (cache miss)
1250 timing reifyNode:node_modules/@salesforce/cli/node_modules/js-tokens Completed in 10735ms
1251 http fetch GET 200 https://registry.npmjs.org/is-arrayish/-/is-arrayish-0.2.1.tgz 8176ms (cache miss)
1252 timing reifyNode:node_modules/@salesforce/cli/node_modules/is-arrayish Completed in 10743ms
1253 http fetch GET 200 https://registry.npmjs.org/ink-text-input/-/ink-text-input-6.0.0.tgz 8163ms (cache miss)
1254 timing reifyNode:node_modules/@salesforce/cli/node_modules/ink-text-input Completed in 10756ms
1255 http fetch GET 200 https://registry.npmjs.org/inquirer-autocomplete-standalone/-/inquirer-autocomplete-standalone-0.8.1.tgz 8214ms (cache miss)
1256 timing reifyNode:node_modules/@salesforce/cli/node_modules/inquirer-autocomplete-standalone Completed in 10791ms
1257 http fetch GET 200 https://registry.npmjs.org/which-typed-array/-/which-typed-array-1.1.19.tgz 10435ms (cache miss)
1258 timing reifyNode:node_modules/@salesforce/cli/node_modules/which-typed-array Completed in 11029ms
1259 http fetch GET 200 https://registry.npmjs.org/quick-format-unescaped/-/quick-format-unescaped-4.0.4.tgz 9852ms (cache miss)
1260 timing reifyNode:node_modules/@salesforce/cli/node_modules/quick-format-unescaped Completed in 11025ms
1261 http fetch GET 200 https://registry.npmjs.org/mime-types/-/mime-types-2.1.35.tgz 9068ms (cache miss)
1262 timing reifyNode:node_modules/@salesforce/cli/node_modules/mime-types Completed in 11022ms
1263 http fetch GET 200 https://registry.npmjs.org/lodash.isinteger/-/lodash.isinteger-4.0.4.tgz 8860ms (cache miss)
1264 timing reifyNode:node_modules/@salesforce/cli/node_modules/lodash.isinteger Completed in 11023ms
1265 http fetch GET 200 https://registry.npmjs.org/lodash.isstring/-/lodash.isstring-4.0.1.tgz 8893ms (cache miss)
1266 timing reifyNode:node_modules/@salesforce/cli/node_modules/lodash.isstring Completed in 11027ms
1267 http fetch GET 200 https://registry.npmjs.org/lodash.isboolean/-/lodash.isboolean-3.0.3.tgz 8826ms (cache miss)
1268 timing reifyNode:node_modules/@salesforce/cli/node_modules/lodash.isboolean Completed in 11030ms
1269 http fetch GET 200 https://registry.npmjs.org/isarray/-/isarray-1.0.0.tgz 8595ms (cache miss)
1270 timing reifyNode:node_modules/@salesforce/cli/node_modules/isarray Completed in 11046ms
1271 http fetch GET 200 https://registry.npmjs.org/is-stream/-/is-stream-2.0.1.tgz 8567ms (cache miss)
1272 timing reifyNode:node_modules/@salesforce/cli/node_modules/is-stream Completed in 11050ms
1273 http fetch GET 200 https://registry.npmjs.org/is-retry-allowed/-/is-retry-allowed-1.2.0.tgz 8560ms (cache miss)
1274 timing reifyNode:node_modules/@salesforce/cli/node_modules/is-retry-allowed Completed in 11055ms
1275 http fetch GET 200 https://registry.npmjs.org/is-inside-container/-/is-inside-container-1.0.0.tgz 8560ms (cache miss)
1276 timing reifyNode:node_modules/@salesforce/cli/node_modules/is-inside-container Completed in 11073ms
1277 http fetch GET 200 https://registry.npmjs.org/https-proxy-agent/-/https-proxy-agent-7.0.6.tgz 8405ms (cache miss)
1278 http fetch GET 200 https://registry.npmjs.org/http-call/-/http-call-5.3.0.tgz 8381ms (cache miss)
1279 http fetch GET 200 https://registry.npmjs.org/ws/-/ws-8.18.2.tgz 10843ms (cache miss)
1280 timing reifyNode:node_modules/@salesforce/cli/node_modules/ws Completed in 11393ms
1281 timing reifyNode:node_modules/@salesforce/cli/node_modules/sonic-boom Completed in 11387ms
1282 timing reifyNode:node_modules/@salesforce/cli/node_modules/path-browserify Completed in 11371ms
1283 http fetch GET 200 https://registry.npmjs.org/lodash.includes/-/lodash.includes-4.3.0.tgz 9170ms (cache miss)
1284 timing reifyNode:node_modules/@salesforce/cli/node_modules/lodash.includes Completed in 11373ms
1285 http fetch GET 200 https://registry.npmjs.org/json-parse-better-errors/-/json-parse-better-errors-1.0.2.tgz 9053ms (cache miss)
1286 timing reifyNode:node_modules/@salesforce/cli/node_modules/json-parse-better-errors Completed in 11382ms
1287 http fetch GET 200 https://registry.npmjs.org/lie/-/lie-3.3.0.tgz 9140ms (cache miss)
1288 timing reifyNode:node_modules/@salesforce/cli/node_modules/lie Completed in 11390ms
1289 http fetch GET 200 https://registry.npmjs.org/is-wsl/-/is-wsl-3.1.0.tgz 8927ms (cache miss)
1290 timing reifyNode:node_modules/@salesforce/cli/node_modules/is-wsl Completed in 11393ms
1291 http fetch GET 200 https://registry.npmjs.org/is-extglob/-/is-extglob-2.1.1.tgz 8871ms (cache miss)
1292 timing reifyNode:node_modules/@salesforce/cli/node_modules/is-extglob Completed in 11411ms
1293 http fetch GET 200 https://registry.npmjs.org/has-tostringtag/-/has-tostringtag-1.0.2.tgz 8667ms (cache miss)
1294 http fetch GET 200 https://registry.npmjs.org/has-property-descriptors/-/has-property-descriptors-1.0.2.tgz 8666ms (cache miss)
1295 timing reifyNode:node_modules/@salesforce/cli/node_modules/has-property-descriptors Completed in 11424ms
1296 http fetch GET 200 https://registry.npmjs.org/graphology-traversal/-/graphology-traversal-0.3.1.tgz 8665ms (cache miss)
1297 timing reifyNode:node_modules/@salesforce/cli/node_modules/graphology-traversal Completed in 11444ms
1298 http fetch GET 200 https://registry.npmjs.org/graphology-types/-/graphology-types-0.24.7.tgz 8665ms (cache miss)
1299 timing reifyNode:node_modules/@salesforce/cli/node_modules/graphology-types Completed in 11449ms
1300 http fetch GET 200 https://registry.npmjs.org/help-me/-/help-me-5.0.0.tgz 8738ms (cache miss)
1301 http fetch GET 200 https://registry.npmjs.org/tough-cookie/-/tough-cookie-4.1.3.tgz 10882ms (cache miss)
1302 timing reifyNode:node_modules/@salesforce/cli/node_modules/tough-cookie Completed in 11653ms
1303 http fetch GET 200 https://registry.npmjs.org/normalize-url/-/normalize-url-8.0.1.tgz 9898ms (cache miss)
1304 timing reifyNode:node_modules/@salesforce/cli/node_modules/normalize-url Completed in 11640ms
1305 http fetch GET 200 https://registry.npmjs.org/indent-string/-/indent-string-4.0.0.tgz 9002ms (cache miss)
1306 timing reifyNode:node_modules/@salesforce/cli/node_modules/indent-string Completed in 11629ms
1307 http fetch GET 200 https://registry.npmjs.org/interpret/-/interpret-1.4.0.tgz 9070ms (cache miss)
1308 timing reifyNode:node_modules/@salesforce/cli/node_modules/interpret Completed in 11644ms
1309 http fetch GET 200 https://registry.npmjs.org/is-docker/-/is-docker-2.2.1.tgz 9124ms (cache miss)
1310 timing reifyNode:node_modules/@salesforce/cli/node_modules/is-docker Completed in 11671ms
1311 http fetch GET 200 https://registry.npmjs.org/get-package-type/-/get-package-type-0.1.0.tgz 8795ms (cache miss)
1312 timing reifyNode:node_modules/@salesforce/cli/node_modules/get-package-type Completed in 11678ms
1313 http fetch GET 200 https://registry.npmjs.org/proxy-agent/-/proxy-agent-6.5.0.tgz 10670ms (cache miss)
1314 timing reifyNode:node_modules/@salesforce/cli/node_modules/proxy-agent Completed in 11894ms
1315 http fetch GET 200 https://registry.npmjs.org/p-cancelable/-/p-cancelable-3.0.0.tgz 10234ms (cache miss)
1316 timing reifyNode:node_modules/@salesforce/cli/node_modules/p-cancelable Completed in 11912ms
1317 http fetch GET 200 https://registry.npmjs.org/istanbul-lib-report/-/istanbul-lib-report-3.0.1.tgz 9485ms (cache miss)
1318 timing reifyNode:node_modules/@salesforce/cli/node_modules/istanbul-lib-report Completed in 11917ms
1319 http fetch GET 200 https://registry.npmjs.org/istanbul-lib-coverage/-/istanbul-lib-coverage-3.2.2.tgz 9485ms (cache miss)
1320 timing reifyNode:node_modules/@salesforce/cli/node_modules/istanbul-lib-coverage Completed in 11924ms
1321 http fetch GET 200 https://registry.npmjs.org/is-typed-array/-/is-typed-array-1.1.15.tgz 9445ms (cache miss)
1322 timing reifyNode:node_modules/@salesforce/cli/node_modules/is-typed-array Completed in 11931ms
1323 http fetch GET 200 https://registry.npmjs.org/is-number/-/is-number-7.0.0.tgz 9439ms (cache miss)
1324 timing reifyNode:node_modules/@salesforce/cli/node_modules/is-number Completed in 11938ms
1325 http fetch GET 200 https://registry.npmjs.org/inflight/-/inflight-1.0.6.tgz 9351ms (cache miss)
1326 timing reifyNode:node_modules/@salesforce/cli/node_modules/inflight Completed in 11959ms
1327 http fetch GET 200 https://registry.npmjs.org/http-proxy-agent/-/http-proxy-agent-7.0.2.tgz 9294ms (cache miss)
1328 timing reifyNode:node_modules/@salesforce/cli/node_modules/http-proxy-agent Completed in 11978ms
1329 http fetch GET 200 https://registry.npmjs.org/http-parser-js/-/http-parser-js-0.5.8.tgz 9294ms (cache miss)
1330 timing reifyNode:node_modules/@salesforce/cli/node_modules/http-parser-js Completed in 11982ms
1331 http fetch GET 200 https://registry.npmjs.org/ieee754/-/ieee754-1.2.1.tgz 9337ms (cache miss)
1332 timing reifyNode:node_modules/@salesforce/cli/node_modules/ieee754 Completed in 11998ms
1333 http fetch GET 200 https://registry.npmjs.org/possible-typed-array-names/-/possible-typed-array-names-1.0.0.tgz 10994ms (cache miss)
1334 timing reifyNode:node_modules/@salesforce/cli/node_modules/possible-typed-array-names Completed in 12272ms
1335 http fetch GET 200 https://registry.npmjs.org/object-hash/-/object-hash-3.0.0.tgz 10614ms (cache miss)
1336 timing reifyNode:node_modules/@salesforce/cli/node_modules/object-hash Completed in 12297ms
1337 http fetch GET 200 https://registry.npmjs.org/isexe/-/isexe-3.1.1.tgz 9846ms (cache miss)
1338 http fetch GET 200 https://registry.npmjs.org/is-callable/-/is-callable-1.2.7.tgz 9747ms (cache miss)
1339 timing reifyNode:node_modules/@salesforce/cli/node_modules/is-callable Completed in 12299ms
1340 http fetch GET 200 https://registry.npmjs.org/is-in-ci/-/is-in-ci-0.1.0.tgz 9792ms (cache miss)
1341 timing reifyNode:node_modules/@salesforce/cli/node_modules/is-in-ci Completed in 12308ms
1342 http fetch GET 200 https://registry.npmjs.org/is-git-ref-name-valid/-/is-git-ref-name-valid-1.0.0.tgz 9793ms (cache miss)
1343 timing reifyNode:node_modules/@salesforce/cli/node_modules/is-git-ref-name-valid Completed in 12317ms
1344 timing reifyNode:node_modules/@salesforce/cli/node_modules/http-call Completed in 12316ms
1345 http fetch GET 200 https://registry.npmjs.org/has-flag/-/has-flag-4.0.0.tgz 9594ms (cache miss)
1346 timing reifyNode:node_modules/@salesforce/cli/node_modules/has-flag Completed in 12355ms
1347 http fetch GET 200 https://registry.npmjs.org/http-cache-semantics/-/http-cache-semantics-4.1.1.tgz 9670ms (cache miss)
1348 timing reifyNode:node_modules/@salesforce/cli/node_modules/http-cache-semantics Completed in 12365ms
1349 http fetch GET 200 https://registry.npmjs.org/hasown/-/hasown-2.0.2.tgz 9623ms (cache miss)
1350 timing reifyNode:node_modules/@salesforce/cli/node_modules/hasown Completed in 12368ms
1351 http fetch GET 200 https://registry.npmjs.org/smart-buffer/-/smart-buffer-4.2.0.tgz 11727ms (cache miss)
1352 timing reifyNode:node_modules/@salesforce/cli/node_modules/smart-buffer Completed in 12662ms
1353 http fetch GET 200 https://registry.npmjs.org/sha.js/-/sha.js-2.4.12.tgz 11682ms (cache miss)
1354 timing reifyNode:node_modules/@salesforce/cli/node_modules/sha.js Completed in 12666ms
1355 http fetch GET 200 https://registry.npmjs.org/lilconfig/-/lilconfig-3.1.3.tgz 10431ms (cache miss)
1356 timing reifyNode:node_modules/@salesforce/cli/node_modules/lilconfig Completed in 12656ms
1357 http fetch GET 200 https://registry.npmjs.org/ini/-/ini-1.3.8.tgz 10060ms (cache miss)
1358 timing reifyNode:node_modules/@salesforce/cli/node_modules/ini Completed in 12661ms
1359 http fetch GET 200 https://registry.npmjs.org/inherits/-/inherits-2.0.4.tgz 10090ms (cache miss)
1360 timing reifyNode:node_modules/@salesforce/cli/node_modules/inherits Completed in 12694ms
1361 timing reifyNode:node_modules/@salesforce/cli/node_modules/https-proxy-agent Completed in 12707ms
1362 http fetch GET 200 https://registry.npmjs.org/header-case/-/header-case-2.0.4.tgz 9983ms (cache miss)
1363 http fetch GET 200 https://registry.npmjs.org/get-uri/-/get-uri-6.0.3.tgz 9883ms (cache miss)
1364 http fetch GET 200 https://registry.npmjs.org/get-proto/-/get-proto-1.0.1.tgz 9888ms (cache miss)
1365 http fetch GET 200 https://registry.npmjs.org/function-bind/-/function-bind-1.1.2.tgz 9790ms (cache miss)
1366 http fetch GET 200 https://registry.npmjs.org/escape-string-regexp/-/escape-string-regexp-4.0.0.tgz 9606ms (cache miss)
1367 timing reifyNode:node_modules/@salesforce/cli/node_modules/escape-string-regexp Completed in 12785ms
1368 http fetch GET 200 https://registry.npmjs.org/fast-deep-equal/-/fast-deep-equal-3.1.3.tgz 9687ms (cache miss)
1369 http fetch GET 200 https://registry.npmjs.org/estraverse/-/estraverse-5.3.0.tgz 9640ms (cache miss)
1370 timing reifyNode:node_modules/@salesforce/cli/node_modules/estraverse Completed in 12804ms
1371 http fetch GET 200 https://registry.npmjs.org/scheduler/-/scheduler-0.23.2.tgz 12028ms (cache miss)
1372 timing reifyNode:node_modules/@salesforce/cli/node_modules/scheduler Completed in 13049ms
1373 http fetch GET 200 https://registry.npmjs.org/picomatch/-/picomatch-2.3.1.tgz 11746ms (cache miss)
1374 timing reifyNode:node_modules/@salesforce/cli/node_modules/picomatch Completed in 13066ms
1375 http fetch GET 200 https://registry.npmjs.org/graphology-indices/-/graphology-indices-0.17.0.tgz 10305ms (cache miss)
1376 http fetch GET 200 https://registry.npmjs.org/fs-constants/-/fs-constants-1.0.0.tgz 10112ms (cache miss)
1377 timing reifyNode:node_modules/@salesforce/cli/node_modules/fs-constants Completed in 13100ms
1378 http fetch GET 200 https://registry.npmjs.org/form-data-encoder/-/form-data-encoder-2.1.4.tgz 10126ms (cache miss)
1379 http fetch GET 200 https://registry.npmjs.org/for-each/-/for-each-0.3.5.tgz 10124ms (cache miss)
1380 http fetch GET 200 https://registry.npmjs.org/fill-range/-/fill-range-7.1.1.tgz 10113ms (cache miss)
1381 timing reifyNode:node_modules/@salesforce/cli/node_modules/fill-range Completed in 13151ms
1382 http fetch GET 200 https://registry.npmjs.org/filelist/-/filelist-1.0.4.tgz 10151ms (cache miss)
1383 timing reifyNode:node_modules/@salesforce/cli/node_modules/filelist Completed in 13186ms
1384 http fetch GET 200 https://registry.npmjs.org/fastq/-/fastq-1.17.1.tgz 10152ms (cache miss)
1385 timing reifyNode:node_modules/@salesforce/cli/node_modules/fast-deep-equal Completed in 13206ms
1386 http fetch GET 200 https://registry.npmjs.org/environment/-/environment-1.1.0.tgz 9983ms (cache miss)
1387 timing reifyNode:node_modules/@salesforce/cli/node_modules/environment Completed in 13219ms
1388 http fetch GET 200 https://registry.npmjs.org/encoding/-/encoding-0.1.13.tgz 9995ms (cache miss)
1389 timing reifyNode:node_modules/@salesforce/cli/node_modules/encoding Completed in 13231ms
1390 http fetch GET 200 https://registry.npmjs.org/es-object-atoms/-/es-object-atoms-1.1.1.tgz 10062ms (cache miss)
1391 http fetch GET 200 https://registry.npmjs.org/es-errors/-/es-errors-1.3.0.tgz 10057ms (cache miss)
1392 http fetch GET 200 https://registry.npmjs.org/tslib/-/tslib-2.8.1.tgz 12843ms (cache miss)
1393 timing reifyNode:node_modules/@salesforce/cli/node_modules/tslib Completed in 13600ms
1394 http fetch GET 200 https://registry.npmjs.org/has-symbols/-/has-symbols-1.1.0.tgz 10832ms (cache miss)
1395 http fetch GET 200 https://registry.npmjs.org/graphology-utils/-/graphology-utils-2.5.2.tgz 10816ms (cache miss)
1396 http fetch GET 200 https://registry.npmjs.org/html-escaper/-/html-escaper-2.0.2.tgz 10880ms (cache miss)
1397 timing reifyNode:node_modules/@salesforce/cli/node_modules/html-escaper Completed in 13598ms
1398 http fetch GET 200 https://registry.npmjs.org/hpagent/-/hpagent-1.2.0.tgz 10886ms (cache miss)
1399 timing reifyNode:node_modules/@salesforce/cli/node_modules/header-case Completed in 13607ms
1400 timing reifyNode:node_modules/@salesforce/cli/node_modules/function-bind Completed in 13604ms
1401 http fetch GET 200 https://registry.npmjs.org/fast-safe-stringify/-/fast-safe-stringify-2.1.1.tgz 10552ms (cache miss)
1402 timing reifyNode:node_modules/@salesforce/cli/node_modules/fast-safe-stringify Completed in 13634ms
1403 http fetch GET 200 https://registry.npmjs.org/fast-levenshtein/-/fast-levenshtein-3.0.0.tgz 10547ms (cache miss)
1404 timing reifyNode:node_modules/@salesforce/cli/node_modules/fast-levenshtein Completed in 13637ms
1405 http fetch GET 200 https://registry.npmjs.org/fastest-levenshtein/-/fastest-levenshtein-1.0.16.tgz 10600ms (cache miss)
1406 http fetch GET 200 https://registry.npmjs.org/ecdsa-sig-formatter/-/ecdsa-sig-formatter-1.0.11.tgz 10410ms (cache miss)
1407 timing reifyNode:node_modules/@salesforce/cli/node_modules/ecdsa-sig-formatter Completed in 13669ms
1408 http fetch GET 200 https://registry.npmjs.org/eastasianwidth/-/eastasianwidth-0.2.0.tgz 10434ms (cache miss)
1409 timing reifyNode:node_modules/@salesforce/cli/node_modules/eastasianwidth Completed in 13701ms
1410 http fetch GET 200 https://registry.npmjs.org/dot-case/-/dot-case-3.0.4.tgz 10433ms (cache miss)
1411 http fetch GET 200 https://registry.npmjs.org/stack-chain/-/stack-chain-1.3.7.tgz 13122ms (cache miss)
1412 timing reifyNode:node_modules/@salesforce/cli/node_modules/stack-chain Completed in 14081ms
1413 http fetch GET 200 https://registry.npmjs.org/retry/-/retry-0.12.0.tgz 13001ms (cache miss)
1414 timing reifyNode:node_modules/@salesforce/cli/node_modules/retry Completed in 14089ms
1415 http fetch GET 200 https://registry.npmjs.org/mime/-/mime-2.6.0.tgz 12105ms (cache miss)
1416 timing reifyNode:node_modules/@salesforce/cli/node_modules/mime Completed in 14095ms
1417 http fetch GET 200 https://registry.npmjs.org/globby/-/globby-11.1.0.tgz 11304ms (cache miss)
1418 timing reifyNode:node_modules/@salesforce/cli/node_modules/globby Completed in 14116ms
1419 timing reifyNode:node_modules/@salesforce/cli/node_modules/get-proto Completed in 14135ms
1420 timing reifyNode:node_modules/@salesforce/cli/node_modules/graphology-indices Completed in 14137ms
1421 timing reifyNode:node_modules/@salesforce/cli/node_modules/fastest-levenshtein Completed in 14134ms
1422 http fetch GET 200 https://registry.npmjs.org/esutils/-/esutils-2.0.3.tgz 10988ms (cache miss)
1423 timing reifyNode:node_modules/@salesforce/cli/node_modules/esutils Completed in 14136ms
1424 http fetch GET 200 https://registry.npmjs.org/decompress-response/-/decompress-response-6.0.0.tgz 10861ms (cache miss)
1425 timing reifyNode:node_modules/@salesforce/cli/node_modules/decompress-response Completed in 14210ms
1426 http fetch GET 200 https://registry.npmjs.org/diagnostic-channel/-/diagnostic-channel-1.1.1.tgz 10927ms (cache miss)
1427 timing reifyNode:node_modules/@salesforce/cli/node_modules/diagnostic-channel Completed in 14261ms
1428 http fetch GET 200 https://registry.npmjs.org/delayed-stream/-/delayed-stream-1.0.0.tgz 10969ms (cache miss)
1429 timing reifyNode:node_modules/@salesforce/cli/node_modules/delayed-stream Completed in 14275ms
1430 http fetch GET 200 https://registry.npmjs.org/define-data-property/-/define-data-property-1.1.4.tgz 10968ms (cache miss)
1431 http fetch GET 200 https://registry.npmjs.org/pac-proxy-agent/-/pac-proxy-agent-7.1.0.tgz 13126ms (cache miss)
1432 timing reifyNode:node_modules/@salesforce/cli/node_modules/pac-proxy-agent Completed in 14669ms
1433 http fetch GET 200 https://registry.npmjs.org/long/-/long-5.3.2.tgz 12611ms (cache miss)
1434 timing reifyNode:node_modules/@salesforce/cli/node_modules/long Completed in 14716ms
1435 http fetch GET 200 https://registry.npmjs.org/joycon/-/joycon-3.1.1.tgz 12318ms (cache miss)
1436 timing reifyNode:node_modules/@salesforce/cli/node_modules/joycon Completed in 14720ms
1437 timing reifyNode:node_modules/@salesforce/cli/node_modules/has-tostringtag Completed in 14716ms
1438 timing reifyNode:node_modules/@salesforce/cli/node_modules/for-each Completed in 14718ms
1439 http fetch GET 200 https://registry.npmjs.org/end-of-stream/-/end-of-stream-1.4.4.tgz 11509ms (cache miss)
1440 timing reifyNode:node_modules/@salesforce/cli/node_modules/end-of-stream Completed in 14740ms
1441 http fetch GET 200 https://registry.npmjs.org/es-define-property/-/es-define-property-1.0.1.tgz 11539ms (cache miss)
1442 timing reifyNode:node_modules/@salesforce/cli/node_modules/es-define-property Completed in 14749ms
1443 http fetch GET 200 https://registry.npmjs.org/csprng/-/csprng-0.1.2.tgz 11371ms (cache miss)
1444 timing reifyNode:node_modules/@salesforce/cli/node_modules/csprng Completed in 14763ms
1445 http fetch GET 200 https://registry.npmjs.org/fs.realpath/-/fs.realpath-1.0.0.tgz 11896ms (cache miss)
1446 timing reifyNode:node_modules/@salesforce/cli/node_modules/fs.realpath Completed in 14876ms
1447 http fetch GET 200 https://registry.npmjs.org/readable-stream/-/readable-stream-3.6.2.tgz 13853ms (cache miss)
1448 timing reifyNode:node_modules/@salesforce/cli/node_modules/readable-stream Completed in 14999ms
1449 http fetch GET 200 https://registry.npmjs.org/dunder-proto/-/dunder-proto-1.0.1.tgz 11718ms (cache miss)
1450 http fetch GET 200 https://registry.npmjs.org/dir-glob/-/dir-glob-3.0.1.tgz 11710ms (cache miss)
1451 timing reifyNode:node_modules/@salesforce/cli/node_modules/dir-glob Completed in 14993ms
1452 http fetch GET 200 https://registry.npmjs.org/config-chain/-/config-chain-1.1.13.tgz 11630ms (cache miss)
1453 timing reifyNode:node_modules/@salesforce/cli/node_modules/config-chain Completed in 15073ms
1454 http fetch GET 200 https://registry.npmjs.org/content-type/-/content-type-1.0.5.tgz 11683ms (cache miss)
1455 timing reifyNode:node_modules/@salesforce/cli/node_modules/content-type Completed in 15159ms
1456 http fetch GET 200 https://registry.npmjs.org/tr46/-/tr46-0.0.3.tgz 14556ms (cache miss)
1457 timing reifyNode:node_modules/@salesforce/cli/node_modules/tr46 Completed in 15320ms
1458 http fetch GET 200 https://registry.npmjs.org/node-fetch/-/node-fetch-2.7.0.tgz 13545ms (cache miss)
1459 timing reifyNode:node_modules/@salesforce/cli/node_modules/node-fetch Completed in 15337ms
1460 http fetch GET 200 https://registry.npmjs.org/immediate/-/immediate-3.0.6.tgz 12726ms (cache miss)
1461 timing reifyNode:node_modules/@salesforce/cli/node_modules/immediate Completed in 15360ms
1462 timing reifyNode:node_modules/@salesforce/cli/node_modules/has-symbols Completed in 15361ms
1463 http fetch GET 200 https://registry.npmjs.org/get-stream/-/get-stream-6.0.1.tgz 12524ms (cache miss)
1464 timing reifyNode:node_modules/@salesforce/cli/node_modules/get-stream Completed in 15362ms
1465 http fetch GET 200 https://registry.npmjs.org/get-east-asian-width/-/get-east-asian-width-1.2.0.tgz 12436ms (cache miss)
1466 timing reifyNode:node_modules/@salesforce/cli/node_modules/get-east-asian-width Completed in 15366ms
1467 http fetch GET 200 https://registry.npmjs.org/es-set-tostringtag/-/es-set-tostringtag-2.1.0.tgz 12190ms (cache miss)
1468 timing reifyNode:node_modules/@salesforce/cli/node_modules/es-set-tostringtag Completed in 15375ms
1469 timing reifyNode:node_modules/@salesforce/cli/node_modules/es-object-atoms Completed in 15383ms
1470 timing reifyNode:node_modules/@salesforce/cli/node_modules/dunder-proto Completed in 15384ms
1471 http fetch GET 200 https://registry.npmjs.org/default-browser-id/-/default-browser-id-5.0.0.tgz 12043ms (cache miss)
1472 timing reifyNode:node_modules/@salesforce/cli/node_modules/default-browser-id Completed in 15386ms
1473 http fetch GET 200 https://registry.npmjs.org/default-browser/-/default-browser-5.2.1.tgz 12068ms (cache miss)
1474 timing reifyNode:node_modules/@salesforce/cli/node_modules/default-browser Completed in 15417ms
1475 http fetch GET 200 https://registry.npmjs.org/diff3/-/diff3-0.0.3.tgz 12141ms (cache miss)
1476 timing reifyNode:node_modules/@salesforce/cli/node_modules/diff3 Completed in 15427ms
1477 http fetch GET 200 https://registry.npmjs.org/diagnostic-channel-publishers/-/diagnostic-channel-publishers-1.0.8.tgz 12145ms (cache miss)
1478 http fetch GET 200 https://registry.npmjs.org/degenerator/-/degenerator-5.0.1.tgz 12140ms (cache miss)
1479 http fetch GET 200 https://registry.npmjs.org/defer-to-connect/-/defer-to-connect-2.0.1.tgz 12132ms (cache miss)
1480 timing reifyNode:node_modules/@salesforce/cli/node_modules/defer-to-connect Completed in 15470ms
1481 http fetch GET 200 https://registry.npmjs.org/cli-truncate/-/cli-truncate-4.0.0.tgz 11998ms (cache miss)
1482 timing reifyNode:node_modules/@salesforce/cli/node_modules/cli-truncate Completed in 15513ms
1483 http fetch GET 200 https://registry.npmjs.org/cli-table3/-/cli-table3-0.6.4.tgz 12000ms (cache miss)
1484 http fetch GET 200 https://registry.npmjs.org/color-name/-/color-name-1.1.4.tgz 12097ms (cache miss)
1485 timing reifyNode:node_modules/@salesforce/cli/node_modules/color-name Completed in 15558ms
1486 http fetch GET 200 https://registry.npmjs.org/color-convert/-/color-convert-2.0.1.tgz 12095ms (cache miss)
1487 timing reifyNode:node_modules/@salesforce/cli/node_modules/color-convert Completed in 15574ms
1488 http fetch GET 200 https://registry.npmjs.org/is-core-module/-/is-core-module-2.13.1.tgz 13206ms (cache miss)
1489 timing reifyNode:node_modules/@salesforce/cli/node_modules/is-core-module Completed in 15750ms
1490 http fetch GET 200 https://registry.npmjs.org/graceful-fs/-/graceful-fs-4.2.11.tgz 12963ms (cache miss)
1491 timing reifyNode:node_modules/@salesforce/cli/node_modules/graceful-fs Completed in 15791ms
1492 http fetch GET 200 https://registry.npmjs.org/define-lazy-prop/-/define-lazy-prop-3.0.0.tgz 12551ms (cache miss)
1493 timing reifyNode:node_modules/@salesforce/cli/node_modules/define-lazy-prop Completed in 15864ms
1494 timing reifyNode:node_modules/@salesforce/cli/node_modules/define-data-property Completed in 15863ms
1495 http fetch GET 200 https://registry.npmjs.org/convert-to-spaces/-/convert-to-spaces-2.0.1.tgz 12442ms (cache miss)
1496 timing reifyNode:node_modules/@salesforce/cli/node_modules/convert-to-spaces Completed in 15861ms
1497 http fetch GET 200 https://registry.npmjs.org/cli-cursor/-/cli-cursor-4.0.0.tgz 12492ms (cache miss)
1498 timing reifyNode:node_modules/@salesforce/cli/node_modules/cli-cursor Completed in 16037ms
1499 http fetch GET 200 https://registry.npmjs.org/cli-boxes/-/cli-boxes-3.0.0.tgz 12502ms (cache miss)
1500 timing reifyNode:node_modules/@salesforce/cli/node_modules/cli-boxes Completed in 16064ms
1501 http fetch GET 200 https://registry.npmjs.org/clean-git-ref/-/clean-git-ref-2.0.1.tgz 12522ms (cache miss)
1502 timing reifyNode:node_modules/@salesforce/cli/node_modules/clean-git-ref Completed in 16086ms
1503 http fetch GET 200 https://registry.npmjs.org/websocket-driver/-/websocket-driver-0.7.4.tgz 15667ms (cache miss)
1504 timing reifyNode:node_modules/@salesforce/cli/node_modules/websocket-driver Completed in 16277ms
1505 timing reifyNode:node_modules/@salesforce/cli/node_modules/tar-fs Completed in 16270ms
1506 http fetch GET 200 https://registry.npmjs.org/jsbn/-/jsbn-1.1.0.tgz 13935ms (cache miss)
1507 timing reifyNode:node_modules/@salesforce/cli/node_modules/jsbn Completed in 16274ms
1508 http fetch GET 200 https://registry.npmjs.org/ignore/-/ignore-5.3.2.tgz 13662ms (cache miss)
1509 timing reifyNode:node_modules/@salesforce/cli/node_modules/ignore Completed in 16302ms
1510 http fetch GET 200 https://registry.npmjs.org/glob-parent/-/glob-parent-5.1.2.tgz 13476ms (cache miss)
1511 timing reifyNode:node_modules/@salesforce/cli/node_modules/glob-parent Completed in 16308ms
1512 timing reifyNode:node_modules/@salesforce/cli/node_modules/fastq Completed in 16323ms
1513 http fetch GET 200 https://registry.npmjs.org/error-ex/-/error-ex-1.3.2.tgz 13133ms (cache miss)
1514 timing reifyNode:node_modules/@salesforce/cli/node_modules/error-ex Completed in 16345ms
1515 http fetch GET 200 https://registry.npmjs.org/emitter-listener/-/emitter-listener-1.1.2.tgz 13106ms (cache miss)
1516 timing reifyNode:node_modules/@salesforce/cli/node_modules/emitter-listener Completed in 16347ms
1517 timing reifyNode:node_modules/@salesforce/cli/node_modules/dot-case Completed in 16351ms
1518 http fetch GET 200 https://registry.npmjs.org/debug/-/debug-4.4.3.tgz 13103ms (cache miss)
1519 timing reifyNode:node_modules/@salesforce/cli/node_modules/debug Completed in 16512ms
1520 http fetch GET 200 https://registry.npmjs.org/constant-case/-/constant-case-3.0.4.tgz 13115ms (cache miss)
1521 http fetch GET 200 https://registry.npmjs.org/concat-map/-/concat-map-0.0.1.tgz 13099ms (cache miss)
1522 timing reifyNode:node_modules/@salesforce/cli/node_modules/concat-map Completed in 16548ms
1523 http fetch GET 200 https://registry.npmjs.org/combined-stream/-/combined-stream-1.0.8.tgz 13098ms (cache miss)
1524 timing reifyNode:node_modules/@salesforce/cli/node_modules/combined-stream Completed in 16550ms
1525 http fetch GET 200 https://registry.npmjs.org/core-util-is/-/core-util-is-1.0.3.tgz 13150ms (cache miss)
1526 timing reifyNode:node_modules/@salesforce/cli/node_modules/core-util-is Completed in 16554ms
1527 timing reifyNode:node_modules/@salesforce/cli/node_modules/cli-table3 Completed in 16550ms
1528 http fetch GET 200 https://registry.npmjs.org/call-bound/-/call-bound-1.0.4.tgz 12943ms (cache miss)
1529 timing reifyNode:node_modules/@salesforce/cli/node_modules/call-bound Completed in 16553ms
1530 http fetch GET 200 https://registry.npmjs.org/call-bind/-/call-bind-1.0.8.tgz 12930ms (cache miss)
1531 http fetch GET 200 https://registry.npmjs.org/node-emoji/-/node-emoji-1.11.0.tgz 14918ms (cache miss)
1532 timing reifyNode:node_modules/@salesforce/cli/node_modules/node-emoji Completed in 16673ms
1533 http fetch GET 200 https://registry.npmjs.org/lower-case/-/lower-case-2.0.2.tgz 14613ms (cache miss)
1534 timing reifyNode:node_modules/@salesforce/cli/node_modules/lower-case Completed in 16679ms
1535 http fetch GET 200 https://registry.npmjs.org/data-uri-to-buffer/-/data-uri-to-buffer-6.0.2.tgz 13289ms (cache miss)
1536 http fetch GET 200 https://registry.npmjs.org/colorette/-/colorette-2.0.20.tgz 13556ms (cache miss)
1537 timing reifyNode:node_modules/@salesforce/cli/node_modules/colorette Completed in 17013ms
1538 http fetch GET 200 https://registry.npmjs.org/code-excerpt/-/code-excerpt-4.0.0.tgz 13537ms (cache miss)
1539 timing reifyNode:node_modules/@salesforce/cli/node_modules/code-excerpt Completed in 17020ms
1540 http fetch GET 200 https://registry.npmjs.org/cli-width/-/cli-width-4.1.0.tgz 13512ms (cache miss)
1541 timing reifyNode:node_modules/@salesforce/cli/node_modules/cli-width Completed in 17025ms
1542 http fetch GET 200 https://registry.npmjs.org/cacheable-lookup/-/cacheable-lookup-7.0.0.tgz 13397ms (cache miss)
1543 timing reifyNode:node_modules/@salesforce/cli/node_modules/cacheable-lookup Completed in 17031ms
1544 http fetch GET 200 https://registry.npmjs.org/bundle-name/-/bundle-name-4.1.0.tgz 13409ms (cache miss)
1545 timing reifyNode:node_modules/@salesforce/cli/node_modules/bundle-name Completed in 17113ms
1546 http fetch GET 200 https://registry.npmjs.org/mime-db/-/mime-db-1.52.0.tgz 15329ms (cache miss)
1547 timing reifyNode:node_modules/@salesforce/cli/node_modules/mime-db Completed in 17293ms
1548 http fetch GET 200 https://registry.npmjs.org/clone-response/-/clone-response-1.0.3.tgz 13846ms (cache miss)
1549 timing reifyNode:node_modules/@salesforce/cli/node_modules/clone-response Completed in 17359ms
1550 http fetch GET 200 https://registry.npmjs.org/clean-stack/-/clean-stack-3.0.1.tgz 13811ms (cache miss)
1551 timing reifyNode:node_modules/@salesforce/cli/node_modules/clean-stack Completed in 17365ms
1552 http fetch GET 200 https://registry.npmjs.org/base64url/-/base64url-3.0.1.tgz 13717ms (cache miss)
1553 timing reifyNode:node_modules/@salesforce/cli/node_modules/base64url Completed in 17401ms
1554 http fetch GET 200 https://registry.npmjs.org/base64-js/-/base64-js-1.5.1.tgz 13721ms (cache miss)
1555 timing reifyNode:node_modules/@salesforce/cli/node_modules/base64-js Completed in 17404ms
1556 http fetch GET 200 https://registry.npmjs.org/balanced-match/-/balanced-match-1.0.2.tgz 13732ms (cache miss)
1557 timing reifyNode:node_modules/@salesforce/cli/node_modules/balanced-match Completed in 17419ms
1558 http fetch GET 200 https://registry.npmjs.org/brace-expansion/-/brace-expansion-2.0.1.tgz 13799ms (cache miss)
1559 timing reifyNode:node_modules/@salesforce/cli/node_modules/brace-expansion Completed in 17458ms
1560 http fetch GET 200 https://registry.npmjs.org/auto-bind/-/auto-bind-5.0.1.tgz 13859ms (cache miss)
1561 timing reifyNode:node_modules/@salesforce/cli/node_modules/auto-bind Completed in 17563ms
1562 http fetch GET 200 https://registry.npmjs.org/natural-orderby/-/natural-orderby-3.0.2.tgz 15848ms (cache miss)
1563 timing reifyNode:node_modules/@salesforce/cli/node_modules/natural-orderby Completed in 17640ms
1564 http fetch GET 200 https://registry.npmjs.org/crc-32/-/crc-32-1.2.2.tgz 14226ms (cache miss)
1565 timing reifyNode:node_modules/@salesforce/cli/node_modules/crc-32 Completed in 17627ms
1566 timing reifyNode:node_modules/@salesforce/cli/node_modules/constant-case Completed in 17748ms
1567 http fetch GET 200 https://registry.npmjs.org/cardinal/-/cardinal-2.1.1.tgz 14153ms (cache miss)
1568 http fetch GET 200 https://registry.npmjs.org/capital-case/-/capital-case-1.0.4.tgz 14153ms (cache miss)
1569 http fetch GET 200 https://registry.npmjs.org/camel-case/-/camel-case-4.1.2.tgz 14154ms (cache miss)
1570 http fetch GET 200 https://registry.npmjs.org/call-bind-apply-helpers/-/call-bind-apply-helpers-1.0.2.tgz 14207ms (cache miss)
1571 timing reifyNode:node_modules/@salesforce/cli/node_modules/call-bind Completed in 17820ms
1572 http fetch GET 200 https://registry.npmjs.org/array-union/-/array-union-2.1.0.tgz 14063ms (cache miss)
1573 timing reifyNode:node_modules/@salesforce/cli/node_modules/array-union Completed in 17830ms
1574 http fetch GET 200 https://registry.npmjs.org/ansicolors/-/ansicolors-0.3.2.tgz 14054ms (cache miss)
1575 timing reifyNode:node_modules/@salesforce/cli/node_modules/ansicolors Completed in 17833ms
1576 http fetch GET 200 https://registry.npmjs.org/ansi-styles/-/ansi-styles-6.2.1.tgz 14043ms (cache miss)
1577 timing reifyNode:node_modules/@salesforce/cli/node_modules/ansi-styles Completed in 17841ms
1578 http fetch GET 200 https://registry.npmjs.org/ansi-regex/-/ansi-regex-5.0.1.tgz 14072ms (cache miss)
1579 timing reifyNode:node_modules/@salesforce/cli/node_modules/ansi-regex Completed in 17874ms
1580 timing reifyNode:node_modules/@salesforce/cli/node_modules/data-uri-to-buffer Completed in 18015ms
1581 timing reifyNode:node_modules/@salesforce/cli/node_modules/capital-case Completed in 18180ms
1582 http fetch GET 200 https://registry.npmjs.org/buffer-equal-constant-time/-/buffer-equal-constant-time-1.0.1.tgz 14558ms (cache miss)
1583 timing reifyNode:node_modules/@salesforce/cli/node_modules/buffer-equal-constant-time Completed in 18210ms
1584 http fetch GET 200 https://registry.npmjs.org/@types/shimmer/-/shimmer-1.0.5.tgz 14263ms (cache miss)
1585 timing reifyNode:node_modules/@salesforce/cli/node_modules/@types/shimmer Completed in 18249ms
1586 http fetch GET 200 https://registry.npmjs.org/@types/prop-types/-/prop-types-15.7.13.tgz 14267ms (cache miss)
1587 timing reifyNode:node_modules/@salesforce/cli/node_modules/@types/prop-types Completed in 18252ms
1588 http fetch GET 200 https://registry.npmjs.org/jsonwebtoken/-/jsonwebtoken-9.0.3.tgz 16135ms (cache miss)
1589 timing reifyNode:node_modules/@salesforce/cli/node_modules/jsonwebtoken Completed in 18423ms
1590 timing reifyNode:node_modules/@salesforce/cli/node_modules/degenerator Completed in 18424ms
1591 http fetch GET 200 https://registry.npmjs.org/atomic-sleep/-/atomic-sleep-1.0.0.tgz 14805ms (cache miss)
1592 timing reifyNode:node_modules/@salesforce/cli/node_modules/atomic-sleep Completed in 18513ms
1593 http fetch GET 200 https://registry.npmjs.org/asynckit/-/asynckit-0.4.0.tgz 14808ms (cache miss)
1594 http fetch GET 200 https://registry.npmjs.org/@types/responselike/-/responselike-1.0.3.tgz 14562ms (cache miss)
1595 timing reifyNode:node_modules/@salesforce/cli/node_modules/@types/responselike Completed in 18535ms
1596 http fetch GET 200 https://registry.npmjs.org/@types/istanbul-lib-coverage/-/istanbul-lib-coverage-2.0.6.tgz 14507ms (cache miss)
1597 timing reifyNode:node_modules/@salesforce/cli/node_modules/@types/istanbul-lib-coverage Completed in 18540ms
1598 http fetch GET 200 https://registry.npmjs.org/yoga-wasm-web/-/yoga-wasm-web-0.3.3.tgz 17610ms (cache miss)
1599 timing reifyNode:node_modules/@salesforce/cli/node_modules/yoga-wasm-web Completed in 18677ms
1600 http fetch GET 200 https://registry.npmjs.org/pino-std-serializers/-/pino-std-serializers-7.0.0.tgz 17371ms (cache miss)
1601 timing reifyNode:node_modules/@salesforce/cli/node_modules/pino-std-serializers Completed in 18643ms
1602 http fetch GET 200 https://registry.npmjs.org/js2xmlparser/-/js2xmlparser-4.0.2.tgz 16268ms (cache miss)
1603 timing reifyNode:node_modules/@salesforce/cli/node_modules/js2xmlparser Completed in 18632ms
1604 http fetch GET 200 https://registry.npmjs.org/filesize/-/filesize-6.4.0.tgz 15598ms (cache miss)
1605 timing reifyNode:node_modules/@salesforce/cli/node_modules/filesize Completed in 18628ms
1606 timing reifyNode:node_modules/@salesforce/cli/node_modules/es-errors Completed in 18628ms
1607 timing reifyNode:node_modules/@salesforce/cli/node_modules/camel-case Completed in 18674ms
1608 http fetch GET 200 https://registry.npmjs.org/ansis/-/ansis-3.17.0.tgz 14914ms (cache miss)
1609 timing reifyNode:node_modules/@salesforce/cli/node_modules/ansis Completed in 18689ms
1610 http fetch GET 200 https://registry.npmjs.org/undici-types/-/undici-types-5.26.5.tgz 18061ms (cache miss)
1611 timing reifyNode:node_modules/@salesforce/cli/node_modules/undici-types Completed in 18808ms
1612 timing reifyNode:node_modules/@salesforce/cli/node_modules/math-intrinsics Completed in 18771ms
1613 http fetch GET 200 https://registry.npmjs.org/get-intrinsic/-/get-intrinsic-1.3.0.tgz 15781ms (cache miss)
1614 timing reifyNode:node_modules/@salesforce/cli/node_modules/get-intrinsic Completed in 18754ms
1615 http fetch GET 200 https://registry.npmjs.org/cli-spinners/-/cli-spinners-2.9.2.tgz 15282ms (cache miss)
1616 timing reifyNode:node_modules/@salesforce/cli/node_modules/cli-spinners Completed in 18806ms
1617 http fetch GET 200 https://registry.npmjs.org/@types/mute-stream/-/mute-stream-0.0.4.tgz 14812ms (cache miss)
1618 timing reifyNode:node_modules/@salesforce/cli/node_modules/@types/mute-stream Completed in 18808ms
1619 http fetch GET 200 https://registry.npmjs.org/@types/keyv/-/keyv-3.1.4.tgz 14811ms (cache miss)
1620 timing reifyNode:node_modules/@salesforce/cli/node_modules/@types/keyv Completed in 18812ms
1621 http fetch GET 200 https://registry.npmjs.org/acorn-import-assertions/-/acorn-import-assertions-1.9.0.tgz 14978ms (cache miss)
1622 timing reifyNode:node_modules/@salesforce/cli/node_modules/acorn-import-assertions Completed in 18820ms
1623 http fetch GET 200 https://registry.npmjs.org/ansi-escapes/-/ansi-escapes-4.3.2.tgz 15018ms (cache miss)
1624 timing reifyNode:node_modules/@salesforce/cli/node_modules/ansi-escapes Completed in 18824ms
1625 http fetch GET 200 https://registry.npmjs.org/@types/wrap-ansi/-/wrap-ansi-3.0.0.tgz 14921ms (cache miss)
1626 timing reifyNode:node_modules/@salesforce/cli/node_modules/@types/wrap-ansi Completed in 18850ms
1627 http fetch GET 200 https://registry.npmjs.org/form-data/-/form-data-4.0.5.tgz 15915ms (cache miss)
1628 timing reifyNode:node_modules/@salesforce/cli/node_modules/form-data Completed in 18921ms
1629 http fetch GET 200 https://registry.npmjs.org/escodegen/-/escodegen-2.1.0.tgz 15751ms (cache miss)
1630 timing reifyNode:node_modules/@salesforce/cli/node_modules/escodegen Completed in 18922ms
1631 http fetch GET 200 https://registry.npmjs.org/cross-spawn/-/cross-spawn-7.0.6.tgz 15520ms (cache miss)
1632 timing reifyNode:node_modules/@salesforce/cli/node_modules/cross-spawn Completed in 18916ms
1633 http fetch GET 200 https://registry.npmjs.org/agent-base/-/agent-base-7.1.3.tgz 15137ms (cache miss)
1634 http fetch GET 200 https://registry.npmjs.org/@types/http-cache-semantics/-/http-cache-semantics-4.0.4.tgz 14927ms (cache miss)
1635 timing reifyNode:node_modules/@salesforce/cli/node_modules/@types/http-cache-semantics Completed in 18965ms
1636 http fetch GET 200 https://registry.npmjs.org/@types/cacheable-request/-/cacheable-request-6.0.3.tgz 14940ms (cache miss)
1637 timing reifyNode:node_modules/@salesforce/cli/node_modules/@types/cacheable-request Completed in 18982ms
1638 http fetch GET 200 https://registry.npmjs.org/@szmarczak/http-timer/-/http-timer-5.0.1.tgz 14932ms (cache miss)
1639 timing reifyNode:node_modules/@salesforce/cli/node_modules/@szmarczak/http-timer Completed in 18986ms
1640 http fetch GET 200 https://registry.npmjs.org/@types/istanbul-reports/-/istanbul-reports-3.0.4.tgz 14995ms (cache miss)
1641 timing reifyNode:node_modules/@salesforce/cli/node_modules/@types/istanbul-reports Completed in 19001ms
1642 http fetch GET 200 https://registry.npmjs.org/gopd/-/gopd-1.2.0.tgz 16218ms (cache miss)
1643 timing reifyNode:node_modules/@salesforce/cli/node_modules/gopd Completed in 19045ms
1644 http fetch GET 200 https://registry.npmjs.org/emoji-regex/-/emoji-regex-8.0.0.tgz 15805ms (cache miss)
1645 timing reifyNode:node_modules/@salesforce/cli/node_modules/emoji-regex Completed in 19043ms
1646 http fetch GET 200 https://registry.npmjs.org/@protobufjs/path/-/path-1.1.2.tgz 14771ms (cache miss)
1647 timing reifyNode:node_modules/@salesforce/cli/node_modules/@protobufjs/path Completed in 19100ms
1648 http fetch GET 200 https://registry.npmjs.org/@protobufjs/pool/-/pool-1.1.0.tgz 14813ms (cache miss)
1649 timing reifyNode:node_modules/@salesforce/cli/node_modules/@protobufjs/pool Completed in 19104ms
1650 http fetch GET 200 https://registry.npmjs.org/redeyed/-/redeyed-2.1.1.tgz 18104ms (cache miss)
1651 timing reifyNode:node_modules/@salesforce/cli/node_modules/redeyed Completed in 19241ms
1652 timing reifyNode:node_modules/@salesforce/cli/node_modules/hpagent Completed in 19205ms
1653 timing reifyNode:node_modules/@salesforce/cli/node_modules/asynckit Completed in 19207ms
1654 http fetch GET 200 https://registry.npmjs.org/@protobufjs/aspromise/-/aspromise-1.1.2.tgz 14858ms (cache miss)
1655 timing reifyNode:node_modules/@salesforce/cli/node_modules/@protobufjs/aspromise Completed in 19189ms
1656 http fetch GET 200 https://registry.npmjs.org/@pnpm/network.ca-file/-/network.ca-file-1.0.2.tgz 14855ms (cache miss)
1657 http fetch GET 200 https://registry.npmjs.org/@protobufjs/inquire/-/inquire-1.1.0.tgz 14914ms (cache miss)
1658 timing reifyNode:node_modules/@salesforce/cli/node_modules/@protobufjs/inquire Completed in 19213ms
1659 http fetch GET 200 https://registry.npmjs.org/@protobufjs/eventemitter/-/eventemitter-1.1.0.tgz 14895ms (cache miss)
1660 timing reifyNode:node_modules/@salesforce/cli/node_modules/@protobufjs/eventemitter Completed in 19216ms
1661 http fetch GET 200 https://registry.npmjs.org/react/-/react-18.3.1.tgz 18159ms (cache miss)
1662 timing reifyNode:node_modules/@salesforce/cli/node_modules/react Completed in 19320ms
1663 http fetch GET 200 https://registry.npmjs.org/psl/-/psl-1.9.0.tgz 18106ms (cache miss)
1664 timing reifyNode:node_modules/@salesforce/cli/node_modules/psl Completed in 19322ms
1665 http fetch GET 200 https://registry.npmjs.org/process-warning/-/process-warning-5.0.0.tgz 18084ms (cache miss)
1666 timing reifyNode:node_modules/@salesforce/cli/node_modules/process-warning Completed in 19337ms
1667 timing reifyNode:node_modules/@salesforce/cli/node_modules/help-me Completed in 19305ms
1668 timing reifyNode:node_modules/@salesforce/cli/node_modules/agent-base Completed in 19300ms
1669 http fetch GET 200 https://registry.npmjs.org/@oclif/plugin-which/-/plugin-which-3.2.43.tgz 14874ms (cache miss)
1670 timing reifyNode:node_modules/@salesforce/cli/node_modules/@oclif/plugin-which Completed in 19283ms
1671 http fetch GET 200 https://registry.npmjs.org/@oclif/plugin-version/-/plugin-version-2.2.36.tgz 14870ms (cache miss)
1672 timing reifyNode:node_modules/@salesforce/cli/node_modules/@oclif/plugin-version Completed in 19299ms
1673 http fetch GET 200 https://registry.npmjs.org/@types/istanbul-lib-report/-/istanbul-lib-report-3.0.3.tgz 15304ms (cache miss)
1674 timing reifyNode:node_modules/@salesforce/cli/node_modules/@types/istanbul-lib-report Completed in 19330ms
1675 timing reifyNode:node_modules/@salesforce/cli/node_modules/graphology-utils Completed in 19372ms
1676 http fetch GET 200 https://registry.npmjs.org/change-case/-/change-case-5.4.4.tgz 15806ms (cache miss)
1677 timing reifyNode:node_modules/@salesforce/cli/node_modules/change-case Completed in 19388ms
1678 timing reifyNode:node_modules/@salesforce/cli/node_modules/call-bind-apply-helpers Completed in 19388ms
1679 http fetch GET 200 https://registry.npmjs.org/@oclif/plugin-help/-/plugin-help-6.2.37.tgz 14918ms (cache miss)
1680 timing reifyNode:node_modules/@salesforce/cli/node_modules/@oclif/plugin-help Completed in 19376ms
1681 http fetch GET 200 https://registry.npmjs.org/@nodelib/fs.stat/-/fs.stat-2.0.5.tgz 14896ms (cache miss)
1682 http fetch GET 200 https://registry.npmjs.org/@oclif/plugin-update/-/plugin-update-4.7.19.tgz 14970ms (cache miss)
1683 http fetch GET 200 https://registry.npmjs.org/@oclif/plugin-commands/-/plugin-commands-4.1.40.tgz 14945ms (cache miss)
1684 timing reifyNode:node_modules/@salesforce/cli/node_modules/@oclif/plugin-commands Completed in 19388ms
1685 http fetch GET 200 https://registry.npmjs.org/@oclif/plugin-not-found/-/plugin-not-found-3.2.74.tgz 14953ms (cache miss)
1686 timing reifyNode:node_modules/@salesforce/cli/node_modules/@oclif/plugin-not-found Completed in 19393ms
1687 http fetch GET 200 https://registry.npmjs.org/nock/-/nock-13.5.6.tgz 17742ms (cache miss)
1688 timing reifyNode:node_modules/@salesforce/cli/node_modules/nock Completed in 19503ms
1689 http fetch GET 200 https://registry.npmjs.org/async-lock/-/async-lock-1.4.1.tgz 15786ms (cache miss)
1690 timing reifyNode:node_modules/@salesforce/cli/node_modules/async-lock Completed in 19504ms
1691 http fetch GET 200 https://registry.npmjs.org/@protobufjs/utf8/-/utf8-1.1.0.tgz 15210ms (cache miss)
1692 timing reifyNode:node_modules/@salesforce/cli/node_modules/@protobufjs/utf8 Completed in 19486ms
1693 http fetch GET 200 https://registry.npmjs.org/chalk/-/chalk-4.1.2.tgz 15934ms (cache miss)
1694 timing reifyNode:node_modules/@salesforce/cli/node_modules/chalk Completed in 19519ms
1695 http fetch GET 200 https://registry.npmjs.org/@protobufjs/base64/-/base64-1.1.2.tgz 15165ms (cache miss)
1696 timing reifyNode:node_modules/@salesforce/cli/node_modules/@protobufjs/base64 Completed in 19493ms
1697 http fetch GET 200 https://registry.npmjs.org/@protobufjs/float/-/float-1.0.2.tgz 15195ms (cache miss)
1698 timing reifyNode:node_modules/@salesforce/cli/node_modules/@protobufjs/float Completed in 19497ms
1699 http fetch GET 200 https://registry.npmjs.org/@protobufjs/fetch/-/fetch-1.1.0.tgz 15197ms (cache miss)
1700 timing reifyNode:node_modules/@salesforce/cli/node_modules/@protobufjs/fetch Completed in 19503ms
1701 http fetch GET 200 https://registry.npmjs.org/@protobufjs/codegen/-/codegen-2.0.4.tgz 15196ms (cache miss)
1702 timing reifyNode:node_modules/@salesforce/cli/node_modules/@protobufjs/codegen Completed in 19521ms
1703 http fetch GET 200 https://registry.npmjs.org/@jsonjoy.com/json-pointer/-/json-pointer-1.0.1.tgz 15003ms (cache miss)
1704 http fetch GET 200 https://registry.npmjs.org/@jsonjoy.com/codegen/-/codegen-1.0.0.tgz 15002ms (cache miss)
1705 http fetch GET 200 https://registry.npmjs.org/@isaacs/cliui/-/cliui-8.0.2.tgz 14985ms (cache miss)
1706 timing reifyNode:node_modules/@salesforce/cli/node_modules/@isaacs/cliui Completed in 19531ms
1707 http fetch GET 200 https://registry.npmjs.org/@inquirer/prompts/-/prompts-7.10.1.tgz 14949ms (cache miss)
1708 http fetch GET 200 https://registry.npmjs.org/@inquirer/type/-/type-3.0.10.tgz 15027ms (cache miss)
1709 http fetch GET 200 https://registry.npmjs.org/@oclif/plugin-warn-if-update-available/-/plugin-warn-if-update-available-3.1.55.tgz 15200ms (cache miss)
1710 http fetch GET 200 https://registry.npmjs.org/@oclif/plugin-search/-/plugin-search-1.2.38.tgz 15182ms (cache miss)
1711 timing reifyNode:node_modules/@salesforce/cli/node_modules/@oclif/plugin-search Completed in 19615ms
1712 timing reifyNode:node_modules/@salesforce/cli/node_modules/obliterator Completed in 19712ms
1713 http fetch GET 200 https://registry.npmjs.org/minimist/-/minimist-1.2.8.tgz 17783ms (cache miss)
1714 timing reifyNode:node_modules/@salesforce/cli/node_modules/minimist Completed in 19712ms
1715 timing reifyNode:node_modules/@salesforce/cli/node_modules/isexe Completed in 19697ms
1716 http fetch GET 200 https://registry.npmjs.org/@inquirer/expand/-/expand-4.0.23.tgz 15079ms (cache miss)
1717 http fetch GET 200 https://registry.npmjs.org/@inquirer/confirm/-/confirm-3.2.0.tgz 15085ms (cache miss)
1718 http fetch GET 200 https://registry.npmjs.org/braces/-/braces-3.0.3.tgz 16125ms (cache miss)
1719 timing reifyNode:node_modules/@salesforce/cli/node_modules/braces Completed in 19780ms
1720 timing reifyNode:node_modules/@salesforce/cli/node_modules/@oclif/plugin-warn-if-update-available Completed in 19776ms
1721 http fetch GET 200 https://registry.npmjs.org/@nodelib/fs.scandir/-/fs.scandir-2.1.5.tgz 15296ms (cache miss)
1722 http fetch GET 200 https://registry.npmjs.org/ejs/-/ejs-3.1.10.tgz 16662ms (cache miss)
1723 timing reifyNode:node_modules/@salesforce/cli/node_modules/ejs Completed in 19918ms
1724 http fetch GET 200 https://registry.npmjs.org/@inquirer/ansi/-/ansi-1.0.2.tgz 15443ms (cache miss)
1725 http fetch GET 200 https://registry.npmjs.org/@inquirer/checkbox/-/checkbox-2.5.0.tgz 15456ms (cache miss)
1726 http fetch GET 200 https://registry.npmjs.org/asap/-/asap-2.0.6.tgz 16427ms (cache miss)
1727 timing reifyNode:node_modules/@salesforce/cli/node_modules/asap Completed in 20178ms
1728 timing reifyNode:node_modules/@salesforce/cli/node_modules/get-uri Completed in 20280ms
1729 timing reifyNode:node_modules/@salesforce/cli/node_modules/diagnostic-channel-publishers Completed in 20288ms
1730 timing reifyNode:node_modules/@salesforce/cli/node_modules/@inquirer/prompts Completed in 20317ms
1731 timing reifyNode:node_modules/@salesforce/cli/node_modules/@inquirer/ansi Completed in 20306ms
1732 http fetch GET 200 https://registry.npmjs.org/ansi-escapes/-/ansi-escapes-5.0.0.tgz 15463ms (cache miss)
1733 timing reifyNode:node_modules/@salesforce/cli/node_modules/terminal-link/node_modules/ansi-escapes Completed in 20465ms
1734 http fetch GET 200 https://registry.npmjs.org/sax/-/sax-1.3.0.tgz 15565ms (cache miss)
1735 timing reifyNode:node_modules/@salesforce/cli/node_modules/xml2js/node_modules/sax Completed in 20484ms
1736 http fetch GET 200 https://registry.npmjs.org/ansi-styles/-/ansi-styles-4.3.0.tgz 15525ms (cache miss)
1737 timing reifyNode:node_modules/@salesforce/cli/node_modules/wrap-ansi/node_modules/ansi-styles Completed in 20491ms
1738 http fetch GET 200 https://registry.npmjs.org/xmlbuilder/-/xmlbuilder-11.0.1.tgz 20020ms (cache miss)
1739 timing reifyNode:node_modules/@salesforce/cli/node_modules/xmlbuilder Completed in 20559ms
1740 http fetch GET 200 https://registry.npmjs.org/minipass/-/minipass-7.1.2.tgz 18647ms (cache miss)
1741 timing reifyNode:node_modules/@salesforce/cli/node_modules/minipass Completed in 20539ms
1742 http fetch GET 200 https://registry.npmjs.org/@inquirer/number/-/number-3.0.23.tgz 16003ms (cache miss)
1743 timing reifyNode:node_modules/@salesforce/cli/node_modules/@inquirer/number Completed in 20603ms
1744 timing reifyNode:node_modules/@salesforce/cli/node_modules/@inquirer/expand Completed in 20598ms
1745 http fetch GET 200 https://registry.npmjs.org/@inquirer/password/-/password-2.2.0.tgz 16013ms (cache miss)
1746 http fetch GET 200 https://registry.npmjs.org/minimatch/-/minimatch-3.1.2.tgz 15736ms (cache miss)
1747 timing reifyNode:node_modules/@salesforce/cli/node_modules/shelljs/node_modules/minimatch Completed in 20761ms
1748 http fetch GET 200 https://registry.npmjs.org/split2/-/split2-4.2.0.tgz 15692ms (cache miss)
1749 timing reifyNode:node_modules/@salesforce/cli/node_modules/pino-abstract-transport/node_modules/split2 Completed in 20751ms
1750 http fetch GET 200 https://registry.npmjs.org/cls-hooked/-/cls-hooked-4.2.2.tgz 17219ms (cache miss)
1751 timing reifyNode:node_modules/@salesforce/cli/node_modules/cls-hooked Completed in 20707ms
1752 http fetch GET 200 https://registry.npmjs.org/@inquirer/figures/-/figures-1.0.15.tgz 16060ms (cache miss)
1753 http fetch GET 200 https://registry.npmjs.org/cjs-module-lexer/-/cjs-module-lexer-1.2.3.tgz 17160ms (cache miss)
1754 timing reifyNode:node_modules/@salesforce/cli/node_modules/cjs-module-lexer Completed in 20730ms
1755 http fetch GET 200 https://registry.npmjs.org/available-typed-arrays/-/available-typed-arrays-1.0.7.tgz 17055ms (cache miss)
1756 timing reifyNode:node_modules/@salesforce/cli/node_modules/available-typed-arrays Completed in 20746ms
1757 http fetch GET 200 https://registry.npmjs.org/@sindresorhus/is/-/is-4.6.0.tgz 16676ms (cache miss)
1758 timing reifyNode:node_modules/@salesforce/cli/node_modules/@sindresorhus/is Completed in 20749ms
1759 timing reifyNode:node_modules/@salesforce/cli/node_modules/@oclif/plugin-update Completed in 20767ms
1760 http fetch GET 200 https://registry.npmjs.org/xmlcreate/-/xmlcreate-2.0.4.tgz 20409ms (cache miss)
1761 timing reifyNode:node_modules/@salesforce/cli/node_modules/xmlcreate Completed in 20953ms
1762 timing reifyNode:node_modules/@salesforce/cli/node_modules/@inquirer/figures Completed in 20857ms
1763 http fetch GET 200 https://registry.npmjs.org/make-dir/-/make-dir-4.0.0.tgz 16026ms (cache miss)
1764 timing reifyNode:node_modules/@salesforce/cli/node_modules/istanbul-lib-report/node_modules/make-dir Completed in 21103ms
1765 http fetch GET 200 https://registry.npmjs.org/figures/-/figures-5.0.0.tgz 16010ms (cache miss)
1766 timing reifyNode:node_modules/@salesforce/cli/node_modules/inquirer-autocomplete-standalone/node_modules/figures Completed in 21115ms
1767 http fetch GET 200 https://registry.npmjs.org/escape-string-regexp/-/escape-string-regexp-5.0.0.tgz 15998ms (cache miss)
1768 timing reifyNode:node_modules/@salesforce/cli/node_modules/inquirer-autocomplete-standalone/node_modules/escape-string-regexp Completed in 21119ms
1769 http fetch GET 200 https://registry.npmjs.org/is-unicode-supported/-/is-unicode-supported-1.3.0.tgz 16024ms (cache miss)
1770 timing reifyNode:node_modules/@salesforce/cli/node_modules/inquirer-autocomplete-standalone/node_modules/is-unicode-supported Completed in 21126ms
1771 timing reifyNode:node_modules/@salesforce/cli/node_modules/form-data-encoder Completed in 21243ms
1772 http fetch GET 200 https://registry.npmjs.org/escape-string-regexp/-/escape-string-regexp-1.0.5.tgz 16105ms (cache miss)
1773 timing reifyNode:node_modules/@salesforce/cli/node_modules/inquirer-autocomplete-standalone/node_modules/@inquirer/core/node_modules/escape-string-regexp Completed in 21280ms
1774 http fetch GET 200 https://registry.npmjs.org/widest-line/-/widest-line-5.0.0.tgz 16123ms (cache miss)
1775 timing reifyNode:node_modules/@salesforce/cli/node_modules/ink/node_modules/widest-line Completed in 21307ms
1776 http fetch GET 200 https://registry.npmjs.org/@types/mute-stream/-/mute-stream-0.0.1.tgz 16184ms (cache miss)
1777 timing reifyNode:node_modules/@salesforce/cli/node_modules/inquirer-autocomplete-standalone/node_modules/@types/mute-stream Completed in 21313ms
1778 http fetch GET 200 https://registry.npmjs.org/@colors/colors/-/colors-1.5.0.tgz 16898ms (cache miss)
1779 http fetch GET 200 https://registry.npmjs.org/universalify/-/universalify-0.2.0.tgz 16776ms (cache miss)
1780 timing reifyNode:node_modules/@salesforce/cli/node_modules/tough-cookie/node_modules/universalify Completed in 21711ms
1781 http fetch GET 200 https://registry.npmjs.org/@alcalzone/ansi-tokenize/-/ansi-tokenize-0.1.3.tgz 16867ms (cache miss)
1782 http fetch GET 200 https://registry.npmjs.org/isarray/-/isarray-2.0.5.tgz 16756ms (cache miss)
1783 timing reifyNode:node_modules/@salesforce/cli/node_modules/to-buffer/node_modules/isarray Completed in 21727ms
1784 http fetch GET 200 https://registry.npmjs.org/brace-expansion/-/brace-expansion-1.1.11.tgz 16619ms (cache miss)
1785 timing reifyNode:node_modules/@salesforce/cli/node_modules/jake/node_modules/brace-expansion Completed in 21694ms
1786 http fetch GET 200 https://registry.npmjs.org/bl/-/bl-4.1.0.tgz 17998ms (cache miss)
1787 timing reifyNode:node_modules/@salesforce/cli/node_modules/bl Completed in 21661ms
1788 http fetch GET 200 https://registry.npmjs.org/minizlib/-/minizlib-3.1.0.tgz 19878ms (cache miss)
1789 timing reifyNode:node_modules/@salesforce/cli/node_modules/minizlib Completed in 21763ms
1790 http fetch GET 200 https://registry.npmjs.org/faye-websocket/-/faye-websocket-0.11.4.tgz 18730ms (cache miss)
1791 timing reifyNode:node_modules/@salesforce/cli/node_modules/faye-websocket Completed in 21767ms
1792 http fetch GET 200 https://registry.npmjs.org/string-width/-/string-width-7.2.0.tgz 16567ms (cache miss)
1793 timing reifyNode:node_modules/@salesforce/cli/node_modules/ink/node_modules/string-width Completed in 21790ms
1794 http fetch GET 200 https://registry.npmjs.org/ansi-escapes/-/ansi-escapes-7.3.0.tgz 16560ms (cache miss)
1795 timing reifyNode:node_modules/@salesforce/cli/node_modules/ink/node_modules/ansi-escapes Completed in 21794ms
1796 http fetch GET 200 https://registry.npmjs.org/lowercase-keys/-/lowercase-keys-3.0.0.tgz 16576ms (cache miss)
1797 timing reifyNode:node_modules/@salesforce/cli/node_modules/got/node_modules/lowercase-keys Completed in 21807ms
1798 http fetch GET 200 https://registry.npmjs.org/strip-ansi/-/strip-ansi-7.1.2.tgz 16619ms (cache miss)
1799 timing reifyNode:node_modules/@salesforce/cli/node_modules/ink/node_modules/strip-ansi Completed in 21822ms
1800 http fetch GET 200 https://registry.npmjs.org/@azure/abort-controller/-/abort-controller-2.1.2.tgz 17160ms (cache miss)
1801 http fetch GET 200 https://registry.npmjs.org/chownr/-/chownr-1.1.4.tgz 16993ms (cache miss)
1802 timing reifyNode:node_modules/@salesforce/cli/node_modules/tar-fs/node_modules/chownr Completed in 22007ms
1803 http fetch GET 200 https://registry.npmjs.org/is-fullwidth-code-point/-/is-fullwidth-code-point-5.0.0.tgz 16990ms (cache miss)
1804 timing reifyNode:node_modules/@salesforce/cli/node_modules/slice-ansi/node_modules/is-fullwidth-code-point Completed in 22012ms
1805 http fetch GET 200 https://registry.npmjs.org/esprima/-/esprima-4.0.1.tgz 18813ms (cache miss)
1806 timing reifyNode:node_modules/@salesforce/cli/node_modules/esprima Completed in 21981ms
1807 http fetch GET 200 https://registry.npmjs.org/ansi-regex/-/ansi-regex-6.0.1.tgz 16788ms (cache miss)
1808 timing reifyNode:node_modules/@salesforce/cli/node_modules/ink/node_modules/ansi-regex Completed in 22018ms
1809 http fetch GET 200 https://registry.npmjs.org/isexe/-/isexe-2.0.0.tgz 16743ms (cache miss)
1810 timing reifyNode:node_modules/@salesforce/cli/node_modules/cross-spawn/node_modules/isexe Completed in 22005ms
1811 http fetch GET 200 https://registry.npmjs.org/mimic-response/-/mimic-response-1.0.1.tgz 16739ms (cache miss)
1812 timing reifyNode:node_modules/@salesforce/cli/node_modules/clone-response/node_modules/mimic-response Completed in 22005ms
1813 http fetch GET 200 https://registry.npmjs.org/is-fullwidth-code-point/-/is-fullwidth-code-point-4.0.0.tgz 16719ms (cache miss)
1814 timing reifyNode:node_modules/@salesforce/cli/node_modules/cli-truncate/node_modules/is-fullwidth-code-point Completed in 22013ms
1815 http fetch GET 200 https://registry.npmjs.org/signal-exit/-/signal-exit-4.1.0.tgz 16788ms (cache miss)
1816 http fetch GET 200 https://registry.npmjs.org/minimatch/-/minimatch-5.1.6.tgz 16810ms (cache miss)
1817 timing reifyNode:node_modules/@salesforce/cli/node_modules/filelist/node_modules/minimatch Completed in 22064ms
1818 http fetch GET 200 https://registry.npmjs.org/responselike/-/responselike-3.0.0.tgz 16825ms (cache miss)
1819 timing reifyNode:node_modules/@salesforce/cli/node_modules/got/node_modules/responselike Completed in 22071ms
1820 http fetch GET 200 https://registry.npmjs.org/is-docker/-/is-docker-3.0.0.tgz 17045ms (cache miss)
1821 timing reifyNode:node_modules/@salesforce/cli/node_modules/is-inside-container/node_modules/is-docker Completed in 22145ms
1822 http fetch GET 200 https://registry.npmjs.org/safe-buffer/-/safe-buffer-5.1.2.tgz 17093ms (cache miss)
1823 timing reifyNode:node_modules/@salesforce/cli/node_modules/jszip/node_modules/safe-buffer Completed in 22159ms
1824 http fetch GET 200 https://registry.npmjs.org/strip-ansi/-/strip-ansi-7.1.2.tgz 16914ms (cache miss)
1825 timing reifyNode:node_modules/@salesforce/cli/node_modules/cli-truncate/node_modules/strip-ansi Completed in 22195ms
1826 http fetch GET 200 https://registry.npmjs.org/string-width/-/string-width-7.2.0.tgz 16921ms (cache miss)
1827 timing reifyNode:node_modules/@salesforce/cli/node_modules/cli-truncate/node_modules/string-width Completed in 22206ms
1828 http fetch GET 200 https://registry.npmjs.org/ansi-styles/-/ansi-styles-4.3.0.tgz 16893ms (cache miss)
1829 timing reifyNode:node_modules/@salesforce/cli/node_modules/chalk/node_modules/ansi-styles Completed in 22211ms
1830 http fetch GET 200 https://registry.npmjs.org/mimic-response/-/mimic-response-4.0.0.tgz 16893ms (cache miss)
1831 timing reifyNode:node_modules/@salesforce/cli/node_modules/cacheable-request/node_modules/mimic-response Completed in 22218ms
1832 http fetch GET 200 https://registry.npmjs.org/lowercase-keys/-/lowercase-keys-3.0.0.tgz 16902ms (cache miss)
1833 timing reifyNode:node_modules/@salesforce/cli/node_modules/cacheable-request/node_modules/lowercase-keys Completed in 22237ms
1834 http fetch GET 200 https://registry.npmjs.org/yallist/-/yallist-5.0.0.tgz 16891ms (cache miss)
1835 http fetch GET 200 https://registry.npmjs.org/slice-ansi/-/slice-ansi-5.0.0.tgz 16973ms (cache miss)
1836 timing reifyNode:node_modules/@salesforce/cli/node_modules/cli-truncate/node_modules/slice-ansi Completed in 22261ms
1837 http fetch GET 200 https://registry.npmjs.org/brace-expansion/-/brace-expansion-1.1.11.tgz 17421ms (cache miss)
1838 timing reifyNode:node_modules/@salesforce/cli/node_modules/shelljs/node_modules/brace-expansion Completed in 22459ms
1839 http fetch GET 200 https://registry.npmjs.org/@salesforce/o11y-reporter/-/o11y-reporter-1.7.3.tgz 18169ms (cache miss)
1840 timing reifyNode:node_modules/@salesforce/cli/node_modules/@salesforce/o11y-reporter Completed in 22418ms
1841 timing reifyNode:node_modules/@salesforce/cli/node_modules/@inquirer/type Completed in 22494ms
1842 timing reifyNode:node_modules/@salesforce/cli/node_modules/@inquirer/confirm Completed in 22484ms
1843 http fetch GET 200 https://registry.npmjs.org/wrap-ansi/-/wrap-ansi-9.0.2.tgz 17395ms (cache miss)
1844 timing reifyNode:node_modules/@salesforce/cli/node_modules/ink/node_modules/wrap-ansi Completed in 22576ms
1845 http fetch GET 200 https://registry.npmjs.org/emoji-regex/-/emoji-regex-10.3.0.tgz 17369ms (cache miss)
1846 timing reifyNode:node_modules/@salesforce/cli/node_modules/ink/node_modules/emoji-regex Completed in 22579ms
1847 http fetch GET 200 https://registry.npmjs.org/responselike/-/responselike-3.0.0.tgz 17247ms (cache miss)
1848 timing reifyNode:node_modules/@salesforce/cli/node_modules/cacheable-request/node_modules/responselike Completed in 22563ms
1849 http fetch GET 200 https://registry.npmjs.org/ansi-regex/-/ansi-regex-6.0.1.tgz 17267ms (cache miss)
1850 timing reifyNode:node_modules/@salesforce/cli/node_modules/cli-truncate/node_modules/ansi-regex Completed in 22578ms
1851 http fetch GET 200 https://registry.npmjs.org/p-cancelable/-/p-cancelable-2.1.1.tgz 17234ms (cache miss)
1852 timing reifyNode:node_modules/@salesforce/cli/node_modules/@salesforce/templates/node_modules/p-cancelable Completed in 22596ms
1853 timing reifyNode:node_modules/@salesforce/cli/node_modules/@inquirer/password Completed in 22649ms
1854 http fetch GET 200 https://registry.npmjs.org/escape-string-regexp/-/escape-string-regexp-2.0.0.tgz 17777ms (cache miss)
1855 timing reifyNode:node_modules/@salesforce/cli/node_modules/stack-utils/node_modules/escape-string-regexp Completed in 22798ms
1856 http fetch GET 200 https://registry.npmjs.org/cacheable-request/-/cacheable-request-10.2.14.tgz 19085ms (cache miss)
1857 timing reifyNode:node_modules/@salesforce/cli/node_modules/cacheable-request Completed in 22715ms
1858 timing reifyNode:node_modules/@salesforce/cli/node_modules/@nodelib/fs.stat Completed in 22706ms
1859 http fetch GET 200 https://registry.npmjs.org/socks/-/socks-2.8.3.tgz 21950ms (cache miss)
1860 timing reifyNode:node_modules/@salesforce/cli/node_modules/socks Completed in 22863ms
1861 http fetch GET 200 https://registry.npmjs.org/which/-/which-2.0.2.tgz 17611ms (cache miss)
1862 timing reifyNode:node_modules/@salesforce/cli/node_modules/cross-spawn/node_modules/which Completed in 22869ms
1863 http fetch GET 200 https://registry.npmjs.org/@sindresorhus/is/-/is-5.6.0.tgz 17644ms (cache miss)
1864 timing reifyNode:node_modules/@salesforce/cli/node_modules/got/node_modules/@sindresorhus/is Completed in 22893ms
1865 http fetch GET 200 https://registry.npmjs.org/ansi-styles/-/ansi-styles-4.3.0.tgz 17466ms (cache miss)
1866 timing reifyNode:node_modules/@salesforce/cli/node_modules/wrap-ansi-cjs/node_modules/ansi-styles Completed in 22984ms
1867 http fetch GET 200 https://registry.npmjs.org/get-stream/-/get-stream-5.2.0.tgz 17478ms (cache miss)
1868 timing reifyNode:node_modules/@salesforce/cli/node_modules/@salesforce/templates/node_modules/get-stream Completed in 22881ms
1869 http fetch GET 200 https://registry.npmjs.org/chownr/-/chownr-3.0.0.tgz 17496ms (cache miss)
1870 http fetch GET 200 https://registry.npmjs.org/cacheable-lookup/-/cacheable-lookup-5.0.4.tgz 17496ms (cache miss)
1871 timing reifyNode:node_modules/@salesforce/cli/node_modules/@salesforce/templates/node_modules/cacheable-lookup Completed in 22909ms
1872 http fetch GET 200 https://registry.npmjs.org/pify/-/pify-4.0.1.tgz 18016ms (cache miss)
1873 timing reifyNode:node_modules/@salesforce/cli/node_modules/isomorphic-git/node_modules/pify Completed in 23108ms
1874 http fetch GET 200 https://registry.npmjs.org/string_decoder/-/string_decoder-1.1.1.tgz 18073ms (cache miss)
1875 timing reifyNode:node_modules/@salesforce/cli/node_modules/jszip/node_modules/string_decoder Completed in 23122ms
1876 timing reifyNode:node_modules/@salesforce/cli/node_modules/@pnpm/network.ca-file Completed in 23148ms
1877 http fetch GET 200 https://registry.npmjs.org/event-target-shim/-/event-target-shim-5.0.1.tgz 20125ms (cache miss)
1878 timing reifyNode:node_modules/@salesforce/cli/node_modules/event-target-shim Completed in 23268ms
1879 http fetch GET 200 https://registry.npmjs.org/chalk/-/chalk-5.6.2.tgz 18110ms (cache miss)
1880 http fetch GET 200 https://registry.npmjs.org/emoji-regex/-/emoji-regex-10.3.0.tgz 17960ms (cache miss)
1881 timing reifyNode:node_modules/@salesforce/cli/node_modules/cli-truncate/node_modules/emoji-regex Completed in 23266ms
1882 http fetch GET 200 https://registry.npmjs.org/p-cancelable/-/p-cancelable-2.1.1.tgz 17827ms (cache miss)
1883 timing reifyNode:node_modules/@salesforce/cli/node_modules/@salesforce/telemetry/node_modules/p-cancelable Completed in 23261ms
1884 http fetch GET 200 https://registry.npmjs.org/dateformat/-/dateformat-4.6.3.tgz 18358ms (cache miss)
1885 timing reifyNode:node_modules/@salesforce/cli/node_modules/pino-pretty/node_modules/dateformat Completed in 23391ms
1886 http fetch GET 200 https://registry.npmjs.org/minimatch/-/minimatch-3.1.2.tgz 18303ms (cache miss)
1887 timing reifyNode:node_modules/@salesforce/cli/node_modules/jake/node_modules/minimatch Completed in 23374ms
1888 http fetch GET 200 https://registry.npmjs.org/abort-controller/-/abort-controller-3.0.0.tgz 19378ms (cache miss)
1889 timing reifyNode:node_modules/@salesforce/cli/node_modules/abort-controller Completed in 23343ms
1890 http fetch GET 200 https://registry.npmjs.org/indent-string/-/indent-string-5.0.0.tgz 18225ms (cache miss)
1891 timing reifyNode:node_modules/@salesforce/cli/node_modules/ink/node_modules/indent-string Completed in 23432ms
1892 http fetch GET 200 https://registry.npmjs.org/mime-types/-/mime-types-3.0.2.tgz 18044ms (cache miss)
1893 timing reifyNode:node_modules/@salesforce/cli/node_modules/@salesforce/templates/node_modules/mime-types Completed in 23422ms
1894 http fetch GET 200 https://registry.npmjs.org/p-cancelable/-/p-cancelable-2.1.1.tgz 17929ms (cache miss)
1895 timing reifyNode:node_modules/@salesforce/cli/node_modules/@salesforce/source-deploy-retrieve/node_modules/p-cancelable Completed in 23428ms
1896 http fetch GET 200 https://registry.npmjs.org/get-stream/-/get-stream-5.2.0.tgz 17913ms (cache miss)
1897 timing reifyNode:node_modules/@salesforce/cli/node_modules/@salesforce/source-deploy-retrieve/node_modules/get-stream Completed in 23435ms
1898 timing reifyNode:node_modules/@salesforce/cli/node_modules/@inquirer/checkbox Completed in 23495ms
1899 http fetch GET 200 https://registry.npmjs.org/json-stream-stringify/-/json-stream-stringify-3.1.6.tgz 21386ms (cache miss)
1900 timing reifyNode:node_modules/@salesforce/cli/node_modules/json-stream-stringify Completed in 23699ms
1901 http fetch GET 200 https://registry.npmjs.org/http2-wrapper/-/http2-wrapper-2.2.1.tgz 21041ms (cache miss)
1902 timing reifyNode:node_modules/@salesforce/cli/node_modules/http2-wrapper Completed in 23721ms
1903 http fetch GET 200 https://registry.npmjs.org/fast-redact/-/fast-redact-3.5.0.tgz 20631ms (cache miss)
1904 timing reifyNode:node_modules/@salesforce/cli/node_modules/fast-redact Completed in 23717ms
1905 http fetch GET 200 https://registry.npmjs.org/figures/-/figures-3.2.0.tgz 18597ms (cache miss)
1906 timing reifyNode:node_modules/@salesforce/cli/node_modules/inquirer-autocomplete-standalone/node_modules/@inquirer/core/node_modules/figures Completed in 23755ms
1907 http fetch GET 200 https://registry.npmjs.org/cacheable-request/-/cacheable-request-7.0.4.tgz 18313ms (cache miss)
1908 timing reifyNode:node_modules/@salesforce/cli/node_modules/@salesforce/templates/node_modules/cacheable-request Completed in 23741ms
1909 http fetch GET 200 https://registry.npmjs.org/@szmarczak/http-timer/-/http-timer-4.0.6.tgz 18316ms (cache miss)
1910 timing reifyNode:node_modules/@salesforce/cli/node_modules/@salesforce/templates/node_modules/@szmarczak/http-timer Completed in 23747ms
1911 http fetch GET 200 https://registry.npmjs.org/strip-ansi/-/strip-ansi-7.1.2.tgz 18234ms (cache miss)
1912 timing reifyNode:node_modules/@salesforce/cli/node_modules/@salesforce/plugin-sobject/node_modules/strip-ansi Completed in 23776ms
1913 http fetch GET 200 https://registry.npmjs.org/string-width/-/string-width-7.2.0.tgz 18241ms (cache miss)
1914 timing reifyNode:node_modules/@salesforce/cli/node_modules/@salesforce/plugin-sobject/node_modules/string-width Completed in 23788ms
1915 http fetch GET 200 https://registry.npmjs.org/ansi-regex/-/ansi-regex-6.0.1.tgz 18233ms (cache miss)
1916 timing reifyNode:node_modules/@salesforce/cli/node_modules/@salesforce/plugin-sobject/node_modules/ansi-regex Completed in 23798ms
1917 http fetch GET 200 https://registry.npmjs.org/strip-ansi/-/strip-ansi-7.1.2.tgz 18235ms (cache miss)
1918 timing reifyNode:node_modules/@salesforce/cli/node_modules/@salesforce/plugin-schema/node_modules/strip-ansi Completed in 23807ms
1919 http fetch GET 200 https://registry.npmjs.org/emoji-regex/-/emoji-regex-10.3.0.tgz 18279ms (cache miss)
1920 timing reifyNode:node_modules/@salesforce/cli/node_modules/@salesforce/plugin-sobject/node_modules/emoji-regex Completed in 23840ms
1921 http fetch GET 200 https://registry.npmjs.org/cli-progress/-/cli-progress-3.12.0.tgz 20419ms (cache miss)
1922 timing reifyNode:node_modules/@salesforce/cli/node_modules/cli-progress Completed in 23949ms
1923 http fetch GET 200 https://registry.npmjs.org/shelljs/-/shelljs-0.8.5.tgz 23087ms (cache miss)
1924 timing reifyNode:node_modules/@salesforce/cli/node_modules/shelljs Completed in 24053ms
1925 http fetch GET 200 https://registry.npmjs.org/@szmarczak/http-timer/-/http-timer-4.0.6.tgz 18523ms (cache miss)
1926 timing reifyNode:node_modules/@salesforce/cli/node_modules/@salesforce/telemetry/node_modules/@szmarczak/http-timer Completed in 24004ms
1927 http fetch GET 200 https://registry.npmjs.org/@szmarczak/http-timer/-/http-timer-4.0.6.tgz 18487ms (cache miss)
1928 timing reifyNode:node_modules/@salesforce/cli/node_modules/@salesforce/source-deploy-retrieve/node_modules/@szmarczak/http-timer Completed in 24032ms
1929 http fetch GET 200 https://registry.npmjs.org/ansi-regex/-/ansi-regex-6.0.1.tgz 18440ms (cache miss)
1930 timing reifyNode:node_modules/@salesforce/cli/node_modules/@salesforce/plugin-schema/node_modules/ansi-regex Completed in 24032ms
1931 http fetch GET 200 https://registry.npmjs.org/emoji-regex/-/emoji-regex-10.3.0.tgz 18453ms (cache miss)
1932 timing reifyNode:node_modules/@salesforce/cli/node_modules/@salesforce/plugin-schema/node_modules/emoji-regex Completed in 24042ms
1933 http fetch GET 200 https://registry.npmjs.org/string-width/-/string-width-7.2.0.tgz 18475ms (cache miss)
1934 timing reifyNode:node_modules/@salesforce/cli/node_modules/@salesforce/plugin-schema/node_modules/string-width Completed in 24050ms
1935 http fetch GET 200 https://registry.npmjs.org/pac-resolver/-/pac-resolver-7.0.1.tgz 22685ms (cache miss)
1936 http fetch GET 200 https://registry.npmjs.org/cacheable-request/-/cacheable-request-7.0.4.tgz 18837ms (cache miss)
1937 timing reifyNode:node_modules/@salesforce/cli/node_modules/@salesforce/source-deploy-retrieve/node_modules/cacheable-request Completed in 24363ms
1938 http fetch GET 200 https://registry.npmjs.org/object-treeify/-/object-treeify-2.1.1.tgz 18718ms (cache miss)
1939 timing reifyNode:node_modules/@salesforce/cli/node_modules/@salesforce/packaging/node_modules/object-treeify Completed in 24360ms
1940 http fetch GET 200 https://registry.npmjs.org/split2/-/split2-4.2.0.tgz 18714ms (cache miss)
1941 timing reifyNode:node_modules/@salesforce/cli/node_modules/@salesforce/core/node_modules/split2 Completed in 24362ms
1942 http fetch GET 200 https://registry.npmjs.org/lru-cache/-/lru-cache-7.18.3.tgz 19498ms (cache miss)
1943 timing reifyNode:node_modules/@salesforce/cli/node_modules/proxy-agent/node_modules/lru-cache Completed in 24525ms
1944 http fetch GET 200 https://registry.npmjs.org/buffer/-/buffer-6.0.3.tgz 19476ms (cache miss)
1945 timing reifyNode:node_modules/@salesforce/cli/node_modules/pino-pretty/node_modules/buffer Completed in 24531ms
1946 http fetch GET 200 https://registry.npmjs.org/@pnpm/npm-conf/-/npm-conf-3.0.2.tgz 20110ms (cache miss)
1947 timing reifyNode:node_modules/@salesforce/cli/node_modules/@pnpm/npm-conf Completed in 24458ms
1948 http fetch GET 200 https://registry.npmjs.org/@inquirer/rawlist/-/rawlist-4.1.11.tgz 19884ms (cache miss)
1949 timing reifyNode:node_modules/@salesforce/cli/node_modules/@inquirer/rawlist Completed in 24472ms
1950 timing reifyNode:node_modules/@salesforce/cli/node_modules/ink-text-input/node_modules/chalk Completed in 24546ms
1951 http fetch GET 200 https://registry.npmjs.org/normalize-url/-/normalize-url-6.1.0.tgz 19095ms (cache miss)
1952 timing reifyNode:node_modules/@salesforce/cli/node_modules/@salesforce/telemetry/node_modules/normalize-url Completed in 24532ms
1953 http fetch GET 200 https://registry.npmjs.org/strip-ansi/-/strip-ansi-7.1.2.tgz 18818ms (cache miss)
1954 timing reifyNode:node_modules/@salesforce/cli/node_modules/@oclif/table/node_modules/strip-ansi Completed in 24528ms
1955 http fetch GET 200 https://registry.npmjs.org/graceful-fs/-/graceful-fs-4.2.10.tgz 18832ms (cache miss)
1956 timing reifyNode:node_modules/@salesforce/cli/node_modules/@pnpm/network.ca-file/node_modules/graceful-fs Completed in 24534ms
1957 http fetch GET 200 https://registry.npmjs.org/string-width/-/string-width-7.2.0.tgz 18834ms (cache miss)
1958 timing reifyNode:node_modules/@salesforce/cli/node_modules/@oclif/table/node_modules/string-width Completed in 24547ms
1959 http fetch GET 200 https://registry.npmjs.org/change-case/-/change-case-4.1.2.tgz 18882ms (cache miss)
1960 http fetch GET 200 https://registry.npmjs.org/glob/-/glob-7.2.3.tgz 19682ms (cache miss)
1961 timing reifyNode:node_modules/@salesforce/cli/node_modules/shelljs/node_modules/glob Completed in 24724ms
1962 timing reifyNode:node_modules/@salesforce/cli/node_modules/@nodelib/fs.scandir Completed in 24673ms
1963 http fetch GET 200 https://registry.npmjs.org/semver/-/semver-7.7.4.tgz 23800ms (cache miss)
1964 timing reifyNode:node_modules/@salesforce/cli/node_modules/semver Completed in 24814ms
1965 timing reifyNode:node_modules/@salesforce/cli/node_modules/@salesforce/templates/node_modules/chownr Completed in 24774ms
1966 http fetch GET 200 https://registry.npmjs.org/npm-run-path/-/npm-run-path-5.3.0.tgz 18925ms (cache miss)
1967 timing reifyNode:node_modules/@salesforce/cli/node_modules/@oclif/plugin-plugins/node_modules/npm-run-path Completed in 24765ms
1968 http fetch GET 200 https://registry.npmjs.org/emoji-regex/-/emoji-regex-10.3.0.tgz 19065ms (cache miss)
1969 timing reifyNode:node_modules/@salesforce/cli/node_modules/@oclif/table/node_modules/emoji-regex Completed in 24797ms
1970 http fetch GET 200 https://registry.npmjs.org/ansi-escapes/-/ansi-escapes-7.3.0.tgz 19061ms (cache miss)
1971 timing reifyNode:node_modules/@salesforce/cli/node_modules/@oclif/plugin-search/node_modules/ansi-escapes Completed in 24800ms
1972 http fetch GET 200 https://registry.npmjs.org/ansi-regex/-/ansi-regex-6.0.1.tgz 19074ms (cache miss)
1973 timing reifyNode:node_modules/@salesforce/cli/node_modules/@oclif/table/node_modules/ansi-regex Completed in 24810ms
1974 http fetch GET 200 https://registry.npmjs.org/proc-log/-/proc-log-4.2.0.tgz 19013ms (cache miss)
1975 timing reifyNode:node_modules/@salesforce/cli/node_modules/@oclif/plugin-plugins/node_modules/proc-log Completed in 24811ms
1976 http fetch GET 200 https://registry.npmjs.org/path-key/-/path-key-4.0.0.tgz 19031ms (cache miss)
1977 timing reifyNode:node_modules/@salesforce/cli/node_modules/@oclif/plugin-plugins/node_modules/path-key Completed in 24861ms
1978 http fetch GET 200 https://registry.npmjs.org/@inquirer/editor/-/editor-4.2.23.tgz 20247ms (cache miss)
1979 timing reifyNode:node_modules/@salesforce/cli/node_modules/@inquirer/editor Completed in 24870ms
1980 timing reifyNode:node_modules/@salesforce/cli/node_modules/@alcalzone/ansi-tokenize Completed in 24889ms
1981 http fetch GET 200 https://registry.npmjs.org/basic-ftp/-/basic-ftp-5.0.5.tgz 21294ms (cache miss)
1982 http fetch GET 200 https://registry.npmjs.org/thread-stream/-/thread-stream-3.1.0.tgz 24366ms (cache miss)
1983 timing reifyNode:node_modules/@salesforce/cli/node_modules/thread-stream Completed in 25169ms
1984 timing reifyNode:node_modules/@salesforce/cli/node_modules/pac-resolver Completed in 25142ms
1985 http fetch GET 200 https://registry.npmjs.org/fast-uri/-/fast-uri-3.0.1.tgz 22065ms (cache miss)
1986 timing reifyNode:node_modules/@salesforce/cli/node_modules/fast-uri Completed in 25128ms
1987 http fetch GET 200 https://registry.npmjs.org/normalize-url/-/normalize-url-6.1.0.tgz 19776ms (cache miss)
1988 timing reifyNode:node_modules/@salesforce/cli/node_modules/@salesforce/templates/node_modules/normalize-url Completed in 25150ms
1989 http fetch GET 200 https://registry.npmjs.org/cacheable-lookup/-/cacheable-lookup-5.0.4.tgz 19685ms (cache miss)
1990 timing reifyNode:node_modules/@salesforce/cli/node_modules/@salesforce/telemetry/node_modules/cacheable-lookup Completed in 25151ms
1991 http fetch GET 200 https://registry.npmjs.org/which/-/which-4.0.0.tgz 19418ms (cache miss)
1992 timing reifyNode:node_modules/@salesforce/cli/node_modules/@oclif/plugin-plugins/node_modules/which Completed in 25159ms
1993 http fetch GET 200 https://registry.npmjs.org/ansi-regex/-/ansi-regex-6.0.1.tgz 19242ms (cache miss)
1994 timing reifyNode:node_modules/@salesforce/cli/node_modules/@oclif/multi-stage-output/node_modules/ansi-regex Completed in 25161ms
1995 http fetch GET 200 https://registry.npmjs.org/wrap-ansi/-/wrap-ansi-7.0.0.tgz 19236ms (cache miss)
1996 timing reifyNode:node_modules/@salesforce/cli/node_modules/@oclif/core/node_modules/wrap-ansi Completed in 25168ms
1997 http fetch GET 200 https://registry.npmjs.org/is-wsl/-/is-wsl-2.2.0.tgz 19255ms (cache miss)
1998 timing reifyNode:node_modules/@salesforce/cli/node_modules/@oclif/core/node_modules/is-wsl Completed in 25194ms
1999 http fetch GET 200 https://registry.npmjs.org/npm-package-arg/-/npm-package-arg-11.0.3.tgz 19341ms (cache miss)
2000 timing reifyNode:node_modules/@salesforce/cli/node_modules/@oclif/plugin-plugins/node_modules/npm-package-arg Completed in 25209ms
2001 http fetch GET 200 https://registry.npmjs.org/hosted-git-info/-/hosted-git-info-7.0.2.tgz 19335ms (cache miss)
2002 timing reifyNode:node_modules/@salesforce/cli/node_modules/@oclif/plugin-plugins/node_modules/hosted-git-info Completed in 25214ms
2003 http fetch GET 200 https://registry.npmjs.org/wrap-ansi/-/wrap-ansi-9.0.2.tgz 19347ms (cache miss)
2004 timing reifyNode:node_modules/@salesforce/cli/node_modules/@oclif/multi-stage-output/node_modules/wrap-ansi Completed in 25230ms
2005 http fetch GET 200 https://registry.npmjs.org/string-width/-/string-width-7.2.0.tgz 19363ms (cache miss)
2006 timing reifyNode:node_modules/@salesforce/cli/node_modules/@oclif/multi-stage-output/node_modules/string-width Completed in 25255ms
2007 http fetch GET 200 https://registry.npmjs.org/figures/-/figures-6.1.0.tgz 19343ms (cache miss)
2008 timing reifyNode:node_modules/@salesforce/cli/node_modules/@oclif/multi-stage-output/node_modules/figures Completed in 25258ms
2009 http fetch GET 200 https://registry.npmjs.org/emoji-regex/-/emoji-regex-10.3.0.tgz 19351ms (cache miss)
2010 timing reifyNode:node_modules/@salesforce/cli/node_modules/@oclif/multi-stage-output/node_modules/emoji-regex Completed in 25263ms
2011 http fetch GET 200 https://registry.npmjs.org/is-unicode-supported/-/is-unicode-supported-2.1.0.tgz 19358ms (cache miss)
2012 timing reifyNode:node_modules/@salesforce/cli/node_modules/@oclif/multi-stage-output/node_modules/is-unicode-supported Completed in 25267ms
2013 http fetch GET 200 https://registry.npmjs.org/strip-ansi/-/strip-ansi-7.1.2.tgz 19386ms (cache miss)
2014 timing reifyNode:node_modules/@salesforce/cli/node_modules/@oclif/multi-stage-output/node_modules/strip-ansi Completed in 25273ms
2015 http fetch GET 200 https://registry.npmjs.org/@salesforce/telemetry/-/telemetry-6.6.1.tgz 21312ms (cache miss)
2016 timing reifyNode:node_modules/@salesforce/cli/node_modules/@salesforce/telemetry Completed in 25409ms
2017 http fetch GET 200 https://registry.npmjs.org/@microsoft/applicationinsights-web-snippet/-/applicationinsights-web-snippet-1.0.1.tgz 20945ms (cache miss)
2018 timing reifyNode:node_modules/@salesforce/cli/node_modules/@microsoft/applicationinsights-web-snippet Completed in 25436ms
2019 http fetch GET 200 https://registry.npmjs.org/cacheable-request/-/cacheable-request-7.0.4.tgz 20087ms (cache miss)
2020 timing reifyNode:node_modules/@salesforce/cli/node_modules/@salesforce/telemetry/node_modules/cacheable-request Completed in 25551ms
2021 http fetch GET 200 https://registry.npmjs.org/json-schema-traverse/-/json-schema-traverse-1.0.0.tgz 19877ms (cache miss)
2022 http fetch GET 200 https://registry.npmjs.org/strip-ansi/-/strip-ansi-7.1.2.tgz 19602ms (cache miss)
2023 timing reifyNode:node_modules/@salesforce/cli/node_modules/@isaacs/cliui/node_modules/strip-ansi Completed in 25568ms
2024 http fetch GET 200 https://registry.npmjs.org/ansi-regex/-/ansi-regex-6.0.1.tgz 19588ms (cache miss)
2025 timing reifyNode:node_modules/@salesforce/cli/node_modules/@isaacs/cliui/node_modules/ansi-regex Completed in 25574ms
2026 http fetch GET 200 https://registry.npmjs.org/ansi-styles/-/ansi-styles-4.3.0.tgz 19648ms (cache miss)
2027 timing reifyNode:node_modules/@salesforce/cli/node_modules/@oclif/core/node_modules/ansi-styles Completed in 25591ms
2028 http fetch GET 200 https://registry.npmjs.org/get-stream/-/get-stream-5.2.0.tgz 20308ms (cache miss)
2029 timing reifyNode:node_modules/@salesforce/cli/node_modules/@salesforce/telemetry/node_modules/get-stream Completed in 25768ms
2030 http fetch GET 200 https://registry.npmjs.org/strnum/-/strnum-1.1.2.tgz 20298ms (cache miss)
2031 timing reifyNode:node_modules/@salesforce/cli/node_modules/@salesforce/source-tracking/node_modules/strnum Completed in 25789ms
2032 http fetch GET 200 https://registry.npmjs.org/normalize-url/-/normalize-url-6.1.0.tgz 20285ms (cache miss)
2033 timing reifyNode:node_modules/@salesforce/cli/node_modules/@salesforce/source-deploy-retrieve/node_modules/normalize-url Completed in 25797ms
2034 http fetch GET 200 https://registry.npmjs.org/@inquirer/password/-/password-4.0.23.tgz 19769ms (cache miss)
2035 http fetch GET 200 https://registry.npmjs.org/@inquirer/select/-/select-4.4.2.tgz 19795ms (cache miss)
2036 http fetch GET 200 https://registry.npmjs.org/@inquirer/input/-/input-4.3.1.tgz 19801ms (cache miss)
2037 timing reifyNode:node_modules/@salesforce/cli/node_modules/basic-ftp Completed in 25924ms
2038 http fetch GET 200 https://registry.npmjs.org/@oclif/table/-/table-0.5.2.tgz 21539ms (cache miss)
2039 timing reifyNode:node_modules/@salesforce/cli/node_modules/@oclif/table Completed in 25944ms
2040 http fetch GET 200 https://registry.npmjs.org/events/-/events-3.3.0.tgz 22896ms (cache miss)
2041 timing reifyNode:node_modules/@salesforce/cli/node_modules/events Completed in 26024ms
2042 http fetch GET 200 https://registry.npmjs.org/@inquirer/search/-/search-3.2.2.tgz 21394ms (cache miss)
2043 timing reifyNode:node_modules/@salesforce/cli/node_modules/@inquirer/search Completed in 25968ms
2044 http fetch GET 200 https://registry.npmjs.org/buffer/-/buffer-5.7.1.tgz 20700ms (cache miss)
2045 timing reifyNode:node_modules/@salesforce/cli/node_modules/bl/node_modules/buffer Completed in 26037ms
2046 timing reifyNode:node_modules/@salesforce/cli/node_modules/@salesforce/templates/node_modules/yallist Completed in 26033ms
2047 http fetch GET 200 https://registry.npmjs.org/supports-color/-/supports-color-8.1.1.tgz 20087ms (cache miss)
2048 timing reifyNode:node_modules/@salesforce/cli/node_modules/@oclif/core/node_modules/supports-color Completed in 26023ms
2049 timing reifyNode:node_modules/@salesforce/cli/node_modules/@inquirer/prompts/node_modules/@inquirer/input Completed in 26031ms
2050 http fetch GET 200 https://registry.npmjs.org/@inquirer/confirm/-/confirm-5.1.21.tgz 19998ms (cache miss)
2051 http fetch GET 200 https://registry.npmjs.org/signal-exit/-/signal-exit-4.1.0.tgz 19958ms (cache miss)
2052 timing reifyNode:node_modules/@salesforce/cli/node_modules/@colors/colors Completed in 26065ms
2053 timing reifyNode:node_modules/@salesforce/cli/node_modules/@jsonjoy.com/codegen Completed in 26169ms
2054 http fetch GET 200 https://registry.npmjs.org/@isaacs/balanced-match/-/balanced-match-4.0.1.tgz 21611ms (cache miss)
2055 timing reifyNode:node_modules/@salesforce/cli/node_modules/@isaacs/balanced-match Completed in 26175ms
2056 http fetch GET 200 https://registry.npmjs.org/thingies/-/thingies-2.5.0.tgz 25560ms (cache miss)
2057 timing reifyNode:node_modules/@salesforce/cli/node_modules/thingies Completed in 26352ms
2058 http fetch GET 200 https://registry.npmjs.org/pino-abstract-transport/-/pino-abstract-transport-1.2.0.tgz 20653ms (cache miss)
2059 timing reifyNode:node_modules/@salesforce/cli/node_modules/@salesforce/core/node_modules/change-case Completed in 26323ms
2060 http fetch GET 200 https://registry.npmjs.org/string-width/-/string-width-5.1.2.tgz 20349ms (cache miss)
2061 timing reifyNode:node_modules/@salesforce/cli/node_modules/@isaacs/cliui/node_modules/string-width Completed in 26318ms
2062 http fetch GET 200 https://registry.npmjs.org/@inquirer/type/-/type-1.5.3.tgz 20320ms (cache miss)
2063 http fetch GET 200 https://registry.npmjs.org/https-proxy-agent/-/https-proxy-agent-5.0.1.tgz 20421ms (cache miss)
2064 timing reifyNode:node_modules/@salesforce/cli/node_modules/@jsforce/jsforce-node/node_modules/https-proxy-agent Completed in 26365ms
2065 timing reifyNode:node_modules/@salesforce/cli/node_modules/@inquirer/prompts/node_modules/@inquirer/confirm Completed in 26371ms
2066 http fetch GET 200 https://registry.npmjs.org/signal-exit/-/signal-exit-4.1.0.tgz 20219ms (cache miss)
2067 http fetch GET 200 https://registry.npmjs.org/mute-stream/-/mute-stream-2.0.0.tgz 20278ms (cache miss)
2068 timing reifyNode:node_modules/@salesforce/cli/node_modules/@inquirer/core/node_modules/mute-stream Completed in 26382ms
2069 http fetch GET 200 https://registry.npmjs.org/@pnpm/config.env-replace/-/config.env-replace-1.1.0.tgz 22097ms (cache miss)
2070 timing reifyNode:node_modules/@salesforce/cli/node_modules/@pnpm/config.env-replace Completed in 26454ms
2071 http fetch GET 200 https://registry.npmjs.org/continuation-local-storage/-/continuation-local-storage-3.2.1.tgz 23111ms (cache miss)
2072 timing reifyNode:node_modules/@salesforce/cli/node_modules/continuation-local-storage Completed in 26534ms
2073 http fetch GET 200 https://registry.npmjs.org/jake/-/jake-10.8.7.tgz 24186ms (cache miss)
2074 http fetch GET 200 https://registry.npmjs.org/semver/-/semver-5.7.2.tgz 21232ms (cache miss)
2075 timing reifyNode:node_modules/@salesforce/cli/node_modules/async-listener/node_modules/semver Completed in 26571ms
2076 http fetch GET 200 https://registry.npmjs.org/cacheable-lookup/-/cacheable-lookup-5.0.4.tgz 21042ms (cache miss)
2077 timing reifyNode:node_modules/@salesforce/cli/node_modules/@salesforce/source-deploy-retrieve/node_modules/cacheable-lookup Completed in 26583ms
2078 timing reifyNode:node_modules/@salesforce/cli/node_modules/@salesforce/core/node_modules/json-schema-traverse Completed in 26579ms
2079 timing reifyNode:node_modules/@salesforce/cli/node_modules/@inquirer/prompts/node_modules/@inquirer/password Completed in 26571ms
2080 timing reifyNode:node_modules/@salesforce/cli/node_modules/@inquirer/prompts/node_modules/@inquirer/select Completed in 26573ms
2081 http fetch GET 200 https://registry.npmjs.org/@inquirer/type/-/type-1.5.3.tgz 20520ms (cache miss)
2082 http fetch GET 200 https://registry.npmjs.org/@inquirer/type/-/type-1.5.3.tgz 20522ms (cache miss)
2083 http fetch GET 200 https://registry.npmjs.org/is-fullwidth-code-point/-/is-fullwidth-code-point-4.0.0.tgz 20445ms (cache miss)
2084 timing reifyNode:node_modules/@salesforce/cli/node_modules/@alcalzone/ansi-tokenize/node_modules/is-fullwidth-code-point Completed in 26617ms
2085 http fetch GET 200 https://registry.npmjs.org/picomatch/-/picomatch-4.0.2.tgz 21783ms (cache miss)
2086 timing reifyNode:node_modules/@salesforce/cli/node_modules/tinyglobby/node_modules/picomatch Completed in 26772ms
2087 http fetch GET 200 https://registry.npmjs.org/@isaacs/fs-minipass/-/fs-minipass-4.0.1.tgz 22163ms (cache miss)
2088 timing reifyNode:node_modules/@salesforce/cli/node_modules/@isaacs/fs-minipass Completed in 26705ms
2089 http fetch GET 200 https://registry.npmjs.org/@inquirer/select/-/select-2.5.0.tgz 22216ms (cache miss)
2090 timing reifyNode:node_modules/@salesforce/cli/node_modules/@inquirer/select Completed in 26787ms
2091 http fetch GET 200 https://registry.npmjs.org/wrap-ansi/-/wrap-ansi-9.0.2.tgz 21140ms (cache miss)
2092 timing reifyNode:node_modules/@salesforce/cli/node_modules/@oclif/table/node_modules/wrap-ansi Completed in 26845ms
2093 http fetch GET 200 https://registry.npmjs.org/@inquirer/type/-/type-1.5.3.tgz 20692ms (cache miss)
2094 http fetch GET 200 https://registry.npmjs.org/@isaacs/brace-expansion/-/brace-expansion-5.0.1.tgz 22366ms (cache miss)
2095 timing reifyNode:node_modules/@salesforce/cli/node_modules/@isaacs/brace-expansion Completed in 26926ms
2096 http fetch GET 200 https://registry.npmjs.org/wrap-ansi/-/wrap-ansi-8.1.0.tgz 21005ms (cache miss)
2097 timing reifyNode:node_modules/@salesforce/cli/node_modules/@isaacs/cliui/node_modules/wrap-ansi Completed in 26967ms
2098 http fetch GET 200 https://registry.npmjs.org/@inquirer/input/-/input-2.3.0.tgz 22382ms (cache miss)
2099 timing reifyNode:node_modules/@salesforce/cli/node_modules/@inquirer/input Completed in 26995ms
2100 http fetch GET 200 https://registry.npmjs.org/@salesforce/plugin-api/-/plugin-api-1.3.9.tgz 22847ms (cache miss)
2101 timing reifyNode:node_modules/@salesforce/cli/node_modules/@salesforce/plugin-api Completed in 27066ms
2102 timing reifyNode:node_modules/@salesforce/cli/node_modules/jake Completed in 27172ms
2103 http fetch GET 200 https://registry.npmjs.org/foreground-child/-/foreground-child-3.3.1.tgz 24212ms (cache miss)
2104 timing reifyNode:node_modules/@salesforce/cli/node_modules/foreground-child Completed in 27221ms
2105 http fetch GET 200 https://registry.npmjs.org/semver/-/semver-5.7.2.tgz 21950ms (cache miss)
2106 timing reifyNode:node_modules/@salesforce/cli/node_modules/cls-hooked/node_modules/semver Completed in 27213ms
2107 http fetch GET 200 https://registry.npmjs.org/brace-expansion 20829ms (cache miss)
2108 timing metavuln:packument:brace-expansion Completed in 20830ms
2109 timing metavuln:load:security-advisory:brace-expansion:1105441 Completed in 10ms
2110 timing metavuln:load:security-advisory:brace-expansion:1105443 Completed in 1ms
2111 timing metavuln:load:security-advisory:brace-expansion:1105444 Completed in 13ms
2112 http fetch GET 200 https://registry.npmjs.org/js-yaml 20855ms (cache miss)
2113 timing metavuln:packument:js-yaml Completed in 20856ms
2114 timing metavuln:load:security-advisory:js-yaml:1112714 Completed in 10ms
2115 timing metavuln:load:security-advisory:js-yaml:1112715 Completed in 2ms
2116 http fetch GET 200 https://registry.npmjs.org/path-to-regexp 20873ms (cache miss)
2117 timing metavuln:packument:path-to-regexp Completed in 20875ms
2118 timing metavuln:load:security-advisory:path-to-regexp:1101846 Completed in 23ms
2119 timing metavuln:load:security-advisory:path-to-regexp:1101849 Completed in 9ms
2120 http fetch GET 200 https://registry.npmjs.org/diff 20909ms (cache miss)
2121 timing metavuln:packument:diff Completed in 20910ms
2122 timing metavuln:load:security-advisory:diff:1112703 Completed in 1ms
2123 timing metavuln:load:security-advisory:diff:1112704 Completed in 3ms
2124 timing metavuln:load:security-advisory:diff:1112705 Completed in 1ms
2125 http fetch GET 200 https://registry.npmjs.org/marked/-/marked-4.3.0.tgz 25362ms (cache miss)
2126 timing reifyNode:node_modules/@salesforce/cli/node_modules/marked Completed in 27421ms
2127 http fetch GET 200 https://registry.npmjs.org/@inquirer/checkbox/-/checkbox-4.3.2.tgz 21304ms (cache miss)
2128 timing reifyNode:node_modules/@salesforce/cli/node_modules/@inquirer/prompts/node_modules/@inquirer/checkbox Completed in 27344ms
2129 timing reifyNode:node_modules/@salesforce/cli/node_modules/cardinal Completed in 27404ms
2130 http fetch GET 200 https://registry.npmjs.org/@salesforce/plugin-schema/-/plugin-schema-3.3.91.tgz 23230ms (cache miss)
2131 timing reifyNode:node_modules/@salesforce/cli/node_modules/@salesforce/plugin-schema Completed in 27391ms
2132 http fetch GET 200 https://registry.npmjs.org/buffer/-/buffer-6.0.3.tgz 21742ms (cache miss)
2133 timing reifyNode:node_modules/@salesforce/cli/node_modules/@salesforce/core/node_modules/buffer Completed in 27422ms
2134 http fetch GET 200 https://registry.npmjs.org/mime-db/-/mime-db-1.54.0.tgz 22098ms (cache miss)
2135 timing reifyNode:node_modules/@salesforce/cli/node_modules/@salesforce/templates/node_modules/mime-db Completed in 27481ms
2136 http fetch GET 200 https://registry.npmjs.org/http2-wrapper/-/http2-wrapper-1.0.3.tgz 22110ms (cache miss)
2137 timing reifyNode:node_modules/@salesforce/cli/node_modules/@salesforce/templates/node_modules/http2-wrapper Completed in 27496ms
2138 http fetch GET 200 https://registry.npmjs.org/@salesforce/plugin-marketplace/-/plugin-marketplace-1.3.10.tgz 23331ms (cache miss)
2139 timing reifyNode:node_modules/@salesforce/cli/node_modules/@salesforce/plugin-marketplace Completed in 27514ms
2140 http fetch GET 200 https://registry.npmjs.org/@salesforce/kit/-/kit-3.2.4.tgz 23266ms (cache miss)
2141 timing reifyNode:node_modules/@salesforce/cli/node_modules/@salesforce/core/node_modules/pino-abstract-transport Completed in 27541ms
2142 timing reifyNode:node_modules/@salesforce/cli/node_modules/@jsonjoy.com/json-pointer Completed in 27552ms
2143 http fetch GET 200 https://registry.npmjs.org/source-map/-/source-map-0.6.1.tgz 26812ms (cache miss)
2144 timing reifyNode:node_modules/@salesforce/cli/node_modules/source-map Completed in 27698ms
2145 http fetch GET 200 https://registry.npmjs.org/chalk/-/chalk-5.6.2.tgz 22436ms (cache miss)
2146 timing reifyNode:node_modules/@salesforce/cli/node_modules/ink/node_modules/chalk Completed in 27662ms
2147 http fetch GET 200 https://registry.npmjs.org/http2-wrapper/-/http2-wrapper-1.0.3.tgz 22187ms (cache miss)
2148 timing reifyNode:node_modules/@salesforce/cli/node_modules/@salesforce/telemetry/node_modules/http2-wrapper Completed in 27628ms
2149 http fetch GET 200 https://registry.npmjs.org/@salesforce/plugin-telemetry/-/plugin-telemetry-3.7.2.tgz 23509ms (cache miss)
2150 timing reifyNode:node_modules/@salesforce/cli/node_modules/@salesforce/plugin-telemetry Completed in 27654ms
2151 http fetch GET 200 https://registry.npmjs.org/@salesforce/plugin-limits/-/plugin-limits-3.3.75.tgz 23472ms (cache miss)
2152 timing reifyNode:node_modules/@salesforce/cli/node_modules/@salesforce/plugin-limits Completed in 27660ms
2153 timing reifyNode:node_modules/@salesforce/cli/node_modules/@salesforce/kit Completed in 27658ms
2154 http fetch GET 200 https://registry.npmjs.org/@types/react/-/react-18.3.12.tgz 23730ms (cache miss)
2155 timing reifyNode:node_modules/@salesforce/cli/node_modules/@types/react Completed in 27706ms
2156 http fetch GET 200 https://registry.npmjs.org/http2-wrapper/-/http2-wrapper-1.0.3.tgz 22201ms (cache miss)
2157 timing reifyNode:node_modules/@salesforce/cli/node_modules/@salesforce/source-deploy-retrieve/node_modules/http2-wrapper Completed in 27717ms
2158 http fetch GET 200 https://registry.npmjs.org/react-reconciler/-/react-reconciler-0.29.2.tgz 26695ms (cache miss)
2159 timing reifyNode:node_modules/@salesforce/cli/node_modules/react-reconciler Completed in 27844ms
2160 http fetch GET 200 https://registry.npmjs.org/markdown-it 21407ms (cache miss)
2161 timing metavuln:packument:markdown-it Completed in 21409ms
2162 timing metavuln:load:security-advisory:markdown-it:1113190 Completed in 2ms
2163 http fetch GET 200 https://registry.npmjs.org/minimatch 21417ms (cache miss)
2164 timing metavuln:packument:minimatch Completed in 21419ms
2165 timing metavuln:load:security-advisory:minimatch:1113371 Completed in 3ms
2166 http fetch GET 200 https://registry.npmjs.org/chardet/-/chardet-2.1.1.tgz 24252ms (cache miss)
2167 timing reifyNode:node_modules/@salesforce/cli/node_modules/chardet Completed in 27830ms
2168 http fetch GET 200 https://registry.npmjs.org/iconv-lite/-/iconv-lite-0.7.0.tgz 25230ms (cache miss)
2169 timing reifyNode:node_modules/@salesforce/cli/node_modules/iconv-lite Completed in 27887ms
2170 http fetch GET 200 https://registry.npmjs.org/@salesforce/schemas/-/schemas-1.10.3.tgz 23763ms (cache miss)
2171 timing reifyNode:node_modules/@salesforce/cli/node_modules/@salesforce/schemas Completed in 27881ms
2172 http fetch GET 200 https://registry.npmjs.org/fs-extra/-/fs-extra-11.2.0.tgz 24966ms (cache miss)
2173 timing reifyNode:node_modules/@salesforce/cli/node_modules/fs-extra Completed in 27950ms
2174 http fetch GET 200 https://registry.npmjs.org/glob 21545ms (cache miss)
2175 timing metavuln:packument:glob Completed in 21548ms
2176 timing metavuln:load:security-advisory:glob:1109842 Completed in 3ms
2177 http fetch GET 200 https://registry.npmjs.org/@oclif/plugin-autocomplete/-/plugin-autocomplete-3.2.40.tgz 23478ms (cache miss)
2178 timing reifyNode:node_modules/@salesforce/cli/node_modules/@oclif/plugin-autocomplete Completed in 27939ms
2179 http fetch GET 200 https://registry.npmjs.org/@nodelib/fs.walk/-/fs.walk-1.2.8.tgz 23455ms (cache miss)
2180 timing reifyNode:node_modules/@salesforce/cli/node_modules/@nodelib/fs.walk Completed in 27940ms
2181 http fetch GET 200 https://registry.npmjs.org/@oclif/multi-stage-output/-/multi-stage-output-0.8.30.tgz 23486ms (cache miss)
2182 timing reifyNode:node_modules/@salesforce/cli/node_modules/@oclif/multi-stage-output Completed in 27952ms
2183 http fetch GET 200 https://registry.npmjs.org/lru-cache/-/lru-cache-10.2.2.tgz 25996ms (cache miss)
2184 timing reifyNode:node_modules/@salesforce/cli/node_modules/lru-cache Completed in 28058ms
2185 http fetch GET 200 https://registry.npmjs.org/import-in-the-middle/-/import-in-the-middle-1.4.2.tgz 25416ms (cache miss)
2186 timing reifyNode:node_modules/@salesforce/cli/node_modules/import-in-the-middle Completed in 28047ms
2187 timing reifyNode:node_modules/@salesforce/cli/node_modules/foreground-child/node_modules/signal-exit Completed in 28059ms
2188 http fetch GET 200 https://registry.npmjs.org/tar 21646ms (cache miss)
2189 timing metavuln:packument:tar Completed in 21647ms
2190 timing metavuln:load:security-advisory:tar:1112329 Completed in 3ms
2191 timing metavuln:load:security-advisory:tar:1112659 Completed in 9ms
2192 timing metavuln:load:security-advisory:tar:1113300 Completed in 18ms
2193 timing metavuln:load:security-advisory:tar:1113375 Completed in 7ms
2194 http fetch GET 200 https://registry.npmjs.org/ip-address/-/ip-address-9.0.5.tgz 25587ms (cache miss)
2195 timing reifyNode:node_modules/@salesforce/cli/node_modules/ip-address Completed in 28158ms
2196 http fetch GET 200 https://registry.npmjs.org/agent-base/-/agent-base-6.0.2.tgz 22142ms (cache miss)
2197 timing reifyNode:node_modules/@salesforce/cli/node_modules/@jsforce/jsforce-node/node_modules/agent-base Completed in 28102ms
2198 http fetch GET 200 https://registry.npmjs.org/async-listener/-/async-listener-0.6.10.tgz 24427ms (cache miss)
2199 timing reifyNode:node_modules/@salesforce/cli/node_modules/async-listener Completed in 28162ms
2200 http fetch GET 200 https://registry.npmjs.org/acorn/-/acorn-8.11.3.tgz 24259ms (cache miss)
2201 timing reifyNode:node_modules/@salesforce/cli/node_modules/acorn Completed in 28162ms
2202 http fetch GET 200 https://registry.npmjs.org/minimatch/-/minimatch-9.0.5.tgz 26391ms (cache miss)
2203 http fetch GET 200 https://registry.npmjs.org/chalk/-/chalk-5.6.2.tgz 22642ms (cache miss)
2204 timing reifyNode:node_modules/@salesforce/cli/node_modules/@salesforce/plugin-packaging/node_modules/chalk Completed in 28242ms
2205 http fetch GET 200 https://registry.npmjs.org/got/-/got-13.0.0.tgz 25525ms (cache miss)
2206 timing reifyNode:node_modules/@salesforce/cli/node_modules/got Completed in 28333ms
2207 http fetch GET 200 https://registry.npmjs.org/fast-xml-parser 21946ms (cache miss)
2208 timing metavuln:packument:fast-xml-parser Completed in 21950ms
2209 timing metavuln:load:security-advisory:fast-xml-parser:1113331 Completed in 2ms
2210 timing metavuln:load:security-advisory:fast-xml-parser:1113407 Completed in 6ms
2211 timing reifyNode:node_modules/@salesforce/cli/node_modules/minimatch Completed in 28462ms
2212 http fetch GET 200 https://registry.npmjs.org/hyperdyperid/-/hyperdyperid-1.2.0.tgz 25783ms (cache miss)
2213 http fetch GET 200 https://registry.npmjs.org/readable-stream/-/readable-stream-2.3.8.tgz 23423ms (cache miss)
2214 timing reifyNode:node_modules/@salesforce/cli/node_modules/jszip/node_modules/readable-stream Completed in 28493ms
2215 http fetch GET 200 https://registry.npmjs.org/@salesforce/plugin-info/-/plugin-info-3.4.101.tgz 24257ms (cache miss)
2216 http fetch GET 200 https://registry.npmjs.org/fast-copy/-/fast-copy-3.0.2.tgz 25397ms (cache miss)
2217 http fetch GET 200 https://registry.npmjs.org/@inquirer/type/-/type-1.5.3.tgz 23397ms (cache miss)
2218 timing reifyNode:node_modules/@salesforce/cli/node_modules/inquirer-autocomplete-standalone/node_modules/@inquirer/type Completed in 28543ms
2219 timing reifyNode:node_modules/@salesforce/cli/node_modules/@inquirer/select/node_modules/@inquirer/type Completed in 28481ms
2220 timing metavuln:cache:put:security-advisory:js-yaml:MQ5RokLIvrWmT8/NQU0dD+jQ+6pFslHlaXx1Z5q7mESITohR8AwLT525ddIc2KvKZYbB1p5yclW3kV4xeRYXEg== Completed in 1258ms
2221 timing metavuln:calculate:security-advisory:js-yaml:1112714 Completed in 22124ms
2222 timing metavuln:cache:put:security-advisory:js-yaml:621IdjBdZEeVoUcjWGl1jXN0jFDGaf7dIQMeaPVKf5MxqYprJztiOC0OHOUPVoayh7Cq/fTC8L5CqEb98qlE7w== Completed in 1256ms
2223 timing metavuln:calculate:security-advisory:js-yaml:1112715 Completed in 22124ms
2224 timing metavuln:cache:put:security-advisory:path-to-regexp:eAVJ+4jFRx9gKzVP7mZLY8/J2KG4QSRqgVtbj0vpOLOwoiweqxWzwg0qGaUDbrXV5Ll6ktZ3ClzomhEjt2XtPQ== Completed in 1217ms
2225 timing metavuln:calculate:security-advisory:path-to-regexp:1101849 Completed in 22124ms
2226 timing metavuln:cache:put:security-advisory:diff:cmN3sgM1griScD8P02we6C9YhO9LynGhHmzRv97NZQIOqDAFXsT/tai9o/JoEMtleOHYMn6C+AeY6IRcYC396w== Completed in 1211ms
2227 timing metavuln:calculate:security-advisory:diff:1112703 Completed in 22122ms
2228 timing metavuln:cache:put:security-advisory:diff:y6urLmZ5WIp65PfxoAKmEoPXhVzx7Pj3jdDnZZBGvOS9IcLDOkuLcJFE3GWOl1++pTI6Ap+fQ3SYSR2DJcxFlQ== Completed in 1207ms
2229 timing metavuln:calculate:security-advisory:diff:1112704 Completed in 22122ms
2230 timing reifyNode:node_modules/@salesforce/cli/node_modules/hyperdyperid Completed in 28607ms
2231 timing reifyNode:node_modules/@salesforce/cli/node_modules/@inquirer/password/node_modules/@inquirer/type Completed in 28550ms
2232 http fetch GET 200 https://registry.npmjs.org/@azure/opentelemetry-instrumentation-azure-sdk/-/opentelemetry-instrumentation-azure-sdk-1.0.0-beta.5.tgz 23883ms (cache miss)
2233 timing reifyNode:node_modules/@salesforce/cli/node_modules/@azure/opentelemetry-instrumentation-azure-sdk Completed in 28550ms
2234 http fetch GET 200 https://registry.npmjs.org/@inquirer/external-editor/-/external-editor-1.0.3.tgz 23966ms (cache miss)
2235 timing reifyNode:node_modules/@salesforce/cli/node_modules/@inquirer/external-editor Completed in 28582ms
2236 timing reifyNode:node_modules/@salesforce/cli/node_modules/@salesforce/plugin-info Completed in 28621ms
2237 timing reifyNode:node_modules/@salesforce/cli/node_modules/fast-copy Completed in 28683ms
2238 http fetch GET 200 https://registry.npmjs.org/emoji-regex/-/emoji-regex-9.2.2.tgz 22649ms (cache miss)
2239 timing reifyNode:node_modules/@salesforce/cli/node_modules/@isaacs/cliui/node_modules/emoji-regex Completed in 28633ms
2240 timing reifyNode:node_modules/@salesforce/cli/node_modules/@inquirer/input/node_modules/@inquirer/type Completed in 28635ms
2241 timing metavuln:cache:put:security-advisory:brace-expansion:KSrM2unYI8pnss0oN32iG2Yqvsj8phErvRKUBetMnZ1SCani4RB1noglwKVMKBPMlGeh/x9RJci/KiAeNgQKbg== Completed in 1444ms
2242 timing metavuln:calculate:security-advisory:brace-expansion:1105441 Completed in 22285ms
2243 timing metavuln:cache:put:security-advisory:brace-expansion:7IQMvcVTr+svbh5KCx4Kl6FQKJ1GciM03BnJAve/5WYJjUeRzKAIrStVpfachbl3T6a7o8nYlQEVG6Ih0TNXRg== Completed in 1442ms
2244 timing metavuln:calculate:security-advisory:brace-expansion:1105443 Completed in 22285ms
2245 timing metavuln:cache:put:security-advisory:brace-expansion:mClmYqWawCNXseeTBHWiIwZH/2CmFUqPCmosJIeOhAgD9z1v3SayhHAwaWVo8wmeKU/JN9VP4zDBeXaqy3Ay2A== Completed in 1430ms
2246 timing metavuln:calculate:security-advisory:brace-expansion:1105444 Completed in 22285ms
2247 timing metavuln:cache:put:security-advisory:path-to-regexp:TmkHz1g6xKc2pnDD1h6+ZDKMikxz0M1BBY/wyR9ER8446AKOUk6gXjoSR2douZ5enAllzNSKaynTW1H+LBi1CA== Completed in 1385ms
2248 timing metavuln:calculate:security-advisory:path-to-regexp:1101846 Completed in 22284ms
2249 timing metavuln:cache:put:security-advisory:diff:WDRCWSgxzKkNoCz+DR8/FpEGX6PQG4kO8YdqSRsTucbfkPIrb28g32C4dHmZYpbUdlO/ZBC5RaFTZQ7YJ/9Sww== Completed in 1366ms
2250 timing metavuln:calculate:security-advisory:diff:1112705 Completed in 22281ms
2251 timing reifyNode:node_modules/@salesforce/cli/node_modules/@inquirer/checkbox/node_modules/@inquirer/type Completed in 28669ms
2252 http fetch GET 200 https://registry.npmjs.org/@oclif/plugin-plugins/-/plugin-plugins-5.4.56.tgz 24272ms (cache miss)
2253 timing reifyNode:node_modules/@salesforce/cli/node_modules/@oclif/plugin-plugins Completed in 28708ms
2254 http fetch GET 200 https://registry.npmjs.org/jackspeak/-/jackspeak-4.1.1.tgz 23134ms (cache miss)
2255 timing reifyNode:node_modules/@salesforce/cli/node_modules/@salesforce/plugin-agent/node_modules/jackspeak Completed in 28758ms
2256 http fetch GET 200 https://registry.npmjs.org/undici-types/-/undici-types-7.8.0.tgz 23701ms (cache miss)
2257 timing reifyNode:node_modules/@salesforce/cli/node_modules/inquirer-autocomplete-standalone/node_modules/@types/mute-stream/node_modules/undici-types Completed in 28850ms
2258 timing reifyNode:node_modules/@salesforce/cli/node_modules/@inquirer/input/node_modules/signal-exit Completed in 28814ms
2259 timing metavuln:cache:put:security-advisory:markdown-it:745Vt4mrHCdT8gFHVh7oHROmP4aH4fErXXhbpeVBhtIHmsxTVI7P3rJSdfXZ1iZTBS6GEnTERL4OWUfc4Co9jQ== Completed in 1053ms
2260 timing metavuln:calculate:security-advisory:markdown-it:1113190 Completed in 22466ms
2261 timing metavuln:cache:put:security-advisory:minimatch:+xeb921dX+Wp/3JcZLhEpJ2KwaidnzitZ8+8zCivEStbXZEk+LqQ4FhxuC+2LDCM9aYDjPbfPcm9CDH7LF9rAQ== Completed in 1049ms
2262 timing metavuln:calculate:security-advisory:minimatch:1113371 Completed in 22471ms
2263 http fetch GET 200 https://registry.npmjs.org/pako/-/pako-1.0.11.tgz 27474ms (cache miss)
2264 timing reifyNode:node_modules/@salesforce/cli/node_modules/pako Completed in 28952ms
2265 timing reifyNode:node_modules/@salesforce/cli/node_modules/@inquirer/checkbox/node_modules/signal-exit Completed in 28863ms
2266 http fetch GET 200 https://registry.npmjs.org/type-fest/-/type-fest-0.21.3.tgz 23626ms (cache miss)
2267 timing metavuln:cache:put:security-advisory:glob:NTB2XjbDOgk4lkd8PZ3tUAm1F3E/ohGF6rl9/3LEO7Z0FDzSR5nWwzd3nUENA3NCNdyeR+35DOC12wPml2IV+g== Completed in 1033ms
2268 timing metavuln:calculate:security-advisory:glob:1109842 Completed in 22584ms
2269 http fetch GET 200 https://registry.npmjs.org/fast-glob/-/fast-glob-3.3.3.tgz 25928ms (cache miss)
2270 timing reifyNode:node_modules/@salesforce/cli/node_modules/fast-glob Completed in 29032ms
2271 timing metavuln:cache:put:security-advisory:tar:a2Rq633Fb450KrL5I+PBBip9RehJ6FtWDjNsehiUQQhfKxytiNr8LSDlXjQgxefFIJVCdcIimTEzMjwUrv3mRQ== Completed in 977ms
2272 timing metavuln:calculate:security-advisory:tar:1112329 Completed in 22628ms
2273 timing metavuln:cache:put:security-advisory:tar:cbwMpzkxWE086TmEbj2aUk80Z6hlvP0jzlWS+XiX15JwqEtFzUgHyHj3QX4I6EZYk8tgcYPuNr3hYFVCQY6e3Q== Completed in 951ms
2274 timing metavuln:calculate:security-advisory:tar:1113300 Completed in 22627ms
2275 timing metavuln:cache:put:security-advisory:tar:Bbf0Br7FJ1lJBIJDoLLFwjsDrbaYgLVqfrwr0ATzSQWEKW7Xp073S+5zxU9imRf4OqRJHo2MsCDeyKR0KRVsdA== Completed in 944ms
2276 timing metavuln:calculate:security-advisory:tar:1113375 Completed in 22627ms
2277 http fetch GET 200 https://registry.npmjs.org/pino-pretty/-/pino-pretty-11.3.0.tgz 27873ms (cache miss)
2278 timing reifyNode:node_modules/@salesforce/cli/node_modules/pino-pretty Completed in 29154ms
2279 timing reifyNode:node_modules/@salesforce/cli/node_modules/ansi-escapes/node_modules/type-fest Completed in 29094ms
2280 http fetch GET 200 https://registry.npmjs.org/readable-stream/-/readable-stream-4.5.2.tgz 24165ms (cache miss)
2281 timing reifyNode:node_modules/@salesforce/cli/node_modules/pino-pretty/node_modules/readable-stream Completed in 29194ms
2282 http fetch GET 200 https://registry.npmjs.org/async-hook-jl/-/async-hook-jl-1.7.6.tgz 25399ms (cache miss)
2283 timing reifyNode:node_modules/@salesforce/cli/node_modules/async-hook-jl Completed in 29136ms
2284 timing metavuln:cache:put:security-advisory:tar:qPQeYPFDBIedTWfYK3sbnScF6Ha7ouTs+wgndnz4PT5P+/K+GBD4epoPcYpXlu6AC7gSJlCJTJeuKbYAFoK9PA== Completed in 1115ms
2285 timing metavuln:calculate:security-advisory:tar:1112659 Completed in 22774ms
2286 http fetch GET 200 https://registry.npmjs.org/undici-types/-/undici-types-7.8.0.tgz 23844ms (cache miss)
2287 timing reifyNode:node_modules/@salesforce/cli/node_modules/@types/node/node_modules/undici-types Completed in 29196ms
2288 http fetch GET 200 https://registry.npmjs.org/ajv 22818ms (cache miss)
2289 timing metavuln:packument:ajv Completed in 22823ms
2290 timing metavuln:load:security-advisory:ajv:1113398 Completed in 29ms
2291 timing metavuln:load:security-advisory:ajv:1113399 Completed in 17ms
2292 timing metavuln:cache:put:security-advisory:fast-xml-parser:MVfbrDzAMZOE2NBnC99B+MUP/pJLOn+mrrW0s5lpAWrb2Z6nr3LhcGv1CX0Id2G54Rza6x+LpEtAGiirZB3MfQ== Completed in 921ms
2293 timing metavuln:calculate:security-advisory:fast-xml-parser:1113331 Completed in 22874ms
2294 timing metavuln:cache:put:security-advisory:fast-xml-parser:eQkFKUu6/vq78LRi0zvd2c1OZETN5ctpyyHLrHKYt2hed2mOdDHPlN/7mQhJLsNuli2sM0/MjG5HQ8faNpAuRw== Completed in 914ms
2295 timing metavuln:calculate:security-advisory:fast-xml-parser:1113407 Completed in 22872ms
2296 http fetch GET 200 https://registry.npmjs.org/@salesforce/plugin-trust/-/plugin-trust-3.7.113.tgz 25261ms (cache miss)
2297 timing reifyNode:node_modules/@salesforce/cli/node_modules/@salesforce/plugin-trust Completed in 29387ms
2298 http fetch GET 200 https://registry.npmjs.org/@salesforce/sf-plugins-core/-/sf-plugins-core-12.2.6.tgz 25309ms (cache miss)
2299 timing reifyNode:node_modules/@salesforce/cli/node_modules/@salesforce/sf-plugins-core Completed in 29413ms
2300 http fetch GET 200 https://registry.npmjs.org/@inquirer/type/-/type-1.5.3.tgz 23302ms (cache miss)
2301 timing reifyNode:node_modules/@salesforce/cli/node_modules/@inquirer/confirm/node_modules/@inquirer/type Completed in 29440ms
2302 http fetch GET 200 https://registry.npmjs.org/fdir/-/fdir-6.4.5.tgz 24600ms (cache miss)
2303 timing reifyNode:node_modules/@salesforce/cli/node_modules/tinyglobby/node_modules/fdir Completed in 29593ms
2304 http fetch GET 200 https://registry.npmjs.org/signal-exit/-/signal-exit-4.1.0.tgz 23658ms (cache miss)
2305 timing reifyNode:node_modules/@salesforce/cli/node_modules/@inquirer/select/node_modules/signal-exit Completed in 29651ms
2306 timing reifyNode:node_modules/@salesforce/cli/node_modules/@azure/abort-controller Completed in 29721ms
2307 http fetch GET 200 https://registry.npmjs.org/type-fest/-/type-fest-1.4.0.tgz 24991ms (cache miss)
2308 http fetch GET 200 https://registry.npmjs.org/@salesforce/ts-types/-/ts-types-2.0.12.tgz 25824ms (cache miss)
2309 timing reifyNode:node_modules/@salesforce/cli/node_modules/@salesforce/ts-types Completed in 29904ms
2310 http fetch GET 200 https://registry.npmjs.org/undici-types/-/undici-types-6.19.8.tgz 23941ms (cache miss)
2311 timing reifyNode:node_modules/@salesforce/cli/node_modules/@inquirer/password/node_modules/undici-types Completed in 29985ms
2312 http fetch GET 200 https://registry.npmjs.org/signal-exit/-/signal-exit-4.1.0.tgz 23934ms (cache miss)
2313 timing reifyNode:node_modules/@salesforce/cli/node_modules/@inquirer/password/node_modules/signal-exit Completed in 29992ms
2314 http fetch GET 200 https://registry.npmjs.org/@inquirer/core/-/core-3.1.2.tgz 25002ms (cache miss)
2315 timing reifyNode:node_modules/@salesforce/cli/node_modules/inquirer-autocomplete-standalone/node_modules/@inquirer/core Completed in 30156ms
2316 http fetch GET 200 https://registry.npmjs.org/path-scurry/-/path-scurry-2.0.1.tgz 24499ms (cache miss)
2317 timing reifyNode:node_modules/@salesforce/cli/node_modules/@salesforce/plugin-agent/node_modules/path-scurry Completed in 30112ms
2318 timing reifyNode:node_modules/@salesforce/cli/node_modules/terminal-link/node_modules/type-fest Completed in 30241ms
2319 http fetch GET 200 https://registry.npmjs.org/@jsonjoy.com/base64/-/base64-1.1.2.tgz 25619ms (cache miss)
2320 timing reifyNode:node_modules/@salesforce/cli/node_modules/@jsonjoy.com/base64 Completed in 30139ms
2321 http fetch GET 200 https://registry.npmjs.org/signal-exit/-/signal-exit-4.1.0.tgz 24052ms (cache miss)
2322 timing reifyNode:node_modules/@salesforce/cli/node_modules/@inquirer/core/node_modules/signal-exit Completed in 30160ms
2323 http fetch GET 200 https://registry.npmjs.org/signal-exit/-/signal-exit-4.1.0.tgz 24065ms (cache miss)
2324 timing reifyNode:node_modules/@salesforce/cli/node_modules/@inquirer/confirm/node_modules/signal-exit Completed in 30180ms
2325 http fetch GET 200 https://registry.npmjs.org/@salesforce/plugin-settings/-/plugin-settings-2.4.55.tgz 26063ms (cache miss)
2326 timing reifyNode:node_modules/@salesforce/cli/node_modules/@salesforce/plugin-settings Completed in 30220ms
2327 http fetch GET 200 https://registry.npmjs.org/csstype/-/csstype-3.1.3.tgz 26915ms (cache miss)
2328 timing reifyNode:node_modules/@salesforce/cli/node_modules/csstype Completed in 30326ms
2329 http fetch GET 200 https://registry.npmjs.org/@salesforce/plugin-auth/-/plugin-auth-4.1.5.tgz 26085ms (cache miss)
2330 timing reifyNode:node_modules/@salesforce/cli/node_modules/@salesforce/plugin-auth Completed in 30300ms
2331 http fetch GET 200 https://registry.npmjs.org/iconv-lite/-/iconv-lite-0.6.3.tgz 25160ms (cache miss)
2332 timing reifyNode:node_modules/@salesforce/cli/node_modules/encoding/node_modules/iconv-lite Completed in 30423ms
2333 http fetch GET 200 https://registry.npmjs.org/readable-stream/-/readable-stream-4.5.2.tgz 24741ms (cache miss)
2334 timing reifyNode:node_modules/@salesforce/cli/node_modules/@salesforce/core/node_modules/readable-stream Completed in 30393ms
2335 http fetch GET 200 https://registry.npmjs.org/undici-types/-/undici-types-6.19.8.tgz 24393ms (cache miss)
2336 timing reifyNode:node_modules/@salesforce/cli/node_modules/@inquirer/select/node_modules/undici-types Completed in 30383ms
2337 http fetch GET 200 https://registry.npmjs.org/undici-types/-/undici-types-6.19.8.tgz 24247ms (cache miss)
2338 timing reifyNode:node_modules/@salesforce/cli/node_modules/@inquirer/checkbox/node_modules/undici-types Completed in 30391ms
2339 timing metavuln:cache:put:security-advisory:ajv:+2CBbCDmDFKLlSS/GZlcs78wKq4NOVVunNLze6Q0wHtVHXi9T4GsWCuXquisL+hGlEr0GW/fBA3yoR/dw16/JA== Completed in 1272ms
2340 timing metavuln:calculate:security-advisory:ajv:1113399 Completed in 24141ms
2341 timing metavuln:cache:put:security-advisory:ajv:PjXiSerj5jWppXbqF7cYMhpisBmE6peUmq9y42++QSPyrVQcIBmWC6nUinHwYsYqWfPZqhO5FtQoJxMO/OuJBw== Completed in 1291ms
2342 timing metavuln:calculate:security-advisory:ajv:1113398 Completed in 24143ms
2343 http fetch GET 200 https://registry.npmjs.org/istanbul-reports/-/istanbul-reports-3.2.0.tgz 28184ms (cache miss)
2344 http fetch GET 200 https://registry.npmjs.org/undici-types/-/undici-types-6.19.8.tgz 24476ms (cache miss)
2345 timing reifyNode:node_modules/@salesforce/cli/node_modules/@inquirer/input/node_modules/undici-types Completed in 30559ms
2346 http fetch GET 200 https://registry.npmjs.org/undici-types/-/undici-types-6.19.8.tgz 24496ms (cache miss)
2347 timing reifyNode:node_modules/@salesforce/cli/node_modules/@inquirer/confirm/node_modules/undici-types Completed in 30608ms
2348 http fetch GET 200 https://registry.npmjs.org/@salesforce/source-tracking/-/source-tracking-7.8.0.tgz 26581ms (cache miss)
2349 timing reifyNode:node_modules/@salesforce/cli/node_modules/@salesforce/source-tracking Completed in 30679ms
2350 http fetch GET 200 https://registry.npmjs.org/@salesforce/plugin-sobject/-/plugin-sobject-1.4.82.tgz 26566ms (cache miss)
2351 timing reifyNode:node_modules/@salesforce/cli/node_modules/istanbul-reports Completed in 30794ms
2352 http fetch GET 200 https://registry.npmjs.org/ast-types/-/ast-types-0.13.4.tgz 27032ms (cache miss)
2353 http fetch GET 200 https://registry.npmjs.org/csv-stringify/-/csv-stringify-6.6.0.tgz 27468ms (cache miss)
2354 timing reifyNode:node_modules/@salesforce/cli/node_modules/csv-stringify Completed in 30840ms
2355 timing reifyNode:node_modules/@salesforce/cli/node_modules/@salesforce/plugin-sobject Completed in 30834ms
2356 timing reifyNode:node_modules/@salesforce/cli/node_modules/ast-types Completed in 30904ms
2357 http fetch GET 200 https://registry.npmjs.org/@salesforce/agents/-/agents-0.22.6.tgz 26669ms (cache miss)
2358 timing reifyNode:node_modules/@salesforce/cli/node_modules/@salesforce/agents Completed in 30942ms
2359 http fetch GET 200 https://registry.npmjs.org/@salesforce/sf-plugins-core/-/sf-plugins-core-11.3.12.tgz 25410ms (cache miss)
2360 timing reifyNode:node_modules/@salesforce/cli/node_modules/@salesforce/plugin-sobject/node_modules/@salesforce/sf-plugins-core Completed in 30977ms
2361 http fetch GET 200 https://registry.npmjs.org/got/-/got-11.8.6.tgz 25713ms (cache miss)
2362 http fetch GET 200 https://registry.npmjs.org/@salesforce/sf-plugins-core/-/sf-plugins-core-11.3.12.tgz 25523ms (cache miss)
2363 timing reifyNode:node_modules/@salesforce/cli/node_modules/@salesforce/plugin-schema/node_modules/@salesforce/sf-plugins-core Completed in 31119ms
2364 http fetch GET 200 https://registry.npmjs.org/@azure/logger/-/logger-1.1.2.tgz 26430ms (cache miss)
2365 timing reifyNode:node_modules/@salesforce/cli/node_modules/@azure/logger Completed in 31101ms
2366 http fetch GET 200 https://registry.npmjs.org/got/-/got-11.8.6.tgz 25758ms (cache miss)
2367 timing reifyNode:node_modules/@salesforce/cli/node_modules/@salesforce/templates/node_modules/got Completed in 31284ms
2368 http fetch GET 200 https://registry.npmjs.org/mnemonist/-/mnemonist-0.39.8.tgz 29631ms (cache miss)
2369 timing reifyNode:node_modules/@salesforce/cli/node_modules/@salesforce/telemetry/node_modules/got Completed in 31426ms
2370 timing reifyNode:node_modules/@salesforce/cli/node_modules/mnemonist Completed in 31614ms
2371 http fetch GET 200 https://registry.npmjs.org/lru-cache/-/lru-cache-11.2.4.tgz 25969ms (cache miss)
2372 timing reifyNode:node_modules/@salesforce/cli/node_modules/@salesforce/plugin-agent/node_modules/lru-cache Completed in 31588ms
2373 http fetch GET 200 https://registry.npmjs.org/jszip/-/jszip-3.10.1.tgz 29401ms (cache miss)
2374 timing reifyNode:node_modules/@salesforce/cli/node_modules/jszip Completed in 31678ms
2375 http fetch GET 200 https://registry.npmjs.org/got/-/got-11.8.6.tgz 26113ms (cache miss)
2376 timing reifyNode:node_modules/@salesforce/cli/node_modules/@salesforce/source-deploy-retrieve/node_modules/got Completed in 31632ms
2377 http fetch GET 200 https://registry.npmjs.org/minimatch/-/minimatch-10.1.1.tgz 26118ms (cache miss)
2378 http fetch GET 200 https://registry.npmjs.org/@salesforce/plugin-templates/-/plugin-templates-56.4.7.tgz 27640ms (cache miss)
2379 timing reifyNode:node_modules/@salesforce/cli/node_modules/@salesforce/plugin-agent/node_modules/minimatch Completed in 31772ms
2380 timing reifyNode:node_modules/@salesforce/cli/node_modules/@salesforce/plugin-templates Completed in 31840ms
2381 http fetch GET 200 https://registry.npmjs.org/faye/-/faye-1.4.1.tgz 28883ms (cache miss)
2382 timing reifyNode:node_modules/@salesforce/cli/node_modules/faye Completed in 31924ms
2383 http fetch GET 200 https://registry.npmjs.org/@salesforce/plugin-apex/-/plugin-apex-3.9.6.tgz 27705ms (cache miss)
2384 http fetch GET 200 https://registry.npmjs.org/fast-xml-parser/-/fast-xml-parser-5.3.5.tgz 28933ms (cache miss)
2385 timing reifyNode:node_modules/@salesforce/cli/node_modules/fast-xml-parser Completed in 31993ms
2386 timing reifyNode:node_modules/@salesforce/cli/node_modules/@salesforce/plugin-apex Completed in 32055ms
2387 http fetch GET 200 https://registry.npmjs.org/@inquirer/core/-/core-10.3.2.tgz 27456ms (cache miss)
2388 timing reifyNode:node_modules/@salesforce/cli/node_modules/@inquirer/core Completed in 32094ms
2389 http fetch GET 200 https://registry.npmjs.org/csv-parse/-/csv-parse-5.6.0.tgz 28867ms (cache miss)
2390 timing reifyNode:node_modules/@salesforce/cli/node_modules/csv-parse Completed in 32286ms
2391 http fetch GET 200 https://registry.npmjs.org/glob/-/glob-11.1.0.tgz 26966ms (cache miss)
2392 timing reifyNode:node_modules/@salesforce/cli/node_modules/@salesforce/plugin-agent/node_modules/glob Completed in 32604ms
2393 http fetch GET 200 https://registry.npmjs.org/@salesforce/plugin-user/-/plugin-user-3.6.49.tgz 28574ms (cache miss)
2394 timing reifyNode:node_modules/@salesforce/cli/node_modules/@salesforce/plugin-user Completed in 32700ms
2395 http fetch GET 200 https://registry.npmjs.org/ink/-/ink-5.0.1.tgz 30175ms (cache miss)
2396 timing reifyNode:node_modules/@salesforce/cli/node_modules/ink Completed in 32773ms
2397 http fetch GET 200 https://registry.npmjs.org/@salesforce/packaging/-/packaging-4.20.1.tgz 28544ms (cache miss)
2398 timing reifyNode:node_modules/@salesforce/cli/node_modules/@salesforce/packaging Completed in 32787ms
2399 http fetch GET 200 https://registry.npmjs.org/web-vitals/-/web-vitals-4.2.4.tgz 32282ms (cache miss)
2400 http fetch GET 200 https://registry.npmjs.org/fast-xml-parser/-/fast-xml-parser-4.5.3.tgz 27395ms (cache miss)
2401 timing reifyNode:node_modules/@salesforce/cli/node_modules/@salesforce/source-tracking/node_modules/fast-xml-parser Completed in 32890ms
2402 timing reifyNode:node_modules/@salesforce/cli/node_modules/web-vitals Completed in 33028ms
2403 http fetch GET 200 https://registry.npmjs.org/@azure/core-tracing/-/core-tracing-1.1.2.tgz 28221ms (cache miss)
2404 timing reifyNode:node_modules/@salesforce/cli/node_modules/@azure/core-tracing Completed in 32910ms
2405 http fetch GET 200 https://registry.npmjs.org/@jsonjoy.com/buffers/-/buffers-1.0.0.tgz 28499ms (cache miss)
2406 timing reifyNode:node_modules/@salesforce/cli/node_modules/@jsonjoy.com/buffers Completed in 33084ms
2407 http fetch GET 200 https://registry.npmjs.org/resolve/-/resolve-1.22.8.tgz 32372ms (cache miss)
2408 timing reifyNode:node_modules/@salesforce/cli/node_modules/resolve Completed in 33548ms
2409 http fetch GET 200 https://registry.npmjs.org/@azure/core-auth/-/core-auth-1.7.2.tgz 28759ms (cache miss)
2410 timing reifyNode:node_modules/@salesforce/cli/node_modules/@azure/core-auth Completed in 33455ms
2411 http fetch GET 200 https://registry.npmjs.org/@inquirer/core/-/core-9.1.0.tgz 27422ms (cache miss)
2412 timing reifyNode:node_modules/@salesforce/cli/node_modules/@inquirer/input/node_modules/@inquirer/core Completed in 33574ms
2413 http fetch GET 200 https://registry.npmjs.org/@inquirer/core/-/core-9.1.0.tgz 27747ms (cache miss)
2414 timing reifyNode:node_modules/@salesforce/cli/node_modules/@inquirer/password/node_modules/@inquirer/core Completed in 33816ms
2415 http fetch GET 200 https://registry.npmjs.org/graphology/-/graphology-0.26.0.tgz 31215ms (cache miss)
2416 timing reifyNode:node_modules/@salesforce/cli/node_modules/graphology Completed in 34016ms
2417 http fetch GET 200 https://registry.npmjs.org/@inquirer/core/-/core-9.1.0.tgz 27955ms (cache miss)
2418 timing reifyNode:node_modules/@salesforce/cli/node_modules/@inquirer/select/node_modules/@inquirer/core Completed in 33968ms
2419 http fetch GET 200 https://registry.npmjs.org/@inquirer/core/-/core-9.1.0.tgz 27922ms (cache miss)
2420 timing reifyNode:node_modules/@salesforce/cli/node_modules/@inquirer/confirm/node_modules/@inquirer/core Completed in 34055ms
2421 http fetch GET 200 https://registry.npmjs.org/@inquirer/core/-/core-9.1.0.tgz 27973ms (cache miss)
2422 timing reifyNode:node_modules/@salesforce/cli/node_modules/@inquirer/checkbox/node_modules/@inquirer/core Completed in 34139ms
2423 http fetch GET 200 https://registry.npmjs.org/xml2js/-/xml2js-0.6.2.tgz 33788ms (cache miss)
2424 timing reifyNode:node_modules/@salesforce/cli/node_modules/xml2js Completed in 34336ms
2425 http fetch GET 200 https://registry.npmjs.org/async/-/async-3.2.5.tgz 30639ms (cache miss)
2426 timing reifyNode:node_modules/@salesforce/cli/node_modules/async Completed in 34381ms
2427 http fetch GET 200 https://registry.npmjs.org/@salesforce/plugin-agent/-/plugin-agent-1.29.0.tgz 30258ms (cache miss)
2428 http fetch GET 200 https://registry.npmjs.org/@salesforce/plugin-org/-/plugin-org-5.9.66.tgz 30432ms (cache miss)
2429 timing reifyNode:node_modules/@salesforce/cli/node_modules/@salesforce/plugin-org Completed in 34617ms
2430 timing reifyNode:node_modules/@salesforce/cli/node_modules/@salesforce/plugin-agent Completed in 34705ms
2431 http fetch GET 200 https://registry.npmjs.org/type-fest/-/type-fest-4.41.0.tgz 29767ms (cache miss)
2432 http fetch GET 200 https://registry.npmjs.org/@opentelemetry/semantic-conventions/-/semantic-conventions-1.23.0.tgz 30510ms (cache miss)
2433 http fetch GET 200 https://registry.npmjs.org/type-fest/-/type-fest-4.41.0.tgz 29767ms (cache miss)
2434 timing reifyNode:node_modules/@salesforce/cli/node_modules/ink-text-input/node_modules/type-fest Completed in 35023ms
2435 timing reifyNode:node_modules/@salesforce/cli/node_modules/@opentelemetry/semantic-conventions Completed in 34964ms
2436 http fetch GET 200 https://registry.npmjs.org/@salesforce/types/-/types-1.6.0.tgz 30962ms (cache miss)
2437 timing reifyNode:node_modules/@salesforce/cli/node_modules/@salesforce/types Completed in 35039ms
2438 timing reifyNode:node_modules/@salesforce/cli/node_modules/ink/node_modules/type-fest Completed in 35090ms
2439 http fetch GET 200 https://registry.npmjs.org/@tootallnate/quickjs-emscripten/-/quickjs-emscripten-0.23.0.tgz 31062ms (cache miss)
2440 timing reifyNode:node_modules/@salesforce/cli/node_modules/@tootallnate/quickjs-emscripten Completed in 35129ms
2441 http fetch GET 200 https://registry.npmjs.org/@salesforce/apex-node/-/apex-node-8.4.2.tgz 30926ms (cache miss)
2442 timing reifyNode:node_modules/@salesforce/cli/node_modules/@salesforce/apex-node Completed in 35194ms
2443 http fetch GET 200 https://registry.npmjs.org/@oclif/core/-/core-4.8.0.tgz 30868ms (cache miss)
2444 http fetch GET 200 https://registry.npmjs.org/@types/node/-/node-20.14.13.tgz 30300ms (cache miss)
2445 timing reifyNode:node_modules/@salesforce/cli/node_modules/inquirer-autocomplete-standalone/node_modules/@types/node Completed in 35425ms
2446 timing reifyNode:node_modules/@salesforce/cli/node_modules/@oclif/core Completed in 35390ms
2447 http fetch GET 200 https://registry.npmjs.org/@opentelemetry/instrumentation/-/instrumentation-0.41.2.tgz 31183ms (cache miss)
2448 timing reifyNode:node_modules/@salesforce/cli/node_modules/@opentelemetry/instrumentation Completed in 35566ms
2449 http fetch GET 200 https://registry.npmjs.org/@types/node/-/node-24.1.0.tgz 31760ms (cache miss)
2450 http fetch GET 200 https://registry.npmjs.org/@types/node/-/node-24.1.0.tgz 30678ms (cache miss)
2451 timing reifyNode:node_modules/@salesforce/cli/node_modules/@types/node Completed in 35793ms
2452 timing reifyNode:node_modules/@salesforce/cli/node_modules/inquirer-autocomplete-standalone/node_modules/@types/mute-stream/node_modules/@types/node Completed in 35872ms
2453 http fetch GET 200 https://registry.npmjs.org/@salesforce/plugin-data/-/plugin-data-4.0.68.tgz 31610ms (cache miss)
2454 timing reifyNode:node_modules/@salesforce/cli/node_modules/@salesforce/plugin-data Completed in 35821ms
2455 http fetch GET 200 https://registry.npmjs.org/@jsonjoy.com/util/-/util-1.9.0.tgz 31334ms (cache miss)
2456 timing reifyNode:node_modules/@salesforce/cli/node_modules/@jsonjoy.com/util Completed in 35840ms
2457 http fetch GET 200 https://registry.npmjs.org/@types/node/-/node-22.5.4.tgz 29849ms (cache miss)
2458 timing reifyNode:node_modules/@salesforce/cli/node_modules/@inquirer/select/node_modules/@types/node Completed in 35845ms
2459 http fetch GET 200 https://registry.npmjs.org/@types/node/-/node-22.5.4.tgz 29734ms (cache miss)
2460 timing reifyNode:node_modules/@salesforce/cli/node_modules/@inquirer/confirm/node_modules/@types/node Completed in 35864ms
2461 http fetch GET 200 https://registry.npmjs.org/@types/node/-/node-22.5.4.tgz 29822ms (cache miss)
2462 timing reifyNode:node_modules/@salesforce/cli/node_modules/@inquirer/password/node_modules/@types/node Completed in 35884ms
2463 http fetch GET 200 https://registry.npmjs.org/@types/node/-/node-22.5.4.tgz 29822ms (cache miss)
2464 timing reifyNode:node_modules/@salesforce/cli/node_modules/@inquirer/input/node_modules/@types/node Completed in 35910ms
2465 http fetch GET 200 https://registry.npmjs.org/protobufjs/-/protobufjs-7.2.6.tgz 34835ms (cache miss)
2466 timing reifyNode:node_modules/@salesforce/cli/node_modules/protobufjs Completed in 36062ms
2467 http fetch GET 200 https://registry.npmjs.org/@types/node/-/node-22.5.4.tgz 29837ms (cache miss)
2468 timing reifyNode:node_modules/@salesforce/cli/node_modules/@inquirer/checkbox/node_modules/@types/node Completed in 35981ms
2469 http fetch GET 200 https://registry.npmjs.org/pino/-/pino-9.7.0.tgz 35170ms (cache miss)
2470 timing reifyNode:node_modules/@salesforce/cli/node_modules/pino Completed in 36475ms
2471 http fetch GET 200 https://registry.npmjs.org/@azure/core-util/-/core-util-1.9.2.tgz 31727ms (cache miss)
2472 timing reifyNode:node_modules/@salesforce/cli/node_modules/@azure/core-util Completed in 36440ms
2473 http fetch GET 200 https://registry.npmjs.org/aws-sdk 30255ms (cache miss)
2474 timing metavuln:packument:aws-sdk Completed in 30317ms
2475 timing metavuln:load:security-advisory:aws-sdk:1111997 Completed in 113ms
2476 http fetch GET 200 https://registry.npmjs.org/@salesforce/plugin-deploy-retrieve/-/plugin-deploy-retrieve-3.24.8.tgz 32675ms (cache miss)
2477 timing reifyNode:node_modules/@salesforce/cli/node_modules/@salesforce/plugin-deploy-retrieve Completed in 36914ms
2478 http fetch GET 200 https://registry.npmjs.org/@jsforce/jsforce-node/-/jsforce-node-3.10.13.tgz 32435ms (cache miss)
2479 timing reifyNode:node_modules/@salesforce/cli/node_modules/@jsforce/jsforce-node Completed in 36974ms
2480 timing metavuln:cache:put:security-advisory:aws-sdk:Y+lmIsU2vaaeO3MasQQlnuvQIrpCao7b8encqia+WwXWZghe2aKtLJwnj7mn2LffriI1H0XNiHTaarGafqglbw== Completed in 190ms
2481 timing metavuln:calculate:security-advisory:aws-sdk:1111997 Completed in 30655ms
2482 timing metavuln:packument:@salesforce/plugin-agent Completed in 24ms
2483 timing metavuln:packument:@salesforce/plugin-sobject Completed in 24ms
2484 timing metavuln:cache:get:security-advisory:@aws-sdk/xml-builder:k7hfdMTwLCDG+9FNsE/D0+CmdHaPa3sdAjjktMlqm1TAZ+11wOdLk/OXUJ0ZI431i+rASknPu9xE5jESWuLJcA== Completed in 73ms
2485 timing metavuln:cache:get:security-advisory:@salesforce/source-tracking:1+YCNBPnnD8KsRJsY8NwXts6fCzkwlJv63OKX9A/FZNBLCgONhuGITQaV0UGxsob5lhYrciQ2SWgHYtoWklNLw== Completed in 70ms
2486 timing metavuln:cache:get:security-advisory:@salesforce/agents:1LHoDvTg99TyIZ7uTUlsbGshbh8FScrAOfJW+Ksru/d2FkOoI51kJl7g4Zhh51QlI0c2bNg30btCOf4Bm7cfJw== Completed in 70ms
2487 timing metavuln:cache:get:security-advisory:@salesforce/packaging:rvV8xO8mGpFz5BpD3tf2wnMcgYhk4mkBgR6KTfvIA0s/EMRXPRrl33J+BUJVS+k3dTn9Wp5NtrjfpL0tOv0eTw== Completed in 69ms
2488 timing metavuln:cache:get:security-advisory:@salesforce/plugin-agent:uPPLYG3MTZvlyICCfPhXzEo+vkqQNQDZesho1r+H4zuEuy2jK2+kkFje/ZS2eb39wQdHJDUG4fOXHbK1iWTFng== Completed in 68ms
2489 timing metavuln:load:security-advisory:@salesforce/plugin-agent:MVfbrDzAMZOE2NBnC99B+MUP/pJLOn+mrrW0s5lpAWrb2Z6nr3LhcGv1CX0Id2G54Rza6x+LpEtAGiirZB3MfQ== Completed in 46ms
2490 timing metavuln:cache:get:security-advisory:@salesforce/plugin-sobject:u5FWQIvBuSnwaLDm2UX19BYuEfGhl4IzLmBxsi+GZ5Zj6BlnU6D8USDMucksflge3lfH1mEMlg/cxBnh0kUXLQ== Completed in 114ms
2491 timing metavuln:load:security-advisory:@salesforce/plugin-sobject:MVfbrDzAMZOE2NBnC99B+MUP/pJLOn+mrrW0s5lpAWrb2Z6nr3LhcGv1CX0Id2G54Rza6x+LpEtAGiirZB3MfQ== Completed in 66ms
2492 timing metavuln:cache:get:security-advisory:@salesforce/source-deploy-retrieve:dXmoCiDN7UV0jn1UDl7BedeTMNx2EltCglSzct1RTIWkU9//0qQMPGvQmRP0z/ai5WqbKau7QTd3RpGGBwIn4Q== Completed in 182ms
2493 http fetch GET 200 https://registry.npmjs.org/yaml/-/yaml-2.8.2.tgz 36857ms (cache miss)
2494 timing reifyNode:node_modules/@salesforce/cli/node_modules/yaml Completed in 37383ms
2495 http fetch GET 200 https://registry.npmjs.org/yarn/-/yarn-1.22.22.tgz 36304ms (cache miss)
2496 timing reifyNode:node_modules/@salesforce/cli/node_modules/yarn Completed in 37392ms
2497 http fetch GET 200 https://registry.npmjs.org/@salesforce/core/-/core-8.25.1.tgz 33157ms (cache miss)
2498 timing metavuln:cache:put:security-advisory:@salesforce/plugin-sobject:u5FWQIvBuSnwaLDm2UX19BYuEfGhl4IzLmBxsi+GZ5Zj6BlnU6D8USDMucksflge3lfH1mEMlg/cxBnh0kUXLQ== Completed in 226ms
2499 timing metavuln:calculate:security-advisory:@salesforce/plugin-sobject:MVfbrDzAMZOE2NBnC99B+MUP/pJLOn+mrrW0s5lpAWrb2Z6nr3LhcGv1CX0Id2G54Rza6x+LpEtAGiirZB3MfQ== Completed in 407ms
2500 timing metavuln:cache:put:security-advisory:@salesforce/plugin-agent:uPPLYG3MTZvlyICCfPhXzEo+vkqQNQDZesho1r+H4zuEuy2jK2+kkFje/ZS2eb39wQdHJDUG4fOXHbK1iWTFng== Completed in 293ms
2501 timing metavuln:calculate:security-advisory:@salesforce/plugin-agent:MVfbrDzAMZOE2NBnC99B+MUP/pJLOn+mrrW0s5lpAWrb2Z6nr3LhcGv1CX0Id2G54Rza6x+LpEtAGiirZB3MfQ== Completed in 407ms
2502 timing reifyNode:node_modules/@salesforce/cli/node_modules/@salesforce/core Completed in 37462ms
2503 http fetch GET 200 https://registry.npmjs.org/@salesforce/plugin-packaging/-/plugin-packaging-2.25.1.tgz 33371ms (cache miss)
2504 timing reifyNode:node_modules/@salesforce/cli/node_modules/@salesforce/plugin-packaging Completed in 37560ms
2505 http fetch GET 200 https://registry.npmjs.org/@jsonjoy.com/json-pack/-/json-pack-1.10.0.tgz 33207ms (cache miss)
2506 http fetch GET 200 https://registry.npmjs.org/tar/-/tar-7.5.6.tgz 32449ms (cache miss)
2507 timing reifyNode:node_modules/@salesforce/cli/node_modules/@salesforce/templates/node_modules/tar Completed in 37823ms
2508 timing reifyNode:node_modules/@salesforce/cli/node_modules/@jsonjoy.com/json-pack Completed in 37797ms
2509 http fetch GET 200 https://registry.npmjs.org/memfs/-/memfs-4.36.0.tgz 36093ms (cache miss)
2510 http fetch GET 200 https://registry.npmjs.org/@salesforce%2fagents 1013ms (cache miss)
2511 timing metavuln:packument:@salesforce/agents Completed in 1016ms
2512 timing metavuln:load:security-advisory:@salesforce/agents:MVfbrDzAMZOE2NBnC99B+MUP/pJLOn+mrrW0s5lpAWrb2Z6nr3LhcGv1CX0Id2G54Rza6x+LpEtAGiirZB3MfQ== Completed in 23ms
2513 timing reifyNode:node_modules/@salesforce/cli/node_modules/memfs Completed in 38156ms
2514 http fetch GET 200 https://registry.npmjs.org/isomorphic-git/-/isomorphic-git-1.34.2.tgz 35760ms (cache miss)
2515 timing reifyNode:node_modules/@salesforce/cli/node_modules/isomorphic-git Completed in 38203ms
2516 http fetch GET 200 https://registry.npmjs.org/@aws-sdk%2fxml-builder 1137ms (cache miss)
2517 timing metavuln:packument:@aws-sdk/xml-builder Completed in 1140ms
2518 timing metavuln:load:security-advisory:@aws-sdk/xml-builder:MVfbrDzAMZOE2NBnC99B+MUP/pJLOn+mrrW0s5lpAWrb2Z6nr3LhcGv1CX0Id2G54Rza6x+LpEtAGiirZB3MfQ== Completed in 4ms
2519 http fetch GET 200 https://registry.npmjs.org/@salesforce/templates/-/templates-65.4.4.tgz 34139ms (cache miss)
2520 timing reifyNode:node_modules/@salesforce/cli/node_modules/@salesforce/templates Completed in 38257ms
2521 timing metavuln:cache:put:security-advisory:@salesforce/agents:1LHoDvTg99TyIZ7uTUlsbGshbh8FScrAOfJW+Ksru/d2FkOoI51kJl7g4Zhh51QlI0c2bNg30btCOf4Bm7cfJw== Completed in 186ms
2522 timing metavuln:calculate:security-advisory:@salesforce/agents:MVfbrDzAMZOE2NBnC99B+MUP/pJLOn+mrrW0s5lpAWrb2Z6nr3LhcGv1CX0Id2G54Rza6x+LpEtAGiirZB3MfQ== Completed in 1225ms
2523 timing metavuln:cache:put:security-advisory:@aws-sdk/xml-builder:k7hfdMTwLCDG+9FNsE/D0+CmdHaPa3sdAjjktMlqm1TAZ+11wOdLk/OXUJ0ZI431i+rASknPu9xE5jESWuLJcA== Completed in 112ms
2524 timing metavuln:calculate:security-advisory:@aws-sdk/xml-builder:MVfbrDzAMZOE2NBnC99B+MUP/pJLOn+mrrW0s5lpAWrb2Z6nr3LhcGv1CX0Id2G54Rza6x+LpEtAGiirZB3MfQ== Completed in 1257ms
2525 http fetch GET 200 https://registry.npmjs.org/@salesforce%2fsource-tracking 1320ms (cache miss)
2526 timing metavuln:packument:@salesforce/source-tracking Completed in 1323ms
2527 timing metavuln:load:security-advisory:@salesforce/source-tracking:MVfbrDzAMZOE2NBnC99B+MUP/pJLOn+mrrW0s5lpAWrb2Z6nr3LhcGv1CX0Id2G54Rza6x+LpEtAGiirZB3MfQ== Completed in 14ms
2528 timing metavuln:cache:put:security-advisory:@salesforce/source-tracking:1+YCNBPnnD8KsRJsY8NwXts6fCzkwlJv63OKX9A/FZNBLCgONhuGITQaV0UGxsob5lhYrciQ2SWgHYtoWklNLw== Completed in 167ms
2529 timing metavuln:calculate:security-advisory:@salesforce/source-tracking:MVfbrDzAMZOE2NBnC99B+MUP/pJLOn+mrrW0s5lpAWrb2Z6nr3LhcGv1CX0Id2G54Rza6x+LpEtAGiirZB3MfQ== Completed in 1504ms
2530 http fetch GET 200 https://registry.npmjs.org/@salesforce/source-deploy-retrieve/-/source-deploy-retrieve-12.31.11.tgz 34502ms (cache miss)
2531 timing reifyNode:node_modules/@salesforce/cli/node_modules/@salesforce/source-deploy-retrieve Completed in 38605ms
2532 http fetch GET 200 https://registry.npmjs.org/@salesforce%2fpackaging 1712ms (cache miss)
2533 timing metavuln:packument:@salesforce/packaging Completed in 1718ms
2534 timing metavuln:load:security-advisory:@salesforce/packaging:MVfbrDzAMZOE2NBnC99B+MUP/pJLOn+mrrW0s5lpAWrb2Z6nr3LhcGv1CX0Id2G54Rza6x+LpEtAGiirZB3MfQ== Completed in 39ms
2535 http fetch GET 200 https://registry.npmjs.org/@opentelemetry/resources/-/resources-1.23.0.tgz 34439ms (cache miss)
2536 timing reifyNode:node_modules/@salesforce/cli/node_modules/@opentelemetry/resources Completed in 38828ms
2537 timing metavuln:cache:put:security-advisory:@salesforce/packaging:rvV8xO8mGpFz5BpD3tf2wnMcgYhk4mkBgR6KTfvIA0s/EMRXPRrl33J+BUJVS+k3dTn9Wp5NtrjfpL0tOv0eTw== Completed in 104ms
2538 timing metavuln:calculate:security-advisory:@salesforce/packaging:MVfbrDzAMZOE2NBnC99B+MUP/pJLOn+mrrW0s5lpAWrb2Z6nr3LhcGv1CX0Id2G54Rza6x+LpEtAGiirZB3MfQ== Completed in 1862ms
2539 http fetch GET 200 https://registry.npmjs.org/@opentelemetry/sdk-trace-base/-/sdk-trace-base-1.23.0.tgz 34523ms (cache miss)
2540 timing reifyNode:node_modules/@salesforce/cli/node_modules/@opentelemetry/sdk-trace-base Completed in 38919ms
2541 http fetch GET 200 https://registry.npmjs.org/o11y_schema/-/o11y_schema-254.44.0.tgz 33987ms (cache miss)
2542 timing reifyNode:node_modules/@salesforce/cli/node_modules/o11y/node_modules/o11y_schema Completed in 39076ms
2543 http fetch GET 200 https://registry.npmjs.org/@salesforce%2fsource-deploy-retrieve 2011ms (cache miss)
2544 timing metavuln:packument:@salesforce/source-deploy-retrieve Completed in 2035ms
2545 timing metavuln:load:security-advisory:@salesforce/source-deploy-retrieve:MVfbrDzAMZOE2NBnC99B+MUP/pJLOn+mrrW0s5lpAWrb2Z6nr3LhcGv1CX0Id2G54Rza6x+LpEtAGiirZB3MfQ== Completed in 57ms
2546 timing metavuln:cache:put:security-advisory:@salesforce/source-deploy-retrieve:dXmoCiDN7UV0jn1UDl7BedeTMNx2EltCglSzct1RTIWkU9//0qQMPGvQmRP0z/ai5WqbKau7QTd3RpGGBwIn4Q== Completed in 97ms
2547 timing metavuln:calculate:security-advisory:@salesforce/source-deploy-retrieve:MVfbrDzAMZOE2NBnC99B+MUP/pJLOn+mrrW0s5lpAWrb2Z6nr3LhcGv1CX0Id2G54Rza6x+LpEtAGiirZB3MfQ== Completed in 2190ms
2548 timing metavuln:cache:get:security-advisory:@eslint/eslintrc:UANPtod9IS/c1Bn0uUzI5VIz9ki4FwORdwItohb/9z+y1gyRPaGJXDO3aOwx92qmjYxaYvyBu15knMnFQ4vPpw== Completed in 5ms
2549 timing metavuln:cache:get:security-advisory:eslint:DtfbGYa0TlkxQuudY91B3/tmw0R/iACzvT1Cn6uIB3utAO0LNSsaK8Tp52kNQwDjVX+a/0095YHQcDcob3C8Vg== Completed in 4ms
2550 http fetch GET 200 https://registry.npmjs.org/@eslint%2feslintrc 313ms (cache miss)
2551 timing metavuln:packument:@eslint/eslintrc Completed in 315ms
2552 timing metavuln:load:security-advisory:@eslint/eslintrc:PjXiSerj5jWppXbqF7cYMhpisBmE6peUmq9y42++QSPyrVQcIBmWC6nUinHwYsYqWfPZqhO5FtQoJxMO/OuJBw== Completed in 3ms
2553 http fetch GET 200 https://registry.npmjs.org/applicationinsights/-/applicationinsights-2.9.8.tgz 35873ms (cache miss)
2554 timing metavuln:cache:put:security-advisory:@eslint/eslintrc:UANPtod9IS/c1Bn0uUzI5VIz9ki4FwORdwItohb/9z+y1gyRPaGJXDO3aOwx92qmjYxaYvyBu15knMnFQ4vPpw== Completed in 79ms
2555 timing metavuln:calculate:security-advisory:@eslint/eslintrc:PjXiSerj5jWppXbqF7cYMhpisBmE6peUmq9y42++QSPyrVQcIBmWC6nUinHwYsYqWfPZqhO5FtQoJxMO/OuJBw== Completed in 397ms
2556 timing reifyNode:node_modules/@salesforce/cli/node_modules/applicationinsights Completed in 39660ms
2557 http fetch GET 200 https://registry.npmjs.org/eslint 812ms (cache miss)
2558 timing metavuln:packument:eslint Completed in 842ms
2559 timing metavuln:load:security-advisory:eslint:PjXiSerj5jWppXbqF7cYMhpisBmE6peUmq9y42++QSPyrVQcIBmWC6nUinHwYsYqWfPZqhO5FtQoJxMO/OuJBw== Completed in 86ms
2560 timing metavuln:cache:put:security-advisory:eslint:DtfbGYa0TlkxQuudY91B3/tmw0R/iACzvT1Cn6uIB3utAO0LNSsaK8Tp52kNQwDjVX+a/0095YHQcDcob3C8Vg== Completed in 70ms
2561 timing metavuln:calculate:security-advisory:eslint:PjXiSerj5jWppXbqF7cYMhpisBmE6peUmq9y42++QSPyrVQcIBmWC6nUinHwYsYqWfPZqhO5FtQoJxMO/OuJBw== Completed in 998ms
2562 timing metavuln:packument:@salesforce/core Completed in 0ms
2563 timing metavuln:cache:get:security-advisory:@commitlint/config-validator:fuuREnVorKhf46qwKyumHif87exf2+Jt3q3fudBDc2RVvORe/5qe1xgFINLqQkTJH5yhJ+ALonS6BZ3jXkj/Jg== Completed in 9ms
2564 timing metavuln:cache:get:security-advisory:@salesforce/core:zQyEPndOu5VyecONCNMvGo7XlBabKdGoDDmr24O794r3WxAB+23s214toN6e4nh/HjlQww/Ml6uz4FEd71WwkQ== Completed in 9ms
2565 timing metavuln:load:security-advisory:@salesforce/core:+2CBbCDmDFKLlSS/GZlcs78wKq4NOVVunNLze6Q0wHtVHXi9T4GsWCuXquisL+hGlEr0GW/fBA3yoR/dw16/JA== Completed in 111ms
2566 http fetch GET 200 https://registry.npmjs.org/ajv/-/ajv-8.17.1.tgz 34693ms (cache miss)
2567 timing reifyNode:node_modules/@salesforce/cli/node_modules/@salesforce/core/node_modules/ajv Completed in 40406ms
2568 timing metavuln:cache:put:security-advisory:@salesforce/core:zQyEPndOu5VyecONCNMvGo7XlBabKdGoDDmr24O794r3WxAB+23s214toN6e4nh/HjlQww/Ml6uz4FEd71WwkQ== Completed in 119ms
2569 timing metavuln:calculate:security-advisory:@salesforce/core:+2CBbCDmDFKLlSS/GZlcs78wKq4NOVVunNLze6Q0wHtVHXi9T4GsWCuXquisL+hGlEr0GW/fBA3yoR/dw16/JA== Completed in 239ms
2570 http fetch GET 200 https://registry.npmjs.org/@commitlint%2fconfig-validator 262ms (cache miss)
2571 timing metavuln:packument:@commitlint/config-validator Completed in 263ms
2572 timing metavuln:load:security-advisory:@commitlint/config-validator:+2CBbCDmDFKLlSS/GZlcs78wKq4NOVVunNLze6Q0wHtVHXi9T4GsWCuXquisL+hGlEr0GW/fBA3yoR/dw16/JA== Completed in 1ms
2573 timing metavuln:cache:put:security-advisory:@commitlint/config-validator:fuuREnVorKhf46qwKyumHif87exf2+Jt3q3fudBDc2RVvORe/5qe1xgFINLqQkTJH5yhJ+ALonS6BZ3jXkj/Jg== Completed in 72ms
2574 timing metavuln:calculate:security-advisory:@commitlint/config-validator:+2CBbCDmDFKLlSS/GZlcs78wKq4NOVVunNLze6Q0wHtVHXi9T4GsWCuXquisL+hGlEr0GW/fBA3yoR/dw16/JA== Completed in 337ms
2575 timing metavuln:cache:get:security-advisory:wireit:Y847vsPk1XNRHMrqyiDYIE1kO440ZssJ+coEfBI6QnnG83i/PW9d5gUOWz55u/5g7o7dTjBwQu1kpCnPoQ+7sw== Completed in 4ms
2576 http fetch GET 200 https://registry.npmjs.org/@opentelemetry/core/-/core-1.23.0.tgz 36289ms (cache miss)
2577 timing reifyNode:node_modules/@salesforce/cli/node_modules/@opentelemetry/core Completed in 40705ms
2578 http fetch GET 200 https://registry.npmjs.org/wireit 224ms (cache miss)
2579 timing metavuln:packument:wireit Completed in 225ms
2580 timing metavuln:load:security-advisory:wireit:KSrM2unYI8pnss0oN32iG2Yqvsj8phErvRKUBetMnZ1SCani4RB1noglwKVMKBPMlGeh/x9RJci/KiAeNgQKbg== Completed in 1ms
2581 timing metavuln:cache:put:security-advisory:wireit:Y847vsPk1XNRHMrqyiDYIE1kO440ZssJ+coEfBI6QnnG83i/PW9d5gUOWz55u/5g7o7dTjBwQu1kpCnPoQ+7sw== Completed in 120ms
2582 timing metavuln:calculate:security-advisory:wireit:KSrM2unYI8pnss0oN32iG2Yqvsj8phErvRKUBetMnZ1SCani4RB1noglwKVMKBPMlGeh/x9RJci/KiAeNgQKbg== Completed in 347ms
2583 timing metavuln:cache:get:security-advisory:minimatch:EdzP79sukXfwnaTxyFO/a1+fXPBBvIH9NlsgWGTGWGSpQkNPxYQxFaMxiKCAwfckwBABbsvD1jCrk+QZ4W56Rw== Completed in 6ms
2584 timing metavuln:load:security-advisory:minimatch:7IQMvcVTr+svbh5KCx4Kl6FQKJ1GciM03BnJAve/5WYJjUeRzKAIrStVpfachbl3T6a7o8nYlQEVG6Ih0TNXRg== Completed in 3ms
2585 http fetch GET 200 https://registry.npmjs.org/o11y_schema/-/o11y_schema-256.154.0.tgz 35366ms (cache miss)
2586 timing metavuln:cache:put:security-advisory:minimatch:EdzP79sukXfwnaTxyFO/a1+fXPBBvIH9NlsgWGTGWGSpQkNPxYQxFaMxiKCAwfckwBABbsvD1jCrk+QZ4W56Rw== Completed in 121ms
2587 timing metavuln:calculate:security-advisory:minimatch:7IQMvcVTr+svbh5KCx4Kl6FQKJ1GciM03BnJAve/5WYJjUeRzKAIrStVpfachbl3T6a7o8nYlQEVG6Ih0TNXRg== Completed in 131ms
2588 timing metavuln:cache:get:security-advisory:minimatch:47aVejY8/1KnEnFlTo+uF90a7w1XvtOjMP1i7DvyX4+jxy/wlG4RjX1rMW+bmptQMpL8TSkcMyWTMH7gxl9Fpg== Completed in 7ms
2589 timing metavuln:load:security-advisory:minimatch:mClmYqWawCNXseeTBHWiIwZH/2CmFUqPCmosJIeOhAgD9z1v3SayhHAwaWVo8wmeKU/JN9VP4zDBeXaqy3Ay2A== Completed in 2ms
2590 timing reifyNode:node_modules/@salesforce/cli/node_modules/@salesforce/o11y-reporter/node_modules/o11y_schema Completed in 41057ms
2591 timing metavuln:cache:put:security-advisory:minimatch:47aVejY8/1KnEnFlTo+uF90a7w1XvtOjMP1i7DvyX4+jxy/wlG4RjX1rMW+bmptQMpL8TSkcMyWTMH7gxl9Fpg== Completed in 114ms
2592 timing metavuln:calculate:security-advisory:minimatch:mClmYqWawCNXseeTBHWiIwZH/2CmFUqPCmosJIeOhAgD9z1v3SayhHAwaWVo8wmeKU/JN9VP4zDBeXaqy3Ay2A== Completed in 123ms
2593 timing metavuln:packument:@oclif/core Completed in 12ms
2594 timing metavuln:cache:get:security-advisory:@eslint/eslintrc:OTjEIpfUNwbL0JjkIn2BW/ee6Gea4nXRtHnQUYi0/1W/6wPz3LXa3vkw2ZVFSYN0iX9PazgYhcNbmZzgbY2ytQ== Completed in 63ms
2595 timing metavuln:load:security-advisory:@eslint/eslintrc:+xeb921dX+Wp/3JcZLhEpJ2KwaidnzitZ8+8zCivEStbXZEk+LqQ4FhxuC+2LDCM9aYDjPbfPcm9CDH7LF9rAQ== Completed in 3ms
2596 timing metavuln:cache:get:security-advisory:@humanwhocodes/config-array:7KHkmXM6lOlKB9M7w6eak792c0y9EFXfEuBmx21VOYgJEDKEfZebZqczMOijbiCsexARaexDzrerF/3SAbsU3w== Completed in 66ms
2597 timing metavuln:cache:get:security-advisory:glob:yWmU9ZMgg7yB9iNT1LKsWw5euCghRO/Y6UjXjLI902Q6eBSsVSz7vN8ltOkr1aArvLEHXSEzUW5mpIX5QWFhWg== Completed in 65ms
2598 timing metavuln:load:security-advisory:glob:+xeb921dX+Wp/3JcZLhEpJ2KwaidnzitZ8+8zCivEStbXZEk+LqQ4FhxuC+2LDCM9aYDjPbfPcm9CDH7LF9rAQ== Completed in 49ms
2599 timing metavuln:cache:get:security-advisory:@typescript-eslint/typescript-estree:YhRJ9Fjo7P5xSpmvjY5sW91OIqLvZAMDnJoeuK2ovokBAhLrZHoUVE2HwssB+NlJxUHtQlvchFOwdZ5WM1ILBw== Completed in 115ms
2600 timing metavuln:cache:get:security-advisory:dotgitignore:RPsAMgllPzPI4gsGT0nPY7nlYZSrX7iEQuQ/OrNiKGwPMm9pvU7jQx7fwXtBm+A16pLZHMShM6Qc1A3W0QxIVQ== Completed in 115ms
2601 timing metavuln:cache:get:security-advisory:eslint-plugin-import:8jAbGNU+jpumzHEfxhDOZpLfXH0zlqGcuLzM62x5VQs1KOWrTHrWubIPinaIuUP59Er5Fo6jsIGQSc8Bl4vQHw== Completed in 114ms
2602 timing metavuln:cache:get:security-advisory:eslint:m3dNRt106MRLwwfVfkKZw2HNBlDSx9oP+ZDGWUnfff0YRatzgD3mAah3NPWhfMGutYvKZR6vW/UXkKnJOshLXg== Completed in 113ms
2603 timing metavuln:load:security-advisory:eslint:+xeb921dX+Wp/3JcZLhEpJ2KwaidnzitZ8+8zCivEStbXZEk+LqQ4FhxuC+2LDCM9aYDjPbfPcm9CDH7LF9rAQ== Completed in 24ms
2604 timing metavuln:cache:get:security-advisory:filelist:tngk3rHZ9kpd6o0WitA8DpADNWK4XcXPpvpUmYhSubVf/N2S1wu5oPO6NGL/ifmccGS8c8c1jnuoYXLMfJHcsw== Completed in 138ms
2605 timing metavuln:cache:get:security-advisory:jake:rBQ50NAoOmK4NBqNPi753iZRd/iuJ3aYSQmNK0wUzLRjyfo/1zy1ykUjVXzZNnKQjsjWzjtc9QbATiO+T+RrZA== Completed in 138ms
2606 timing metavuln:cache:get:security-advisory:@oclif/core:DpWJMSApVI/FWYdnlxlkJi4EaspGB1HT6WOEQoIdx+wuCVXMHQ6CJTCSVIaRZVA7CJ0yLDit+CmsOKYBIcp62g== Completed in 137ms
2607 timing metavuln:load:security-advisory:@oclif/core:+xeb921dX+Wp/3JcZLhEpJ2KwaidnzitZ8+8zCivEStbXZEk+LqQ4FhxuC+2LDCM9aYDjPbfPcm9CDH7LF9rAQ== Completed in 13ms
2608 timing metavuln:cache:get:security-advisory:@salesforce/source-deploy-retrieve:kYYOSbxA+hwTJIBWWJxxAItG06nFntfQKoh1KdZT6B4RfnwiQ1biD4xfnH0Z3yCuZRmKj5wsV9xxF14zpQW76Q== Completed in 151ms
2609 timing metavuln:load:security-advisory:@salesforce/source-deploy-retrieve:+xeb921dX+Wp/3JcZLhEpJ2KwaidnzitZ8+8zCivEStbXZEk+LqQ4FhxuC+2LDCM9aYDjPbfPcm9CDH7LF9rAQ== Completed in 32ms
2610 timing metavuln:cache:get:security-advisory:typedoc:EpUr/J9enkvGGrNgWVNH6RMM/Yao5tEbvMOZ9tnBqkXl9ppUXVMhpZbPzfG9u4FI8STN/q0rvKGHg4uQQ7nC6A== Completed in 198ms
2611 timing metavuln:cache:get:security-advisory:mocha:zK5kXCQ4CxcGTHxb3eoLhFYdeNvmAuGNUtEI1GzpKSMPENkJQhAuhEcull57OPBkbtjTflNtYjz97g6kAove7w== Completed in 197ms
2612 timing metavuln:cache:get:security-advisory:test-exclude:BkT4wiAcLFbjoXdKDQHum9wdT0yCcuv00EB9oIvXFru2XKBcMlBVpeIg3nz6HFgnM23SJgIQmtAUZ5KSMGdJfw== Completed in 196ms
2613 timing metavuln:cache:get:security-advisory:ignore-walk:zNWzbrUMdddPEIvHWfo7qAiVw8wWyViUasCageJx2FfwSRBgOZUcPQ7GfBcFbZsqLJfDOqvQhUvg/Te8s6AxJQ== Completed in 194ms
2614 timing metavuln:cache:get:security-advisory:libnpmdiff:x8LmsOUw0jaKYrb55GUeBOnXJIL6QIGgb0c3dbKJFuOzU8loDUTvIW/w7p1+uHm/mjwFCG3K1vavSi0HBudnEQ== Completed in 193ms
2615 timing metavuln:cache:get:security-advisory:@tufjs/models:wQ3Yzr3HoUAFEC8ZVt147M55TXasFEjeKW56EFXFvMK8I0NekZTiaim4Px+lNbBthZs+eDAGdcA2PDkCJ7Jx5w== Completed in 193ms
2616 timing metavuln:cache:get:security-advisory:@npmcli/arborist:sl8LAvUHsRM+9oZiON7dzAEcn/3wVu6F+7oYbwct9sWUPRVh3vl3X0RtpfuTl9g5u7y5DEfeMFLnugDouwaJmQ== Completed in 191ms
2617 timing metavuln:cache:get:security-advisory:@npmcli/map-workspaces:iEBKSNPdwOZXiQ2kVsibANZg2ihHKIVajilLSC2ULzDvsJRNaDCSZyOgCJ4CNTVcbOiPyY0/0gQUfMCbl1FaZw== Completed in 190ms
2618 timing metavuln:cache:get:security-advisory:npm:pezchTcE15g6570mUf1DKXtG56ONdBB2ozL2NvswEeAXhmPdC5X3dcKxs3v4wpAKtqQrNovNaL61tRUcGLvK1w== Completed in 190ms
2619 timing metavuln:cache:put:security-advisory:@eslint/eslintrc:OTjEIpfUNwbL0JjkIn2BW/ee6Gea4nXRtHnQUYi0/1W/6wPz3LXa3vkw2ZVFSYN0iX9PazgYhcNbmZzgbY2ytQ== Completed in 267ms
2620 timing metavuln:calculate:security-advisory:@eslint/eslintrc:+xeb921dX+Wp/3JcZLhEpJ2KwaidnzitZ8+8zCivEStbXZEk+LqQ4FhxuC+2LDCM9aYDjPbfPcm9CDH7LF9rAQ== Completed in 333ms
2621 timing metavuln:cache:put:security-advisory:glob:yWmU9ZMgg7yB9iNT1LKsWw5euCghRO/Y6UjXjLI902Q6eBSsVSz7vN8ltOkr1aArvLEHXSEzUW5mpIX5QWFhWg== Completed in 218ms
2622 timing metavuln:calculate:security-advisory:glob:+xeb921dX+Wp/3JcZLhEpJ2KwaidnzitZ8+8zCivEStbXZEk+LqQ4FhxuC+2LDCM9aYDjPbfPcm9CDH7LF9rAQ== Completed in 332ms
2623 timing metavuln:cache:put:security-advisory:@oclif/core:DpWJMSApVI/FWYdnlxlkJi4EaspGB1HT6WOEQoIdx+wuCVXMHQ6CJTCSVIaRZVA7CJ0yLDit+CmsOKYBIcp62g== Completed in 179ms
2624 timing metavuln:calculate:security-advisory:@oclif/core:+xeb921dX+Wp/3JcZLhEpJ2KwaidnzitZ8+8zCivEStbXZEk+LqQ4FhxuC+2LDCM9aYDjPbfPcm9CDH7LF9rAQ== Completed in 329ms
2625 timing metavuln:cache:put:security-advisory:eslint:m3dNRt106MRLwwfVfkKZw2HNBlDSx9oP+ZDGWUnfff0YRatzgD3mAah3NPWhfMGutYvKZR6vW/UXkKnJOshLXg== Completed in 193ms
2626 timing metavuln:calculate:security-advisory:eslint:+xeb921dX+Wp/3JcZLhEpJ2KwaidnzitZ8+8zCivEStbXZEk+LqQ4FhxuC+2LDCM9aYDjPbfPcm9CDH7LF9rAQ== Completed in 330ms
2627 timing metavuln:cache:put:security-advisory:@salesforce/source-deploy-retrieve:kYYOSbxA+hwTJIBWWJxxAItG06nFntfQKoh1KdZT6B4RfnwiQ1biD4xfnH0Z3yCuZRmKj5wsV9xxF14zpQW76Q== Completed in 146ms
2628 timing metavuln:calculate:security-advisory:@salesforce/source-deploy-retrieve:+xeb921dX+Wp/3JcZLhEpJ2KwaidnzitZ8+8zCivEStbXZEk+LqQ4FhxuC+2LDCM9aYDjPbfPcm9CDH7LF9rAQ== Completed in 329ms
2629 http fetch GET 200 https://registry.npmjs.org/filelist 332ms (cache miss)
2630 timing metavuln:packument:filelist Completed in 332ms
2631 timing metavuln:load:security-advisory:filelist:+xeb921dX+Wp/3JcZLhEpJ2KwaidnzitZ8+8zCivEStbXZEk+LqQ4FhxuC+2LDCM9aYDjPbfPcm9CDH7LF9rAQ== Completed in 2ms
2632 http fetch GET 200 https://registry.npmjs.org/dotgitignore 335ms (cache miss)
2633 timing metavuln:packument:dotgitignore Completed in 337ms
2634 timing metavuln:load:security-advisory:dotgitignore:+xeb921dX+Wp/3JcZLhEpJ2KwaidnzitZ8+8zCivEStbXZEk+LqQ4FhxuC+2LDCM9aYDjPbfPcm9CDH7LF9rAQ== Completed in 0ms
2635 http fetch GET 200 https://registry.npmjs.org/@humanwhocodes%2fconfig-array 359ms (cache miss)
2636 timing metavuln:packument:@humanwhocodes/config-array Completed in 359ms
2637 timing metavuln:load:security-advisory:@humanwhocodes/config-array:+xeb921dX+Wp/3JcZLhEpJ2KwaidnzitZ8+8zCivEStbXZEk+LqQ4FhxuC+2LDCM9aYDjPbfPcm9CDH7LF9rAQ== Completed in 2ms
2638 timing metavuln:cache:put:security-advisory:filelist:tngk3rHZ9kpd6o0WitA8DpADNWK4XcXPpvpUmYhSubVf/N2S1wu5oPO6NGL/ifmccGS8c8c1jnuoYXLMfJHcsw== Completed in 69ms
2639 timing metavuln:calculate:security-advisory:filelist:+xeb921dX+Wp/3JcZLhEpJ2KwaidnzitZ8+8zCivEStbXZEk+LqQ4FhxuC+2LDCM9aYDjPbfPcm9CDH7LF9rAQ== Completed in 403ms
2640 timing metavuln:cache:put:security-advisory:dotgitignore:RPsAMgllPzPI4gsGT0nPY7nlYZSrX7iEQuQ/OrNiKGwPMm9pvU7jQx7fwXtBm+A16pLZHMShM6Qc1A3W0QxIVQ== Completed in 68ms
2641 timing metavuln:calculate:security-advisory:dotgitignore:+xeb921dX+Wp/3JcZLhEpJ2KwaidnzitZ8+8zCivEStbXZEk+LqQ4FhxuC+2LDCM9aYDjPbfPcm9CDH7LF9rAQ== Completed in 405ms
2642 http fetch GET 200 https://registry.npmjs.org/ignore-walk 407ms (cache miss)
2643 timing metavuln:packument:ignore-walk Completed in 409ms
2644 timing metavuln:load:security-advisory:ignore-walk:+xeb921dX+Wp/3JcZLhEpJ2KwaidnzitZ8+8zCivEStbXZEk+LqQ4FhxuC+2LDCM9aYDjPbfPcm9CDH7LF9rAQ== Completed in 1ms
2645 http fetch GET 200 https://registry.npmjs.org/eslint-plugin-import 418ms (cache miss)
2646 timing metavuln:packument:eslint-plugin-import Completed in 423ms
2647 timing metavuln:load:security-advisory:eslint-plugin-import:+xeb921dX+Wp/3JcZLhEpJ2KwaidnzitZ8+8zCivEStbXZEk+LqQ4FhxuC+2LDCM9aYDjPbfPcm9CDH7LF9rAQ== Completed in 3ms
2648 timing metavuln:cache:put:security-advisory:@humanwhocodes/config-array:7KHkmXM6lOlKB9M7w6eak792c0y9EFXfEuBmx21VOYgJEDKEfZebZqczMOijbiCsexARaexDzrerF/3SAbsU3w== Completed in 74ms
2649 timing metavuln:calculate:security-advisory:@humanwhocodes/config-array:+xeb921dX+Wp/3JcZLhEpJ2KwaidnzitZ8+8zCivEStbXZEk+LqQ4FhxuC+2LDCM9aYDjPbfPcm9CDH7LF9rAQ== Completed in 435ms
2650 http fetch GET 200 https://registry.npmjs.org/test-exclude 431ms (cache miss)
2651 timing metavuln:packument:test-exclude Completed in 433ms
2652 timing metavuln:load:security-advisory:test-exclude:+xeb921dX+Wp/3JcZLhEpJ2KwaidnzitZ8+8zCivEStbXZEk+LqQ4FhxuC+2LDCM9aYDjPbfPcm9CDH7LF9rAQ== Completed in 12ms
2653 http fetch GET 200 https://registry.npmjs.org/@npmcli%2fmap-workspaces 441ms (cache miss)
2654 timing metavuln:packument:@npmcli/map-workspaces Completed in 442ms
2655 timing metavuln:load:security-advisory:@npmcli/map-workspaces:+xeb921dX+Wp/3JcZLhEpJ2KwaidnzitZ8+8zCivEStbXZEk+LqQ4FhxuC+2LDCM9aYDjPbfPcm9CDH7LF9rAQ== Completed in 0ms
2656 http fetch GET 200 https://registry.npmjs.org/libnpmdiff 496ms (cache miss)
2657 timing metavuln:packument:libnpmdiff Completed in 497ms
2658 timing metavuln:load:security-advisory:libnpmdiff:+xeb921dX+Wp/3JcZLhEpJ2KwaidnzitZ8+8zCivEStbXZEk+LqQ4FhxuC+2LDCM9aYDjPbfPcm9CDH7LF9rAQ== Completed in 3ms
2659 http fetch GET 200 https://registry.npmjs.org/@tufjs%2fmodels 505ms (cache miss)
2660 timing metavuln:packument:@tufjs/models Completed in 507ms
2661 timing metavuln:load:security-advisory:@tufjs/models:+xeb921dX+Wp/3JcZLhEpJ2KwaidnzitZ8+8zCivEStbXZEk+LqQ4FhxuC+2LDCM9aYDjPbfPcm9CDH7LF9rAQ== Completed in 1ms
2662 timing metavuln:cache:put:security-advisory:ignore-walk:zNWzbrUMdddPEIvHWfo7qAiVw8wWyViUasCageJx2FfwSRBgOZUcPQ7GfBcFbZsqLJfDOqvQhUvg/Te8s6AxJQ== Completed in 100ms
2663 timing metavuln:calculate:security-advisory:ignore-walk:+xeb921dX+Wp/3JcZLhEpJ2KwaidnzitZ8+8zCivEStbXZEk+LqQ4FhxuC+2LDCM9aYDjPbfPcm9CDH7LF9rAQ== Completed in 510ms
2664 timing metavuln:cache:put:security-advisory:eslint-plugin-import:8jAbGNU+jpumzHEfxhDOZpLfXH0zlqGcuLzM62x5VQs1KOWrTHrWubIPinaIuUP59Er5Fo6jsIGQSc8Bl4vQHw== Completed in 97ms
2665 timing metavuln:calculate:security-advisory:eslint-plugin-import:+xeb921dX+Wp/3JcZLhEpJ2KwaidnzitZ8+8zCivEStbXZEk+LqQ4FhxuC+2LDCM9aYDjPbfPcm9CDH7LF9rAQ== Completed in 523ms
2666 timing metavuln:cache:put:security-advisory:test-exclude:BkT4wiAcLFbjoXdKDQHum9wdT0yCcuv00EB9oIvXFru2XKBcMlBVpeIg3nz6HFgnM23SJgIQmtAUZ5KSMGdJfw== Completed in 81ms
2667 timing metavuln:calculate:security-advisory:test-exclude:+xeb921dX+Wp/3JcZLhEpJ2KwaidnzitZ8+8zCivEStbXZEk+LqQ4FhxuC+2LDCM9aYDjPbfPcm9CDH7LF9rAQ== Completed in 527ms
2668 timing metavuln:cache:put:security-advisory:@npmcli/map-workspaces:iEBKSNPdwOZXiQ2kVsibANZg2ihHKIVajilLSC2ULzDvsJRNaDCSZyOgCJ4CNTVcbOiPyY0/0gQUfMCbl1FaZw== Completed in 79ms
2669 timing metavuln:calculate:security-advisory:@npmcli/map-workspaces:+xeb921dX+Wp/3JcZLhEpJ2KwaidnzitZ8+8zCivEStbXZEk+LqQ4FhxuC+2LDCM9aYDjPbfPcm9CDH7LF9rAQ== Completed in 522ms
2670 http fetch GET 200 https://registry.npmjs.org/jake 563ms (cache miss)
2671 timing metavuln:packument:jake Completed in 566ms
2672 timing metavuln:load:security-advisory:jake:+xeb921dX+Wp/3JcZLhEpJ2KwaidnzitZ8+8zCivEStbXZEk+LqQ4FhxuC+2LDCM9aYDjPbfPcm9CDH7LF9rAQ== Completed in 6ms
2673 timing metavuln:cache:put:security-advisory:libnpmdiff:x8LmsOUw0jaKYrb55GUeBOnXJIL6QIGgb0c3dbKJFuOzU8loDUTvIW/w7p1+uHm/mjwFCG3K1vavSi0HBudnEQ== Completed in 96ms
2674 timing metavuln:calculate:security-advisory:libnpmdiff:+xeb921dX+Wp/3JcZLhEpJ2KwaidnzitZ8+8zCivEStbXZEk+LqQ4FhxuC+2LDCM9aYDjPbfPcm9CDH7LF9rAQ== Completed in 596ms
2675 timing metavuln:cache:put:security-advisory:@tufjs/models:wQ3Yzr3HoUAFEC8ZVt147M55TXasFEjeKW56EFXFvMK8I0NekZTiaim4Px+lNbBthZs+eDAGdcA2PDkCJ7Jx5w== Completed in 89ms
2676 timing metavuln:calculate:security-advisory:@tufjs/models:+xeb921dX+Wp/3JcZLhEpJ2KwaidnzitZ8+8zCivEStbXZEk+LqQ4FhxuC+2LDCM9aYDjPbfPcm9CDH7LF9rAQ== Completed in 598ms
2677 timing metavuln:cache:put:security-advisory:jake:rBQ50NAoOmK4NBqNPi753iZRd/iuJ3aYSQmNK0wUzLRjyfo/1zy1ykUjVXzZNnKQjsjWzjtc9QbATiO+T+RrZA== Completed in 69ms
2678 timing metavuln:calculate:security-advisory:jake:+xeb921dX+Wp/3JcZLhEpJ2KwaidnzitZ8+8zCivEStbXZEk+LqQ4FhxuC+2LDCM9aYDjPbfPcm9CDH7LF9rAQ== Completed in 641ms
2679 http fetch GET 200 https://registry.npmjs.org/mocha 647ms (cache miss)
2680 timing metavuln:packument:mocha Completed in 654ms
2681 timing metavuln:load:security-advisory:mocha:+xeb921dX+Wp/3JcZLhEpJ2KwaidnzitZ8+8zCivEStbXZEk+LqQ4FhxuC+2LDCM9aYDjPbfPcm9CDH7LF9rAQ== Completed in 9ms
2682 http fetch GET 200 https://registry.npmjs.org/@npmcli%2farborist 685ms (cache miss)
2683 timing metavuln:packument:@npmcli/arborist Completed in 689ms
2684 timing metavuln:load:security-advisory:@npmcli/arborist:+xeb921dX+Wp/3JcZLhEpJ2KwaidnzitZ8+8zCivEStbXZEk+LqQ4FhxuC+2LDCM9aYDjPbfPcm9CDH7LF9rAQ== Completed in 25ms
2685 timing metavuln:cache:put:security-advisory:mocha:zK5kXCQ4CxcGTHxb3eoLhFYdeNvmAuGNUtEI1GzpKSMPENkJQhAuhEcull57OPBkbtjTflNtYjz97g6kAove7w== Completed in 77ms
2686 timing metavuln:calculate:security-advisory:mocha:+xeb921dX+Wp/3JcZLhEpJ2KwaidnzitZ8+8zCivEStbXZEk+LqQ4FhxuC+2LDCM9aYDjPbfPcm9CDH7LF9rAQ== Completed in 740ms
2687 http fetch GET 200 https://registry.npmjs.org/typedoc 766ms (cache miss)
2688 timing metavuln:packument:typedoc Completed in 772ms
2689 timing metavuln:load:security-advisory:typedoc:+xeb921dX+Wp/3JcZLhEpJ2KwaidnzitZ8+8zCivEStbXZEk+LqQ4FhxuC+2LDCM9aYDjPbfPcm9CDH7LF9rAQ== Completed in 24ms
2690 timing metavuln:cache:put:security-advisory:@npmcli/arborist:sl8LAvUHsRM+9oZiON7dzAEcn/3wVu6F+7oYbwct9sWUPRVh3vl3X0RtpfuTl9g5u7y5DEfeMFLnugDouwaJmQ== Completed in 148ms
2691 timing metavuln:calculate:security-advisory:@npmcli/arborist:+xeb921dX+Wp/3JcZLhEpJ2KwaidnzitZ8+8zCivEStbXZEk+LqQ4FhxuC+2LDCM9aYDjPbfPcm9CDH7LF9rAQ== Completed in 862ms
2692 timing metavuln:cache:put:security-advisory:typedoc:EpUr/J9enkvGGrNgWVNH6RMM/Yao5tEbvMOZ9tnBqkXl9ppUXVMhpZbPzfG9u4FI8STN/q0rvKGHg4uQQ7nC6A== Completed in 71ms
2693 timing metavuln:calculate:security-advisory:typedoc:+xeb921dX+Wp/3JcZLhEpJ2KwaidnzitZ8+8zCivEStbXZEk+LqQ4FhxuC+2LDCM9aYDjPbfPcm9CDH7LF9rAQ== Completed in 901ms
2694 http fetch GET 200 https://registry.npmjs.org/o11y_schema/-/o11y_schema-260.44.0.tgz 40528ms (cache miss)
2695 timing reifyNode:node_modules/@salesforce/cli/node_modules/o11y_schema Completed in 42221ms
2696 http fetch GET 200 https://registry.npmjs.org/@opentelemetry/api/-/api-1.8.0.tgz 37804ms (cache miss)
2697 timing reifyNode:node_modules/@salesforce/cli/node_modules/@opentelemetry/api Completed in 42207ms
2698 http fetch GET 200 https://registry.npmjs.org/npm 1139ms (cache miss)
2699 timing metavuln:packument:npm Completed in 1205ms
2700 timing metavuln:load:security-advisory:npm:+xeb921dX+Wp/3JcZLhEpJ2KwaidnzitZ8+8zCivEStbXZEk+LqQ4FhxuC+2LDCM9aYDjPbfPcm9CDH7LF9rAQ== Completed in 98ms
2701 http fetch GET 200 https://registry.npmjs.org/@azure/core-rest-pipeline/-/core-rest-pipeline-1.16.3.tgz 37793ms (cache miss)
2702 timing reifyNode:node_modules/@salesforce/cli/node_modules/@azure/core-rest-pipeline Completed in 42502ms
2703 timing metavuln:cache:put:security-advisory:npm:pezchTcE15g6570mUf1DKXtG56ONdBB2ozL2NvswEeAXhmPdC5X3dcKxs3v4wpAKtqQrNovNaL61tRUcGLvK1w== Completed in 51ms
2704 timing metavuln:calculate:security-advisory:npm:+xeb921dX+Wp/3JcZLhEpJ2KwaidnzitZ8+8zCivEStbXZEk+LqQ4FhxuC+2LDCM9aYDjPbfPcm9CDH7LF9rAQ== Completed in 1354ms
2705 http fetch GET 200 https://registry.npmjs.org/zod/-/zod-4.2.1.tgz 42327ms (cache miss)
2706 timing reifyNode:node_modules/@salesforce/cli/node_modules/zod Completed in 42860ms
2707 http fetch GET 200 https://registry.npmjs.org/lodash/-/lodash-4.17.23.tgz 40599ms (cache miss)
2708 timing reifyNode:node_modules/@salesforce/cli/node_modules/lodash Completed in 42808ms
2709 http fetch GET 200 https://registry.npmjs.org/@typescript-eslint%2ftypescript-estree 1977ms (cache miss)
2710 timing metavuln:packument:@typescript-eslint/typescript-estree Completed in 2057ms
2711 timing metavuln:load:security-advisory:@typescript-eslint/typescript-estree:+xeb921dX+Wp/3JcZLhEpJ2KwaidnzitZ8+8zCivEStbXZEk+LqQ4FhxuC+2LDCM9aYDjPbfPcm9CDH7LF9rAQ== Completed in 457ms
2712 timing metavuln:cache:put:security-advisory:@typescript-eslint/typescript-estree:YhRJ9Fjo7P5xSpmvjY5sW91OIqLvZAMDnJoeuK2ovokBAhLrZHoUVE2HwssB+NlJxUHtQlvchFOwdZ5WM1ILBw== Completed in 37ms
2713 timing metavuln:calculate:security-advisory:@typescript-eslint/typescript-estree:+xeb921dX+Wp/3JcZLhEpJ2KwaidnzitZ8+8zCivEStbXZEk+LqQ4FhxuC+2LDCM9aYDjPbfPcm9CDH7LF9rAQ== Completed in 2551ms
2714 timing metavuln:cache:get:security-advisory:@istanbuljs/load-nyc-config:w/86FNlNAKUQI54d7RUzBsP1/0m9gEqvzcKgVc1hG/QVJuqE1LIXvZVbQtAg4c7kez3/aUOM4JWOhkj3kEEPVA== Completed in 2ms
2715 http fetch GET 200 https://registry.npmjs.org/@istanbuljs%2fload-nyc-config 61ms (cache miss)
2716 timing metavuln:packument:@istanbuljs/load-nyc-config Completed in 62ms
2717 timing metavuln:load:security-advisory:@istanbuljs/load-nyc-config:MQ5RokLIvrWmT8/NQU0dD+jQ+6pFslHlaXx1Z5q7mESITohR8AwLT525ddIc2KvKZYbB1p5yclW3kV4xeRYXEg== Completed in 6ms
2718 timing metavuln:cache:put:security-advisory:@istanbuljs/load-nyc-config:w/86FNlNAKUQI54d7RUzBsP1/0m9gEqvzcKgVc1hG/QVJuqE1LIXvZVbQtAg4c7kez3/aUOM4JWOhkj3kEEPVA== Completed in 8ms
2719 timing metavuln:calculate:security-advisory:@istanbuljs/load-nyc-config:MQ5RokLIvrWmT8/NQU0dD+jQ+6pFslHlaXx1Z5q7mESITohR8AwLT525ddIc2KvKZYbB1p5yclW3kV4xeRYXEg== Completed in 76ms
2720 timing metavuln:cache:get:security-advisory:@eslint/eslintrc:+dj/LqpwTuLnMbBYuGIzIb6b3zspptDh0rakRHhZtIReGOQCQDIXFUqoHFXyUBrXqkKL96IYWa7gOtmMPQ2AIw== Completed in 3ms
2721 timing metavuln:load:security-advisory:@eslint/eslintrc:621IdjBdZEeVoUcjWGl1jXN0jFDGaf7dIQMeaPVKf5MxqYprJztiOC0OHOUPVoayh7Cq/fTC8L5CqEb98qlE7w== Completed in 1ms
2722 timing metavuln:cache:get:security-advisory:cosmiconfig:9tECRM2wymvypUJjywoLhKBxmvKFXqN2QTDVg2B4+6a/esGzYSDRLkNtxhg7/ZKH6dF0kD03ilqxpP5Mzp6F5w== Completed in 4ms
2723 timing metavuln:cache:get:security-advisory:eslint:tWpS8shwtPvlnKrr0IDTnNgdZsEAPzEyjXys9cT2vEpfBr9XWHwJtpN5VN/tlasnmObTFIj3QrfKiIX5Y5+g2Q== Completed in 4ms
2724 timing metavuln:load:security-advisory:eslint:621IdjBdZEeVoUcjWGl1jXN0jFDGaf7dIQMeaPVKf5MxqYprJztiOC0OHOUPVoayh7Cq/fTC8L5CqEb98qlE7w== Completed in 7ms
2725 timing metavuln:cache:get:security-advisory:mocha:LodX5ZGEwhbXjXpVA+sPeBEeyCyGmqTW7ca3i9jsLb4OkYpMc69kRdOrCemGvx7ZLX3mYDiHza2xCbO7mVDOjA== Completed in 12ms
2726 timing metavuln:load:security-advisory:mocha:621IdjBdZEeVoUcjWGl1jXN0jFDGaf7dIQMeaPVKf5MxqYprJztiOC0OHOUPVoayh7Cq/fTC8L5CqEb98qlE7w== Completed in 32ms
2727 timing metavuln:cache:put:security-advisory:mocha:LodX5ZGEwhbXjXpVA+sPeBEeyCyGmqTW7ca3i9jsLb4OkYpMc69kRdOrCemGvx7ZLX3mYDiHza2xCbO7mVDOjA== Completed in 27ms
2728 timing metavuln:calculate:security-advisory:mocha:621IdjBdZEeVoUcjWGl1jXN0jFDGaf7dIQMeaPVKf5MxqYprJztiOC0OHOUPVoayh7Cq/fTC8L5CqEb98qlE7w== Completed in 72ms
2729 timing metavuln:cache:put:security-advisory:@eslint/eslintrc:+dj/LqpwTuLnMbBYuGIzIb6b3zspptDh0rakRHhZtIReGOQCQDIXFUqoHFXyUBrXqkKL96IYWa7gOtmMPQ2AIw== Completed in 80ms
2730 timing metavuln:calculate:security-advisory:@eslint/eslintrc:621IdjBdZEeVoUcjWGl1jXN0jFDGaf7dIQMeaPVKf5MxqYprJztiOC0OHOUPVoayh7Cq/fTC8L5CqEb98qlE7w== Completed in 84ms
2731 timing metavuln:cache:put:security-advisory:eslint:tWpS8shwtPvlnKrr0IDTnNgdZsEAPzEyjXys9cT2vEpfBr9XWHwJtpN5VN/tlasnmObTFIj3QrfKiIX5Y5+g2Q== Completed in 72ms
2732 timing metavuln:calculate:security-advisory:eslint:621IdjBdZEeVoUcjWGl1jXN0jFDGaf7dIQMeaPVKf5MxqYprJztiOC0OHOUPVoayh7Cq/fTC8L5CqEb98qlE7w== Completed in 84ms
2733 http fetch GET 200 https://registry.npmjs.org/cosmiconfig 85ms (cache miss)
2734 timing metavuln:packument:cosmiconfig Completed in 87ms
2735 timing metavuln:load:security-advisory:cosmiconfig:621IdjBdZEeVoUcjWGl1jXN0jFDGaf7dIQMeaPVKf5MxqYprJztiOC0OHOUPVoayh7Cq/fTC8L5CqEb98qlE7w== Completed in 2ms
2736 timing metavuln:cache:put:security-advisory:cosmiconfig:9tECRM2wymvypUJjywoLhKBxmvKFXqN2QTDVg2B4+6a/esGzYSDRLkNtxhg7/ZKH6dF0kD03ilqxpP5Mzp6F5w== Completed in 15ms
2737 timing metavuln:calculate:security-advisory:cosmiconfig:621IdjBdZEeVoUcjWGl1jXN0jFDGaf7dIQMeaPVKf5MxqYprJztiOC0OHOUPVoayh7Cq/fTC8L5CqEb98qlE7w== Completed in 104ms
2738 timing metavuln:cache:get:security-advisory:nise:/AXuysPP+rN2LQg57ktmnhEAmeJZtp3lwhUA1jIRwGgyPa8OS055BjsDpVXW6NMG7RLp7GF52Ufita45YQuNrQ== Completed in 2ms
2739 http fetch GET 200 https://registry.npmjs.org/o11y/-/o11y-258.7.0.tgz 42291ms (cache miss)
2740 timing reifyNode:node_modules/@salesforce/cli/node_modules/o11y Completed in 44009ms
2741 timing reify:unpack Completed in 44057ms
2742 timing reify:unretire Completed in 1ms
2743 timing build:queue Completed in 88ms
2744 info run @salesforce/cli@2.123.1 preinstall node_modules/@salesforce/cli node ./scripts/preinstall.js
2745 info run yarn@1.22.22 preinstall node_modules/@salesforce/cli/node_modules/yarn :; (node ./preinstall.js > /dev/null 2>&1 || true)
2746 http fetch GET 200 https://registry.npmjs.org/nise 265ms (cache miss)
2747 timing metavuln:packument:nise Completed in 268ms
2748 timing metavuln:load:security-advisory:nise:TmkHz1g6xKc2pnDD1h6+ZDKMikxz0M1BBY/wyR9ER8446AKOUk6gXjoSR2douZ5enAllzNSKaynTW1H+LBi1CA== Completed in 42ms
2749 timing metavuln:cache:put:security-advisory:nise:/AXuysPP+rN2LQg57ktmnhEAmeJZtp3lwhUA1jIRwGgyPa8OS055BjsDpVXW6NMG7RLp7GF52Ufita45YQuNrQ== Completed in 2ms
2750 timing metavuln:calculate:security-advisory:nise:TmkHz1g6xKc2pnDD1h6+ZDKMikxz0M1BBY/wyR9ER8446AKOUk6gXjoSR2douZ5enAllzNSKaynTW1H+LBi1CA== Completed in 312ms
2751 timing metavuln:cache:get:security-advisory:nise:xE05DwTD/Ciks8PbPlt+1C6CEN7Y/wGZgaCXoeJt+SSKc6yT/OIOAKsM4Ct890i37l4tukgoPftwKIiQnT3kTA== Completed in 5ms
2752 timing metavuln:load:security-advisory:nise:eAVJ+4jFRx9gKzVP7mZLY8/J2KG4QSRqgVtbj0vpOLOwoiweqxWzwg0qGaUDbrXV5Ll6ktZ3ClzomhEjt2XtPQ== Completed in 2ms
2753 timing metavuln:cache:put:security-advisory:nise:xE05DwTD/Ciks8PbPlt+1C6CEN7Y/wGZgaCXoeJt+SSKc6yT/OIOAKsM4Ct890i37l4tukgoPftwKIiQnT3kTA== Completed in 14ms
2754 timing metavuln:calculate:security-advisory:nise:eAVJ+4jFRx9gKzVP7mZLY8/J2KG4QSRqgVtbj0vpOLOwoiweqxWzwg0qGaUDbrXV5Ll6ktZ3ClzomhEjt2XtPQ== Completed in 21ms
2755 timing metavuln:cache:get:security-advisory:linkinator:lO4dln4nwnMSxz+6HndkCU5Ln4rr5OVVi2tpVhOwoqhH+6QYdVBwpIKmjo4VlZJFfoYUhDx6iFtzfM8o7wkhSA== Completed in 9ms
2756 timing metavuln:cache:get:security-advisory:cacache:jgcnDPpQA6Pd0WUq11of4JS3nfZzFbYPGEiM5lXhkm38JNpJrS4nuiCNInBrG+RFBevWIak8ZWL+tkpr1DlzGg== Completed in 7ms
2757 timing metavuln:cache:get:security-advisory:@npmcli/map-workspaces:0pNmdcaMgysipPn6Wv1WZIdj3OPO0iIPrafbxPsaQEI88kFNZEKM1Ez46mSxpG8no1QYhOWIPUIuJAtmQVkZGQ== Completed in 6ms
2758 timing metavuln:load:security-advisory:@npmcli/map-workspaces:NTB2XjbDOgk4lkd8PZ3tUAm1F3E/ohGF6rl9/3LEO7Z0FDzSR5nWwzd3nUENA3NCNdyeR+35DOC12wPml2IV+g== Completed in 23ms
2759 timing metavuln:cache:get:security-advisory:@npmcli/package-json:IuS4uCq0jDhmwGeZQ7hT5/7X0enk4QFpYi73Hk9aQe2Ak7eJfTA1g5LBJtInWoHDHMJZdV4ZAMp0p9TjU8doGw== Completed in 35ms
2760 timing metavuln:cache:get:security-advisory:npm:Tnjcek1x/VKkCUl7kFpsU35VOtVDarxyrZkj2s5fjoFQK2BXQ8+LY+RKd6SB21d7DtRaWcReGS6J3kVPG32tsw== Completed in 34ms
2761 timing metavuln:load:security-advisory:npm:NTB2XjbDOgk4lkd8PZ3tUAm1F3E/ohGF6rl9/3LEO7Z0FDzSR5nWwzd3nUENA3NCNdyeR+35DOC12wPml2IV+g== Completed in 149ms
2762 info run @salesforce/cli@2.123.1 preinstall { code: 1, signal: null }
2763 info run yarn@1.22.22 preinstall { code: 0, signal: null }
2764 timing build:run:preinstall:node_modules/@salesforce/cli/node_modules/yarn Completed in 1428ms
2765 timing metavuln:cache:put:security-advisory:npm:Tnjcek1x/VKkCUl7kFpsU35VOtVDarxyrZkj2s5fjoFQK2BXQ8+LY+RKd6SB21d7DtRaWcReGS6J3kVPG32tsw== Completed in 2675ms
2766 timing metavuln:calculate:security-advisory:npm:NTB2XjbDOgk4lkd8PZ3tUAm1F3E/ohGF6rl9/3LEO7Z0FDzSR5nWwzd3nUENA3NCNdyeR+35DOC12wPml2IV+g== Completed in 2859ms
2767 timing metavuln:cache:put:security-advisory:@npmcli/map-workspaces:0pNmdcaMgysipPn6Wv1WZIdj3OPO0iIPrafbxPsaQEI88kFNZEKM1Ez46mSxpG8no1QYhOWIPUIuJAtmQVkZGQ== Completed in 3336ms
2768 timing metavuln:calculate:security-advisory:@npmcli/map-workspaces:NTB2XjbDOgk4lkd8PZ3tUAm1F3E/ohGF6rl9/3LEO7Z0FDzSR5nWwzd3nUENA3NCNdyeR+35DOC12wPml2IV+g== Completed in 3366ms
2769 http fetch GET 200 https://registry.npmjs.org/@npmcli%2fpackage-json 3636ms (cache miss)
2770 timing metavuln:packument:@npmcli/package-json Completed in 3638ms
2771 timing metavuln:load:security-advisory:@npmcli/package-json:NTB2XjbDOgk4lkd8PZ3tUAm1F3E/ohGF6rl9/3LEO7Z0FDzSR5nWwzd3nUENA3NCNdyeR+35DOC12wPml2IV+g== Completed in 0ms
2772 http fetch GET 200 https://registry.npmjs.org/cacache 3868ms (cache miss)
2773 timing metavuln:packument:cacache Completed in 3871ms
2774 timing metavuln:load:security-advisory:cacache:NTB2XjbDOgk4lkd8PZ3tUAm1F3E/ohGF6rl9/3LEO7Z0FDzSR5nWwzd3nUENA3NCNdyeR+35DOC12wPml2IV+g== Completed in 3ms
2775 http fetch GET 200 https://registry.npmjs.org/linkinator 3933ms (cache miss)
2776 timing metavuln:packument:linkinator Completed in 3937ms
2777 timing metavuln:load:security-advisory:linkinator:NTB2XjbDOgk4lkd8PZ3tUAm1F3E/ohGF6rl9/3LEO7Z0FDzSR5nWwzd3nUENA3NCNdyeR+35DOC12wPml2IV+g== Completed in 7ms
2778 timing metavuln:cache:put:security-advisory:@npmcli/package-json:IuS4uCq0jDhmwGeZQ7hT5/7X0enk4QFpYi73Hk9aQe2Ak7eJfTA1g5LBJtInWoHDHMJZdV4ZAMp0p9TjU8doGw== Completed in 308ms
2779 timing metavuln:calculate:security-advisory:@npmcli/package-json:NTB2XjbDOgk4lkd8PZ3tUAm1F3E/ohGF6rl9/3LEO7Z0FDzSR5nWwzd3nUENA3NCNdyeR+35DOC12wPml2IV+g== Completed in 3946ms
2780 timing metavuln:cache:put:security-advisory:cacache:jgcnDPpQA6Pd0WUq11of4JS3nfZzFbYPGEiM5lXhkm38JNpJrS4nuiCNInBrG+RFBevWIak8ZWL+tkpr1DlzGg== Completed in 75ms
2781 timing metavuln:calculate:security-advisory:cacache:NTB2XjbDOgk4lkd8PZ3tUAm1F3E/ohGF6rl9/3LEO7Z0FDzSR5nWwzd3nUENA3NCNdyeR+35DOC12wPml2IV+g== Completed in 3949ms
2782 timing reify:rollback:createSparse Completed in 3738ms
2783 timing reify:rollback:retireShallow Completed in 0ms
2784 timing command:install Completed in 54279ms
2785 verbose stack Error: command failed
2785 verbose stack     at ChildProcess.<anonymous> (/usr/share/nodejs/@npmcli/promise-spawn/index.js:64:27)
2785 verbose stack     at ChildProcess.emit (events.js:314:20)
2785 verbose stack     at maybeClose (internal/child_process.js:1022:16)
2785 verbose stack     at Socket.<anonymous> (internal/child_process.js:444:11)
2785 verbose stack     at Socket.emit (events.js:314:20)
2785 verbose stack     at Pipe.<anonymous> (net.js:676:12)
2786 verbose pkgid @salesforce/cli@2.123.1
2787 verbose cwd /root
2788 verbose Linux 5.15.0-113-generic
2789 verbose argv "/usr/bin/node" "/usr/bin/npm" "install" "-g" "@salesforce/cli"
2790 verbose node v12.22.9
2791 verbose npm  v8.5.1
2792 error code 1
2793 error path /usr/local/lib/node_modules/@salesforce/cli
2794 error command failed
2795 error command sh -c node ./scripts/preinstall.js
2796 error file:///usr/local/lib/node_modules/@salesforce/cli/scripts/preinstall.js:19
2796 error await main();
2796 error ^^^^^
2796 error
2796 error SyntaxError: Unexpected reserved word
2796 error     at Loader.moduleStrategy (internal/modules/esm/translators.js:133:18)
2796 error     at async link (internal/modules/esm/module_job.js:42:21)
2797 verbose exit 1
2798 timing npm Completed in 54569ms
2799 verbose unfinished npm timer reify 1771885550642
2800 verbose unfinished npm timer reify:audit 1771885556545
2801 verbose unfinished npm timer auditReport:init 1771885563093
2802 verbose unfinished npm timer reify:build 1771885600651
2803 verbose unfinished npm timer build 1771885600653
2804 verbose unfinished npm timer build:deps 1771885600654
2805 verbose unfinished npm timer build:run:preinstall 1771885600742
2806 verbose unfinished npm timer build:run:preinstall:node_modules/@salesforce/cli 1771885600742
2807 verbose unfinished npm timer metavuln:calculate:security-advisory:linkinator:NTB2XjbDOgk4lkd8PZ3tUAm1F3E/ohGF6rl9/3LEO7Z0FDzSR5nWwzd3nUENA3NCNdyeR+35DOC12wPml2IV+g== 1771885600959
2808 verbose unfinished npm timer metavuln:cache:put:security-advisory:linkinator:lO4dln4nwnMSxz+6HndkCU5Ln4rr5OVVi2tpVhOwoqhH+6QYdVBwpIKmjo4VlZJFfoYUhDx6iFtzfM8o7wkhSA== 1771885604903
2809 verbose code 1
2810 error A complete log of this run can be found in:
2810 error     /root/.npm/_logs/2026-02-23T22_25_50_351Z-debug-0.log
